Using pre-set license
Built from '2022.3/staging' branch; Version is '2022.3.41f1 (0f988161febf) revision 1022081'; Using compiler version '192829333'; Build Type 'Release'
OS: 'Windows 10  (10.0.19045) 64bit Professional' Language: 'zh' Physical Memory: 32577 MB
BatchMode: 1, IsHumanControllingUs: 0, StartBugReporterOnCrash: 0, Is64bit: 1, IsPro: 1

COMMAND LINE ARGUMENTS:
D:\UnityHub\UnityEditors\Install\2022.3.41f1\Editor\Unity.exe
-adb2
-batchMode
-noUpm
-name
AssetImportWorker0
-projectPath
D:/UnityHub/UnityProjects/CatMatch
-logFile
Logs/AssetImportWorker0.log
-srvPort
7950
Successfully changed project path to: D:/UnityHub/UnityProjects/CatMatch
D:/UnityHub/UnityProjects/CatMatch
[UnityMemory] Configuration Parameters - Can be set up in boot.config
    "memorysetup-bucket-allocator-granularity=16"
    "memorysetup-bucket-allocator-bucket-count=8"
    "memorysetup-bucket-allocator-block-size=33554432"
    "memorysetup-bucket-allocator-block-count=8"
    "memorysetup-main-allocator-block-size=16777216"
    "memorysetup-thread-allocator-block-size=16777216"
    "memorysetup-gfx-main-allocator-block-size=16777216"
    "memorysetup-gfx-thread-allocator-block-size=16777216"
    "memorysetup-cache-allocator-block-size=4194304"
    "memorysetup-typetree-allocator-block-size=2097152"
    "memorysetup-profiler-bucket-allocator-granularity=16"
    "memorysetup-profiler-bucket-allocator-bucket-count=8"
    "memorysetup-profiler-bucket-allocator-block-size=33554432"
    "memorysetup-profiler-bucket-allocator-block-count=8"
    "memorysetup-profiler-allocator-block-size=16777216"
    "memorysetup-profiler-editor-allocator-block-size=1048576"
    "memorysetup-temp-allocator-size-main=16777216"
    "memorysetup-job-temp-allocator-block-size=2097152"
    "memorysetup-job-temp-allocator-block-size-background=1048576"
    "memorysetup-job-temp-allocator-reduction-small-platforms=262144"
    "memorysetup-allocator-temp-initial-block-size-main=262144"
    "memorysetup-allocator-temp-initial-block-size-worker=262144"
    "memorysetup-temp-allocator-size-background-worker=32768"
    "memorysetup-temp-allocator-size-job-worker=262144"
    "memorysetup-temp-allocator-size-preload-manager=33554432"
    "memorysetup-temp-allocator-size-nav-mesh-worker=65536"
    "memorysetup-temp-allocator-size-audio-worker=65536"
    "memorysetup-temp-allocator-size-cloud-worker=32768"
    "memorysetup-temp-allocator-size-gi-baking-worker=262144"
    "memorysetup-temp-allocator-size-gfx=262144"
Player connection [14436]  Target information:

Player connection [14436]  * "[IP] 192.168.1.5 [Port] 0 [Flags] 2 [Guid] 1529889141 [EditorId] 1529889141 [Version] 1048832 [Id] WindowsEditor(7,DESKTOP-DBTF552) [Debug] 1 [PackageName] WindowsEditor [ProjectName] Editor" 

Player connection [14436] Host joined multi-casting on [225.0.0.222:54997]...
Player connection [14436] Host joined alternative multi-casting on [225.0.0.222:34997]...
[PhysX] Initialized MultithreadedTaskDispatcher with 16 workers.
Refreshing native plugins compatible for Editor in 5.41 ms, found 2 plugins.
Preloading 0 native plugins for Editor in 0.00 ms.
Initialize engine version: 2022.3.41f1 (0f988161febf)
[Subsystems] Discovering subsystems at path D:/UnityHub/UnityEditors/Install/2022.3.41f1/Editor/Data/Resources/UnitySubsystems
[Subsystems] Discovering subsystems at path D:/UnityHub/UnityProjects/CatMatch/Assets
GfxDevice: creating device client; threaded=0; jobified=0
Direct3D:
    Version:  Direct3D 11.0 [level 11.1]
    Renderer: NVIDIA GeForce RTX 4060 Ti (ID=0x2803)
    Vendor:   NVIDIA
    VRAM:     7949 MB
    Driver:   32.0.15.9621
Initialize mono
Mono path[0] = 'D:/UnityHub/UnityEditors/Install/2022.3.41f1/Editor/Data/Managed'
Mono path[1] = 'D:/UnityHub/UnityEditors/Install/2022.3.41f1/Editor/Data/MonoBleedingEdge/lib/mono/unityjit-win32'
Mono config path = 'D:/UnityHub/UnityEditors/Install/2022.3.41f1/Editor/Data/MonoBleedingEdge/etc'
Using monoOptions --debugger-agent=transport=dt_socket,embedding=1,server=y,suspend=n,address=127.0.0.1:56736
Begin MonoManager ReloadAssembly
Registering precompiled unity dll's ...
Register platform support module: D:/UnityHub/UnityEditors/Install/2022.3.41f1/Editor/Data/PlaybackEngines/WebGLSupport/UnityEditor.WebGL.Extensions.dll
Register platform support module: D:/UnityHub/UnityEditors/Install/2022.3.41f1/Editor/Data/PlaybackEngines/WindowsStandaloneSupport/UnityEditor.WindowsStandalone.Extensions.dll
Registered in 0.006333 seconds.
- Loaded All Assemblies, in  0.404 seconds
Native extension for WindowsStandalone target not found
Native extension for WebGL target not found
Mono: successfully reloaded assembly
- Finished resetting the current domain, in  0.317 seconds
Domain Reload Profiling: 721ms
	BeginReloadAssembly (127ms)
		ExecutionOrderSort (0ms)
		DisableScriptedObjects (0ms)
		BackupInstance (0ms)
		ReleaseScriptingObjects (0ms)
		CreateAndSetChildDomain (1ms)
	RebuildCommonClasses (38ms)
	RebuildNativeTypeToScriptingClass (13ms)
	initialDomainReloadingComplete (63ms)
	LoadAllAssembliesAndSetupDomain (163ms)
		LoadAssemblies (127ms)
		RebuildTransferFunctionScriptingTraits (0ms)
		AnalyzeDomain (161ms)
			TypeCache.Refresh (159ms)
				TypeCache.ScanAssembly (145ms)
			ScanForSourceGeneratedMonoScriptInfo (0ms)
			ResolveRequiredComponents (1ms)
	FinalizeReload (318ms)
		ReleaseScriptCaches (0ms)
		RebuildScriptCaches (0ms)
		SetupLoadedEditorAssemblies (259ms)
			LogAssemblyErrors (0ms)
			InitializePlatformSupportModulesInManaged (12ms)
			SetLoadedEditorAssemblies (7ms)
			RefreshPlugins (0ms)
			BeforeProcessingInitializeOnLoad (3ms)
			ProcessInitializeOnLoadAttributes (178ms)
			ProcessInitializeOnLoadMethodAttributes (59ms)
			AfterProcessingInitializeOnLoad (0ms)
			EditorAssembliesLoaded (0ms)
		ExecutionOrderSort2 (0ms)
		AwakeInstancesAfterBackupRestoration (0ms)
========================================================================
Worker process is ready to serve import requests
Caller must complete domain reload
Begin MonoManager ReloadAssembly
Symbol file LoadedFromMemory is not a mono symbol file
- Loaded All Assemblies, in  0.642 seconds
Native extension for WindowsStandalone target not found
Native extension for WebGL target not found
Launched and connected shader compiler UnityShaderCompiler.exe after 0.31 seconds
`Assets/Merge Beast/AnimationSpine/Cat Effect/Flash fx/flash_effect.png` : Problematic Texture Settings found: When enabling `Generate Mip Maps` in Gamma color space, it is recommended to disable `sRGB (Color Texture)` on `Premultiply alpha` textures. Otherwise you will receive white border artifacts on an atlas exported with default `Premultiply alpha` settings.
(You can disable this warning in `Edit - Preferences - Spine`)
UnityEngine.StackTraceUtility:ExtractStackTrace ()
UnityEngine.DebugLogHandler:LogFormat (UnityEngine.LogType,UnityEngine.Object,string,object[])
UnityEngine.Logger:Log (UnityEngine.LogType,object,UnityEngine.Object)
UnityEngine.Debug:LogWarning (object,UnityEngine.Object)
Spine.Unity.Editor.SpineEditorUtilities:IssueWarningsForUnrecommendedTextureSettings (string) (at Assets/Spine/Editor/spine-unity/Editor/Utility/SpineEditorUtilities.cs:270)
Spine.Unity.Editor.SpineEditorUtilities:IssueWarningsForUnrecommendedTextureSettings () (at Assets/Spine/Editor/spine-unity/Editor/Utility/SpineEditorUtilities.cs:185)
Spine.Unity.Editor.SpineEditorUtilities:Initialize () (at Assets/Spine/Editor/spine-unity/Editor/Utility/SpineEditorUtilities.cs:164)
Spine.Unity.Editor.SpineEditorUtilities:.cctor () (at Assets/Spine/Editor/spine-unity/Editor/Utility/SpineEditorUtilities.cs:100)
System.Runtime.CompilerServices.RuntimeHelpers:RunClassConstructor (System.RuntimeTypeHandle)
UnityEditor.EditorAssemblies:ProcessInitializeOnLoadAttributes (System.Type[])

(Filename: Assets/Spine/Editor/spine-unity/Editor/Utility/SpineEditorUtilities.cs Line: 270)

`Assets/Merge Beast/AnimationSpine/Cat Effect/Gostie fx/gostie_effect.png` : Problematic Texture Settings found: When enabling `Generate Mip Maps` in Gamma color space, it is recommended to disable `sRGB (Color Texture)` on `Premultiply alpha` textures. Otherwise you will receive white border artifacts on an atlas exported with default `Premultiply alpha` settings.
(You can disable this warning in `Edit - Preferences - Spine`)
UnityEngine.StackTraceUtility:ExtractStackTrace ()
UnityEngine.DebugLogHandler:LogFormat (UnityEngine.LogType,UnityEngine.Object,string,object[])
UnityEngine.Logger:Log (UnityEngine.LogType,object,UnityEngine.Object)
UnityEngine.Debug:LogWarning (object,UnityEngine.Object)
Spine.Unity.Editor.SpineEditorUtilities:IssueWarningsForUnrecommendedTextureSettings (string) (at Assets/Spine/Editor/spine-unity/Editor/Utility/SpineEditorUtilities.cs:270)
Spine.Unity.Editor.SpineEditorUtilities:IssueWarningsForUnrecommendedTextureSettings () (at Assets/Spine/Editor/spine-unity/Editor/Utility/SpineEditorUtilities.cs:185)
Spine.Unity.Editor.SpineEditorUtilities:Initialize () (at Assets/Spine/Editor/spine-unity/Editor/Utility/SpineEditorUtilities.cs:164)
Spine.Unity.Editor.SpineEditorUtilities:.cctor () (at Assets/Spine/Editor/spine-unity/Editor/Utility/SpineEditorUtilities.cs:100)
System.Runtime.CompilerServices.RuntimeHelpers:RunClassConstructor (System.RuntimeTypeHandle)
UnityEditor.EditorAssemblies:ProcessInitializeOnLoadAttributes (System.Type[])

(Filename: Assets/Spine/Editor/spine-unity/Editor/Utility/SpineEditorUtilities.cs Line: 270)

`Assets/Merge Beast/AnimationSpine/Cat Effect/Holi fx/holi_effect.png` : Problematic Texture Settings found: When enabling `Generate Mip Maps` in Gamma color space, it is recommended to disable `sRGB (Color Texture)` on `Premultiply alpha` textures. Otherwise you will receive white border artifacts on an atlas exported with default `Premultiply alpha` settings.
(You can disable this warning in `Edit - Preferences - Spine`)
UnityEngine.StackTraceUtility:ExtractStackTrace ()
UnityEngine.DebugLogHandler:LogFormat (UnityEngine.LogType,UnityEngine.Object,string,object[])
UnityEngine.Logger:Log (UnityEngine.LogType,object,UnityEngine.Object)
UnityEngine.Debug:LogWarning (object,UnityEngine.Object)
Spine.Unity.Editor.SpineEditorUtilities:IssueWarningsForUnrecommendedTextureSettings (string) (at Assets/Spine/Editor/spine-unity/Editor/Utility/SpineEditorUtilities.cs:270)
Spine.Unity.Editor.SpineEditorUtilities:IssueWarningsForUnrecommendedTextureSettings () (at Assets/Spine/Editor/spine-unity/Editor/Utility/SpineEditorUtilities.cs:185)
Spine.Unity.Editor.SpineEditorUtilities:Initialize () (at Assets/Spine/Editor/spine-unity/Editor/Utility/SpineEditorUtilities.cs:164)
Spine.Unity.Editor.SpineEditorUtilities:.cctor () (at Assets/Spine/Editor/spine-unity/Editor/Utility/SpineEditorUtilities.cs:100)
System.Runtime.CompilerServices.RuntimeHelpers:RunClassConstructor (System.RuntimeTypeHandle)
UnityEditor.EditorAssemblies:ProcessInitializeOnLoadAttributes (System.Type[])

(Filename: Assets/Spine/Editor/spine-unity/Editor/Utility/SpineEditorUtilities.cs Line: 270)

`Assets/Merge Beast/AnimationSpine/Cat Effect/Holi wp/holi_weapon.png` : Problematic Texture Settings found: When enabling `Generate Mip Maps` in Gamma color space, it is recommended to disable `sRGB (Color Texture)` on `Premultiply alpha` textures. Otherwise you will receive white border artifacts on an atlas exported with default `Premultiply alpha` settings.
(You can disable this warning in `Edit - Preferences - Spine`)
UnityEngine.StackTraceUtility:ExtractStackTrace ()
UnityEngine.DebugLogHandler:LogFormat (UnityEngine.LogType,UnityEngine.Object,string,object[])
UnityEngine.Logger:Log (UnityEngine.LogType,object,UnityEngine.Object)
UnityEngine.Debug:LogWarning (object,UnityEngine.Object)
Spine.Unity.Editor.SpineEditorUtilities:IssueWarningsForUnrecommendedTextureSettings (string) (at Assets/Spine/Editor/spine-unity/Editor/Utility/SpineEditorUtilities.cs:270)
Spine.Unity.Editor.SpineEditorUtilities:IssueWarningsForUnrecommendedTextureSettings () (at Assets/Spine/Editor/spine-unity/Editor/Utility/SpineEditorUtilities.cs:185)
Spine.Unity.Editor.SpineEditorUtilities:Initialize () (at Assets/Spine/Editor/spine-unity/Editor/Utility/SpineEditorUtilities.cs:164)
Spine.Unity.Editor.SpineEditorUtilities:.cctor () (at Assets/Spine/Editor/spine-unity/Editor/Utility/SpineEditorUtilities.cs:100)
System.Runtime.CompilerServices.RuntimeHelpers:RunClassConstructor (System.RuntimeTypeHandle)
UnityEditor.EditorAssemblies:ProcessInitializeOnLoadAttributes (System.Type[])

(Filename: Assets/Spine/Editor/spine-unity/Editor/Utility/SpineEditorUtilities.cs Line: 270)

`Assets/Merge Beast/AnimationSpine/Cat Effect/Jiao wp/jiao_weapon.png` : Problematic Texture Settings found: When enabling `Generate Mip Maps` in Gamma color space, it is recommended to disable `sRGB (Color Texture)` on `Premultiply alpha` textures. Otherwise you will receive white border artifacts on an atlas exported with default `Premultiply alpha` settings.
(You can disable this warning in `Edit - Preferences - Spine`)
UnityEngine.StackTraceUtility:ExtractStackTrace ()
UnityEngine.DebugLogHandler:LogFormat (UnityEngine.LogType,UnityEngine.Object,string,object[])
UnityEngine.Logger:Log (UnityEngine.LogType,object,UnityEngine.Object)
UnityEngine.Debug:LogWarning (object,UnityEngine.Object)
Spine.Unity.Editor.SpineEditorUtilities:IssueWarningsForUnrecommendedTextureSettings (string) (at Assets/Spine/Editor/spine-unity/Editor/Utility/SpineEditorUtilities.cs:270)
Spine.Unity.Editor.SpineEditorUtilities:IssueWarningsForUnrecommendedTextureSettings () (at Assets/Spine/Editor/spine-unity/Editor/Utility/SpineEditorUtilities.cs:185)
Spine.Unity.Editor.SpineEditorUtilities:Initialize () (at Assets/Spine/Editor/spine-unity/Editor/Utility/SpineEditorUtilities.cs:164)
Spine.Unity.Editor.SpineEditorUtilities:.cctor () (at Assets/Spine/Editor/spine-unity/Editor/Utility/SpineEditorUtilities.cs:100)
System.Runtime.CompilerServices.RuntimeHelpers:RunClassConstructor (System.RuntimeTypeHandle)
UnityEditor.EditorAssemblies:ProcessInitializeOnLoadAttributes (System.Type[])

(Filename: Assets/Spine/Editor/spine-unity/Editor/Utility/SpineEditorUtilities.cs Line: 270)

`Assets/Merge Beast/AnimationSpine/Cat Effect/Kagura fx/kagura_effect.png` : Problematic Texture Settings found: When enabling `Generate Mip Maps` in Gamma color space, it is recommended to disable `sRGB (Color Texture)` on `Premultiply alpha` textures. Otherwise you will receive white border artifacts on an atlas exported with default `Premultiply alpha` settings.
(You can disable this warning in `Edit - Preferences - Spine`)
UnityEngine.StackTraceUtility:ExtractStackTrace ()
UnityEngine.DebugLogHandler:LogFormat (UnityEngine.LogType,UnityEngine.Object,string,object[])
UnityEngine.Logger:Log (UnityEngine.LogType,object,UnityEngine.Object)
UnityEngine.Debug:LogWarning (object,UnityEngine.Object)
Spine.Unity.Editor.SpineEditorUtilities:IssueWarningsForUnrecommendedTextureSettings (string) (at Assets/Spine/Editor/spine-unity/Editor/Utility/SpineEditorUtilities.cs:270)
Spine.Unity.Editor.SpineEditorUtilities:IssueWarningsForUnrecommendedTextureSettings () (at Assets/Spine/Editor/spine-unity/Editor/Utility/SpineEditorUtilities.cs:185)
Spine.Unity.Editor.SpineEditorUtilities:Initialize () (at Assets/Spine/Editor/spine-unity/Editor/Utility/SpineEditorUtilities.cs:164)
Spine.Unity.Editor.SpineEditorUtilities:.cctor () (at Assets/Spine/Editor/spine-unity/Editor/Utility/SpineEditorUtilities.cs:100)
System.Runtime.CompilerServices.RuntimeHelpers:RunClassConstructor (System.RuntimeTypeHandle)
UnityEditor.EditorAssemblies:ProcessInitializeOnLoadAttributes (System.Type[])

(Filename: Assets/Spine/Editor/spine-unity/Editor/Utility/SpineEditorUtilities.cs Line: 270)

`Assets/Merge Beast/AnimationSpine/Cat Effect/Kagura wp/kagura_weapon.png` : Problematic Texture Settings found: When enabling `Generate Mip Maps` in Gamma color space, it is recommended to disable `sRGB (Color Texture)` on `Premultiply alpha` textures. Otherwise you will receive white border artifacts on an atlas exported with default `Premultiply alpha` settings.
(You can disable this warning in `Edit - Preferences - Spine`)
UnityEngine.StackTraceUtility:ExtractStackTrace ()
UnityEngine.DebugLogHandler:LogFormat (UnityEngine.LogType,UnityEngine.Object,string,object[])
UnityEngine.Logger:Log (UnityEngine.LogType,object,UnityEngine.Object)
UnityEngine.Debug:LogWarning (object,UnityEngine.Object)
Spine.Unity.Editor.SpineEditorUtilities:IssueWarningsForUnrecommendedTextureSettings (string) (at Assets/Spine/Editor/spine-unity/Editor/Utility/SpineEditorUtilities.cs:270)
Spine.Unity.Editor.SpineEditorUtilities:IssueWarningsForUnrecommendedTextureSettings () (at Assets/Spine/Editor/spine-unity/Editor/Utility/SpineEditorUtilities.cs:185)
Spine.Unity.Editor.SpineEditorUtilities:Initialize () (at Assets/Spine/Editor/spine-unity/Editor/Utility/SpineEditorUtilities.cs:164)
Spine.Unity.Editor.SpineEditorUtilities:.cctor () (at Assets/Spine/Editor/spine-unity/Editor/Utility/SpineEditorUtilities.cs:100)
System.Runtime.CompilerServices.RuntimeHelpers:RunClassConstructor (System.RuntimeTypeHandle)
UnityEditor.EditorAssemblies:ProcessInitializeOnLoadAttributes (System.Type[])

(Filename: Assets/Spine/Editor/spine-unity/Editor/Utility/SpineEditorUtilities.cs Line: 270)

`Assets/Merge Beast/AnimationSpine/Cat Effect/Kina fx/kina_effect.png` : Problematic Texture Settings found: When enabling `Generate Mip Maps` in Gamma color space, it is recommended to disable `sRGB (Color Texture)` on `Premultiply alpha` textures. Otherwise you will receive white border artifacts on an atlas exported with default `Premultiply alpha` settings.
(You can disable this warning in `Edit - Preferences - Spine`)
UnityEngine.StackTraceUtility:ExtractStackTrace ()
UnityEngine.DebugLogHandler:LogFormat (UnityEngine.LogType,UnityEngine.Object,string,object[])
UnityEngine.Logger:Log (UnityEngine.LogType,object,UnityEngine.Object)
UnityEngine.Debug:LogWarning (object,UnityEngine.Object)
Spine.Unity.Editor.SpineEditorUtilities:IssueWarningsForUnrecommendedTextureSettings (string) (at Assets/Spine/Editor/spine-unity/Editor/Utility/SpineEditorUtilities.cs:270)
Spine.Unity.Editor.SpineEditorUtilities:IssueWarningsForUnrecommendedTextureSettings () (at Assets/Spine/Editor/spine-unity/Editor/Utility/SpineEditorUtilities.cs:185)
Spine.Unity.Editor.SpineEditorUtilities:Initialize () (at Assets/Spine/Editor/spine-unity/Editor/Utility/SpineEditorUtilities.cs:164)
Spine.Unity.Editor.SpineEditorUtilities:.cctor () (at Assets/Spine/Editor/spine-unity/Editor/Utility/SpineEditorUtilities.cs:100)
System.Runtime.CompilerServices.RuntimeHelpers:RunClassConstructor (System.RuntimeTypeHandle)
UnityEditor.EditorAssemblies:ProcessInitializeOnLoadAttributes (System.Type[])

(Filename: Assets/Spine/Editor/spine-unity/Editor/Utility/SpineEditorUtilities.cs Line: 270)

`Assets/Merge Beast/AnimationSpine/Cat Effect/Kina wp/kina_weapon.png` : Problematic Texture Settings found: When enabling `Generate Mip Maps` in Gamma color space, it is recommended to disable `sRGB (Color Texture)` on `Premultiply alpha` textures. Otherwise you will receive white border artifacts on an atlas exported with default `Premultiply alpha` settings.
(You can disable this warning in `Edit - Preferences - Spine`)
UnityEngine.StackTraceUtility:ExtractStackTrace ()
UnityEngine.DebugLogHandler:LogFormat (UnityEngine.LogType,UnityEngine.Object,string,object[])
UnityEngine.Logger:Log (UnityEngine.LogType,object,UnityEngine.Object)
UnityEngine.Debug:LogWarning (object,UnityEngine.Object)
Spine.Unity.Editor.SpineEditorUtilities:IssueWarningsForUnrecommendedTextureSettings (string) (at Assets/Spine/Editor/spine-unity/Editor/Utility/SpineEditorUtilities.cs:270)
Spine.Unity.Editor.SpineEditorUtilities:IssueWarningsForUnrecommendedTextureSettings () (at Assets/Spine/Editor/spine-unity/Editor/Utility/SpineEditorUtilities.cs:185)
Spine.Unity.Editor.SpineEditorUtilities:Initialize () (at Assets/Spine/Editor/spine-unity/Editor/Utility/SpineEditorUtilities.cs:164)
Spine.Unity.Editor.SpineEditorUtilities:.cctor () (at Assets/Spine/Editor/spine-unity/Editor/Utility/SpineEditorUtilities.cs:100)
System.Runtime.CompilerServices.RuntimeHelpers:RunClassConstructor (System.RuntimeTypeHandle)
UnityEditor.EditorAssemblies:ProcessInitializeOnLoadAttributes (System.Type[])

(Filename: Assets/Spine/Editor/spine-unity/Editor/Utility/SpineEditorUtilities.cs Line: 270)

`Assets/Merge Beast/AnimationSpine/Cat Effect/Kyuzo fx/kyuzo_effect.png` : Problematic Texture Settings found: When enabling `Generate Mip Maps` in Gamma color space, it is recommended to disable `sRGB (Color Texture)` on `Premultiply alpha` textures. Otherwise you will receive white border artifacts on an atlas exported with default `Premultiply alpha` settings.
(You can disable this warning in `Edit - Preferences - Spine`)
UnityEngine.StackTraceUtility:ExtractStackTrace ()
UnityEngine.DebugLogHandler:LogFormat (UnityEngine.LogType,UnityEngine.Object,string,object[])
UnityEngine.Logger:Log (UnityEngine.LogType,object,UnityEngine.Object)
UnityEngine.Debug:LogWarning (object,UnityEngine.Object)
Spine.Unity.Editor.SpineEditorUtilities:IssueWarningsForUnrecommendedTextureSettings (string) (at Assets/Spine/Editor/spine-unity/Editor/Utility/SpineEditorUtilities.cs:270)
Spine.Unity.Editor.SpineEditorUtilities:IssueWarningsForUnrecommendedTextureSettings () (at Assets/Spine/Editor/spine-unity/Editor/Utility/SpineEditorUtilities.cs:185)
Spine.Unity.Editor.SpineEditorUtilities:Initialize () (at Assets/Spine/Editor/spine-unity/Editor/Utility/SpineEditorUtilities.cs:164)
Spine.Unity.Editor.SpineEditorUtilities:.cctor () (at Assets/Spine/Editor/spine-unity/Editor/Utility/SpineEditorUtilities.cs:100)
System.Runtime.CompilerServices.RuntimeHelpers:RunClassConstructor (System.RuntimeTypeHandle)
UnityEditor.EditorAssemblies:ProcessInitializeOnLoadAttributes (System.Type[])

(Filename: Assets/Spine/Editor/spine-unity/Editor/Utility/SpineEditorUtilities.cs Line: 270)

`Assets/Merge Beast/AnimationSpine/Cat Effect/Kyuzo wp/kyuzo_weapon.png` : Problematic Texture Settings found: When enabling `Generate Mip Maps` in Gamma color space, it is recommended to disable `sRGB (Color Texture)` on `Premultiply alpha` textures. Otherwise you will receive white border artifacts on an atlas exported with default `Premultiply alpha` settings.
(You can disable this warning in `Edit - Preferences - Spine`)
UnityEngine.StackTraceUtility:ExtractStackTrace ()
UnityEngine.DebugLogHandler:LogFormat (UnityEngine.LogType,UnityEngine.Object,string,object[])
UnityEngine.Logger:Log (UnityEngine.LogType,object,UnityEngine.Object)
UnityEngine.Debug:LogWarning (object,UnityEngine.Object)
Spine.Unity.Editor.SpineEditorUtilities:IssueWarningsForUnrecommendedTextureSettings (string) (at Assets/Spine/Editor/spine-unity/Editor/Utility/SpineEditorUtilities.cs:270)
Spine.Unity.Editor.SpineEditorUtilities:IssueWarningsForUnrecommendedTextureSettings () (at Assets/Spine/Editor/spine-unity/Editor/Utility/SpineEditorUtilities.cs:185)
Spine.Unity.Editor.SpineEditorUtilities:Initialize () (at Assets/Spine/Editor/spine-unity/Editor/Utility/SpineEditorUtilities.cs:164)
Spine.Unity.Editor.SpineEditorUtilities:.cctor () (at Assets/Spine/Editor/spine-unity/Editor/Utility/SpineEditorUtilities.cs:100)
System.Runtime.CompilerServices.RuntimeHelpers:RunClassConstructor (System.RuntimeTypeHandle)
UnityEditor.EditorAssemblies:ProcessInitializeOnLoadAttributes (System.Type[])

(Filename: Assets/Spine/Editor/spine-unity/Editor/Utility/SpineEditorUtilities.cs Line: 270)

`Assets/Merge Beast/AnimationSpine/Cat Effect/Little Miju fx/little_mijus_effect.png` : Problematic Texture Settings found: When enabling `Generate Mip Maps` in Gamma color space, it is recommended to disable `sRGB (Color Texture)` on `Premultiply alpha` textures. Otherwise you will receive white border artifacts on an atlas exported with default `Premultiply alpha` settings.
(You can disable this warning in `Edit - Preferences - Spine`)
UnityEngine.StackTraceUtility:ExtractStackTrace ()
UnityEngine.DebugLogHandler:LogFormat (UnityEngine.LogType,UnityEngine.Object,string,object[])
UnityEngine.Logger:Log (UnityEngine.LogType,object,UnityEngine.Object)
UnityEngine.Debug:LogWarning (object,UnityEngine.Object)
Spine.Unity.Editor.SpineEditorUtilities:IssueWarningsForUnrecommendedTextureSettings (string) (at Assets/Spine/Editor/spine-unity/Editor/Utility/SpineEditorUtilities.cs:270)
Spine.Unity.Editor.SpineEditorUtilities:IssueWarningsForUnrecommendedTextureSettings () (at Assets/Spine/Editor/spine-unity/Editor/Utility/SpineEditorUtilities.cs:185)
Spine.Unity.Editor.SpineEditorUtilities:Initialize () (at Assets/Spine/Editor/spine-unity/Editor/Utility/SpineEditorUtilities.cs:164)
Spine.Unity.Editor.SpineEditorUtilities:.cctor () (at Assets/Spine/Editor/spine-unity/Editor/Utility/SpineEditorUtilities.cs:100)
System.Runtime.CompilerServices.RuntimeHelpers:RunClassConstructor (System.RuntimeTypeHandle)
UnityEditor.EditorAssemblies:ProcessInitializeOnLoadAttributes (System.Type[])

(Filename: Assets/Spine/Editor/spine-unity/Editor/Utility/SpineEditorUtilities.cs Line: 270)

`Assets/Merge Beast/AnimationSpine/Cat Effect/Mijus fx/mijus_effect.png` : Problematic Texture Settings found: When enabling `Generate Mip Maps` in Gamma color space, it is recommended to disable `sRGB (Color Texture)` on `Premultiply alpha` textures. Otherwise you will receive white border artifacts on an atlas exported with default `Premultiply alpha` settings.
(You can disable this warning in `Edit - Preferences - Spine`)
UnityEngine.StackTraceUtility:ExtractStackTrace ()
UnityEngine.DebugLogHandler:LogFormat (UnityEngine.LogType,UnityEngine.Object,string,object[])
UnityEngine.Logger:Log (UnityEngine.LogType,object,UnityEngine.Object)
UnityEngine.Debug:LogWarning (object,UnityEngine.Object)
Spine.Unity.Editor.SpineEditorUtilities:IssueWarningsForUnrecommendedTextureSettings (string) (at Assets/Spine/Editor/spine-unity/Editor/Utility/SpineEditorUtilities.cs:270)
Spine.Unity.Editor.SpineEditorUtilities:IssueWarningsForUnrecommendedTextureSettings () (at Assets/Spine/Editor/spine-unity/Editor/Utility/SpineEditorUtilities.cs:185)
Spine.Unity.Editor.SpineEditorUtilities:Initialize () (at Assets/Spine/Editor/spine-unity/Editor/Utility/SpineEditorUtilities.cs:164)
Spine.Unity.Editor.SpineEditorUtilities:.cctor () (at Assets/Spine/Editor/spine-unity/Editor/Utility/SpineEditorUtilities.cs:100)
System.Runtime.CompilerServices.RuntimeHelpers:RunClassConstructor (System.RuntimeTypeHandle)
UnityEditor.EditorAssemblies:ProcessInitializeOnLoadAttributes (System.Type[])

(Filename: Assets/Spine/Editor/spine-unity/Editor/Utility/SpineEditorUtilities.cs Line: 270)

`Assets/Merge Beast/AnimationSpine/Cat Effect/Miu fx/miu_effect.png` : Problematic Texture Settings found: When enabling `Generate Mip Maps` in Gamma color space, it is recommended to disable `sRGB (Color Texture)` on `Premultiply alpha` textures. Otherwise you will receive white border artifacts on an atlas exported with default `Premultiply alpha` settings.
(You can disable this warning in `Edit - Preferences - Spine`)
UnityEngine.StackTraceUtility:ExtractStackTrace ()
UnityEngine.DebugLogHandler:LogFormat (UnityEngine.LogType,UnityEngine.Object,string,object[])
UnityEngine.Logger:Log (UnityEngine.LogType,object,UnityEngine.Object)
UnityEngine.Debug:LogWarning (object,UnityEngine.Object)
Spine.Unity.Editor.SpineEditorUtilities:IssueWarningsForUnrecommendedTextureSettings (string) (at Assets/Spine/Editor/spine-unity/Editor/Utility/SpineEditorUtilities.cs:270)
Spine.Unity.Editor.SpineEditorUtilities:IssueWarningsForUnrecommendedTextureSettings () (at Assets/Spine/Editor/spine-unity/Editor/Utility/SpineEditorUtilities.cs:185)
Spine.Unity.Editor.SpineEditorUtilities:Initialize () (at Assets/Spine/Editor/spine-unity/Editor/Utility/SpineEditorUtilities.cs:164)
Spine.Unity.Editor.SpineEditorUtilities:.cctor () (at Assets/Spine/Editor/spine-unity/Editor/Utility/SpineEditorUtilities.cs:100)
System.Runtime.CompilerServices.RuntimeHelpers:RunClassConstructor (System.RuntimeTypeHandle)
UnityEditor.EditorAssemblies:ProcessInitializeOnLoadAttributes (System.Type[])

(Filename: Assets/Spine/Editor/spine-unity/Editor/Utility/SpineEditorUtilities.cs Line: 270)

`Assets/Merge Beast/AnimationSpine/Cat Effect/Miu wp/miu_weapon.png` : Problematic Texture Settings found: When enabling `Generate Mip Maps` in Gamma color space, it is recommended to disable `sRGB (Color Texture)` on `Premultiply alpha` textures. Otherwise you will receive white border artifacts on an atlas exported with default `Premultiply alpha` settings.
(You can disable this warning in `Edit - Preferences - Spine`)
UnityEngine.StackTraceUtility:ExtractStackTrace ()
UnityEngine.DebugLogHandler:LogFormat (UnityEngine.LogType,UnityEngine.Object,string,object[])
UnityEngine.Logger:Log (UnityEngine.LogType,object,UnityEngine.Object)
UnityEngine.Debug:LogWarning (object,UnityEngine.Object)
Spine.Unity.Editor.SpineEditorUtilities:IssueWarningsForUnrecommendedTextureSettings (string) (at Assets/Spine/Editor/spine-unity/Editor/Utility/SpineEditorUtilities.cs:270)
Spine.Unity.Editor.SpineEditorUtilities:IssueWarningsForUnrecommendedTextureSettings () (at Assets/Spine/Editor/spine-unity/Editor/Utility/SpineEditorUtilities.cs:185)
Spine.Unity.Editor.SpineEditorUtilities:Initialize () (at Assets/Spine/Editor/spine-unity/Editor/Utility/SpineEditorUtilities.cs:164)
Spine.Unity.Editor.SpineEditorUtilities:.cctor () (at Assets/Spine/Editor/spine-unity/Editor/Utility/SpineEditorUtilities.cs:100)
System.Runtime.CompilerServices.RuntimeHelpers:RunClassConstructor (System.RuntimeTypeHandle)
UnityEditor.EditorAssemblies:ProcessInitializeOnLoadAttributes (System.Type[])

(Filename: Assets/Spine/Editor/spine-unity/Editor/Utility/SpineEditorUtilities.cs Line: 270)

`Assets/Merge Beast/AnimationSpine/Cat Effect/Modie fx/modie_effect.png` : Problematic Texture Settings found: When enabling `Generate Mip Maps` in Gamma color space, it is recommended to disable `sRGB (Color Texture)` on `Premultiply alpha` textures. Otherwise you will receive white border artifacts on an atlas exported with default `Premultiply alpha` settings.
(You can disable this warning in `Edit - Preferences - Spine`)
UnityEngine.StackTraceUtility:ExtractStackTrace ()
UnityEngine.DebugLogHandler:LogFormat (UnityEngine.LogType,UnityEngine.Object,string,object[])
UnityEngine.Logger:Log (UnityEngine.LogType,object,UnityEngine.Object)
UnityEngine.Debug:LogWarning (object,UnityEngine.Object)
Spine.Unity.Editor.SpineEditorUtilities:IssueWarningsForUnrecommendedTextureSettings (string) (at Assets/Spine/Editor/spine-unity/Editor/Utility/SpineEditorUtilities.cs:270)
Spine.Unity.Editor.SpineEditorUtilities:IssueWarningsForUnrecommendedTextureSettings () (at Assets/Spine/Editor/spine-unity/Editor/Utility/SpineEditorUtilities.cs:185)
Spine.Unity.Editor.SpineEditorUtilities:Initialize () (at Assets/Spine/Editor/spine-unity/Editor/Utility/SpineEditorUtilities.cs:164)
Spine.Unity.Editor.SpineEditorUtilities:.cctor () (at Assets/Spine/Editor/spine-unity/Editor/Utility/SpineEditorUtilities.cs:100)
System.Runtime.CompilerServices.RuntimeHelpers:RunClassConstructor (System.RuntimeTypeHandle)
UnityEditor.EditorAssemblies:ProcessInitializeOnLoadAttributes (System.Type[])

(Filename: Assets/Spine/Editor/spine-unity/Editor/Utility/SpineEditorUtilities.cs Line: 270)

`Assets/Merge Beast/AnimationSpine/Cat Effect/Monkey mob fx/monkey_mob_effect.png` : Problematic Texture Settings found: When enabling `Generate Mip Maps` in Gamma color space, it is recommended to disable `sRGB (Color Texture)` on `Premultiply alpha` textures. Otherwise you will receive white border artifacts on an atlas exported with default `Premultiply alpha` settings.
(You can disable this warning in `Edit - Preferences - Spine`)
UnityEngine.StackTraceUtility:ExtractStackTrace ()
UnityEngine.DebugLogHandler:LogFormat (UnityEngine.LogType,UnityEngine.Object,string,object[])
UnityEngine.Logger:Log (UnityEngine.LogType,object,UnityEngine.Object)
UnityEngine.Debug:LogWarning (object,UnityEngine.Object)
Spine.Unity.Editor.SpineEditorUtilities:IssueWarningsForUnrecommendedTextureSettings (string) (at Assets/Spine/Editor/spine-unity/Editor/Utility/SpineEditorUtilities.cs:270)
Spine.Unity.Editor.SpineEditorUtilities:IssueWarningsForUnrecommendedTextureSettings () (at Assets/Spine/Editor/spine-unity/Editor/Utility/SpineEditorUtilities.cs:185)
Spine.Unity.Editor.SpineEditorUtilities:Initialize () (at Assets/Spine/Editor/spine-unity/Editor/Utility/SpineEditorUtilities.cs:164)
Spine.Unity.Editor.SpineEditorUtilities:.cctor () (at Assets/Spine/Editor/spine-unity/Editor/Utility/SpineEditorUtilities.cs:100)
System.Runtime.CompilerServices.RuntimeHelpers:RunClassConstructor (System.RuntimeTypeHandle)
UnityEditor.EditorAssemblies:ProcessInitializeOnLoadAttributes (System.Type[])

(Filename: Assets/Spine/Editor/spine-unity/Editor/Utility/SpineEditorUtilities.cs Line: 270)

`Assets/Merge Beast/AnimationSpine/Cat Effect/Mora fx/mora_effect.png` : Problematic Texture Settings found: When enabling `Generate Mip Maps` in Gamma color space, it is recommended to disable `sRGB (Color Texture)` on `Premultiply alpha` textures. Otherwise you will receive white border artifacts on an atlas exported with default `Premultiply alpha` settings.
(You can disable this warning in `Edit - Preferences - Spine`)
UnityEngine.StackTraceUtility:ExtractStackTrace ()
UnityEngine.DebugLogHandler:LogFormat (UnityEngine.LogType,UnityEngine.Object,string,object[])
UnityEngine.Logger:Log (UnityEngine.LogType,object,UnityEngine.Object)
UnityEngine.Debug:LogWarning (object,UnityEngine.Object)
Spine.Unity.Editor.SpineEditorUtilities:IssueWarningsForUnrecommendedTextureSettings (string) (at Assets/Spine/Editor/spine-unity/Editor/Utility/SpineEditorUtilities.cs:270)
Spine.Unity.Editor.SpineEditorUtilities:IssueWarningsForUnrecommendedTextureSettings () (at Assets/Spine/Editor/spine-unity/Editor/Utility/SpineEditorUtilities.cs:185)
Spine.Unity.Editor.SpineEditorUtilities:Initialize () (at Assets/Spine/Editor/spine-unity/Editor/Utility/SpineEditorUtilities.cs:164)
Spine.Unity.Editor.SpineEditorUtilities:.cctor () (at Assets/Spine/Editor/spine-unity/Editor/Utility/SpineEditorUtilities.cs:100)
System.Runtime.CompilerServices.RuntimeHelpers:RunClassConstructor (System.RuntimeTypeHandle)
UnityEditor.EditorAssemblies:ProcessInitializeOnLoadAttributes (System.Type[])

(Filename: Assets/Spine/Editor/spine-unity/Editor/Utility/SpineEditorUtilities.cs Line: 270)

`Assets/Merge Beast/AnimationSpine/Cat Effect/Mora wp/mora_weapon.png` : Problematic Texture Settings found: When enabling `Generate Mip Maps` in Gamma color space, it is recommended to disable `sRGB (Color Texture)` on `Premultiply alpha` textures. Otherwise you will receive white border artifacts on an atlas exported with default `Premultiply alpha` settings.
(You can disable this warning in `Edit - Preferences - Spine`)
UnityEngine.StackTraceUtility:ExtractStackTrace ()
UnityEngine.DebugLogHandler:LogFormat (UnityEngine.LogType,UnityEngine.Object,string,object[])
UnityEngine.Logger:Log (UnityEngine.LogType,object,UnityEngine.Object)
UnityEngine.Debug:LogWarning (object,UnityEngine.Object)
Spine.Unity.Editor.SpineEditorUtilities:IssueWarningsForUnrecommendedTextureSettings (string) (at Assets/Spine/Editor/spine-unity/Editor/Utility/SpineEditorUtilities.cs:270)
Spine.Unity.Editor.SpineEditorUtilities:IssueWarningsForUnrecommendedTextureSettings () (at Assets/Spine/Editor/spine-unity/Editor/Utility/SpineEditorUtilities.cs:185)
Spine.Unity.Editor.SpineEditorUtilities:Initialize () (at Assets/Spine/Editor/spine-unity/Editor/Utility/SpineEditorUtilities.cs:164)
Spine.Unity.Editor.SpineEditorUtilities:.cctor () (at Assets/Spine/Editor/spine-unity/Editor/Utility/SpineEditorUtilities.cs:100)
System.Runtime.CompilerServices.RuntimeHelpers:RunClassConstructor (System.RuntimeTypeHandle)
UnityEditor.EditorAssemblies:ProcessInitializeOnLoadAttributes (System.Type[])

(Filename: Assets/Spine/Editor/spine-unity/Editor/Utility/SpineEditorUtilities.cs Line: 270)

`Assets/Merge Beast/AnimationSpine/Cat Effect/Naruto fx/naruto_effect.png` : Problematic Texture Settings found: When enabling `Generate Mip Maps` in Gamma color space, it is recommended to disable `sRGB (Color Texture)` on `Premultiply alpha` textures. Otherwise you will receive white border artifacts on an atlas exported with default `Premultiply alpha` settings.
(You can disable this warning in `Edit - Preferences - Spine`)
UnityEngine.StackTraceUtility:ExtractStackTrace ()
UnityEngine.DebugLogHandler:LogFormat (UnityEngine.LogType,UnityEngine.Object,string,object[])
UnityEngine.Logger:Log (UnityEngine.LogType,object,UnityEngine.Object)
UnityEngine.Debug:LogWarning (object,UnityEngine.Object)
Spine.Unity.Editor.SpineEditorUtilities:IssueWarningsForUnrecommendedTextureSettings (string) (at Assets/Spine/Editor/spine-unity/Editor/Utility/SpineEditorUtilities.cs:270)
Spine.Unity.Editor.SpineEditorUtilities:IssueWarningsForUnrecommendedTextureSettings () (at Assets/Spine/Editor/spine-unity/Editor/Utility/SpineEditorUtilities.cs:185)
Spine.Unity.Editor.SpineEditorUtilities:Initialize () (at Assets/Spine/Editor/spine-unity/Editor/Utility/SpineEditorUtilities.cs:164)
Spine.Unity.Editor.SpineEditorUtilities:.cctor () (at Assets/Spine/Editor/spine-unity/Editor/Utility/SpineEditorUtilities.cs:100)
System.Runtime.CompilerServices.RuntimeHelpers:RunClassConstructor (System.RuntimeTypeHandle)
UnityEditor.EditorAssemblies:ProcessInitializeOnLoadAttributes (System.Type[])

(Filename: Assets/Spine/Editor/spine-unity/Editor/Utility/SpineEditorUtilities.cs Line: 270)

`Assets/Merge Beast/AnimationSpine/Cat Effect/Naruto fx 2/naruto_effect2.png` : Problematic Texture Settings found: When enabling `Generate Mip Maps` in Gamma color space, it is recommended to disable `sRGB (Color Texture)` on `Premultiply alpha` textures. Otherwise you will receive white border artifacts on an atlas exported with default `Premultiply alpha` settings.
(You can disable this warning in `Edit - Preferences - Spine`)
UnityEngine.StackTraceUtility:ExtractStackTrace ()
UnityEngine.DebugLogHandler:LogFormat (UnityEngine.LogType,UnityEngine.Object,string,object[])
UnityEngine.Logger:Log (UnityEngine.LogType,object,UnityEngine.Object)
UnityEngine.Debug:LogWarning (object,UnityEngine.Object)
Spine.Unity.Editor.SpineEditorUtilities:IssueWarningsForUnrecommendedTextureSettings (string) (at Assets/Spine/Editor/spine-unity/Editor/Utility/SpineEditorUtilities.cs:270)
Spine.Unity.Editor.SpineEditorUtilities:IssueWarningsForUnrecommendedTextureSettings () (at Assets/Spine/Editor/spine-unity/Editor/Utility/SpineEditorUtilities.cs:185)
Spine.Unity.Editor.SpineEditorUtilities:Initialize () (at Assets/Spine/Editor/spine-unity/Editor/Utility/SpineEditorUtilities.cs:164)
Spine.Unity.Editor.SpineEditorUtilities:.cctor () (at Assets/Spine/Editor/spine-unity/Editor/Utility/SpineEditorUtilities.cs:100)
System.Runtime.CompilerServices.RuntimeHelpers:RunClassConstructor (System.RuntimeTypeHandle)
UnityEditor.EditorAssemblies:ProcessInitializeOnLoadAttributes (System.Type[])

(Filename: Assets/Spine/Editor/spine-unity/Editor/Utility/SpineEditorUtilities.cs Line: 270)

`Assets/Merge Beast/AnimationSpine/Cat Effect/Nemu fx/nemu_effect.png` : Problematic Texture Settings found: When enabling `Generate Mip Maps` in Gamma color space, it is recommended to disable `sRGB (Color Texture)` on `Premultiply alpha` textures. Otherwise you will receive white border artifacts on an atlas exported with default `Premultiply alpha` settings.
(You can disable this warning in `Edit - Preferences - Spine`)
UnityEngine.StackTraceUtility:ExtractStackTrace ()
UnityEngine.DebugLogHandler:LogFormat (UnityEngine.LogType,UnityEngine.Object,string,object[])
UnityEngine.Logger:Log (UnityEngine.LogType,object,UnityEngine.Object)
UnityEngine.Debug:LogWarning (object,UnityEngine.Object)
Spine.Unity.Editor.SpineEditorUtilities:IssueWarningsForUnrecommendedTextureSettings (string) (at Assets/Spine/Editor/spine-unity/Editor/Utility/SpineEditorUtilities.cs:270)
Spine.Unity.Editor.SpineEditorUtilities:IssueWarningsForUnrecommendedTextureSettings () (at Assets/Spine/Editor/spine-unity/Editor/Utility/SpineEditorUtilities.cs:185)
Spine.Unity.Editor.SpineEditorUtilities:Initialize () (at Assets/Spine/Editor/spine-unity/Editor/Utility/SpineEditorUtilities.cs:164)
Spine.Unity.Editor.SpineEditorUtilities:.cctor () (at Assets/Spine/Editor/spine-unity/Editor/Utility/SpineEditorUtilities.cs:100)
System.Runtime.CompilerServices.RuntimeHelpers:RunClassConstructor (System.RuntimeTypeHandle)
UnityEditor.EditorAssemblies:ProcessInitializeOnLoadAttributes (System.Type[])

(Filename: Assets/Spine/Editor/spine-unity/Editor/Utility/SpineEditorUtilities.cs Line: 270)

`Assets/Merge Beast/AnimationSpine/Cat Effect/Pank fx/pank_effect.png` : Problematic Texture Settings found: When enabling `Generate Mip Maps` in Gamma color space, it is recommended to disable `sRGB (Color Texture)` on `Premultiply alpha` textures. Otherwise you will receive white border artifacts on an atlas exported with default `Premultiply alpha` settings.
(You can disable this warning in `Edit - Preferences - Spine`)
UnityEngine.StackTraceUtility:ExtractStackTrace ()
UnityEngine.DebugLogHandler:LogFormat (UnityEngine.LogType,UnityEngine.Object,string,object[])
UnityEngine.Logger:Log (UnityEngine.LogType,object,UnityEngine.Object)
UnityEngine.Debug:LogWarning (object,UnityEngine.Object)
Spine.Unity.Editor.SpineEditorUtilities:IssueWarningsForUnrecommendedTextureSettings (string) (at Assets/Spine/Editor/spine-unity/Editor/Utility/SpineEditorUtilities.cs:270)
Spine.Unity.Editor.SpineEditorUtilities:IssueWarningsForUnrecommendedTextureSettings () (at Assets/Spine/Editor/spine-unity/Editor/Utility/SpineEditorUtilities.cs:185)
Spine.Unity.Editor.SpineEditorUtilities:Initialize () (at Assets/Spine/Editor/spine-unity/Editor/Utility/SpineEditorUtilities.cs:164)
Spine.Unity.Editor.SpineEditorUtilities:.cctor () (at Assets/Spine/Editor/spine-unity/Editor/Utility/SpineEditorUtilities.cs:100)
System.Runtime.CompilerServices.RuntimeHelpers:RunClassConstructor (System.RuntimeTypeHandle)
UnityEditor.EditorAssemblies:ProcessInitializeOnLoadAttributes (System.Type[])

(Filename: Assets/Spine/Editor/spine-unity/Editor/Utility/SpineEditorUtilities.cs Line: 270)

`Assets/Merge Beast/AnimationSpine/Cat Effect/Pomer Slingshot fx/pomer_slingshot_effect.png` : Problematic Texture Settings found: When enabling `Generate Mip Maps` in Gamma color space, it is recommended to disable `sRGB (Color Texture)` on `Premultiply alpha` textures. Otherwise you will receive white border artifacts on an atlas exported with default `Premultiply alpha` settings.
(You can disable this warning in `Edit - Preferences - Spine`)
UnityEngine.StackTraceUtility:ExtractStackTrace ()
UnityEngine.DebugLogHandler:LogFormat (UnityEngine.LogType,UnityEngine.Object,string,object[])
UnityEngine.Logger:Log (UnityEngine.LogType,object,UnityEngine.Object)
UnityEngine.Debug:LogWarning (object,UnityEngine.Object)
Spine.Unity.Editor.SpineEditorUtilities:IssueWarningsForUnrecommendedTextureSettings (string) (at Assets/Spine/Editor/spine-unity/Editor/Utility/SpineEditorUtilities.cs:270)
Spine.Unity.Editor.SpineEditorUtilities:IssueWarningsForUnrecommendedTextureSettings () (at Assets/Spine/Editor/spine-unity/Editor/Utility/SpineEditorUtilities.cs:185)
Spine.Unity.Editor.SpineEditorUtilities:Initialize () (at Assets/Spine/Editor/spine-unity/Editor/Utility/SpineEditorUtilities.cs:164)
Spine.Unity.Editor.SpineEditorUtilities:.cctor () (at Assets/Spine/Editor/spine-unity/Editor/Utility/SpineEditorUtilities.cs:100)
System.Runtime.CompilerServices.RuntimeHelpers:RunClassConstructor (System.RuntimeTypeHandle)
UnityEditor.EditorAssemblies:ProcessInitializeOnLoadAttributes (System.Type[])

(Filename: Assets/Spine/Editor/spine-unity/Editor/Utility/SpineEditorUtilities.cs Line: 270)

`Assets/Merge Beast/AnimationSpine/Cat Effect/Seji wp/seiji_weapon.png` : Problematic Texture Settings found: When enabling `Generate Mip Maps` in Gamma color space, it is recommended to disable `sRGB (Color Texture)` on `Premultiply alpha` textures. Otherwise you will receive white border artifacts on an atlas exported with default `Premultiply alpha` settings.
(You can disable this warning in `Edit - Preferences - Spine`)
UnityEngine.StackTraceUtility:ExtractStackTrace ()
UnityEngine.DebugLogHandler:LogFormat (UnityEngine.LogType,UnityEngine.Object,string,object[])
UnityEngine.Logger:Log (UnityEngine.LogType,object,UnityEngine.Object)
UnityEngine.Debug:LogWarning (object,UnityEngine.Object)
Spine.Unity.Editor.SpineEditorUtilities:IssueWarningsForUnrecommendedTextureSettings (string) (at Assets/Spine/Editor/spine-unity/Editor/Utility/SpineEditorUtilities.cs:270)
Spine.Unity.Editor.SpineEditorUtilities:IssueWarningsForUnrecommendedTextureSettings () (at Assets/Spine/Editor/spine-unity/Editor/Utility/SpineEditorUtilities.cs:185)
Spine.Unity.Editor.SpineEditorUtilities:Initialize () (at Assets/Spine/Editor/spine-unity/Editor/Utility/SpineEditorUtilities.cs:164)
Spine.Unity.Editor.SpineEditorUtilities:.cctor () (at Assets/Spine/Editor/spine-unity/Editor/Utility/SpineEditorUtilities.cs:100)
System.Runtime.CompilerServices.RuntimeHelpers:RunClassConstructor (System.RuntimeTypeHandle)
UnityEditor.EditorAssemblies:ProcessInitializeOnLoadAttributes (System.Type[])

(Filename: Assets/Spine/Editor/spine-unity/Editor/Utility/SpineEditorUtilities.cs Line: 270)

`Assets/Merge Beast/AnimationSpine/Cat Effect/Shiba fire fx/shiba_fire_effect.png` : Problematic Texture Settings found: When enabling `Generate Mip Maps` in Gamma color space, it is recommended to disable `sRGB (Color Texture)` on `Premultiply alpha` textures. Otherwise you will receive white border artifacts on an atlas exported with default `Premultiply alpha` settings.
(You can disable this warning in `Edit - Preferences - Spine`)
UnityEngine.StackTraceUtility:ExtractStackTrace ()
UnityEngine.DebugLogHandler:LogFormat (UnityEngine.LogType,UnityEngine.Object,string,object[])
UnityEngine.Logger:Log (UnityEngine.LogType,object,UnityEngine.Object)
UnityEngine.Debug:LogWarning (object,UnityEngine.Object)
Spine.Unity.Editor.SpineEditorUtilities:IssueWarningsForUnrecommendedTextureSettings (string) (at Assets/Spine/Editor/spine-unity/Editor/Utility/SpineEditorUtilities.cs:270)
Spine.Unity.Editor.SpineEditorUtilities:IssueWarningsForUnrecommendedTextureSettings () (at Assets/Spine/Editor/spine-unity/Editor/Utility/SpineEditorUtilities.cs:185)
Spine.Unity.Editor.SpineEditorUtilities:Initialize () (at Assets/Spine/Editor/spine-unity/Editor/Utility/SpineEditorUtilities.cs:164)
Spine.Unity.Editor.SpineEditorUtilities:.cctor () (at Assets/Spine/Editor/spine-unity/Editor/Utility/SpineEditorUtilities.cs:100)
System.Runtime.CompilerServices.RuntimeHelpers:RunClassConstructor (System.RuntimeTypeHandle)
UnityEditor.EditorAssemblies:ProcessInitializeOnLoadAttributes (System.Type[])

(Filename: Assets/Spine/Editor/spine-unity/Editor/Utility/SpineEditorUtilities.cs Line: 270)

`Assets/Merge Beast/AnimationSpine/Cat Effect/Sun fx/sun_effect.png` : Problematic Texture Settings found: When enabling `Generate Mip Maps` in Gamma color space, it is recommended to disable `sRGB (Color Texture)` on `Premultiply alpha` textures. Otherwise you will receive white border artifacts on an atlas exported with default `Premultiply alpha` settings.
(You can disable this warning in `Edit - Preferences - Spine`)
UnityEngine.StackTraceUtility:ExtractStackTrace ()
UnityEngine.DebugLogHandler:LogFormat (UnityEngine.LogType,UnityEngine.Object,string,object[])
UnityEngine.Logger:Log (UnityEngine.LogType,object,UnityEngine.Object)
UnityEngine.Debug:LogWarning (object,UnityEngine.Object)
Spine.Unity.Editor.SpineEditorUtilities:IssueWarningsForUnrecommendedTextureSettings (string) (at Assets/Spine/Editor/spine-unity/Editor/Utility/SpineEditorUtilities.cs:270)
Spine.Unity.Editor.SpineEditorUtilities:IssueWarningsForUnrecommendedTextureSettings () (at Assets/Spine/Editor/spine-unity/Editor/Utility/SpineEditorUtilities.cs:185)
Spine.Unity.Editor.SpineEditorUtilities:Initialize () (at Assets/Spine/Editor/spine-unity/Editor/Utility/SpineEditorUtilities.cs:164)
Spine.Unity.Editor.SpineEditorUtilities:.cctor () (at Assets/Spine/Editor/spine-unity/Editor/Utility/SpineEditorUtilities.cs:100)
System.Runtime.CompilerServices.RuntimeHelpers:RunClassConstructor (System.RuntimeTypeHandle)
UnityEditor.EditorAssemblies:ProcessInitializeOnLoadAttributes (System.Type[])

(Filename: Assets/Spine/Editor/spine-unity/Editor/Utility/SpineEditorUtilities.cs Line: 270)

`Assets/Merge Beast/AnimationSpine/Cat Effect/Sun wp/sun_weapon.png` : Problematic Texture Settings found: When enabling `Generate Mip Maps` in Gamma color space, it is recommended to disable `sRGB (Color Texture)` on `Premultiply alpha` textures. Otherwise you will receive white border artifacts on an atlas exported with default `Premultiply alpha` settings.
(You can disable this warning in `Edit - Preferences - Spine`)
UnityEngine.StackTraceUtility:ExtractStackTrace ()
UnityEngine.DebugLogHandler:LogFormat (UnityEngine.LogType,UnityEngine.Object,string,object[])
UnityEngine.Logger:Log (UnityEngine.LogType,object,UnityEngine.Object)
UnityEngine.Debug:LogWarning (object,UnityEngine.Object)
Spine.Unity.Editor.SpineEditorUtilities:IssueWarningsForUnrecommendedTextureSettings (string) (at Assets/Spine/Editor/spine-unity/Editor/Utility/SpineEditorUtilities.cs:270)
Spine.Unity.Editor.SpineEditorUtilities:IssueWarningsForUnrecommendedTextureSettings () (at Assets/Spine/Editor/spine-unity/Editor/Utility/SpineEditorUtilities.cs:185)
Spine.Unity.Editor.SpineEditorUtilities:Initialize () (at Assets/Spine/Editor/spine-unity/Editor/Utility/SpineEditorUtilities.cs:164)
Spine.Unity.Editor.SpineEditorUtilities:.cctor () (at Assets/Spine/Editor/spine-unity/Editor/Utility/SpineEditorUtilities.cs:100)
System.Runtime.CompilerServices.RuntimeHelpers:RunClassConstructor (System.RuntimeTypeHandle)
UnityEditor.EditorAssemblies:ProcessInitializeOnLoadAttributes (System.Type[])

(Filename: Assets/Spine/Editor/spine-unity/Editor/Utility/SpineEditorUtilities.cs Line: 270)

`Assets/Merge Beast/AnimationSpine/Cat Effect/The Elder One fx/the_elder_one_effect.png` : Problematic Texture Settings found: When enabling `Generate Mip Maps` in Gamma color space, it is recommended to disable `sRGB (Color Texture)` on `Premultiply alpha` textures. Otherwise you will receive white border artifacts on an atlas exported with default `Premultiply alpha` settings.
(You can disable this warning in `Edit - Preferences - Spine`)
UnityEngine.StackTraceUtility:ExtractStackTrace ()
UnityEngine.DebugLogHandler:LogFormat (UnityEngine.LogType,UnityEngine.Object,string,object[])
UnityEngine.Logger:Log (UnityEngine.LogType,object,UnityEngine.Object)
UnityEngine.Debug:LogWarning (object,UnityEngine.Object)
Spine.Unity.Editor.SpineEditorUtilities:IssueWarningsForUnrecommendedTextureSettings (string) (at Assets/Spine/Editor/spine-unity/Editor/Utility/SpineEditorUtilities.cs:270)
Spine.Unity.Editor.SpineEditorUtilities:IssueWarningsForUnrecommendedTextureSettings () (at Assets/Spine/Editor/spine-unity/Editor/Utility/SpineEditorUtilities.cs:185)
Spine.Unity.Editor.SpineEditorUtilities:Initialize () (at Assets/Spine/Editor/spine-unity/Editor/Utility/SpineEditorUtilities.cs:164)
Spine.Unity.Editor.SpineEditorUtilities:.cctor () (at Assets/Spine/Editor/spine-unity/Editor/Utility/SpineEditorUtilities.cs:100)
System.Runtime.CompilerServices.RuntimeHelpers:RunClassConstructor (System.RuntimeTypeHandle)
UnityEditor.EditorAssemblies:ProcessInitializeOnLoadAttributes (System.Type[])

(Filename: Assets/Spine/Editor/spine-unity/Editor/Utility/SpineEditorUtilities.cs Line: 270)

`Assets/Merge Beast/AnimationSpine/Cat Effect/Tsuki fx/tsuki_effect.png` : Problematic Texture Settings found: When enabling `Generate Mip Maps` in Gamma color space, it is recommended to disable `sRGB (Color Texture)` on `Premultiply alpha` textures. Otherwise you will receive white border artifacts on an atlas exported with default `Premultiply alpha` settings.
(You can disable this warning in `Edit - Preferences - Spine`)
UnityEngine.StackTraceUtility:ExtractStackTrace ()
UnityEngine.DebugLogHandler:LogFormat (UnityEngine.LogType,UnityEngine.Object,string,object[])
UnityEngine.Logger:Log (UnityEngine.LogType,object,UnityEngine.Object)
UnityEngine.Debug:LogWarning (object,UnityEngine.Object)
Spine.Unity.Editor.SpineEditorUtilities:IssueWarningsForUnrecommendedTextureSettings (string) (at Assets/Spine/Editor/spine-unity/Editor/Utility/SpineEditorUtilities.cs:270)
Spine.Unity.Editor.SpineEditorUtilities:IssueWarningsForUnrecommendedTextureSettings () (at Assets/Spine/Editor/spine-unity/Editor/Utility/SpineEditorUtilities.cs:185)
Spine.Unity.Editor.SpineEditorUtilities:Initialize () (at Assets/Spine/Editor/spine-unity/Editor/Utility/SpineEditorUtilities.cs:164)
Spine.Unity.Editor.SpineEditorUtilities:.cctor () (at Assets/Spine/Editor/spine-unity/Editor/Utility/SpineEditorUtilities.cs:100)
System.Runtime.CompilerServices.RuntimeHelpers:RunClassConstructor (System.RuntimeTypeHandle)
UnityEditor.EditorAssemblies:ProcessInitializeOnLoadAttributes (System.Type[])

(Filename: Assets/Spine/Editor/spine-unity/Editor/Utility/SpineEditorUtilities.cs Line: 270)

`Assets/Merge Beast/AnimationSpine/Cat Effect/Tsuki wp/tsuki_weapon.png` : Problematic Texture Settings found: When enabling `Generate Mip Maps` in Gamma color space, it is recommended to disable `sRGB (Color Texture)` on `Premultiply alpha` textures. Otherwise you will receive white border artifacts on an atlas exported with default `Premultiply alpha` settings.
(You can disable this warning in `Edit - Preferences - Spine`)
UnityEngine.StackTraceUtility:ExtractStackTrace ()
UnityEngine.DebugLogHandler:LogFormat (UnityEngine.LogType,UnityEngine.Object,string,object[])
UnityEngine.Logger:Log (UnityEngine.LogType,object,UnityEngine.Object)
UnityEngine.Debug:LogWarning (object,UnityEngine.Object)
Spine.Unity.Editor.SpineEditorUtilities:IssueWarningsForUnrecommendedTextureSettings (string) (at Assets/Spine/Editor/spine-unity/Editor/Utility/SpineEditorUtilities.cs:270)
Spine.Unity.Editor.SpineEditorUtilities:IssueWarningsForUnrecommendedTextureSettings () (at Assets/Spine/Editor/spine-unity/Editor/Utility/SpineEditorUtilities.cs:185)
Spine.Unity.Editor.SpineEditorUtilities:Initialize () (at Assets/Spine/Editor/spine-unity/Editor/Utility/SpineEditorUtilities.cs:164)
Spine.Unity.Editor.SpineEditorUtilities:.cctor () (at Assets/Spine/Editor/spine-unity/Editor/Utility/SpineEditorUtilities.cs:100)
System.Runtime.CompilerServices.RuntimeHelpers:RunClassConstructor (System.RuntimeTypeHandle)
UnityEditor.EditorAssemblies:ProcessInitializeOnLoadAttributes (System.Type[])

(Filename: Assets/Spine/Editor/spine-unity/Editor/Utility/SpineEditorUtilities.cs Line: 270)

`Assets/Merge Beast/AnimationSpine/Monster/Hero Cat Empty/hero_cat_empty.png` and material `hero_cat_empty_Material.mat` : IncorrectTexture / Material Settings found: It is strongly recommended to enable `Alpha Is Transparency` on `Straight alpha` textures.
Assuming `Straight alpha` texture because `Straight Alpha Texture` is enabled at material). (You can disable this warning in `Edit - Preferences - Spine`)
UnityEngine.StackTraceUtility:ExtractStackTrace ()
UnityEngine.DebugLogHandler:LogFormat (UnityEngine.LogType,UnityEngine.Object,string,object[])
UnityEngine.Logger:Log (UnityEngine.LogType,object,UnityEngine.Object)
UnityEngine.Debug:LogWarning (object,UnityEngine.Object)
Spine.Unity.Editor.SpineEditorUtilities:IssueWarningsForUnrecommendedTextureSettings (string) (at Assets/Spine/Editor/spine-unity/Editor/Utility/SpineEditorUtilities.cs:270)
Spine.Unity.Editor.SpineEditorUtilities:IssueWarningsForUnrecommendedTextureSettings () (at Assets/Spine/Editor/spine-unity/Editor/Utility/SpineEditorUtilities.cs:185)
Spine.Unity.Editor.SpineEditorUtilities:Initialize () (at Assets/Spine/Editor/spine-unity/Editor/Utility/SpineEditorUtilities.cs:164)
Spine.Unity.Editor.SpineEditorUtilities:.cctor () (at Assets/Spine/Editor/spine-unity/Editor/Utility/SpineEditorUtilities.cs:100)
System.Runtime.CompilerServices.RuntimeHelpers:RunClassConstructor (System.RuntimeTypeHandle)
UnityEditor.EditorAssemblies:ProcessInitializeOnLoadAttributes (System.Type[])

(Filename: Assets/Spine/Editor/spine-unity/Editor/Utility/SpineEditorUtilities.cs Line: 270)

Package Manager log level set to [2]
[Package Manager] Server::EnsureServerProcessIsRunning -- launch failed, reason: Unity was launched with the -noUpm command-line argument
[Package Manager] UpmClient::Send -- Unable to send message (not connected to UPM process).
[Package Manager] Cannot connect to Unity Package Manager local server
Mono: successfully reloaded assembly
- Finished resetting the current domain, in  1.220 seconds
Domain Reload Profiling: 1862ms
	BeginReloadAssembly (174ms)
		ExecutionOrderSort (0ms)
		DisableScriptedObjects (7ms)
		BackupInstance (0ms)
		ReleaseScriptingObjects (0ms)
		CreateAndSetChildDomain (24ms)
	RebuildCommonClasses (37ms)
	RebuildNativeTypeToScriptingClass (12ms)
	initialDomainReloadingComplete (43ms)
	LoadAllAssembliesAndSetupDomain (375ms)
		LoadAssemblies (347ms)
		RebuildTransferFunctionScriptingTraits (0ms)
		AnalyzeDomain (132ms)
			TypeCache.Refresh (108ms)
				TypeCache.ScanAssembly (91ms)
			ScanForSourceGeneratedMonoScriptInfo (15ms)
			ResolveRequiredComponents (7ms)
	FinalizeReload (1220ms)
		ReleaseScriptCaches (0ms)
		RebuildScriptCaches (0ms)
		SetupLoadedEditorAssemblies (1050ms)
			LogAssemblyErrors (0ms)
			InitializePlatformSupportModulesInManaged (8ms)
			SetLoadedEditorAssemblies (6ms)
			RefreshPlugins (0ms)
			BeforeProcessingInitializeOnLoad (79ms)
			ProcessInitializeOnLoadAttributes (910ms)
			ProcessInitializeOnLoadMethodAttributes (44ms)
			AfterProcessingInitializeOnLoad (4ms)
			EditorAssembliesLoaded (0ms)
		ExecutionOrderSort2 (0ms)
		AwakeInstancesAfterBackupRestoration (8ms)
Refreshing native plugins compatible for Editor in 1.79 ms, found 2 plugins.
Preloading 0 native plugins for Editor in 0.00 ms.
Unloading 2570 Unused Serialized files (Serialized files now loaded: 0)
Unloading 340 unused Assets / (1.7 MB). Loaded Objects now: 2829.
Memory consumption went from 235.0 MB to 233.3 MB.
Total: 5.168800 ms (FindLiveObjects: 0.361100 ms CreateObjectMapping: 0.093900 ms MarkObjects: 2.856400 ms  DeleteObjects: 1.856400 ms)

AssetImportParameters requested are different than current active one (requested -> active):
  custom:video-decoder-webm-vp8: 9c59270c3fd7afecdb556c50c9e8de78 -> 
  custom:SearchIndexIgnoredProperties: e643bd26f0fe6173181afceb89e7c659 -> 
  custom:container-demuxer-ogg: 62fdf1f143b41e24485cea50d1cbac27 -> 
  custom:AudioImporter_EditorPlatform: d09bf68614088b80899f8185d706f6e7 -> 
  custom:video-decoder-ogg-theora: a1e56fd34408186e4bbccfd4996cb3dc -> 
  custom:framework-win-MediaFoundation: 216162199b28c13a410421893ffa2e32 -> 
  custom:video-encoder-webm-vp8: eb34c28f22e8b96e1ab97ce403110664 -> 
  custom:audio-decoder-ogg-vorbis: bf7c407c2cedff20999df2af8eb42d56 -> 
  custom:CustomObjectIndexerAttribute: 9a22284fe3817be447336de3de66b15e -> 
  custom:container-demuxer-webm: 4f35f7cbe854078d1ac9338744f61a02 -> 
  custom:audio-encoder-webm-vorbis: bf7c407c2cedff20999df2af8eb42d56 -> 
  custom:container-muxer-webm: aa71ff27fc2769a1b78a27578f13a17b -> 
========================================================================
Received Import Request.
  Time since last request: 36342.561072 seconds.
  path: Assets/Merge Beast/Fonts
  artifactKey: Guid(d3e983a8dc5d3604ab036284032794ef) Importer(815301076,1909f56bfc062723c751e8b465ee728b)
Start importing Assets/Merge Beast/Fonts using Guid(d3e983a8dc5d3604ab036284032794ef) Importer(815301076,1909f56bfc062723c751e8b465ee728b) [PhysX] Initialized MultithreadedTaskDispatcher with 16 workers.
 -> (artifact id: '52d88ed5963a642a03bedd915f884ed0') in 0.004756 seconds
Number of updated asset objects reloaded before import = 0
Number of asset objects unloaded after import = 0
========================================================================
Received Import Request.
  Time since last request: 395.746790 seconds.
  path: Assets/Merge Beast/Fonts/乐米元气团团体.ttf
  artifactKey: Guid(efc86f698ec44be4f93315620c36a1a0) Importer(815301076,1909f56bfc062723c751e8b465ee728b)
Start importing Assets/Merge Beast/Fonts/乐米元气团团体.ttf using Guid(efc86f698ec44be4f93315620c36a1a0) Importer(815301076,1909f56bfc062723c751e8b465ee728b) [PhysX] Initialized MultithreadedTaskDispatcher with 16 workers.
[PhysX] Initialized MultithreadedTaskDispatcher with 16 workers.
[PhysX] Initialized MultithreadedTaskDispatcher with 16 workers.
 -> (artifact id: '118ee028f0d6711b785cc210cbad2782') in 0.087341 seconds
Number of updated asset objects reloaded before import = 0
Number of asset objects unloaded after import = 4
========================================================================
Received Import Request.
  Time since last request: 1978.925602 seconds.
  path: Assets/Merge Beast/Fonts/leqiyuantituantuanti.ttf
  artifactKey: Guid(efc86f698ec44be4f93315620c36a1a0) Importer(815301076,1909f56bfc062723c751e8b465ee728b)
Start importing Assets/Merge Beast/Fonts/leqiyuantituantuanti.ttf using Guid(efc86f698ec44be4f93315620c36a1a0) Importer(815301076,1909f56bfc062723c751e8b465ee728b) [PhysX] Initialized MultithreadedTaskDispatcher with 16 workers.
[PhysX] Initialized MultithreadedTaskDispatcher with 16 workers.
[PhysX] Initialized MultithreadedTaskDispatcher with 16 workers.
 -> (artifact id: 'b444bb7eb3bac82b20c986b7705dd307') in 0.017043 seconds
Number of updated asset objects reloaded before import = 0
Number of asset objects unloaded after import = 4
========================================================================
Received Import Request.
  Time since last request: 17.457571 seconds.
  path: Assets/Merge Beast/Fonts/leqiyuantituantuanti SDF.asset
  artifactKey: Guid(0d23c80cd35c82c4c997c5e5c7d8fac2) Importer(815301076,1909f56bfc062723c751e8b465ee728b)
Start importing Assets/Merge Beast/Fonts/leqiyuantituantuanti SDF.asset using Guid(0d23c80cd35c82c4c997c5e5c7d8fac2) Importer(815301076,1909f56bfc062723c751e8b465ee728b) [PhysX] Initialized MultithreadedTaskDispatcher with 16 workers.
[PhysX] Initialized MultithreadedTaskDispatcher with 16 workers.
[PhysX] Initialized MultithreadedTaskDispatcher with 16 workers.
 -> (artifact id: 'a7b8cbd65f5eb5bbdd4ed516b3100555') in 0.067098 seconds
Number of updated asset objects reloaded before import = 0
Number of asset objects unloaded after import = 6
========================================================================
Received Prepare
Caller must complete domain reload
Begin MonoManager ReloadAssembly
Symbol file LoadedFromMemory is not a mono symbol file
- Loaded All Assemblies, in  0.806 seconds
Native extension for WindowsStandalone target not found
Native extension for WebGL target not found
`Assets/Merge Beast/AnimationSpine/Cat Effect/Flash fx/flash_effect.png` : Problematic Texture Settings found: When enabling `Generate Mip Maps` in Gamma color space, it is recommended to disable `sRGB (Color Texture)` on `Premultiply alpha` textures. Otherwise you will receive white border artifacts on an atlas exported with default `Premultiply alpha` settings.
(You can disable this warning in `Edit - Preferences - Spine`)
UnityEngine.StackTraceUtility:ExtractStackTrace ()
UnityEngine.DebugLogHandler:LogFormat (UnityEngine.LogType,UnityEngine.Object,string,object[])
UnityEngine.Logger:Log (UnityEngine.LogType,object,UnityEngine.Object)
UnityEngine.Debug:LogWarning (object,UnityEngine.Object)
Spine.Unity.Editor.SpineEditorUtilities:IssueWarningsForUnrecommendedTextureSettings (string) (at Assets/Spine/Editor/spine-unity/Editor/Utility/SpineEditorUtilities.cs:270)
Spine.Unity.Editor.SpineEditorUtilities:IssueWarningsForUnrecommendedTextureSettings () (at Assets/Spine/Editor/spine-unity/Editor/Utility/SpineEditorUtilities.cs:185)
Spine.Unity.Editor.SpineEditorUtilities:Initialize () (at Assets/Spine/Editor/spine-unity/Editor/Utility/SpineEditorUtilities.cs:164)
Spine.Unity.Editor.SpineEditorUtilities:.cctor () (at Assets/Spine/Editor/spine-unity/Editor/Utility/SpineEditorUtilities.cs:100)
System.Runtime.CompilerServices.RuntimeHelpers:RunClassConstructor (System.RuntimeTypeHandle)
UnityEditor.EditorAssemblies:ProcessInitializeOnLoadAttributes (System.Type[])

(Filename: Assets/Spine/Editor/spine-unity/Editor/Utility/SpineEditorUtilities.cs Line: 270)

`Assets/Merge Beast/AnimationSpine/Cat Effect/Gostie fx/gostie_effect.png` : Problematic Texture Settings found: When enabling `Generate Mip Maps` in Gamma color space, it is recommended to disable `sRGB (Color Texture)` on `Premultiply alpha` textures. Otherwise you will receive white border artifacts on an atlas exported with default `Premultiply alpha` settings.
(You can disable this warning in `Edit - Preferences - Spine`)
UnityEngine.StackTraceUtility:ExtractStackTrace ()
UnityEngine.DebugLogHandler:LogFormat (UnityEngine.LogType,UnityEngine.Object,string,object[])
UnityEngine.Logger:Log (UnityEngine.LogType,object,UnityEngine.Object)
UnityEngine.Debug:LogWarning (object,UnityEngine.Object)
Spine.Unity.Editor.SpineEditorUtilities:IssueWarningsForUnrecommendedTextureSettings (string) (at Assets/Spine/Editor/spine-unity/Editor/Utility/SpineEditorUtilities.cs:270)
Spine.Unity.Editor.SpineEditorUtilities:IssueWarningsForUnrecommendedTextureSettings () (at Assets/Spine/Editor/spine-unity/Editor/Utility/SpineEditorUtilities.cs:185)
Spine.Unity.Editor.SpineEditorUtilities:Initialize () (at Assets/Spine/Editor/spine-unity/Editor/Utility/SpineEditorUtilities.cs:164)
Spine.Unity.Editor.SpineEditorUtilities:.cctor () (at Assets/Spine/Editor/spine-unity/Editor/Utility/SpineEditorUtilities.cs:100)
System.Runtime.CompilerServices.RuntimeHelpers:RunClassConstructor (System.RuntimeTypeHandle)
UnityEditor.EditorAssemblies:ProcessInitializeOnLoadAttributes (System.Type[])

(Filename: Assets/Spine/Editor/spine-unity/Editor/Utility/SpineEditorUtilities.cs Line: 270)

`Assets/Merge Beast/AnimationSpine/Cat Effect/Holi fx/holi_effect.png` : Problematic Texture Settings found: When enabling `Generate Mip Maps` in Gamma color space, it is recommended to disable `sRGB (Color Texture)` on `Premultiply alpha` textures. Otherwise you will receive white border artifacts on an atlas exported with default `Premultiply alpha` settings.
(You can disable this warning in `Edit - Preferences - Spine`)
UnityEngine.StackTraceUtility:ExtractStackTrace ()
UnityEngine.DebugLogHandler:LogFormat (UnityEngine.LogType,UnityEngine.Object,string,object[])
UnityEngine.Logger:Log (UnityEngine.LogType,object,UnityEngine.Object)
UnityEngine.Debug:LogWarning (object,UnityEngine.Object)
Spine.Unity.Editor.SpineEditorUtilities:IssueWarningsForUnrecommendedTextureSettings (string) (at Assets/Spine/Editor/spine-unity/Editor/Utility/SpineEditorUtilities.cs:270)
Spine.Unity.Editor.SpineEditorUtilities:IssueWarningsForUnrecommendedTextureSettings () (at Assets/Spine/Editor/spine-unity/Editor/Utility/SpineEditorUtilities.cs:185)
Spine.Unity.Editor.SpineEditorUtilities:Initialize () (at Assets/Spine/Editor/spine-unity/Editor/Utility/SpineEditorUtilities.cs:164)
Spine.Unity.Editor.SpineEditorUtilities:.cctor () (at Assets/Spine/Editor/spine-unity/Editor/Utility/SpineEditorUtilities.cs:100)
System.Runtime.CompilerServices.RuntimeHelpers:RunClassConstructor (System.RuntimeTypeHandle)
UnityEditor.EditorAssemblies:ProcessInitializeOnLoadAttributes (System.Type[])

(Filename: Assets/Spine/Editor/spine-unity/Editor/Utility/SpineEditorUtilities.cs Line: 270)

`Assets/Merge Beast/AnimationSpine/Cat Effect/Holi wp/holi_weapon.png` : Problematic Texture Settings found: When enabling `Generate Mip Maps` in Gamma color space, it is recommended to disable `sRGB (Color Texture)` on `Premultiply alpha` textures. Otherwise you will receive white border artifacts on an atlas exported with default `Premultiply alpha` settings.
(You can disable this warning in `Edit - Preferences - Spine`)
UnityEngine.StackTraceUtility:ExtractStackTrace ()
UnityEngine.DebugLogHandler:LogFormat (UnityEngine.LogType,UnityEngine.Object,string,object[])
UnityEngine.Logger:Log (UnityEngine.LogType,object,UnityEngine.Object)
UnityEngine.Debug:LogWarning (object,UnityEngine.Object)
Spine.Unity.Editor.SpineEditorUtilities:IssueWarningsForUnrecommendedTextureSettings (string) (at Assets/Spine/Editor/spine-unity/Editor/Utility/SpineEditorUtilities.cs:270)
Spine.Unity.Editor.SpineEditorUtilities:IssueWarningsForUnrecommendedTextureSettings () (at Assets/Spine/Editor/spine-unity/Editor/Utility/SpineEditorUtilities.cs:185)
Spine.Unity.Editor.SpineEditorUtilities:Initialize () (at Assets/Spine/Editor/spine-unity/Editor/Utility/SpineEditorUtilities.cs:164)
Spine.Unity.Editor.SpineEditorUtilities:.cctor () (at Assets/Spine/Editor/spine-unity/Editor/Utility/SpineEditorUtilities.cs:100)
System.Runtime.CompilerServices.RuntimeHelpers:RunClassConstructor (System.RuntimeTypeHandle)
UnityEditor.EditorAssemblies:ProcessInitializeOnLoadAttributes (System.Type[])

(Filename: Assets/Spine/Editor/spine-unity/Editor/Utility/SpineEditorUtilities.cs Line: 270)

`Assets/Merge Beast/AnimationSpine/Cat Effect/Jiao wp/jiao_weapon.png` : Problematic Texture Settings found: When enabling `Generate Mip Maps` in Gamma color space, it is recommended to disable `sRGB (Color Texture)` on `Premultiply alpha` textures. Otherwise you will receive white border artifacts on an atlas exported with default `Premultiply alpha` settings.
(You can disable this warning in `Edit - Preferences - Spine`)
UnityEngine.StackTraceUtility:ExtractStackTrace ()
UnityEngine.DebugLogHandler:LogFormat (UnityEngine.LogType,UnityEngine.Object,string,object[])
UnityEngine.Logger:Log (UnityEngine.LogType,object,UnityEngine.Object)
UnityEngine.Debug:LogWarning (object,UnityEngine.Object)
Spine.Unity.Editor.SpineEditorUtilities:IssueWarningsForUnrecommendedTextureSettings (string) (at Assets/Spine/Editor/spine-unity/Editor/Utility/SpineEditorUtilities.cs:270)
Spine.Unity.Editor.SpineEditorUtilities:IssueWarningsForUnrecommendedTextureSettings () (at Assets/Spine/Editor/spine-unity/Editor/Utility/SpineEditorUtilities.cs:185)
Spine.Unity.Editor.SpineEditorUtilities:Initialize () (at Assets/Spine/Editor/spine-unity/Editor/Utility/SpineEditorUtilities.cs:164)
Spine.Unity.Editor.SpineEditorUtilities:.cctor () (at Assets/Spine/Editor/spine-unity/Editor/Utility/SpineEditorUtilities.cs:100)
System.Runtime.CompilerServices.RuntimeHelpers:RunClassConstructor (System.RuntimeTypeHandle)
UnityEditor.EditorAssemblies:ProcessInitializeOnLoadAttributes (System.Type[])

(Filename: Assets/Spine/Editor/spine-unity/Editor/Utility/SpineEditorUtilities.cs Line: 270)

`Assets/Merge Beast/AnimationSpine/Cat Effect/Kagura fx/kagura_effect.png` : Problematic Texture Settings found: When enabling `Generate Mip Maps` in Gamma color space, it is recommended to disable `sRGB (Color Texture)` on `Premultiply alpha` textures. Otherwise you will receive white border artifacts on an atlas exported with default `Premultiply alpha` settings.
(You can disable this warning in `Edit - Preferences - Spine`)
UnityEngine.StackTraceUtility:ExtractStackTrace ()
UnityEngine.DebugLogHandler:LogFormat (UnityEngine.LogType,UnityEngine.Object,string,object[])
UnityEngine.Logger:Log (UnityEngine.LogType,object,UnityEngine.Object)
UnityEngine.Debug:LogWarning (object,UnityEngine.Object)
Spine.Unity.Editor.SpineEditorUtilities:IssueWarningsForUnrecommendedTextureSettings (string) (at Assets/Spine/Editor/spine-unity/Editor/Utility/SpineEditorUtilities.cs:270)
Spine.Unity.Editor.SpineEditorUtilities:IssueWarningsForUnrecommendedTextureSettings () (at Assets/Spine/Editor/spine-unity/Editor/Utility/SpineEditorUtilities.cs:185)
Spine.Unity.Editor.SpineEditorUtilities:Initialize () (at Assets/Spine/Editor/spine-unity/Editor/Utility/SpineEditorUtilities.cs:164)
Spine.Unity.Editor.SpineEditorUtilities:.cctor () (at Assets/Spine/Editor/spine-unity/Editor/Utility/SpineEditorUtilities.cs:100)
System.Runtime.CompilerServices.RuntimeHelpers:RunClassConstructor (System.RuntimeTypeHandle)
UnityEditor.EditorAssemblies:ProcessInitializeOnLoadAttributes (System.Type[])

(Filename: Assets/Spine/Editor/spine-unity/Editor/Utility/SpineEditorUtilities.cs Line: 270)

`Assets/Merge Beast/AnimationSpine/Cat Effect/Kagura wp/kagura_weapon.png` : Problematic Texture Settings found: When enabling `Generate Mip Maps` in Gamma color space, it is recommended to disable `sRGB (Color Texture)` on `Premultiply alpha` textures. Otherwise you will receive white border artifacts on an atlas exported with default `Premultiply alpha` settings.
(You can disable this warning in `Edit - Preferences - Spine`)
UnityEngine.StackTraceUtility:ExtractStackTrace ()
UnityEngine.DebugLogHandler:LogFormat (UnityEngine.LogType,UnityEngine.Object,string,object[])
UnityEngine.Logger:Log (UnityEngine.LogType,object,UnityEngine.Object)
UnityEngine.Debug:LogWarning (object,UnityEngine.Object)
Spine.Unity.Editor.SpineEditorUtilities:IssueWarningsForUnrecommendedTextureSettings (string) (at Assets/Spine/Editor/spine-unity/Editor/Utility/SpineEditorUtilities.cs:270)
Spine.Unity.Editor.SpineEditorUtilities:IssueWarningsForUnrecommendedTextureSettings () (at Assets/Spine/Editor/spine-unity/Editor/Utility/SpineEditorUtilities.cs:185)
Spine.Unity.Editor.SpineEditorUtilities:Initialize () (at Assets/Spine/Editor/spine-unity/Editor/Utility/SpineEditorUtilities.cs:164)
Spine.Unity.Editor.SpineEditorUtilities:.cctor () (at Assets/Spine/Editor/spine-unity/Editor/Utility/SpineEditorUtilities.cs:100)
System.Runtime.CompilerServices.RuntimeHelpers:RunClassConstructor (System.RuntimeTypeHandle)
UnityEditor.EditorAssemblies:ProcessInitializeOnLoadAttributes (System.Type[])

(Filename: Assets/Spine/Editor/spine-unity/Editor/Utility/SpineEditorUtilities.cs Line: 270)

`Assets/Merge Beast/AnimationSpine/Cat Effect/Kina fx/kina_effect.png` : Problematic Texture Settings found: When enabling `Generate Mip Maps` in Gamma color space, it is recommended to disable `sRGB (Color Texture)` on `Premultiply alpha` textures. Otherwise you will receive white border artifacts on an atlas exported with default `Premultiply alpha` settings.
(You can disable this warning in `Edit - Preferences - Spine`)
UnityEngine.StackTraceUtility:ExtractStackTrace ()
UnityEngine.DebugLogHandler:LogFormat (UnityEngine.LogType,UnityEngine.Object,string,object[])
UnityEngine.Logger:Log (UnityEngine.LogType,object,UnityEngine.Object)
UnityEngine.Debug:LogWarning (object,UnityEngine.Object)
Spine.Unity.Editor.SpineEditorUtilities:IssueWarningsForUnrecommendedTextureSettings (string) (at Assets/Spine/Editor/spine-unity/Editor/Utility/SpineEditorUtilities.cs:270)
Spine.Unity.Editor.SpineEditorUtilities:IssueWarningsForUnrecommendedTextureSettings () (at Assets/Spine/Editor/spine-unity/Editor/Utility/SpineEditorUtilities.cs:185)
Spine.Unity.Editor.SpineEditorUtilities:Initialize () (at Assets/Spine/Editor/spine-unity/Editor/Utility/SpineEditorUtilities.cs:164)
Spine.Unity.Editor.SpineEditorUtilities:.cctor () (at Assets/Spine/Editor/spine-unity/Editor/Utility/SpineEditorUtilities.cs:100)
System.Runtime.CompilerServices.RuntimeHelpers:RunClassConstructor (System.RuntimeTypeHandle)
UnityEditor.EditorAssemblies:ProcessInitializeOnLoadAttributes (System.Type[])

(Filename: Assets/Spine/Editor/spine-unity/Editor/Utility/SpineEditorUtilities.cs Line: 270)

`Assets/Merge Beast/AnimationSpine/Cat Effect/Kina wp/kina_weapon.png` : Problematic Texture Settings found: When enabling `Generate Mip Maps` in Gamma color space, it is recommended to disable `sRGB (Color Texture)` on `Premultiply alpha` textures. Otherwise you will receive white border artifacts on an atlas exported with default `Premultiply alpha` settings.
(You can disable this warning in `Edit - Preferences - Spine`)
UnityEngine.StackTraceUtility:ExtractStackTrace ()
UnityEngine.DebugLogHandler:LogFormat (UnityEngine.LogType,UnityEngine.Object,string,object[])
UnityEngine.Logger:Log (UnityEngine.LogType,object,UnityEngine.Object)
UnityEngine.Debug:LogWarning (object,UnityEngine.Object)
Spine.Unity.Editor.SpineEditorUtilities:IssueWarningsForUnrecommendedTextureSettings (string) (at Assets/Spine/Editor/spine-unity/Editor/Utility/SpineEditorUtilities.cs:270)
Spine.Unity.Editor.SpineEditorUtilities:IssueWarningsForUnrecommendedTextureSettings () (at Assets/Spine/Editor/spine-unity/Editor/Utility/SpineEditorUtilities.cs:185)
Spine.Unity.Editor.SpineEditorUtilities:Initialize () (at Assets/Spine/Editor/spine-unity/Editor/Utility/SpineEditorUtilities.cs:164)
Spine.Unity.Editor.SpineEditorUtilities:.cctor () (at Assets/Spine/Editor/spine-unity/Editor/Utility/SpineEditorUtilities.cs:100)
System.Runtime.CompilerServices.RuntimeHelpers:RunClassConstructor (System.RuntimeTypeHandle)
UnityEditor.EditorAssemblies:ProcessInitializeOnLoadAttributes (System.Type[])

(Filename: Assets/Spine/Editor/spine-unity/Editor/Utility/SpineEditorUtilities.cs Line: 270)

`Assets/Merge Beast/AnimationSpine/Cat Effect/Kyuzo fx/kyuzo_effect.png` : Problematic Texture Settings found: When enabling `Generate Mip Maps` in Gamma color space, it is recommended to disable `sRGB (Color Texture)` on `Premultiply alpha` textures. Otherwise you will receive white border artifacts on an atlas exported with default `Premultiply alpha` settings.
(You can disable this warning in `Edit - Preferences - Spine`)
UnityEngine.StackTraceUtility:ExtractStackTrace ()
UnityEngine.DebugLogHandler:LogFormat (UnityEngine.LogType,UnityEngine.Object,string,object[])
UnityEngine.Logger:Log (UnityEngine.LogType,object,UnityEngine.Object)
UnityEngine.Debug:LogWarning (object,UnityEngine.Object)
Spine.Unity.Editor.SpineEditorUtilities:IssueWarningsForUnrecommendedTextureSettings (string) (at Assets/Spine/Editor/spine-unity/Editor/Utility/SpineEditorUtilities.cs:270)
Spine.Unity.Editor.SpineEditorUtilities:IssueWarningsForUnrecommendedTextureSettings () (at Assets/Spine/Editor/spine-unity/Editor/Utility/SpineEditorUtilities.cs:185)
Spine.Unity.Editor.SpineEditorUtilities:Initialize () (at Assets/Spine/Editor/spine-unity/Editor/Utility/SpineEditorUtilities.cs:164)
Spine.Unity.Editor.SpineEditorUtilities:.cctor () (at Assets/Spine/Editor/spine-unity/Editor/Utility/SpineEditorUtilities.cs:100)
System.Runtime.CompilerServices.RuntimeHelpers:RunClassConstructor (System.RuntimeTypeHandle)
UnityEditor.EditorAssemblies:ProcessInitializeOnLoadAttributes (System.Type[])

(Filename: Assets/Spine/Editor/spine-unity/Editor/Utility/SpineEditorUtilities.cs Line: 270)

`Assets/Merge Beast/AnimationSpine/Cat Effect/Kyuzo wp/kyuzo_weapon.png` : Problematic Texture Settings found: When enabling `Generate Mip Maps` in Gamma color space, it is recommended to disable `sRGB (Color Texture)` on `Premultiply alpha` textures. Otherwise you will receive white border artifacts on an atlas exported with default `Premultiply alpha` settings.
(You can disable this warning in `Edit - Preferences - Spine`)
UnityEngine.StackTraceUtility:ExtractStackTrace ()
UnityEngine.DebugLogHandler:LogFormat (UnityEngine.LogType,UnityEngine.Object,string,object[])
UnityEngine.Logger:Log (UnityEngine.LogType,object,UnityEngine.Object)
UnityEngine.Debug:LogWarning (object,UnityEngine.Object)
Spine.Unity.Editor.SpineEditorUtilities:IssueWarningsForUnrecommendedTextureSettings (string) (at Assets/Spine/Editor/spine-unity/Editor/Utility/SpineEditorUtilities.cs:270)
Spine.Unity.Editor.SpineEditorUtilities:IssueWarningsForUnrecommendedTextureSettings () (at Assets/Spine/Editor/spine-unity/Editor/Utility/SpineEditorUtilities.cs:185)
Spine.Unity.Editor.SpineEditorUtilities:Initialize () (at Assets/Spine/Editor/spine-unity/Editor/Utility/SpineEditorUtilities.cs:164)
Spine.Unity.Editor.SpineEditorUtilities:.cctor () (at Assets/Spine/Editor/spine-unity/Editor/Utility/SpineEditorUtilities.cs:100)
System.Runtime.CompilerServices.RuntimeHelpers:RunClassConstructor (System.RuntimeTypeHandle)
UnityEditor.EditorAssemblies:ProcessInitializeOnLoadAttributes (System.Type[])

(Filename: Assets/Spine/Editor/spine-unity/Editor/Utility/SpineEditorUtilities.cs Line: 270)

`Assets/Merge Beast/AnimationSpine/Cat Effect/Little Miju fx/little_mijus_effect.png` : Problematic Texture Settings found: When enabling `Generate Mip Maps` in Gamma color space, it is recommended to disable `sRGB (Color Texture)` on `Premultiply alpha` textures. Otherwise you will receive white border artifacts on an atlas exported with default `Premultiply alpha` settings.
(You can disable this warning in `Edit - Preferences - Spine`)
UnityEngine.StackTraceUtility:ExtractStackTrace ()
UnityEngine.DebugLogHandler:LogFormat (UnityEngine.LogType,UnityEngine.Object,string,object[])
UnityEngine.Logger:Log (UnityEngine.LogType,object,UnityEngine.Object)
UnityEngine.Debug:LogWarning (object,UnityEngine.Object)
Spine.Unity.Editor.SpineEditorUtilities:IssueWarningsForUnrecommendedTextureSettings (string) (at Assets/Spine/Editor/spine-unity/Editor/Utility/SpineEditorUtilities.cs:270)
Spine.Unity.Editor.SpineEditorUtilities:IssueWarningsForUnrecommendedTextureSettings () (at Assets/Spine/Editor/spine-unity/Editor/Utility/SpineEditorUtilities.cs:185)
Spine.Unity.Editor.SpineEditorUtilities:Initialize () (at Assets/Spine/Editor/spine-unity/Editor/Utility/SpineEditorUtilities.cs:164)
Spine.Unity.Editor.SpineEditorUtilities:.cctor () (at Assets/Spine/Editor/spine-unity/Editor/Utility/SpineEditorUtilities.cs:100)
System.Runtime.CompilerServices.RuntimeHelpers:RunClassConstructor (System.RuntimeTypeHandle)
UnityEditor.EditorAssemblies:ProcessInitializeOnLoadAttributes (System.Type[])

(Filename: Assets/Spine/Editor/spine-unity/Editor/Utility/SpineEditorUtilities.cs Line: 270)

`Assets/Merge Beast/AnimationSpine/Cat Effect/Mijus fx/mijus_effect.png` : Problematic Texture Settings found: When enabling `Generate Mip Maps` in Gamma color space, it is recommended to disable `sRGB (Color Texture)` on `Premultiply alpha` textures. Otherwise you will receive white border artifacts on an atlas exported with default `Premultiply alpha` settings.
(You can disable this warning in `Edit - Preferences - Spine`)
UnityEngine.StackTraceUtility:ExtractStackTrace ()
UnityEngine.DebugLogHandler:LogFormat (UnityEngine.LogType,UnityEngine.Object,string,object[])
UnityEngine.Logger:Log (UnityEngine.LogType,object,UnityEngine.Object)
UnityEngine.Debug:LogWarning (object,UnityEngine.Object)
Spine.Unity.Editor.SpineEditorUtilities:IssueWarningsForUnrecommendedTextureSettings (string) (at Assets/Spine/Editor/spine-unity/Editor/Utility/SpineEditorUtilities.cs:270)
Spine.Unity.Editor.SpineEditorUtilities:IssueWarningsForUnrecommendedTextureSettings () (at Assets/Spine/Editor/spine-unity/Editor/Utility/SpineEditorUtilities.cs:185)
Spine.Unity.Editor.SpineEditorUtilities:Initialize () (at Assets/Spine/Editor/spine-unity/Editor/Utility/SpineEditorUtilities.cs:164)
Spine.Unity.Editor.SpineEditorUtilities:.cctor () (at Assets/Spine/Editor/spine-unity/Editor/Utility/SpineEditorUtilities.cs:100)
System.Runtime.CompilerServices.RuntimeHelpers:RunClassConstructor (System.RuntimeTypeHandle)
UnityEditor.EditorAssemblies:ProcessInitializeOnLoadAttributes (System.Type[])

(Filename: Assets/Spine/Editor/spine-unity/Editor/Utility/SpineEditorUtilities.cs Line: 270)

`Assets/Merge Beast/AnimationSpine/Cat Effect/Miu fx/miu_effect.png` : Problematic Texture Settings found: When enabling `Generate Mip Maps` in Gamma color space, it is recommended to disable `sRGB (Color Texture)` on `Premultiply alpha` textures. Otherwise you will receive white border artifacts on an atlas exported with default `Premultiply alpha` settings.
(You can disable this warning in `Edit - Preferences - Spine`)
UnityEngine.StackTraceUtility:ExtractStackTrace ()
UnityEngine.DebugLogHandler:LogFormat (UnityEngine.LogType,UnityEngine.Object,string,object[])
UnityEngine.Logger:Log (UnityEngine.LogType,object,UnityEngine.Object)
UnityEngine.Debug:LogWarning (object,UnityEngine.Object)
Spine.Unity.Editor.SpineEditorUtilities:IssueWarningsForUnrecommendedTextureSettings (string) (at Assets/Spine/Editor/spine-unity/Editor/Utility/SpineEditorUtilities.cs:270)
Spine.Unity.Editor.SpineEditorUtilities:IssueWarningsForUnrecommendedTextureSettings () (at Assets/Spine/Editor/spine-unity/Editor/Utility/SpineEditorUtilities.cs:185)
Spine.Unity.Editor.SpineEditorUtilities:Initialize () (at Assets/Spine/Editor/spine-unity/Editor/Utility/SpineEditorUtilities.cs:164)
Spine.Unity.Editor.SpineEditorUtilities:.cctor () (at Assets/Spine/Editor/spine-unity/Editor/Utility/SpineEditorUtilities.cs:100)
System.Runtime.CompilerServices.RuntimeHelpers:RunClassConstructor (System.RuntimeTypeHandle)
UnityEditor.EditorAssemblies:ProcessInitializeOnLoadAttributes (System.Type[])

(Filename: Assets/Spine/Editor/spine-unity/Editor/Utility/SpineEditorUtilities.cs Line: 270)

`Assets/Merge Beast/AnimationSpine/Cat Effect/Miu wp/miu_weapon.png` : Problematic Texture Settings found: When enabling `Generate Mip Maps` in Gamma color space, it is recommended to disable `sRGB (Color Texture)` on `Premultiply alpha` textures. Otherwise you will receive white border artifacts on an atlas exported with default `Premultiply alpha` settings.
(You can disable this warning in `Edit - Preferences - Spine`)
UnityEngine.StackTraceUtility:ExtractStackTrace ()
UnityEngine.DebugLogHandler:LogFormat (UnityEngine.LogType,UnityEngine.Object,string,object[])
UnityEngine.Logger:Log (UnityEngine.LogType,object,UnityEngine.Object)
UnityEngine.Debug:LogWarning (object,UnityEngine.Object)
Spine.Unity.Editor.SpineEditorUtilities:IssueWarningsForUnrecommendedTextureSettings (string) (at Assets/Spine/Editor/spine-unity/Editor/Utility/SpineEditorUtilities.cs:270)
Spine.Unity.Editor.SpineEditorUtilities:IssueWarningsForUnrecommendedTextureSettings () (at Assets/Spine/Editor/spine-unity/Editor/Utility/SpineEditorUtilities.cs:185)
Spine.Unity.Editor.SpineEditorUtilities:Initialize () (at Assets/Spine/Editor/spine-unity/Editor/Utility/SpineEditorUtilities.cs:164)
Spine.Unity.Editor.SpineEditorUtilities:.cctor () (at Assets/Spine/Editor/spine-unity/Editor/Utility/SpineEditorUtilities.cs:100)
System.Runtime.CompilerServices.RuntimeHelpers:RunClassConstructor (System.RuntimeTypeHandle)
UnityEditor.EditorAssemblies:ProcessInitializeOnLoadAttributes (System.Type[])

(Filename: Assets/Spine/Editor/spine-unity/Editor/Utility/SpineEditorUtilities.cs Line: 270)

`Assets/Merge Beast/AnimationSpine/Cat Effect/Modie fx/modie_effect.png` : Problematic Texture Settings found: When enabling `Generate Mip Maps` in Gamma color space, it is recommended to disable `sRGB (Color Texture)` on `Premultiply alpha` textures. Otherwise you will receive white border artifacts on an atlas exported with default `Premultiply alpha` settings.
(You can disable this warning in `Edit - Preferences - Spine`)
UnityEngine.StackTraceUtility:ExtractStackTrace ()
UnityEngine.DebugLogHandler:LogFormat (UnityEngine.LogType,UnityEngine.Object,string,object[])
UnityEngine.Logger:Log (UnityEngine.LogType,object,UnityEngine.Object)
UnityEngine.Debug:LogWarning (object,UnityEngine.Object)
Spine.Unity.Editor.SpineEditorUtilities:IssueWarningsForUnrecommendedTextureSettings (string) (at Assets/Spine/Editor/spine-unity/Editor/Utility/SpineEditorUtilities.cs:270)
Spine.Unity.Editor.SpineEditorUtilities:IssueWarningsForUnrecommendedTextureSettings () (at Assets/Spine/Editor/spine-unity/Editor/Utility/SpineEditorUtilities.cs:185)
Spine.Unity.Editor.SpineEditorUtilities:Initialize () (at Assets/Spine/Editor/spine-unity/Editor/Utility/SpineEditorUtilities.cs:164)
Spine.Unity.Editor.SpineEditorUtilities:.cctor () (at Assets/Spine/Editor/spine-unity/Editor/Utility/SpineEditorUtilities.cs:100)
System.Runtime.CompilerServices.RuntimeHelpers:RunClassConstructor (System.RuntimeTypeHandle)
UnityEditor.EditorAssemblies:ProcessInitializeOnLoadAttributes (System.Type[])

(Filename: Assets/Spine/Editor/spine-unity/Editor/Utility/SpineEditorUtilities.cs Line: 270)

`Assets/Merge Beast/AnimationSpine/Cat Effect/Monkey mob fx/monkey_mob_effect.png` : Problematic Texture Settings found: When enabling `Generate Mip Maps` in Gamma color space, it is recommended to disable `sRGB (Color Texture)` on `Premultiply alpha` textures. Otherwise you will receive white border artifacts on an atlas exported with default `Premultiply alpha` settings.
(You can disable this warning in `Edit - Preferences - Spine`)
UnityEngine.StackTraceUtility:ExtractStackTrace ()
UnityEngine.DebugLogHandler:LogFormat (UnityEngine.LogType,UnityEngine.Object,string,object[])
UnityEngine.Logger:Log (UnityEngine.LogType,object,UnityEngine.Object)
UnityEngine.Debug:LogWarning (object,UnityEngine.Object)
Spine.Unity.Editor.SpineEditorUtilities:IssueWarningsForUnrecommendedTextureSettings (string) (at Assets/Spine/Editor/spine-unity/Editor/Utility/SpineEditorUtilities.cs:270)
Spine.Unity.Editor.SpineEditorUtilities:IssueWarningsForUnrecommendedTextureSettings () (at Assets/Spine/Editor/spine-unity/Editor/Utility/SpineEditorUtilities.cs:185)
Spine.Unity.Editor.SpineEditorUtilities:Initialize () (at Assets/Spine/Editor/spine-unity/Editor/Utility/SpineEditorUtilities.cs:164)
Spine.Unity.Editor.SpineEditorUtilities:.cctor () (at Assets/Spine/Editor/spine-unity/Editor/Utility/SpineEditorUtilities.cs:100)
System.Runtime.CompilerServices.RuntimeHelpers:RunClassConstructor (System.RuntimeTypeHandle)
UnityEditor.EditorAssemblies:ProcessInitializeOnLoadAttributes (System.Type[])

(Filename: Assets/Spine/Editor/spine-unity/Editor/Utility/SpineEditorUtilities.cs Line: 270)

`Assets/Merge Beast/AnimationSpine/Cat Effect/Mora fx/mora_effect.png` : Problematic Texture Settings found: When enabling `Generate Mip Maps` in Gamma color space, it is recommended to disable `sRGB (Color Texture)` on `Premultiply alpha` textures. Otherwise you will receive white border artifacts on an atlas exported with default `Premultiply alpha` settings.
(You can disable this warning in `Edit - Preferences - Spine`)
UnityEngine.StackTraceUtility:ExtractStackTrace ()
UnityEngine.DebugLogHandler:LogFormat (UnityEngine.LogType,UnityEngine.Object,string,object[])
UnityEngine.Logger:Log (UnityEngine.LogType,object,UnityEngine.Object)
UnityEngine.Debug:LogWarning (object,UnityEngine.Object)
Spine.Unity.Editor.SpineEditorUtilities:IssueWarningsForUnrecommendedTextureSettings (string) (at Assets/Spine/Editor/spine-unity/Editor/Utility/SpineEditorUtilities.cs:270)
Spine.Unity.Editor.SpineEditorUtilities:IssueWarningsForUnrecommendedTextureSettings () (at Assets/Spine/Editor/spine-unity/Editor/Utility/SpineEditorUtilities.cs:185)
Spine.Unity.Editor.SpineEditorUtilities:Initialize () (at Assets/Spine/Editor/spine-unity/Editor/Utility/SpineEditorUtilities.cs:164)
Spine.Unity.Editor.SpineEditorUtilities:.cctor () (at Assets/Spine/Editor/spine-unity/Editor/Utility/SpineEditorUtilities.cs:100)
System.Runtime.CompilerServices.RuntimeHelpers:RunClassConstructor (System.RuntimeTypeHandle)
UnityEditor.EditorAssemblies:ProcessInitializeOnLoadAttributes (System.Type[])

(Filename: Assets/Spine/Editor/spine-unity/Editor/Utility/SpineEditorUtilities.cs Line: 270)

`Assets/Merge Beast/AnimationSpine/Cat Effect/Mora wp/mora_weapon.png` : Problematic Texture Settings found: When enabling `Generate Mip Maps` in Gamma color space, it is recommended to disable `sRGB (Color Texture)` on `Premultiply alpha` textures. Otherwise you will receive white border artifacts on an atlas exported with default `Premultiply alpha` settings.
(You can disable this warning in `Edit - Preferences - Spine`)
UnityEngine.StackTraceUtility:ExtractStackTrace ()
UnityEngine.DebugLogHandler:LogFormat (UnityEngine.LogType,UnityEngine.Object,string,object[])
UnityEngine.Logger:Log (UnityEngine.LogType,object,UnityEngine.Object)
UnityEngine.Debug:LogWarning (object,UnityEngine.Object)
Spine.Unity.Editor.SpineEditorUtilities:IssueWarningsForUnrecommendedTextureSettings (string) (at Assets/Spine/Editor/spine-unity/Editor/Utility/SpineEditorUtilities.cs:270)
Spine.Unity.Editor.SpineEditorUtilities:IssueWarningsForUnrecommendedTextureSettings () (at Assets/Spine/Editor/spine-unity/Editor/Utility/SpineEditorUtilities.cs:185)
Spine.Unity.Editor.SpineEditorUtilities:Initialize () (at Assets/Spine/Editor/spine-unity/Editor/Utility/SpineEditorUtilities.cs:164)
Spine.Unity.Editor.SpineEditorUtilities:.cctor () (at Assets/Spine/Editor/spine-unity/Editor/Utility/SpineEditorUtilities.cs:100)
System.Runtime.CompilerServices.RuntimeHelpers:RunClassConstructor (System.RuntimeTypeHandle)
UnityEditor.EditorAssemblies:ProcessInitializeOnLoadAttributes (System.Type[])

(Filename: Assets/Spine/Editor/spine-unity/Editor/Utility/SpineEditorUtilities.cs Line: 270)

`Assets/Merge Beast/AnimationSpine/Cat Effect/Naruto fx/naruto_effect.png` : Problematic Texture Settings found: When enabling `Generate Mip Maps` in Gamma color space, it is recommended to disable `sRGB (Color Texture)` on `Premultiply alpha` textures. Otherwise you will receive white border artifacts on an atlas exported with default `Premultiply alpha` settings.
(You can disable this warning in `Edit - Preferences - Spine`)
UnityEngine.StackTraceUtility:ExtractStackTrace ()
UnityEngine.DebugLogHandler:LogFormat (UnityEngine.LogType,UnityEngine.Object,string,object[])
UnityEngine.Logger:Log (UnityEngine.LogType,object,UnityEngine.Object)
UnityEngine.Debug:LogWarning (object,UnityEngine.Object)
Spine.Unity.Editor.SpineEditorUtilities:IssueWarningsForUnrecommendedTextureSettings (string) (at Assets/Spine/Editor/spine-unity/Editor/Utility/SpineEditorUtilities.cs:270)
Spine.Unity.Editor.SpineEditorUtilities:IssueWarningsForUnrecommendedTextureSettings () (at Assets/Spine/Editor/spine-unity/Editor/Utility/SpineEditorUtilities.cs:185)
Spine.Unity.Editor.SpineEditorUtilities:Initialize () (at Assets/Spine/Editor/spine-unity/Editor/Utility/SpineEditorUtilities.cs:164)
Spine.Unity.Editor.SpineEditorUtilities:.cctor () (at Assets/Spine/Editor/spine-unity/Editor/Utility/SpineEditorUtilities.cs:100)
System.Runtime.CompilerServices.RuntimeHelpers:RunClassConstructor (System.RuntimeTypeHandle)
UnityEditor.EditorAssemblies:ProcessInitializeOnLoadAttributes (System.Type[])

(Filename: Assets/Spine/Editor/spine-unity/Editor/Utility/SpineEditorUtilities.cs Line: 270)

`Assets/Merge Beast/AnimationSpine/Cat Effect/Naruto fx 2/naruto_effect2.png` : Problematic Texture Settings found: When enabling `Generate Mip Maps` in Gamma color space, it is recommended to disable `sRGB (Color Texture)` on `Premultiply alpha` textures. Otherwise you will receive white border artifacts on an atlas exported with default `Premultiply alpha` settings.
(You can disable this warning in `Edit - Preferences - Spine`)
UnityEngine.StackTraceUtility:ExtractStackTrace ()
UnityEngine.DebugLogHandler:LogFormat (UnityEngine.LogType,UnityEngine.Object,string,object[])
UnityEngine.Logger:Log (UnityEngine.LogType,object,UnityEngine.Object)
UnityEngine.Debug:LogWarning (object,UnityEngine.Object)
Spine.Unity.Editor.SpineEditorUtilities:IssueWarningsForUnrecommendedTextureSettings (string) (at Assets/Spine/Editor/spine-unity/Editor/Utility/SpineEditorUtilities.cs:270)
Spine.Unity.Editor.SpineEditorUtilities:IssueWarningsForUnrecommendedTextureSettings () (at Assets/Spine/Editor/spine-unity/Editor/Utility/SpineEditorUtilities.cs:185)
Spine.Unity.Editor.SpineEditorUtilities:Initialize () (at Assets/Spine/Editor/spine-unity/Editor/Utility/SpineEditorUtilities.cs:164)
Spine.Unity.Editor.SpineEditorUtilities:.cctor () (at Assets/Spine/Editor/spine-unity/Editor/Utility/SpineEditorUtilities.cs:100)
System.Runtime.CompilerServices.RuntimeHelpers:RunClassConstructor (System.RuntimeTypeHandle)
UnityEditor.EditorAssemblies:ProcessInitializeOnLoadAttributes (System.Type[])

(Filename: Assets/Spine/Editor/spine-unity/Editor/Utility/SpineEditorUtilities.cs Line: 270)

`Assets/Merge Beast/AnimationSpine/Cat Effect/Nemu fx/nemu_effect.png` : Problematic Texture Settings found: When enabling `Generate Mip Maps` in Gamma color space, it is recommended to disable `sRGB (Color Texture)` on `Premultiply alpha` textures. Otherwise you will receive white border artifacts on an atlas exported with default `Premultiply alpha` settings.
(You can disable this warning in `Edit - Preferences - Spine`)
UnityEngine.StackTraceUtility:ExtractStackTrace ()
UnityEngine.DebugLogHandler:LogFormat (UnityEngine.LogType,UnityEngine.Object,string,object[])
UnityEngine.Logger:Log (UnityEngine.LogType,object,UnityEngine.Object)
UnityEngine.Debug:LogWarning (object,UnityEngine.Object)
Spine.Unity.Editor.SpineEditorUtilities:IssueWarningsForUnrecommendedTextureSettings (string) (at Assets/Spine/Editor/spine-unity/Editor/Utility/SpineEditorUtilities.cs:270)
Spine.Unity.Editor.SpineEditorUtilities:IssueWarningsForUnrecommendedTextureSettings () (at Assets/Spine/Editor/spine-unity/Editor/Utility/SpineEditorUtilities.cs:185)
Spine.Unity.Editor.SpineEditorUtilities:Initialize () (at Assets/Spine/Editor/spine-unity/Editor/Utility/SpineEditorUtilities.cs:164)
Spine.Unity.Editor.SpineEditorUtilities:.cctor () (at Assets/Spine/Editor/spine-unity/Editor/Utility/SpineEditorUtilities.cs:100)
System.Runtime.CompilerServices.RuntimeHelpers:RunClassConstructor (System.RuntimeTypeHandle)
UnityEditor.EditorAssemblies:ProcessInitializeOnLoadAttributes (System.Type[])

(Filename: Assets/Spine/Editor/spine-unity/Editor/Utility/SpineEditorUtilities.cs Line: 270)

`Assets/Merge Beast/AnimationSpine/Cat Effect/Pank fx/pank_effect.png` : Problematic Texture Settings found: When enabling `Generate Mip Maps` in Gamma color space, it is recommended to disable `sRGB (Color Texture)` on `Premultiply alpha` textures. Otherwise you will receive white border artifacts on an atlas exported with default `Premultiply alpha` settings.
(You can disable this warning in `Edit - Preferences - Spine`)
UnityEngine.StackTraceUtility:ExtractStackTrace ()
UnityEngine.DebugLogHandler:LogFormat (UnityEngine.LogType,UnityEngine.Object,string,object[])
UnityEngine.Logger:Log (UnityEngine.LogType,object,UnityEngine.Object)
UnityEngine.Debug:LogWarning (object,UnityEngine.Object)
Spine.Unity.Editor.SpineEditorUtilities:IssueWarningsForUnrecommendedTextureSettings (string) (at Assets/Spine/Editor/spine-unity/Editor/Utility/SpineEditorUtilities.cs:270)
Spine.Unity.Editor.SpineEditorUtilities:IssueWarningsForUnrecommendedTextureSettings () (at Assets/Spine/Editor/spine-unity/Editor/Utility/SpineEditorUtilities.cs:185)
Spine.Unity.Editor.SpineEditorUtilities:Initialize () (at Assets/Spine/Editor/spine-unity/Editor/Utility/SpineEditorUtilities.cs:164)
Spine.Unity.Editor.SpineEditorUtilities:.cctor () (at Assets/Spine/Editor/spine-unity/Editor/Utility/SpineEditorUtilities.cs:100)
System.Runtime.CompilerServices.RuntimeHelpers:RunClassConstructor (System.RuntimeTypeHandle)
UnityEditor.EditorAssemblies:ProcessInitializeOnLoadAttributes (System.Type[])

(Filename: Assets/Spine/Editor/spine-unity/Editor/Utility/SpineEditorUtilities.cs Line: 270)

`Assets/Merge Beast/AnimationSpine/Cat Effect/Pomer Slingshot fx/pomer_slingshot_effect.png` : Problematic Texture Settings found: When enabling `Generate Mip Maps` in Gamma color space, it is recommended to disable `sRGB (Color Texture)` on `Premultiply alpha` textures. Otherwise you will receive white border artifacts on an atlas exported with default `Premultiply alpha` settings.
(You can disable this warning in `Edit - Preferences - Spine`)
UnityEngine.StackTraceUtility:ExtractStackTrace ()
UnityEngine.DebugLogHandler:LogFormat (UnityEngine.LogType,UnityEngine.Object,string,object[])
UnityEngine.Logger:Log (UnityEngine.LogType,object,UnityEngine.Object)
UnityEngine.Debug:LogWarning (object,UnityEngine.Object)
Spine.Unity.Editor.SpineEditorUtilities:IssueWarningsForUnrecommendedTextureSettings (string) (at Assets/Spine/Editor/spine-unity/Editor/Utility/SpineEditorUtilities.cs:270)
Spine.Unity.Editor.SpineEditorUtilities:IssueWarningsForUnrecommendedTextureSettings () (at Assets/Spine/Editor/spine-unity/Editor/Utility/SpineEditorUtilities.cs:185)
Spine.Unity.Editor.SpineEditorUtilities:Initialize () (at Assets/Spine/Editor/spine-unity/Editor/Utility/SpineEditorUtilities.cs:164)
Spine.Unity.Editor.SpineEditorUtilities:.cctor () (at Assets/Spine/Editor/spine-unity/Editor/Utility/SpineEditorUtilities.cs:100)
System.Runtime.CompilerServices.RuntimeHelpers:RunClassConstructor (System.RuntimeTypeHandle)
UnityEditor.EditorAssemblies:ProcessInitializeOnLoadAttributes (System.Type[])

(Filename: Assets/Spine/Editor/spine-unity/Editor/Utility/SpineEditorUtilities.cs Line: 270)

`Assets/Merge Beast/AnimationSpine/Cat Effect/Seji wp/seiji_weapon.png` : Problematic Texture Settings found: When enabling `Generate Mip Maps` in Gamma color space, it is recommended to disable `sRGB (Color Texture)` on `Premultiply alpha` textures. Otherwise you will receive white border artifacts on an atlas exported with default `Premultiply alpha` settings.
(You can disable this warning in `Edit - Preferences - Spine`)
UnityEngine.StackTraceUtility:ExtractStackTrace ()
UnityEngine.DebugLogHandler:LogFormat (UnityEngine.LogType,UnityEngine.Object,string,object[])
UnityEngine.Logger:Log (UnityEngine.LogType,object,UnityEngine.Object)
UnityEngine.Debug:LogWarning (object,UnityEngine.Object)
Spine.Unity.Editor.SpineEditorUtilities:IssueWarningsForUnrecommendedTextureSettings (string) (at Assets/Spine/Editor/spine-unity/Editor/Utility/SpineEditorUtilities.cs:270)
Spine.Unity.Editor.SpineEditorUtilities:IssueWarningsForUnrecommendedTextureSettings () (at Assets/Spine/Editor/spine-unity/Editor/Utility/SpineEditorUtilities.cs:185)
Spine.Unity.Editor.SpineEditorUtilities:Initialize () (at Assets/Spine/Editor/spine-unity/Editor/Utility/SpineEditorUtilities.cs:164)
Spine.Unity.Editor.SpineEditorUtilities:.cctor () (at Assets/Spine/Editor/spine-unity/Editor/Utility/SpineEditorUtilities.cs:100)
System.Runtime.CompilerServices.RuntimeHelpers:RunClassConstructor (System.RuntimeTypeHandle)
UnityEditor.EditorAssemblies:ProcessInitializeOnLoadAttributes (System.Type[])

(Filename: Assets/Spine/Editor/spine-unity/Editor/Utility/SpineEditorUtilities.cs Line: 270)

`Assets/Merge Beast/AnimationSpine/Cat Effect/Shiba fire fx/shiba_fire_effect.png` : Problematic Texture Settings found: When enabling `Generate Mip Maps` in Gamma color space, it is recommended to disable `sRGB (Color Texture)` on `Premultiply alpha` textures. Otherwise you will receive white border artifacts on an atlas exported with default `Premultiply alpha` settings.
(You can disable this warning in `Edit - Preferences - Spine`)
UnityEngine.StackTraceUtility:ExtractStackTrace ()
UnityEngine.DebugLogHandler:LogFormat (UnityEngine.LogType,UnityEngine.Object,string,object[])
UnityEngine.Logger:Log (UnityEngine.LogType,object,UnityEngine.Object)
UnityEngine.Debug:LogWarning (object,UnityEngine.Object)
Spine.Unity.Editor.SpineEditorUtilities:IssueWarningsForUnrecommendedTextureSettings (string) (at Assets/Spine/Editor/spine-unity/Editor/Utility/SpineEditorUtilities.cs:270)
Spine.Unity.Editor.SpineEditorUtilities:IssueWarningsForUnrecommendedTextureSettings () (at Assets/Spine/Editor/spine-unity/Editor/Utility/SpineEditorUtilities.cs:185)
Spine.Unity.Editor.SpineEditorUtilities:Initialize () (at Assets/Spine/Editor/spine-unity/Editor/Utility/SpineEditorUtilities.cs:164)
Spine.Unity.Editor.SpineEditorUtilities:.cctor () (at Assets/Spine/Editor/spine-unity/Editor/Utility/SpineEditorUtilities.cs:100)
System.Runtime.CompilerServices.RuntimeHelpers:RunClassConstructor (System.RuntimeTypeHandle)
UnityEditor.EditorAssemblies:ProcessInitializeOnLoadAttributes (System.Type[])

(Filename: Assets/Spine/Editor/spine-unity/Editor/Utility/SpineEditorUtilities.cs Line: 270)

`Assets/Merge Beast/AnimationSpine/Cat Effect/Sun fx/sun_effect.png` : Problematic Texture Settings found: When enabling `Generate Mip Maps` in Gamma color space, it is recommended to disable `sRGB (Color Texture)` on `Premultiply alpha` textures. Otherwise you will receive white border artifacts on an atlas exported with default `Premultiply alpha` settings.
(You can disable this warning in `Edit - Preferences - Spine`)
UnityEngine.StackTraceUtility:ExtractStackTrace ()
UnityEngine.DebugLogHandler:LogFormat (UnityEngine.LogType,UnityEngine.Object,string,object[])
UnityEngine.Logger:Log (UnityEngine.LogType,object,UnityEngine.Object)
UnityEngine.Debug:LogWarning (object,UnityEngine.Object)
Spine.Unity.Editor.SpineEditorUtilities:IssueWarningsForUnrecommendedTextureSettings (string) (at Assets/Spine/Editor/spine-unity/Editor/Utility/SpineEditorUtilities.cs:270)
Spine.Unity.Editor.SpineEditorUtilities:IssueWarningsForUnrecommendedTextureSettings () (at Assets/Spine/Editor/spine-unity/Editor/Utility/SpineEditorUtilities.cs:185)
Spine.Unity.Editor.SpineEditorUtilities:Initialize () (at Assets/Spine/Editor/spine-unity/Editor/Utility/SpineEditorUtilities.cs:164)
Spine.Unity.Editor.SpineEditorUtilities:.cctor () (at Assets/Spine/Editor/spine-unity/Editor/Utility/SpineEditorUtilities.cs:100)
System.Runtime.CompilerServices.RuntimeHelpers:RunClassConstructor (System.RuntimeTypeHandle)
UnityEditor.EditorAssemblies:ProcessInitializeOnLoadAttributes (System.Type[])

(Filename: Assets/Spine/Editor/spine-unity/Editor/Utility/SpineEditorUtilities.cs Line: 270)

`Assets/Merge Beast/AnimationSpine/Cat Effect/Sun wp/sun_weapon.png` : Problematic Texture Settings found: When enabling `Generate Mip Maps` in Gamma color space, it is recommended to disable `sRGB (Color Texture)` on `Premultiply alpha` textures. Otherwise you will receive white border artifacts on an atlas exported with default `Premultiply alpha` settings.
(You can disable this warning in `Edit - Preferences - Spine`)
UnityEngine.StackTraceUtility:ExtractStackTrace ()
UnityEngine.DebugLogHandler:LogFormat (UnityEngine.LogType,UnityEngine.Object,string,object[])
UnityEngine.Logger:Log (UnityEngine.LogType,object,UnityEngine.Object)
UnityEngine.Debug:LogWarning (object,UnityEngine.Object)
Spine.Unity.Editor.SpineEditorUtilities:IssueWarningsForUnrecommendedTextureSettings (string) (at Assets/Spine/Editor/spine-unity/Editor/Utility/SpineEditorUtilities.cs:270)
Spine.Unity.Editor.SpineEditorUtilities:IssueWarningsForUnrecommendedTextureSettings () (at Assets/Spine/Editor/spine-unity/Editor/Utility/SpineEditorUtilities.cs:185)
Spine.Unity.Editor.SpineEditorUtilities:Initialize () (at Assets/Spine/Editor/spine-unity/Editor/Utility/SpineEditorUtilities.cs:164)
Spine.Unity.Editor.SpineEditorUtilities:.cctor () (at Assets/Spine/Editor/spine-unity/Editor/Utility/SpineEditorUtilities.cs:100)
System.Runtime.CompilerServices.RuntimeHelpers:RunClassConstructor (System.RuntimeTypeHandle)
UnityEditor.EditorAssemblies:ProcessInitializeOnLoadAttributes (System.Type[])

(Filename: Assets/Spine/Editor/spine-unity/Editor/Utility/SpineEditorUtilities.cs Line: 270)

`Assets/Merge Beast/AnimationSpine/Cat Effect/The Elder One fx/the_elder_one_effect.png` : Problematic Texture Settings found: When enabling `Generate Mip Maps` in Gamma color space, it is recommended to disable `sRGB (Color Texture)` on `Premultiply alpha` textures. Otherwise you will receive white border artifacts on an atlas exported with default `Premultiply alpha` settings.
(You can disable this warning in `Edit - Preferences - Spine`)
UnityEngine.StackTraceUtility:ExtractStackTrace ()
UnityEngine.DebugLogHandler:LogFormat (UnityEngine.LogType,UnityEngine.Object,string,object[])
UnityEngine.Logger:Log (UnityEngine.LogType,object,UnityEngine.Object)
UnityEngine.Debug:LogWarning (object,UnityEngine.Object)
Spine.Unity.Editor.SpineEditorUtilities:IssueWarningsForUnrecommendedTextureSettings (string) (at Assets/Spine/Editor/spine-unity/Editor/Utility/SpineEditorUtilities.cs:270)
Spine.Unity.Editor.SpineEditorUtilities:IssueWarningsForUnrecommendedTextureSettings () (at Assets/Spine/Editor/spine-unity/Editor/Utility/SpineEditorUtilities.cs:185)
Spine.Unity.Editor.SpineEditorUtilities:Initialize () (at Assets/Spine/Editor/spine-unity/Editor/Utility/SpineEditorUtilities.cs:164)
Spine.Unity.Editor.SpineEditorUtilities:.cctor () (at Assets/Spine/Editor/spine-unity/Editor/Utility/SpineEditorUtilities.cs:100)
System.Runtime.CompilerServices.RuntimeHelpers:RunClassConstructor (System.RuntimeTypeHandle)
UnityEditor.EditorAssemblies:ProcessInitializeOnLoadAttributes (System.Type[])

(Filename: Assets/Spine/Editor/spine-unity/Editor/Utility/SpineEditorUtilities.cs Line: 270)

`Assets/Merge Beast/AnimationSpine/Cat Effect/Tsuki fx/tsuki_effect.png` : Problematic Texture Settings found: When enabling `Generate Mip Maps` in Gamma color space, it is recommended to disable `sRGB (Color Texture)` on `Premultiply alpha` textures. Otherwise you will receive white border artifacts on an atlas exported with default `Premultiply alpha` settings.
(You can disable this warning in `Edit - Preferences - Spine`)
UnityEngine.StackTraceUtility:ExtractStackTrace ()
UnityEngine.DebugLogHandler:LogFormat (UnityEngine.LogType,UnityEngine.Object,string,object[])
UnityEngine.Logger:Log (UnityEngine.LogType,object,UnityEngine.Object)
UnityEngine.Debug:LogWarning (object,UnityEngine.Object)
Spine.Unity.Editor.SpineEditorUtilities:IssueWarningsForUnrecommendedTextureSettings (string) (at Assets/Spine/Editor/spine-unity/Editor/Utility/SpineEditorUtilities.cs:270)
Spine.Unity.Editor.SpineEditorUtilities:IssueWarningsForUnrecommendedTextureSettings () (at Assets/Spine/Editor/spine-unity/Editor/Utility/SpineEditorUtilities.cs:185)
Spine.Unity.Editor.SpineEditorUtilities:Initialize () (at Assets/Spine/Editor/spine-unity/Editor/Utility/SpineEditorUtilities.cs:164)
Spine.Unity.Editor.SpineEditorUtilities:.cctor () (at Assets/Spine/Editor/spine-unity/Editor/Utility/SpineEditorUtilities.cs:100)
System.Runtime.CompilerServices.RuntimeHelpers:RunClassConstructor (System.RuntimeTypeHandle)
UnityEditor.EditorAssemblies:ProcessInitializeOnLoadAttributes (System.Type[])

(Filename: Assets/Spine/Editor/spine-unity/Editor/Utility/SpineEditorUtilities.cs Line: 270)

`Assets/Merge Beast/AnimationSpine/Cat Effect/Tsuki wp/tsuki_weapon.png` : Problematic Texture Settings found: When enabling `Generate Mip Maps` in Gamma color space, it is recommended to disable `sRGB (Color Texture)` on `Premultiply alpha` textures. Otherwise you will receive white border artifacts on an atlas exported with default `Premultiply alpha` settings.
(You can disable this warning in `Edit - Preferences - Spine`)
UnityEngine.StackTraceUtility:ExtractStackTrace ()
UnityEngine.DebugLogHandler:LogFormat (UnityEngine.LogType,UnityEngine.Object,string,object[])
UnityEngine.Logger:Log (UnityEngine.LogType,object,UnityEngine.Object)
UnityEngine.Debug:LogWarning (object,UnityEngine.Object)
Spine.Unity.Editor.SpineEditorUtilities:IssueWarningsForUnrecommendedTextureSettings (string) (at Assets/Spine/Editor/spine-unity/Editor/Utility/SpineEditorUtilities.cs:270)
Spine.Unity.Editor.SpineEditorUtilities:IssueWarningsForUnrecommendedTextureSettings () (at Assets/Spine/Editor/spine-unity/Editor/Utility/SpineEditorUtilities.cs:185)
Spine.Unity.Editor.SpineEditorUtilities:Initialize () (at Assets/Spine/Editor/spine-unity/Editor/Utility/SpineEditorUtilities.cs:164)
Spine.Unity.Editor.SpineEditorUtilities:.cctor () (at Assets/Spine/Editor/spine-unity/Editor/Utility/SpineEditorUtilities.cs:100)
System.Runtime.CompilerServices.RuntimeHelpers:RunClassConstructor (System.RuntimeTypeHandle)
UnityEditor.EditorAssemblies:ProcessInitializeOnLoadAttributes (System.Type[])

(Filename: Assets/Spine/Editor/spine-unity/Editor/Utility/SpineEditorUtilities.cs Line: 270)

`Assets/Merge Beast/AnimationSpine/Monster/Hero Cat Empty/hero_cat_empty.png` and material `hero_cat_empty_Material.mat` : IncorrectTexture / Material Settings found: It is strongly recommended to enable `Alpha Is Transparency` on `Straight alpha` textures.
Assuming `Straight alpha` texture because `Straight Alpha Texture` is enabled at material). (You can disable this warning in `Edit - Preferences - Spine`)
UnityEngine.StackTraceUtility:ExtractStackTrace ()
UnityEngine.DebugLogHandler:LogFormat (UnityEngine.LogType,UnityEngine.Object,string,object[])
UnityEngine.Logger:Log (UnityEngine.LogType,object,UnityEngine.Object)
UnityEngine.Debug:LogWarning (object,UnityEngine.Object)
Spine.Unity.Editor.SpineEditorUtilities:IssueWarningsForUnrecommendedTextureSettings (string) (at Assets/Spine/Editor/spine-unity/Editor/Utility/SpineEditorUtilities.cs:270)
Spine.Unity.Editor.SpineEditorUtilities:IssueWarningsForUnrecommendedTextureSettings () (at Assets/Spine/Editor/spine-unity/Editor/Utility/SpineEditorUtilities.cs:185)
Spine.Unity.Editor.SpineEditorUtilities:Initialize () (at Assets/Spine/Editor/spine-unity/Editor/Utility/SpineEditorUtilities.cs:164)
Spine.Unity.Editor.SpineEditorUtilities:.cctor () (at Assets/Spine/Editor/spine-unity/Editor/Utility/SpineEditorUtilities.cs:100)
System.Runtime.CompilerServices.RuntimeHelpers:RunClassConstructor (System.RuntimeTypeHandle)
UnityEditor.EditorAssemblies:ProcessInitializeOnLoadAttributes (System.Type[])

(Filename: Assets/Spine/Editor/spine-unity/Editor/Utility/SpineEditorUtilities.cs Line: 270)

[Package Manager] Server::EnsureServerProcessIsRunning -- launch failed, reason: Unity was launched with the -noUpm command-line argument
[Package Manager] UpmClient::Send -- Unable to send message (not connected to UPM process).
[Package Manager] Cannot connect to Unity Package Manager local server
Mono: successfully reloaded assembly
- Finished resetting the current domain, in  2.717 seconds
Domain Reload Profiling: 3522ms
	BeginReloadAssembly (179ms)
		ExecutionOrderSort (0ms)
		DisableScriptedObjects (5ms)
		BackupInstance (0ms)
		ReleaseScriptingObjects (0ms)
		CreateAndSetChildDomain (35ms)
	RebuildCommonClasses (34ms)
	RebuildNativeTypeToScriptingClass (13ms)
	initialDomainReloadingComplete (32ms)
	LoadAllAssembliesAndSetupDomain (547ms)
		LoadAssemblies (616ms)
		RebuildTransferFunctionScriptingTraits (0ms)
		AnalyzeDomain (39ms)
			TypeCache.Refresh (20ms)
				TypeCache.ScanAssembly (8ms)
			ScanForSourceGeneratedMonoScriptInfo (8ms)
			ResolveRequiredComponents (10ms)
	FinalizeReload (2717ms)
		ReleaseScriptCaches (0ms)
		RebuildScriptCaches (0ms)
		SetupLoadedEditorAssemblies (1956ms)
			LogAssemblyErrors (0ms)
			InitializePlatformSupportModulesInManaged (8ms)
			SetLoadedEditorAssemblies (6ms)
			RefreshPlugins (0ms)
			BeforeProcessingInitializeOnLoad (73ms)
			ProcessInitializeOnLoadAttributes (1831ms)
			ProcessInitializeOnLoadMethodAttributes (34ms)
			AfterProcessingInitializeOnLoad (4ms)
			EditorAssembliesLoaded (0ms)
		ExecutionOrderSort2 (0ms)
		AwakeInstancesAfterBackupRestoration (7ms)
Refreshing native plugins compatible for Editor in 2.06 ms, found 2 plugins.
Preloading 0 native plugins for Editor in 0.00 ms.
Unloading 2491 Unused Serialized files (Serialized files now loaded: 0)
Unloading 335 unused Assets / (1.6 MB). Loaded Objects now: 2877.
Memory consumption went from 222.2 MB to 220.5 MB.
Total: 3.045900 ms (FindLiveObjects: 0.137800 ms CreateObjectMapping: 0.056800 ms MarkObjects: 1.802800 ms  DeleteObjects: 1.047600 ms)

Prepare: number of updated asset objects reloaded= 0
AssetImportParameters requested are different than current active one (requested -> active):
  custom:video-decoder-webm-vp8: 9c59270c3fd7afecdb556c50c9e8de78 -> 
  custom:SearchIndexIgnoredProperties: e643bd26f0fe6173181afceb89e7c659 -> 
  custom:container-demuxer-ogg: 62fdf1f143b41e24485cea50d1cbac27 -> 
  custom:AudioImporter_EditorPlatform: d09bf68614088b80899f8185d706f6e7 -> 
  custom:video-decoder-ogg-theora: a1e56fd34408186e4bbccfd4996cb3dc -> 
  custom:framework-win-MediaFoundation: 216162199b28c13a410421893ffa2e32 -> 
  custom:video-encoder-webm-vp8: eb34c28f22e8b96e1ab97ce403110664 -> 
  custom:audio-decoder-ogg-vorbis: bf7c407c2cedff20999df2af8eb42d56 -> 
  custom:CustomObjectIndexerAttribute: 9a22284fe3817be447336de3de66b15e -> 
  custom:container-demuxer-webm: 4f35f7cbe854078d1ac9338744f61a02 -> 
  custom:audio-encoder-webm-vorbis: bf7c407c2cedff20999df2af8eb42d56 -> 
  custom:container-muxer-webm: aa71ff27fc2769a1b78a27578f13a17b -> 
========================================================================
Received Import Request.
  Time since last request: 14770.488739 seconds.
  path: Assets/Merge Beast/Scenes/TileMonster.unity
  artifactKey: Guid(94a8ea2215e43ef43b802e3a5dbbf9cd) Importer(815301076,1909f56bfc062723c751e8b465ee728b)
Start importing Assets/Merge Beast/Scenes/TileMonster.unity using Guid(94a8ea2215e43ef43b802e3a5dbbf9cd) Importer(815301076,1909f56bfc062723c751e8b465ee728b) [PhysX] Initialized MultithreadedTaskDispatcher with 16 workers.
 -> (artifact id: '12afaeed14a398b533515601b483b106') in 0.004636 seconds
Number of updated asset objects reloaded before import = 0
Number of asset objects unloaded after import = 0
========================================================================
Received Import Request.
  Time since last request: 0.360132 seconds.
  path: Assets/Merge Beast/Scenes/Map.unity
  artifactKey: Guid(2b07f77e8c7e7f54c8c9c664b788d5e5) Importer(815301076,1909f56bfc062723c751e8b465ee728b)
Start importing Assets/Merge Beast/Scenes/Map.unity using Guid(2b07f77e8c7e7f54c8c9c664b788d5e5) Importer(815301076,1909f56bfc062723c751e8b465ee728b) [PhysX] Initialized MultithreadedTaskDispatcher with 16 workers.
 -> (artifact id: 'd8c3a885a571cae7e1b6c6d43b2cdbfe') in 0.001228 seconds
Number of updated asset objects reloaded before import = 0
Number of asset objects unloaded after import = 0
========================================================================
Received Import Request.
  Time since last request: 0.310628 seconds.
  path: Assets/Merge Beast/Scenes/Main.unity
  artifactKey: Guid(34a869e499e9fc040a3122d5362ac36b) Importer(815301076,1909f56bfc062723c751e8b465ee728b)
Start importing Assets/Merge Beast/Scenes/Main.unity using Guid(34a869e499e9fc040a3122d5362ac36b) Importer(815301076,1909f56bfc062723c751e8b465ee728b) [PhysX] Initialized MultithreadedTaskDispatcher with 16 workers.
 -> (artifact id: '3f19067e31555cc055e207433dc7d96d') in 0.001430 seconds
Number of updated asset objects reloaded before import = 0
Number of asset objects unloaded after import = 0
========================================================================
Received Import Request.
  Time since last request: 0.358740 seconds.
  path: Assets/Merge Beast/Scenes/Splash.unity
  artifactKey: Guid(97fdf6de34783f94cb4d4d9406dfe81c) Importer(815301076,1909f56bfc062723c751e8b465ee728b)
Start importing Assets/Merge Beast/Scenes/Splash.unity using Guid(97fdf6de34783f94cb4d4d9406dfe81c) Importer(815301076,1909f56bfc062723c751e8b465ee728b) [PhysX] Initialized MultithreadedTaskDispatcher with 16 workers.
 -> (artifact id: '2c06cdb67a7d61ab254969730dfc9e94') in 0.001891 seconds
Number of updated asset objects reloaded before import = 0
Number of asset objects unloaded after import = 0
========================================================================
Received Prepare
Caller must complete domain reload
Begin MonoManager ReloadAssembly
Symbol file LoadedFromMemory is not a mono symbol file
- Loaded All Assemblies, in  0.426 seconds
Native extension for WindowsStandalone target not found
Native extension for WebGL target not found
`Assets/Merge Beast/AnimationSpine/Cat Effect/Flash fx/flash_effect.png` : Problematic Texture Settings found: When enabling `Generate Mip Maps` in Gamma color space, it is recommended to disable `sRGB (Color Texture)` on `Premultiply alpha` textures. Otherwise you will receive white border artifacts on an atlas exported with default `Premultiply alpha` settings.
(You can disable this warning in `Edit - Preferences - Spine`)
UnityEngine.StackTraceUtility:ExtractStackTrace ()
UnityEngine.DebugLogHandler:LogFormat (UnityEngine.LogType,UnityEngine.Object,string,object[])
UnityEngine.Logger:Log (UnityEngine.LogType,object,UnityEngine.Object)
UnityEngine.Debug:LogWarning (object,UnityEngine.Object)
Spine.Unity.Editor.SpineEditorUtilities:IssueWarningsForUnrecommendedTextureSettings (string) (at Assets/Spine/Editor/spine-unity/Editor/Utility/SpineEditorUtilities.cs:270)
Spine.Unity.Editor.SpineEditorUtilities:IssueWarningsForUnrecommendedTextureSettings () (at Assets/Spine/Editor/spine-unity/Editor/Utility/SpineEditorUtilities.cs:185)
Spine.Unity.Editor.SpineEditorUtilities:Initialize () (at Assets/Spine/Editor/spine-unity/Editor/Utility/SpineEditorUtilities.cs:164)
Spine.Unity.Editor.SpineEditorUtilities:.cctor () (at Assets/Spine/Editor/spine-unity/Editor/Utility/SpineEditorUtilities.cs:100)
System.Runtime.CompilerServices.RuntimeHelpers:RunClassConstructor (System.RuntimeTypeHandle)
UnityEditor.EditorAssemblies:ProcessInitializeOnLoadAttributes (System.Type[])

(Filename: Assets/Spine/Editor/spine-unity/Editor/Utility/SpineEditorUtilities.cs Line: 270)

`Assets/Merge Beast/AnimationSpine/Cat Effect/Gostie fx/gostie_effect.png` : Problematic Texture Settings found: When enabling `Generate Mip Maps` in Gamma color space, it is recommended to disable `sRGB (Color Texture)` on `Premultiply alpha` textures. Otherwise you will receive white border artifacts on an atlas exported with default `Premultiply alpha` settings.
(You can disable this warning in `Edit - Preferences - Spine`)
UnityEngine.StackTraceUtility:ExtractStackTrace ()
UnityEngine.DebugLogHandler:LogFormat (UnityEngine.LogType,UnityEngine.Object,string,object[])
UnityEngine.Logger:Log (UnityEngine.LogType,object,UnityEngine.Object)
UnityEngine.Debug:LogWarning (object,UnityEngine.Object)
Spine.Unity.Editor.SpineEditorUtilities:IssueWarningsForUnrecommendedTextureSettings (string) (at Assets/Spine/Editor/spine-unity/Editor/Utility/SpineEditorUtilities.cs:270)
Spine.Unity.Editor.SpineEditorUtilities:IssueWarningsForUnrecommendedTextureSettings () (at Assets/Spine/Editor/spine-unity/Editor/Utility/SpineEditorUtilities.cs:185)
Spine.Unity.Editor.SpineEditorUtilities:Initialize () (at Assets/Spine/Editor/spine-unity/Editor/Utility/SpineEditorUtilities.cs:164)
Spine.Unity.Editor.SpineEditorUtilities:.cctor () (at Assets/Spine/Editor/spine-unity/Editor/Utility/SpineEditorUtilities.cs:100)
System.Runtime.CompilerServices.RuntimeHelpers:RunClassConstructor (System.RuntimeTypeHandle)
UnityEditor.EditorAssemblies:ProcessInitializeOnLoadAttributes (System.Type[])

(Filename: Assets/Spine/Editor/spine-unity/Editor/Utility/SpineEditorUtilities.cs Line: 270)

`Assets/Merge Beast/AnimationSpine/Cat Effect/Holi fx/holi_effect.png` : Problematic Texture Settings found: When enabling `Generate Mip Maps` in Gamma color space, it is recommended to disable `sRGB (Color Texture)` on `Premultiply alpha` textures. Otherwise you will receive white border artifacts on an atlas exported with default `Premultiply alpha` settings.
(You can disable this warning in `Edit - Preferences - Spine`)
UnityEngine.StackTraceUtility:ExtractStackTrace ()
UnityEngine.DebugLogHandler:LogFormat (UnityEngine.LogType,UnityEngine.Object,string,object[])
UnityEngine.Logger:Log (UnityEngine.LogType,object,UnityEngine.Object)
UnityEngine.Debug:LogWarning (object,UnityEngine.Object)
Spine.Unity.Editor.SpineEditorUtilities:IssueWarningsForUnrecommendedTextureSettings (string) (at Assets/Spine/Editor/spine-unity/Editor/Utility/SpineEditorUtilities.cs:270)
Spine.Unity.Editor.SpineEditorUtilities:IssueWarningsForUnrecommendedTextureSettings () (at Assets/Spine/Editor/spine-unity/Editor/Utility/SpineEditorUtilities.cs:185)
Spine.Unity.Editor.SpineEditorUtilities:Initialize () (at Assets/Spine/Editor/spine-unity/Editor/Utility/SpineEditorUtilities.cs:164)
Spine.Unity.Editor.SpineEditorUtilities:.cctor () (at Assets/Spine/Editor/spine-unity/Editor/Utility/SpineEditorUtilities.cs:100)
System.Runtime.CompilerServices.RuntimeHelpers:RunClassConstructor (System.RuntimeTypeHandle)
UnityEditor.EditorAssemblies:ProcessInitializeOnLoadAttributes (System.Type[])

(Filename: Assets/Spine/Editor/spine-unity/Editor/Utility/SpineEditorUtilities.cs Line: 270)

`Assets/Merge Beast/AnimationSpine/Cat Effect/Holi wp/holi_weapon.png` : Problematic Texture Settings found: When enabling `Generate Mip Maps` in Gamma color space, it is recommended to disable `sRGB (Color Texture)` on `Premultiply alpha` textures. Otherwise you will receive white border artifacts on an atlas exported with default `Premultiply alpha` settings.
(You can disable this warning in `Edit - Preferences - Spine`)
UnityEngine.StackTraceUtility:ExtractStackTrace ()
UnityEngine.DebugLogHandler:LogFormat (UnityEngine.LogType,UnityEngine.Object,string,object[])
UnityEngine.Logger:Log (UnityEngine.LogType,object,UnityEngine.Object)
UnityEngine.Debug:LogWarning (object,UnityEngine.Object)
Spine.Unity.Editor.SpineEditorUtilities:IssueWarningsForUnrecommendedTextureSettings (string) (at Assets/Spine/Editor/spine-unity/Editor/Utility/SpineEditorUtilities.cs:270)
Spine.Unity.Editor.SpineEditorUtilities:IssueWarningsForUnrecommendedTextureSettings () (at Assets/Spine/Editor/spine-unity/Editor/Utility/SpineEditorUtilities.cs:185)
Spine.Unity.Editor.SpineEditorUtilities:Initialize () (at Assets/Spine/Editor/spine-unity/Editor/Utility/SpineEditorUtilities.cs:164)
Spine.Unity.Editor.SpineEditorUtilities:.cctor () (at Assets/Spine/Editor/spine-unity/Editor/Utility/SpineEditorUtilities.cs:100)
System.Runtime.CompilerServices.RuntimeHelpers:RunClassConstructor (System.RuntimeTypeHandle)
UnityEditor.EditorAssemblies:ProcessInitializeOnLoadAttributes (System.Type[])

(Filename: Assets/Spine/Editor/spine-unity/Editor/Utility/SpineEditorUtilities.cs Line: 270)

`Assets/Merge Beast/AnimationSpine/Cat Effect/Jiao wp/jiao_weapon.png` : Problematic Texture Settings found: When enabling `Generate Mip Maps` in Gamma color space, it is recommended to disable `sRGB (Color Texture)` on `Premultiply alpha` textures. Otherwise you will receive white border artifacts on an atlas exported with default `Premultiply alpha` settings.
(You can disable this warning in `Edit - Preferences - Spine`)
UnityEngine.StackTraceUtility:ExtractStackTrace ()
UnityEngine.DebugLogHandler:LogFormat (UnityEngine.LogType,UnityEngine.Object,string,object[])
UnityEngine.Logger:Log (UnityEngine.LogType,object,UnityEngine.Object)
UnityEngine.Debug:LogWarning (object,UnityEngine.Object)
Spine.Unity.Editor.SpineEditorUtilities:IssueWarningsForUnrecommendedTextureSettings (string) (at Assets/Spine/Editor/spine-unity/Editor/Utility/SpineEditorUtilities.cs:270)
Spine.Unity.Editor.SpineEditorUtilities:IssueWarningsForUnrecommendedTextureSettings () (at Assets/Spine/Editor/spine-unity/Editor/Utility/SpineEditorUtilities.cs:185)
Spine.Unity.Editor.SpineEditorUtilities:Initialize () (at Assets/Spine/Editor/spine-unity/Editor/Utility/SpineEditorUtilities.cs:164)
Spine.Unity.Editor.SpineEditorUtilities:.cctor () (at Assets/Spine/Editor/spine-unity/Editor/Utility/SpineEditorUtilities.cs:100)
System.Runtime.CompilerServices.RuntimeHelpers:RunClassConstructor (System.RuntimeTypeHandle)
UnityEditor.EditorAssemblies:ProcessInitializeOnLoadAttributes (System.Type[])

(Filename: Assets/Spine/Editor/spine-unity/Editor/Utility/SpineEditorUtilities.cs Line: 270)

`Assets/Merge Beast/AnimationSpine/Cat Effect/Kagura fx/kagura_effect.png` : Problematic Texture Settings found: When enabling `Generate Mip Maps` in Gamma color space, it is recommended to disable `sRGB (Color Texture)` on `Premultiply alpha` textures. Otherwise you will receive white border artifacts on an atlas exported with default `Premultiply alpha` settings.
(You can disable this warning in `Edit - Preferences - Spine`)
UnityEngine.StackTraceUtility:ExtractStackTrace ()
UnityEngine.DebugLogHandler:LogFormat (UnityEngine.LogType,UnityEngine.Object,string,object[])
UnityEngine.Logger:Log (UnityEngine.LogType,object,UnityEngine.Object)
UnityEngine.Debug:LogWarning (object,UnityEngine.Object)
Spine.Unity.Editor.SpineEditorUtilities:IssueWarningsForUnrecommendedTextureSettings (string) (at Assets/Spine/Editor/spine-unity/Editor/Utility/SpineEditorUtilities.cs:270)
Spine.Unity.Editor.SpineEditorUtilities:IssueWarningsForUnrecommendedTextureSettings () (at Assets/Spine/Editor/spine-unity/Editor/Utility/SpineEditorUtilities.cs:185)
Spine.Unity.Editor.SpineEditorUtilities:Initialize () (at Assets/Spine/Editor/spine-unity/Editor/Utility/SpineEditorUtilities.cs:164)
Spine.Unity.Editor.SpineEditorUtilities:.cctor () (at Assets/Spine/Editor/spine-unity/Editor/Utility/SpineEditorUtilities.cs:100)
System.Runtime.CompilerServices.RuntimeHelpers:RunClassConstructor (System.RuntimeTypeHandle)
UnityEditor.EditorAssemblies:ProcessInitializeOnLoadAttributes (System.Type[])

(Filename: Assets/Spine/Editor/spine-unity/Editor/Utility/SpineEditorUtilities.cs Line: 270)

`Assets/Merge Beast/AnimationSpine/Cat Effect/Kagura wp/kagura_weapon.png` : Problematic Texture Settings found: When enabling `Generate Mip Maps` in Gamma color space, it is recommended to disable `sRGB (Color Texture)` on `Premultiply alpha` textures. Otherwise you will receive white border artifacts on an atlas exported with default `Premultiply alpha` settings.
(You can disable this warning in `Edit - Preferences - Spine`)
UnityEngine.StackTraceUtility:ExtractStackTrace ()
UnityEngine.DebugLogHandler:LogFormat (UnityEngine.LogType,UnityEngine.Object,string,object[])
UnityEngine.Logger:Log (UnityEngine.LogType,object,UnityEngine.Object)
UnityEngine.Debug:LogWarning (object,UnityEngine.Object)
Spine.Unity.Editor.SpineEditorUtilities:IssueWarningsForUnrecommendedTextureSettings (string) (at Assets/Spine/Editor/spine-unity/Editor/Utility/SpineEditorUtilities.cs:270)
Spine.Unity.Editor.SpineEditorUtilities:IssueWarningsForUnrecommendedTextureSettings () (at Assets/Spine/Editor/spine-unity/Editor/Utility/SpineEditorUtilities.cs:185)
Spine.Unity.Editor.SpineEditorUtilities:Initialize () (at Assets/Spine/Editor/spine-unity/Editor/Utility/SpineEditorUtilities.cs:164)
Spine.Unity.Editor.SpineEditorUtilities:.cctor () (at Assets/Spine/Editor/spine-unity/Editor/Utility/SpineEditorUtilities.cs:100)
System.Runtime.CompilerServices.RuntimeHelpers:RunClassConstructor (System.RuntimeTypeHandle)
UnityEditor.EditorAssemblies:ProcessInitializeOnLoadAttributes (System.Type[])

(Filename: Assets/Spine/Editor/spine-unity/Editor/Utility/SpineEditorUtilities.cs Line: 270)

`Assets/Merge Beast/AnimationSpine/Cat Effect/Kina fx/kina_effect.png` : Problematic Texture Settings found: When enabling `Generate Mip Maps` in Gamma color space, it is recommended to disable `sRGB (Color Texture)` on `Premultiply alpha` textures. Otherwise you will receive white border artifacts on an atlas exported with default `Premultiply alpha` settings.
(You can disable this warning in `Edit - Preferences - Spine`)
UnityEngine.StackTraceUtility:ExtractStackTrace ()
UnityEngine.DebugLogHandler:LogFormat (UnityEngine.LogType,UnityEngine.Object,string,object[])
UnityEngine.Logger:Log (UnityEngine.LogType,object,UnityEngine.Object)
UnityEngine.Debug:LogWarning (object,UnityEngine.Object)
Spine.Unity.Editor.SpineEditorUtilities:IssueWarningsForUnrecommendedTextureSettings (string) (at Assets/Spine/Editor/spine-unity/Editor/Utility/SpineEditorUtilities.cs:270)
Spine.Unity.Editor.SpineEditorUtilities:IssueWarningsForUnrecommendedTextureSettings () (at Assets/Spine/Editor/spine-unity/Editor/Utility/SpineEditorUtilities.cs:185)
Spine.Unity.Editor.SpineEditorUtilities:Initialize () (at Assets/Spine/Editor/spine-unity/Editor/Utility/SpineEditorUtilities.cs:164)
Spine.Unity.Editor.SpineEditorUtilities:.cctor () (at Assets/Spine/Editor/spine-unity/Editor/Utility/SpineEditorUtilities.cs:100)
System.Runtime.CompilerServices.RuntimeHelpers:RunClassConstructor (System.RuntimeTypeHandle)
UnityEditor.EditorAssemblies:ProcessInitializeOnLoadAttributes (System.Type[])

(Filename: Assets/Spine/Editor/spine-unity/Editor/Utility/SpineEditorUtilities.cs Line: 270)

`Assets/Merge Beast/AnimationSpine/Cat Effect/Kina wp/kina_weapon.png` : Problematic Texture Settings found: When enabling `Generate Mip Maps` in Gamma color space, it is recommended to disable `sRGB (Color Texture)` on `Premultiply alpha` textures. Otherwise you will receive white border artifacts on an atlas exported with default `Premultiply alpha` settings.
(You can disable this warning in `Edit - Preferences - Spine`)
UnityEngine.StackTraceUtility:ExtractStackTrace ()
UnityEngine.DebugLogHandler:LogFormat (UnityEngine.LogType,UnityEngine.Object,string,object[])
UnityEngine.Logger:Log (UnityEngine.LogType,object,UnityEngine.Object)
UnityEngine.Debug:LogWarning (object,UnityEngine.Object)
Spine.Unity.Editor.SpineEditorUtilities:IssueWarningsForUnrecommendedTextureSettings (string) (at Assets/Spine/Editor/spine-unity/Editor/Utility/SpineEditorUtilities.cs:270)
Spine.Unity.Editor.SpineEditorUtilities:IssueWarningsForUnrecommendedTextureSettings () (at Assets/Spine/Editor/spine-unity/Editor/Utility/SpineEditorUtilities.cs:185)
Spine.Unity.Editor.SpineEditorUtilities:Initialize () (at Assets/Spine/Editor/spine-unity/Editor/Utility/SpineEditorUtilities.cs:164)
Spine.Unity.Editor.SpineEditorUtilities:.cctor () (at Assets/Spine/Editor/spine-unity/Editor/Utility/SpineEditorUtilities.cs:100)
System.Runtime.CompilerServices.RuntimeHelpers:RunClassConstructor (System.RuntimeTypeHandle)
UnityEditor.EditorAssemblies:ProcessInitializeOnLoadAttributes (System.Type[])

(Filename: Assets/Spine/Editor/spine-unity/Editor/Utility/SpineEditorUtilities.cs Line: 270)

`Assets/Merge Beast/AnimationSpine/Cat Effect/Kyuzo fx/kyuzo_effect.png` : Problematic Texture Settings found: When enabling `Generate Mip Maps` in Gamma color space, it is recommended to disable `sRGB (Color Texture)` on `Premultiply alpha` textures. Otherwise you will receive white border artifacts on an atlas exported with default `Premultiply alpha` settings.
(You can disable this warning in `Edit - Preferences - Spine`)
UnityEngine.StackTraceUtility:ExtractStackTrace ()
UnityEngine.DebugLogHandler:LogFormat (UnityEngine.LogType,UnityEngine.Object,string,object[])
UnityEngine.Logger:Log (UnityEngine.LogType,object,UnityEngine.Object)
UnityEngine.Debug:LogWarning (object,UnityEngine.Object)
Spine.Unity.Editor.SpineEditorUtilities:IssueWarningsForUnrecommendedTextureSettings (string) (at Assets/Spine/Editor/spine-unity/Editor/Utility/SpineEditorUtilities.cs:270)
Spine.Unity.Editor.SpineEditorUtilities:IssueWarningsForUnrecommendedTextureSettings () (at Assets/Spine/Editor/spine-unity/Editor/Utility/SpineEditorUtilities.cs:185)
Spine.Unity.Editor.SpineEditorUtilities:Initialize () (at Assets/Spine/Editor/spine-unity/Editor/Utility/SpineEditorUtilities.cs:164)
Spine.Unity.Editor.SpineEditorUtilities:.cctor () (at Assets/Spine/Editor/spine-unity/Editor/Utility/SpineEditorUtilities.cs:100)
System.Runtime.CompilerServices.RuntimeHelpers:RunClassConstructor (System.RuntimeTypeHandle)
UnityEditor.EditorAssemblies:ProcessInitializeOnLoadAttributes (System.Type[])

(Filename: Assets/Spine/Editor/spine-unity/Editor/Utility/SpineEditorUtilities.cs Line: 270)

`Assets/Merge Beast/AnimationSpine/Cat Effect/Kyuzo wp/kyuzo_weapon.png` : Problematic Texture Settings found: When enabling `Generate Mip Maps` in Gamma color space, it is recommended to disable `sRGB (Color Texture)` on `Premultiply alpha` textures. Otherwise you will receive white border artifacts on an atlas exported with default `Premultiply alpha` settings.
(You can disable this warning in `Edit - Preferences - Spine`)
UnityEngine.StackTraceUtility:ExtractStackTrace ()
UnityEngine.DebugLogHandler:LogFormat (UnityEngine.LogType,UnityEngine.Object,string,object[])
UnityEngine.Logger:Log (UnityEngine.LogType,object,UnityEngine.Object)
UnityEngine.Debug:LogWarning (object,UnityEngine.Object)
Spine.Unity.Editor.SpineEditorUtilities:IssueWarningsForUnrecommendedTextureSettings (string) (at Assets/Spine/Editor/spine-unity/Editor/Utility/SpineEditorUtilities.cs:270)
Spine.Unity.Editor.SpineEditorUtilities:IssueWarningsForUnrecommendedTextureSettings () (at Assets/Spine/Editor/spine-unity/Editor/Utility/SpineEditorUtilities.cs:185)
Spine.Unity.Editor.SpineEditorUtilities:Initialize () (at Assets/Spine/Editor/spine-unity/Editor/Utility/SpineEditorUtilities.cs:164)
Spine.Unity.Editor.SpineEditorUtilities:.cctor () (at Assets/Spine/Editor/spine-unity/Editor/Utility/SpineEditorUtilities.cs:100)
System.Runtime.CompilerServices.RuntimeHelpers:RunClassConstructor (System.RuntimeTypeHandle)
UnityEditor.EditorAssemblies:ProcessInitializeOnLoadAttributes (System.Type[])

(Filename: Assets/Spine/Editor/spine-unity/Editor/Utility/SpineEditorUtilities.cs Line: 270)

`Assets/Merge Beast/AnimationSpine/Cat Effect/Little Miju fx/little_mijus_effect.png` : Problematic Texture Settings found: When enabling `Generate Mip Maps` in Gamma color space, it is recommended to disable `sRGB (Color Texture)` on `Premultiply alpha` textures. Otherwise you will receive white border artifacts on an atlas exported with default `Premultiply alpha` settings.
(You can disable this warning in `Edit - Preferences - Spine`)
UnityEngine.StackTraceUtility:ExtractStackTrace ()
UnityEngine.DebugLogHandler:LogFormat (UnityEngine.LogType,UnityEngine.Object,string,object[])
UnityEngine.Logger:Log (UnityEngine.LogType,object,UnityEngine.Object)
UnityEngine.Debug:LogWarning (object,UnityEngine.Object)
Spine.Unity.Editor.SpineEditorUtilities:IssueWarningsForUnrecommendedTextureSettings (string) (at Assets/Spine/Editor/spine-unity/Editor/Utility/SpineEditorUtilities.cs:270)
Spine.Unity.Editor.SpineEditorUtilities:IssueWarningsForUnrecommendedTextureSettings () (at Assets/Spine/Editor/spine-unity/Editor/Utility/SpineEditorUtilities.cs:185)
Spine.Unity.Editor.SpineEditorUtilities:Initialize () (at Assets/Spine/Editor/spine-unity/Editor/Utility/SpineEditorUtilities.cs:164)
Spine.Unity.Editor.SpineEditorUtilities:.cctor () (at Assets/Spine/Editor/spine-unity/Editor/Utility/SpineEditorUtilities.cs:100)
System.Runtime.CompilerServices.RuntimeHelpers:RunClassConstructor (System.RuntimeTypeHandle)
UnityEditor.EditorAssemblies:ProcessInitializeOnLoadAttributes (System.Type[])

(Filename: Assets/Spine/Editor/spine-unity/Editor/Utility/SpineEditorUtilities.cs Line: 270)

`Assets/Merge Beast/AnimationSpine/Cat Effect/Mijus fx/mijus_effect.png` : Problematic Texture Settings found: When enabling `Generate Mip Maps` in Gamma color space, it is recommended to disable `sRGB (Color Texture)` on `Premultiply alpha` textures. Otherwise you will receive white border artifacts on an atlas exported with default `Premultiply alpha` settings.
(You can disable this warning in `Edit - Preferences - Spine`)
UnityEngine.StackTraceUtility:ExtractStackTrace ()
UnityEngine.DebugLogHandler:LogFormat (UnityEngine.LogType,UnityEngine.Object,string,object[])
UnityEngine.Logger:Log (UnityEngine.LogType,object,UnityEngine.Object)
UnityEngine.Debug:LogWarning (object,UnityEngine.Object)
Spine.Unity.Editor.SpineEditorUtilities:IssueWarningsForUnrecommendedTextureSettings (string) (at Assets/Spine/Editor/spine-unity/Editor/Utility/SpineEditorUtilities.cs:270)
Spine.Unity.Editor.SpineEditorUtilities:IssueWarningsForUnrecommendedTextureSettings () (at Assets/Spine/Editor/spine-unity/Editor/Utility/SpineEditorUtilities.cs:185)
Spine.Unity.Editor.SpineEditorUtilities:Initialize () (at Assets/Spine/Editor/spine-unity/Editor/Utility/SpineEditorUtilities.cs:164)
Spine.Unity.Editor.SpineEditorUtilities:.cctor () (at Assets/Spine/Editor/spine-unity/Editor/Utility/SpineEditorUtilities.cs:100)
System.Runtime.CompilerServices.RuntimeHelpers:RunClassConstructor (System.RuntimeTypeHandle)
UnityEditor.EditorAssemblies:ProcessInitializeOnLoadAttributes (System.Type[])

(Filename: Assets/Spine/Editor/spine-unity/Editor/Utility/SpineEditorUtilities.cs Line: 270)

`Assets/Merge Beast/AnimationSpine/Cat Effect/Miu fx/miu_effect.png` : Problematic Texture Settings found: When enabling `Generate Mip Maps` in Gamma color space, it is recommended to disable `sRGB (Color Texture)` on `Premultiply alpha` textures. Otherwise you will receive white border artifacts on an atlas exported with default `Premultiply alpha` settings.
(You can disable this warning in `Edit - Preferences - Spine`)
UnityEngine.StackTraceUtility:ExtractStackTrace ()
UnityEngine.DebugLogHandler:LogFormat (UnityEngine.LogType,UnityEngine.Object,string,object[])
UnityEngine.Logger:Log (UnityEngine.LogType,object,UnityEngine.Object)
UnityEngine.Debug:LogWarning (object,UnityEngine.Object)
Spine.Unity.Editor.SpineEditorUtilities:IssueWarningsForUnrecommendedTextureSettings (string) (at Assets/Spine/Editor/spine-unity/Editor/Utility/SpineEditorUtilities.cs:270)
Spine.Unity.Editor.SpineEditorUtilities:IssueWarningsForUnrecommendedTextureSettings () (at Assets/Spine/Editor/spine-unity/Editor/Utility/SpineEditorUtilities.cs:185)
Spine.Unity.Editor.SpineEditorUtilities:Initialize () (at Assets/Spine/Editor/spine-unity/Editor/Utility/SpineEditorUtilities.cs:164)
Spine.Unity.Editor.SpineEditorUtilities:.cctor () (at Assets/Spine/Editor/spine-unity/Editor/Utility/SpineEditorUtilities.cs:100)
System.Runtime.CompilerServices.RuntimeHelpers:RunClassConstructor (System.RuntimeTypeHandle)
UnityEditor.EditorAssemblies:ProcessInitializeOnLoadAttributes (System.Type[])

(Filename: Assets/Spine/Editor/spine-unity/Editor/Utility/SpineEditorUtilities.cs Line: 270)

`Assets/Merge Beast/AnimationSpine/Cat Effect/Miu wp/miu_weapon.png` : Problematic Texture Settings found: When enabling `Generate Mip Maps` in Gamma color space, it is recommended to disable `sRGB (Color Texture)` on `Premultiply alpha` textures. Otherwise you will receive white border artifacts on an atlas exported with default `Premultiply alpha` settings.
(You can disable this warning in `Edit - Preferences - Spine`)
UnityEngine.StackTraceUtility:ExtractStackTrace ()
UnityEngine.DebugLogHandler:LogFormat (UnityEngine.LogType,UnityEngine.Object,string,object[])
UnityEngine.Logger:Log (UnityEngine.LogType,object,UnityEngine.Object)
UnityEngine.Debug:LogWarning (object,UnityEngine.Object)
Spine.Unity.Editor.SpineEditorUtilities:IssueWarningsForUnrecommendedTextureSettings (string) (at Assets/Spine/Editor/spine-unity/Editor/Utility/SpineEditorUtilities.cs:270)
Spine.Unity.Editor.SpineEditorUtilities:IssueWarningsForUnrecommendedTextureSettings () (at Assets/Spine/Editor/spine-unity/Editor/Utility/SpineEditorUtilities.cs:185)
Spine.Unity.Editor.SpineEditorUtilities:Initialize () (at Assets/Spine/Editor/spine-unity/Editor/Utility/SpineEditorUtilities.cs:164)
Spine.Unity.Editor.SpineEditorUtilities:.cctor () (at Assets/Spine/Editor/spine-unity/Editor/Utility/SpineEditorUtilities.cs:100)
System.Runtime.CompilerServices.RuntimeHelpers:RunClassConstructor (System.RuntimeTypeHandle)
UnityEditor.EditorAssemblies:ProcessInitializeOnLoadAttributes (System.Type[])

(Filename: Assets/Spine/Editor/spine-unity/Editor/Utility/SpineEditorUtilities.cs Line: 270)

`Assets/Merge Beast/AnimationSpine/Cat Effect/Modie fx/modie_effect.png` : Problematic Texture Settings found: When enabling `Generate Mip Maps` in Gamma color space, it is recommended to disable `sRGB (Color Texture)` on `Premultiply alpha` textures. Otherwise you will receive white border artifacts on an atlas exported with default `Premultiply alpha` settings.
(You can disable this warning in `Edit - Preferences - Spine`)
UnityEngine.StackTraceUtility:ExtractStackTrace ()
UnityEngine.DebugLogHandler:LogFormat (UnityEngine.LogType,UnityEngine.Object,string,object[])
UnityEngine.Logger:Log (UnityEngine.LogType,object,UnityEngine.Object)
UnityEngine.Debug:LogWarning (object,UnityEngine.Object)
Spine.Unity.Editor.SpineEditorUtilities:IssueWarningsForUnrecommendedTextureSettings (string) (at Assets/Spine/Editor/spine-unity/Editor/Utility/SpineEditorUtilities.cs:270)
Spine.Unity.Editor.SpineEditorUtilities:IssueWarningsForUnrecommendedTextureSettings () (at Assets/Spine/Editor/spine-unity/Editor/Utility/SpineEditorUtilities.cs:185)
Spine.Unity.Editor.SpineEditorUtilities:Initialize () (at Assets/Spine/Editor/spine-unity/Editor/Utility/SpineEditorUtilities.cs:164)
Spine.Unity.Editor.SpineEditorUtilities:.cctor () (at Assets/Spine/Editor/spine-unity/Editor/Utility/SpineEditorUtilities.cs:100)
System.Runtime.CompilerServices.RuntimeHelpers:RunClassConstructor (System.RuntimeTypeHandle)
UnityEditor.EditorAssemblies:ProcessInitializeOnLoadAttributes (System.Type[])

(Filename: Assets/Spine/Editor/spine-unity/Editor/Utility/SpineEditorUtilities.cs Line: 270)

`Assets/Merge Beast/AnimationSpine/Cat Effect/Monkey mob fx/monkey_mob_effect.png` : Problematic Texture Settings found: When enabling `Generate Mip Maps` in Gamma color space, it is recommended to disable `sRGB (Color Texture)` on `Premultiply alpha` textures. Otherwise you will receive white border artifacts on an atlas exported with default `Premultiply alpha` settings.
(You can disable this warning in `Edit - Preferences - Spine`)
UnityEngine.StackTraceUtility:ExtractStackTrace ()
UnityEngine.DebugLogHandler:LogFormat (UnityEngine.LogType,UnityEngine.Object,string,object[])
UnityEngine.Logger:Log (UnityEngine.LogType,object,UnityEngine.Object)
UnityEngine.Debug:LogWarning (object,UnityEngine.Object)
Spine.Unity.Editor.SpineEditorUtilities:IssueWarningsForUnrecommendedTextureSettings (string) (at Assets/Spine/Editor/spine-unity/Editor/Utility/SpineEditorUtilities.cs:270)
Spine.Unity.Editor.SpineEditorUtilities:IssueWarningsForUnrecommendedTextureSettings () (at Assets/Spine/Editor/spine-unity/Editor/Utility/SpineEditorUtilities.cs:185)
Spine.Unity.Editor.SpineEditorUtilities:Initialize () (at Assets/Spine/Editor/spine-unity/Editor/Utility/SpineEditorUtilities.cs:164)
Spine.Unity.Editor.SpineEditorUtilities:.cctor () (at Assets/Spine/Editor/spine-unity/Editor/Utility/SpineEditorUtilities.cs:100)
System.Runtime.CompilerServices.RuntimeHelpers:RunClassConstructor (System.RuntimeTypeHandle)
UnityEditor.EditorAssemblies:ProcessInitializeOnLoadAttributes (System.Type[])

(Filename: Assets/Spine/Editor/spine-unity/Editor/Utility/SpineEditorUtilities.cs Line: 270)

`Assets/Merge Beast/AnimationSpine/Cat Effect/Mora fx/mora_effect.png` : Problematic Texture Settings found: When enabling `Generate Mip Maps` in Gamma color space, it is recommended to disable `sRGB (Color Texture)` on `Premultiply alpha` textures. Otherwise you will receive white border artifacts on an atlas exported with default `Premultiply alpha` settings.
(You can disable this warning in `Edit - Preferences - Spine`)
UnityEngine.StackTraceUtility:ExtractStackTrace ()
UnityEngine.DebugLogHandler:LogFormat (UnityEngine.LogType,UnityEngine.Object,string,object[])
UnityEngine.Logger:Log (UnityEngine.LogType,object,UnityEngine.Object)
UnityEngine.Debug:LogWarning (object,UnityEngine.Object)
Spine.Unity.Editor.SpineEditorUtilities:IssueWarningsForUnrecommendedTextureSettings (string) (at Assets/Spine/Editor/spine-unity/Editor/Utility/SpineEditorUtilities.cs:270)
Spine.Unity.Editor.SpineEditorUtilities:IssueWarningsForUnrecommendedTextureSettings () (at Assets/Spine/Editor/spine-unity/Editor/Utility/SpineEditorUtilities.cs:185)
Spine.Unity.Editor.SpineEditorUtilities:Initialize () (at Assets/Spine/Editor/spine-unity/Editor/Utility/SpineEditorUtilities.cs:164)
Spine.Unity.Editor.SpineEditorUtilities:.cctor () (at Assets/Spine/Editor/spine-unity/Editor/Utility/SpineEditorUtilities.cs:100)
System.Runtime.CompilerServices.RuntimeHelpers:RunClassConstructor (System.RuntimeTypeHandle)
UnityEditor.EditorAssemblies:ProcessInitializeOnLoadAttributes (System.Type[])

(Filename: Assets/Spine/Editor/spine-unity/Editor/Utility/SpineEditorUtilities.cs Line: 270)

`Assets/Merge Beast/AnimationSpine/Cat Effect/Mora wp/mora_weapon.png` : Problematic Texture Settings found: When enabling `Generate Mip Maps` in Gamma color space, it is recommended to disable `sRGB (Color Texture)` on `Premultiply alpha` textures. Otherwise you will receive white border artifacts on an atlas exported with default `Premultiply alpha` settings.
(You can disable this warning in `Edit - Preferences - Spine`)
UnityEngine.StackTraceUtility:ExtractStackTrace ()
UnityEngine.DebugLogHandler:LogFormat (UnityEngine.LogType,UnityEngine.Object,string,object[])
UnityEngine.Logger:Log (UnityEngine.LogType,object,UnityEngine.Object)
UnityEngine.Debug:LogWarning (object,UnityEngine.Object)
Spine.Unity.Editor.SpineEditorUtilities:IssueWarningsForUnrecommendedTextureSettings (string) (at Assets/Spine/Editor/spine-unity/Editor/Utility/SpineEditorUtilities.cs:270)
Spine.Unity.Editor.SpineEditorUtilities:IssueWarningsForUnrecommendedTextureSettings () (at Assets/Spine/Editor/spine-unity/Editor/Utility/SpineEditorUtilities.cs:185)
Spine.Unity.Editor.SpineEditorUtilities:Initialize () (at Assets/Spine/Editor/spine-unity/Editor/Utility/SpineEditorUtilities.cs:164)
Spine.Unity.Editor.SpineEditorUtilities:.cctor () (at Assets/Spine/Editor/spine-unity/Editor/Utility/SpineEditorUtilities.cs:100)
System.Runtime.CompilerServices.RuntimeHelpers:RunClassConstructor (System.RuntimeTypeHandle)
UnityEditor.EditorAssemblies:ProcessInitializeOnLoadAttributes (System.Type[])

(Filename: Assets/Spine/Editor/spine-unity/Editor/Utility/SpineEditorUtilities.cs Line: 270)

`Assets/Merge Beast/AnimationSpine/Cat Effect/Naruto fx/naruto_effect.png` : Problematic Texture Settings found: When enabling `Generate Mip Maps` in Gamma color space, it is recommended to disable `sRGB (Color Texture)` on `Premultiply alpha` textures. Otherwise you will receive white border artifacts on an atlas exported with default `Premultiply alpha` settings.
(You can disable this warning in `Edit - Preferences - Spine`)
UnityEngine.StackTraceUtility:ExtractStackTrace ()
UnityEngine.DebugLogHandler:LogFormat (UnityEngine.LogType,UnityEngine.Object,string,object[])
UnityEngine.Logger:Log (UnityEngine.LogType,object,UnityEngine.Object)
UnityEngine.Debug:LogWarning (object,UnityEngine.Object)
Spine.Unity.Editor.SpineEditorUtilities:IssueWarningsForUnrecommendedTextureSettings (string) (at Assets/Spine/Editor/spine-unity/Editor/Utility/SpineEditorUtilities.cs:270)
Spine.Unity.Editor.SpineEditorUtilities:IssueWarningsForUnrecommendedTextureSettings () (at Assets/Spine/Editor/spine-unity/Editor/Utility/SpineEditorUtilities.cs:185)
Spine.Unity.Editor.SpineEditorUtilities:Initialize () (at Assets/Spine/Editor/spine-unity/Editor/Utility/SpineEditorUtilities.cs:164)
Spine.Unity.Editor.SpineEditorUtilities:.cctor () (at Assets/Spine/Editor/spine-unity/Editor/Utility/SpineEditorUtilities.cs:100)
System.Runtime.CompilerServices.RuntimeHelpers:RunClassConstructor (System.RuntimeTypeHandle)
UnityEditor.EditorAssemblies:ProcessInitializeOnLoadAttributes (System.Type[])

(Filename: Assets/Spine/Editor/spine-unity/Editor/Utility/SpineEditorUtilities.cs Line: 270)

`Assets/Merge Beast/AnimationSpine/Cat Effect/Naruto fx 2/naruto_effect2.png` : Problematic Texture Settings found: When enabling `Generate Mip Maps` in Gamma color space, it is recommended to disable `sRGB (Color Texture)` on `Premultiply alpha` textures. Otherwise you will receive white border artifacts on an atlas exported with default `Premultiply alpha` settings.
(You can disable this warning in `Edit - Preferences - Spine`)
UnityEngine.StackTraceUtility:ExtractStackTrace ()
UnityEngine.DebugLogHandler:LogFormat (UnityEngine.LogType,UnityEngine.Object,string,object[])
UnityEngine.Logger:Log (UnityEngine.LogType,object,UnityEngine.Object)
UnityEngine.Debug:LogWarning (object,UnityEngine.Object)
Spine.Unity.Editor.SpineEditorUtilities:IssueWarningsForUnrecommendedTextureSettings (string) (at Assets/Spine/Editor/spine-unity/Editor/Utility/SpineEditorUtilities.cs:270)
Spine.Unity.Editor.SpineEditorUtilities:IssueWarningsForUnrecommendedTextureSettings () (at Assets/Spine/Editor/spine-unity/Editor/Utility/SpineEditorUtilities.cs:185)
Spine.Unity.Editor.SpineEditorUtilities:Initialize () (at Assets/Spine/Editor/spine-unity/Editor/Utility/SpineEditorUtilities.cs:164)
Spine.Unity.Editor.SpineEditorUtilities:.cctor () (at Assets/Spine/Editor/spine-unity/Editor/Utility/SpineEditorUtilities.cs:100)
System.Runtime.CompilerServices.RuntimeHelpers:RunClassConstructor (System.RuntimeTypeHandle)
UnityEditor.EditorAssemblies:ProcessInitializeOnLoadAttributes (System.Type[])

(Filename: Assets/Spine/Editor/spine-unity/Editor/Utility/SpineEditorUtilities.cs Line: 270)

`Assets/Merge Beast/AnimationSpine/Cat Effect/Nemu fx/nemu_effect.png` : Problematic Texture Settings found: When enabling `Generate Mip Maps` in Gamma color space, it is recommended to disable `sRGB (Color Texture)` on `Premultiply alpha` textures. Otherwise you will receive white border artifacts on an atlas exported with default `Premultiply alpha` settings.
(You can disable this warning in `Edit - Preferences - Spine`)
UnityEngine.StackTraceUtility:ExtractStackTrace ()
UnityEngine.DebugLogHandler:LogFormat (UnityEngine.LogType,UnityEngine.Object,string,object[])
UnityEngine.Logger:Log (UnityEngine.LogType,object,UnityEngine.Object)
UnityEngine.Debug:LogWarning (object,UnityEngine.Object)
Spine.Unity.Editor.SpineEditorUtilities:IssueWarningsForUnrecommendedTextureSettings (string) (at Assets/Spine/Editor/spine-unity/Editor/Utility/SpineEditorUtilities.cs:270)
Spine.Unity.Editor.SpineEditorUtilities:IssueWarningsForUnrecommendedTextureSettings () (at Assets/Spine/Editor/spine-unity/Editor/Utility/SpineEditorUtilities.cs:185)
Spine.Unity.Editor.SpineEditorUtilities:Initialize () (at Assets/Spine/Editor/spine-unity/Editor/Utility/SpineEditorUtilities.cs:164)
Spine.Unity.Editor.SpineEditorUtilities:.cctor () (at Assets/Spine/Editor/spine-unity/Editor/Utility/SpineEditorUtilities.cs:100)
System.Runtime.CompilerServices.RuntimeHelpers:RunClassConstructor (System.RuntimeTypeHandle)
UnityEditor.EditorAssemblies:ProcessInitializeOnLoadAttributes (System.Type[])

(Filename: Assets/Spine/Editor/spine-unity/Editor/Utility/SpineEditorUtilities.cs Line: 270)

`Assets/Merge Beast/AnimationSpine/Cat Effect/Pank fx/pank_effect.png` : Problematic Texture Settings found: When enabling `Generate Mip Maps` in Gamma color space, it is recommended to disable `sRGB (Color Texture)` on `Premultiply alpha` textures. Otherwise you will receive white border artifacts on an atlas exported with default `Premultiply alpha` settings.
(You can disable this warning in `Edit - Preferences - Spine`)
UnityEngine.StackTraceUtility:ExtractStackTrace ()
UnityEngine.DebugLogHandler:LogFormat (UnityEngine.LogType,UnityEngine.Object,string,object[])
UnityEngine.Logger:Log (UnityEngine.LogType,object,UnityEngine.Object)
UnityEngine.Debug:LogWarning (object,UnityEngine.Object)
Spine.Unity.Editor.SpineEditorUtilities:IssueWarningsForUnrecommendedTextureSettings (string) (at Assets/Spine/Editor/spine-unity/Editor/Utility/SpineEditorUtilities.cs:270)
Spine.Unity.Editor.SpineEditorUtilities:IssueWarningsForUnrecommendedTextureSettings () (at Assets/Spine/Editor/spine-unity/Editor/Utility/SpineEditorUtilities.cs:185)
Spine.Unity.Editor.SpineEditorUtilities:Initialize () (at Assets/Spine/Editor/spine-unity/Editor/Utility/SpineEditorUtilities.cs:164)
Spine.Unity.Editor.SpineEditorUtilities:.cctor () (at Assets/Spine/Editor/spine-unity/Editor/Utility/SpineEditorUtilities.cs:100)
System.Runtime.CompilerServices.RuntimeHelpers:RunClassConstructor (System.RuntimeTypeHandle)
UnityEditor.EditorAssemblies:ProcessInitializeOnLoadAttributes (System.Type[])

(Filename: Assets/Spine/Editor/spine-unity/Editor/Utility/SpineEditorUtilities.cs Line: 270)

`Assets/Merge Beast/AnimationSpine/Cat Effect/Pomer Slingshot fx/pomer_slingshot_effect.png` : Problematic Texture Settings found: When enabling `Generate Mip Maps` in Gamma color space, it is recommended to disable `sRGB (Color Texture)` on `Premultiply alpha` textures. Otherwise you will receive white border artifacts on an atlas exported with default `Premultiply alpha` settings.
(You can disable this warning in `Edit - Preferences - Spine`)
UnityEngine.StackTraceUtility:ExtractStackTrace ()
UnityEngine.DebugLogHandler:LogFormat (UnityEngine.LogType,UnityEngine.Object,string,object[])
UnityEngine.Logger:Log (UnityEngine.LogType,object,UnityEngine.Object)
UnityEngine.Debug:LogWarning (object,UnityEngine.Object)
Spine.Unity.Editor.SpineEditorUtilities:IssueWarningsForUnrecommendedTextureSettings (string) (at Assets/Spine/Editor/spine-unity/Editor/Utility/SpineEditorUtilities.cs:270)
Spine.Unity.Editor.SpineEditorUtilities:IssueWarningsForUnrecommendedTextureSettings () (at Assets/Spine/Editor/spine-unity/Editor/Utility/SpineEditorUtilities.cs:185)
Spine.Unity.Editor.SpineEditorUtilities:Initialize () (at Assets/Spine/Editor/spine-unity/Editor/Utility/SpineEditorUtilities.cs:164)
Spine.Unity.Editor.SpineEditorUtilities:.cctor () (at Assets/Spine/Editor/spine-unity/Editor/Utility/SpineEditorUtilities.cs:100)
System.Runtime.CompilerServices.RuntimeHelpers:RunClassConstructor (System.RuntimeTypeHandle)
UnityEditor.EditorAssemblies:ProcessInitializeOnLoadAttributes (System.Type[])

(Filename: Assets/Spine/Editor/spine-unity/Editor/Utility/SpineEditorUtilities.cs Line: 270)

`Assets/Merge Beast/AnimationSpine/Cat Effect/Seji wp/seiji_weapon.png` : Problematic Texture Settings found: When enabling `Generate Mip Maps` in Gamma color space, it is recommended to disable `sRGB (Color Texture)` on `Premultiply alpha` textures. Otherwise you will receive white border artifacts on an atlas exported with default `Premultiply alpha` settings.
(You can disable this warning in `Edit - Preferences - Spine`)
UnityEngine.StackTraceUtility:ExtractStackTrace ()
UnityEngine.DebugLogHandler:LogFormat (UnityEngine.LogType,UnityEngine.Object,string,object[])
UnityEngine.Logger:Log (UnityEngine.LogType,object,UnityEngine.Object)
UnityEngine.Debug:LogWarning (object,UnityEngine.Object)
Spine.Unity.Editor.SpineEditorUtilities:IssueWarningsForUnrecommendedTextureSettings (string) (at Assets/Spine/Editor/spine-unity/Editor/Utility/SpineEditorUtilities.cs:270)
Spine.Unity.Editor.SpineEditorUtilities:IssueWarningsForUnrecommendedTextureSettings () (at Assets/Spine/Editor/spine-unity/Editor/Utility/SpineEditorUtilities.cs:185)
Spine.Unity.Editor.SpineEditorUtilities:Initialize () (at Assets/Spine/Editor/spine-unity/Editor/Utility/SpineEditorUtilities.cs:164)
Spine.Unity.Editor.SpineEditorUtilities:.cctor () (at Assets/Spine/Editor/spine-unity/Editor/Utility/SpineEditorUtilities.cs:100)
System.Runtime.CompilerServices.RuntimeHelpers:RunClassConstructor (System.RuntimeTypeHandle)
UnityEditor.EditorAssemblies:ProcessInitializeOnLoadAttributes (System.Type[])

(Filename: Assets/Spine/Editor/spine-unity/Editor/Utility/SpineEditorUtilities.cs Line: 270)

`Assets/Merge Beast/AnimationSpine/Cat Effect/Shiba fire fx/shiba_fire_effect.png` : Problematic Texture Settings found: When enabling `Generate Mip Maps` in Gamma color space, it is recommended to disable `sRGB (Color Texture)` on `Premultiply alpha` textures. Otherwise you will receive white border artifacts on an atlas exported with default `Premultiply alpha` settings.
(You can disable this warning in `Edit - Preferences - Spine`)
UnityEngine.StackTraceUtility:ExtractStackTrace ()
UnityEngine.DebugLogHandler:LogFormat (UnityEngine.LogType,UnityEngine.Object,string,object[])
UnityEngine.Logger:Log (UnityEngine.LogType,object,UnityEngine.Object)
UnityEngine.Debug:LogWarning (object,UnityEngine.Object)
Spine.Unity.Editor.SpineEditorUtilities:IssueWarningsForUnrecommendedTextureSettings (string) (at Assets/Spine/Editor/spine-unity/Editor/Utility/SpineEditorUtilities.cs:270)
Spine.Unity.Editor.SpineEditorUtilities:IssueWarningsForUnrecommendedTextureSettings () (at Assets/Spine/Editor/spine-unity/Editor/Utility/SpineEditorUtilities.cs:185)
Spine.Unity.Editor.SpineEditorUtilities:Initialize () (at Assets/Spine/Editor/spine-unity/Editor/Utility/SpineEditorUtilities.cs:164)
Spine.Unity.Editor.SpineEditorUtilities:.cctor () (at Assets/Spine/Editor/spine-unity/Editor/Utility/SpineEditorUtilities.cs:100)
System.Runtime.CompilerServices.RuntimeHelpers:RunClassConstructor (System.RuntimeTypeHandle)
UnityEditor.EditorAssemblies:ProcessInitializeOnLoadAttributes (System.Type[])

(Filename: Assets/Spine/Editor/spine-unity/Editor/Utility/SpineEditorUtilities.cs Line: 270)

`Assets/Merge Beast/AnimationSpine/Cat Effect/Sun fx/sun_effect.png` : Problematic Texture Settings found: When enabling `Generate Mip Maps` in Gamma color space, it is recommended to disable `sRGB (Color Texture)` on `Premultiply alpha` textures. Otherwise you will receive white border artifacts on an atlas exported with default `Premultiply alpha` settings.
(You can disable this warning in `Edit - Preferences - Spine`)
UnityEngine.StackTraceUtility:ExtractStackTrace ()
UnityEngine.DebugLogHandler:LogFormat (UnityEngine.LogType,UnityEngine.Object,string,object[])
UnityEngine.Logger:Log (UnityEngine.LogType,object,UnityEngine.Object)
UnityEngine.Debug:LogWarning (object,UnityEngine.Object)
Spine.Unity.Editor.SpineEditorUtilities:IssueWarningsForUnrecommendedTextureSettings (string) (at Assets/Spine/Editor/spine-unity/Editor/Utility/SpineEditorUtilities.cs:270)
Spine.Unity.Editor.SpineEditorUtilities:IssueWarningsForUnrecommendedTextureSettings () (at Assets/Spine/Editor/spine-unity/Editor/Utility/SpineEditorUtilities.cs:185)
Spine.Unity.Editor.SpineEditorUtilities:Initialize () (at Assets/Spine/Editor/spine-unity/Editor/Utility/SpineEditorUtilities.cs:164)
Spine.Unity.Editor.SpineEditorUtilities:.cctor () (at Assets/Spine/Editor/spine-unity/Editor/Utility/SpineEditorUtilities.cs:100)
System.Runtime.CompilerServices.RuntimeHelpers:RunClassConstructor (System.RuntimeTypeHandle)
UnityEditor.EditorAssemblies:ProcessInitializeOnLoadAttributes (System.Type[])

(Filename: Assets/Spine/Editor/spine-unity/Editor/Utility/SpineEditorUtilities.cs Line: 270)

`Assets/Merge Beast/AnimationSpine/Cat Effect/Sun wp/sun_weapon.png` : Problematic Texture Settings found: When enabling `Generate Mip Maps` in Gamma color space, it is recommended to disable `sRGB (Color Texture)` on `Premultiply alpha` textures. Otherwise you will receive white border artifacts on an atlas exported with default `Premultiply alpha` settings.
(You can disable this warning in `Edit - Preferences - Spine`)
UnityEngine.StackTraceUtility:ExtractStackTrace ()
UnityEngine.DebugLogHandler:LogFormat (UnityEngine.LogType,UnityEngine.Object,string,object[])
UnityEngine.Logger:Log (UnityEngine.LogType,object,UnityEngine.Object)
UnityEngine.Debug:LogWarning (object,UnityEngine.Object)
Spine.Unity.Editor.SpineEditorUtilities:IssueWarningsForUnrecommendedTextureSettings (string) (at Assets/Spine/Editor/spine-unity/Editor/Utility/SpineEditorUtilities.cs:270)
Spine.Unity.Editor.SpineEditorUtilities:IssueWarningsForUnrecommendedTextureSettings () (at Assets/Spine/Editor/spine-unity/Editor/Utility/SpineEditorUtilities.cs:185)
Spine.Unity.Editor.SpineEditorUtilities:Initialize () (at Assets/Spine/Editor/spine-unity/Editor/Utility/SpineEditorUtilities.cs:164)
Spine.Unity.Editor.SpineEditorUtilities:.cctor () (at Assets/Spine/Editor/spine-unity/Editor/Utility/SpineEditorUtilities.cs:100)
System.Runtime.CompilerServices.RuntimeHelpers:RunClassConstructor (System.RuntimeTypeHandle)
UnityEditor.EditorAssemblies:ProcessInitializeOnLoadAttributes (System.Type[])

(Filename: Assets/Spine/Editor/spine-unity/Editor/Utility/SpineEditorUtilities.cs Line: 270)

`Assets/Merge Beast/AnimationSpine/Cat Effect/The Elder One fx/the_elder_one_effect.png` : Problematic Texture Settings found: When enabling `Generate Mip Maps` in Gamma color space, it is recommended to disable `sRGB (Color Texture)` on `Premultiply alpha` textures. Otherwise you will receive white border artifacts on an atlas exported with default `Premultiply alpha` settings.
(You can disable this warning in `Edit - Preferences - Spine`)
UnityEngine.StackTraceUtility:ExtractStackTrace ()
UnityEngine.DebugLogHandler:LogFormat (UnityEngine.LogType,UnityEngine.Object,string,object[])
UnityEngine.Logger:Log (UnityEngine.LogType,object,UnityEngine.Object)
UnityEngine.Debug:LogWarning (object,UnityEngine.Object)
Spine.Unity.Editor.SpineEditorUtilities:IssueWarningsForUnrecommendedTextureSettings (string) (at Assets/Spine/Editor/spine-unity/Editor/Utility/SpineEditorUtilities.cs:270)
Spine.Unity.Editor.SpineEditorUtilities:IssueWarningsForUnrecommendedTextureSettings () (at Assets/Spine/Editor/spine-unity/Editor/Utility/SpineEditorUtilities.cs:185)
Spine.Unity.Editor.SpineEditorUtilities:Initialize () (at Assets/Spine/Editor/spine-unity/Editor/Utility/SpineEditorUtilities.cs:164)
Spine.Unity.Editor.SpineEditorUtilities:.cctor () (at Assets/Spine/Editor/spine-unity/Editor/Utility/SpineEditorUtilities.cs:100)
System.Runtime.CompilerServices.RuntimeHelpers:RunClassConstructor (System.RuntimeTypeHandle)
UnityEditor.EditorAssemblies:ProcessInitializeOnLoadAttributes (System.Type[])

(Filename: Assets/Spine/Editor/spine-unity/Editor/Utility/SpineEditorUtilities.cs Line: 270)

`Assets/Merge Beast/AnimationSpine/Cat Effect/Tsuki fx/tsuki_effect.png` : Problematic Texture Settings found: When enabling `Generate Mip Maps` in Gamma color space, it is recommended to disable `sRGB (Color Texture)` on `Premultiply alpha` textures. Otherwise you will receive white border artifacts on an atlas exported with default `Premultiply alpha` settings.
(You can disable this warning in `Edit - Preferences - Spine`)
UnityEngine.StackTraceUtility:ExtractStackTrace ()
UnityEngine.DebugLogHandler:LogFormat (UnityEngine.LogType,UnityEngine.Object,string,object[])
UnityEngine.Logger:Log (UnityEngine.LogType,object,UnityEngine.Object)
UnityEngine.Debug:LogWarning (object,UnityEngine.Object)
Spine.Unity.Editor.SpineEditorUtilities:IssueWarningsForUnrecommendedTextureSettings (string) (at Assets/Spine/Editor/spine-unity/Editor/Utility/SpineEditorUtilities.cs:270)
Spine.Unity.Editor.SpineEditorUtilities:IssueWarningsForUnrecommendedTextureSettings () (at Assets/Spine/Editor/spine-unity/Editor/Utility/SpineEditorUtilities.cs:185)
Spine.Unity.Editor.SpineEditorUtilities:Initialize () (at Assets/Spine/Editor/spine-unity/Editor/Utility/SpineEditorUtilities.cs:164)
Spine.Unity.Editor.SpineEditorUtilities:.cctor () (at Assets/Spine/Editor/spine-unity/Editor/Utility/SpineEditorUtilities.cs:100)
System.Runtime.CompilerServices.RuntimeHelpers:RunClassConstructor (System.RuntimeTypeHandle)
UnityEditor.EditorAssemblies:ProcessInitializeOnLoadAttributes (System.Type[])

(Filename: Assets/Spine/Editor/spine-unity/Editor/Utility/SpineEditorUtilities.cs Line: 270)

`Assets/Merge Beast/AnimationSpine/Cat Effect/Tsuki wp/tsuki_weapon.png` : Problematic Texture Settings found: When enabling `Generate Mip Maps` in Gamma color space, it is recommended to disable `sRGB (Color Texture)` on `Premultiply alpha` textures. Otherwise you will receive white border artifacts on an atlas exported with default `Premultiply alpha` settings.
(You can disable this warning in `Edit - Preferences - Spine`)
UnityEngine.StackTraceUtility:ExtractStackTrace ()
UnityEngine.DebugLogHandler:LogFormat (UnityEngine.LogType,UnityEngine.Object,string,object[])
UnityEngine.Logger:Log (UnityEngine.LogType,object,UnityEngine.Object)
UnityEngine.Debug:LogWarning (object,UnityEngine.Object)
Spine.Unity.Editor.SpineEditorUtilities:IssueWarningsForUnrecommendedTextureSettings (string) (at Assets/Spine/Editor/spine-unity/Editor/Utility/SpineEditorUtilities.cs:270)
Spine.Unity.Editor.SpineEditorUtilities:IssueWarningsForUnrecommendedTextureSettings () (at Assets/Spine/Editor/spine-unity/Editor/Utility/SpineEditorUtilities.cs:185)
Spine.Unity.Editor.SpineEditorUtilities:Initialize () (at Assets/Spine/Editor/spine-unity/Editor/Utility/SpineEditorUtilities.cs:164)
Spine.Unity.Editor.SpineEditorUtilities:.cctor () (at Assets/Spine/Editor/spine-unity/Editor/Utility/SpineEditorUtilities.cs:100)
System.Runtime.CompilerServices.RuntimeHelpers:RunClassConstructor (System.RuntimeTypeHandle)
UnityEditor.EditorAssemblies:ProcessInitializeOnLoadAttributes (System.Type[])

(Filename: Assets/Spine/Editor/spine-unity/Editor/Utility/SpineEditorUtilities.cs Line: 270)

`Assets/Merge Beast/AnimationSpine/Monster/Hero Cat Empty/hero_cat_empty.png` and material `hero_cat_empty_Material.mat` : IncorrectTexture / Material Settings found: It is strongly recommended to enable `Alpha Is Transparency` on `Straight alpha` textures.
Assuming `Straight alpha` texture because `Straight Alpha Texture` is enabled at material). (You can disable this warning in `Edit - Preferences - Spine`)
UnityEngine.StackTraceUtility:ExtractStackTrace ()
UnityEngine.DebugLogHandler:LogFormat (UnityEngine.LogType,UnityEngine.Object,string,object[])
UnityEngine.Logger:Log (UnityEngine.LogType,object,UnityEngine.Object)
UnityEngine.Debug:LogWarning (object,UnityEngine.Object)
Spine.Unity.Editor.SpineEditorUtilities:IssueWarningsForUnrecommendedTextureSettings (string) (at Assets/Spine/Editor/spine-unity/Editor/Utility/SpineEditorUtilities.cs:270)
Spine.Unity.Editor.SpineEditorUtilities:IssueWarningsForUnrecommendedTextureSettings () (at Assets/Spine/Editor/spine-unity/Editor/Utility/SpineEditorUtilities.cs:185)
Spine.Unity.Editor.SpineEditorUtilities:Initialize () (at Assets/Spine/Editor/spine-unity/Editor/Utility/SpineEditorUtilities.cs:164)
Spine.Unity.Editor.SpineEditorUtilities:.cctor () (at Assets/Spine/Editor/spine-unity/Editor/Utility/SpineEditorUtilities.cs:100)
System.Runtime.CompilerServices.RuntimeHelpers:RunClassConstructor (System.RuntimeTypeHandle)
UnityEditor.EditorAssemblies:ProcessInitializeOnLoadAttributes (System.Type[])

(Filename: Assets/Spine/Editor/spine-unity/Editor/Utility/SpineEditorUtilities.cs Line: 270)

[Package Manager] Server::EnsureServerProcessIsRunning -- launch failed, reason: Unity was launched with the -noUpm command-line argument
[Package Manager] UpmClient::Send -- Unable to send message (not connected to UPM process).
[Package Manager] Cannot connect to Unity Package Manager local server
Mono: successfully reloaded assembly
- Finished resetting the current domain, in  0.872 seconds
Domain Reload Profiling: 1297ms
	BeginReloadAssembly (144ms)
		ExecutionOrderSort (0ms)
		DisableScriptedObjects (5ms)
		BackupInstance (0ms)
		ReleaseScriptingObjects (0ms)
		CreateAndSetChildDomain (29ms)
	RebuildCommonClasses (34ms)
	RebuildNativeTypeToScriptingClass (13ms)
	initialDomainReloadingComplete (25ms)
	LoadAllAssembliesAndSetupDomain (209ms)
		LoadAssemblies (277ms)
		RebuildTransferFunctionScriptingTraits (0ms)
		AnalyzeDomain (15ms)
			TypeCache.Refresh (5ms)
				TypeCache.ScanAssembly (0ms)
			ScanForSourceGeneratedMonoScriptInfo (0ms)
			ResolveRequiredComponents (8ms)
	FinalizeReload (872ms)
		ReleaseScriptCaches (0ms)
		RebuildScriptCaches (0ms)
		SetupLoadedEditorAssemblies (580ms)
			LogAssemblyErrors (0ms)
			InitializePlatformSupportModulesInManaged (8ms)
			SetLoadedEditorAssemblies (6ms)
			RefreshPlugins (0ms)
			BeforeProcessingInitializeOnLoad (79ms)
			ProcessInitializeOnLoadAttributes (465ms)
			ProcessInitializeOnLoadMethodAttributes (20ms)
			AfterProcessingInitializeOnLoad (2ms)
			EditorAssembliesLoaded (0ms)
		ExecutionOrderSort2 (0ms)
		AwakeInstancesAfterBackupRestoration (3ms)
Refreshing native plugins compatible for Editor in 2.08 ms, found 2 plugins.
Preloading 0 native plugins for Editor in 0.00 ms.
Unloading 2491 Unused Serialized files (Serialized files now loaded: 0)
Unloading 335 unused Assets / (1.6 MB). Loaded Objects now: 2880.
Memory consumption went from 222.2 MB to 220.6 MB.
Total: 5.073100 ms (FindLiveObjects: 0.378800 ms CreateObjectMapping: 0.106100 ms MarkObjects: 2.597800 ms  DeleteObjects: 1.989200 ms)

Prepare: number of updated asset objects reloaded= 0
AssetImportParameters requested are different than current active one (requested -> active):
  custom:video-decoder-webm-vp8: 9c59270c3fd7afecdb556c50c9e8de78 -> 
  custom:SearchIndexIgnoredProperties: e643bd26f0fe6173181afceb89e7c659 -> 
  custom:container-demuxer-ogg: 62fdf1f143b41e24485cea50d1cbac27 -> 
  custom:AudioImporter_EditorPlatform: d09bf68614088b80899f8185d706f6e7 -> 
  custom:video-decoder-ogg-theora: a1e56fd34408186e4bbccfd4996cb3dc -> 
  custom:framework-win-MediaFoundation: 216162199b28c13a410421893ffa2e32 -> 
  custom:video-encoder-webm-vp8: eb34c28f22e8b96e1ab97ce403110664 -> 
  custom:audio-decoder-ogg-vorbis: bf7c407c2cedff20999df2af8eb42d56 -> 
  custom:CustomObjectIndexerAttribute: 9a22284fe3817be447336de3de66b15e -> 
  custom:container-demuxer-webm: 4f35f7cbe854078d1ac9338744f61a02 -> 
  custom:audio-encoder-webm-vorbis: bf7c407c2cedff20999df2af8eb42d56 -> 
  custom:container-muxer-webm: aa71ff27fc2769a1b78a27578f13a17b -> 
========================================================================
Received Prepare
Caller must complete domain reload
Begin MonoManager ReloadAssembly
Symbol file LoadedFromMemory is not a mono symbol file
- Loaded All Assemblies, in  0.415 seconds
Native extension for WindowsStandalone target not found
Native extension for WebGL target not found
`Assets/Merge Beast/AnimationSpine/Cat Effect/Flash fx/flash_effect.png` : Problematic Texture Settings found: When enabling `Generate Mip Maps` in Gamma color space, it is recommended to disable `sRGB (Color Texture)` on `Premultiply alpha` textures. Otherwise you will receive white border artifacts on an atlas exported with default `Premultiply alpha` settings.
(You can disable this warning in `Edit - Preferences - Spine`)
UnityEngine.StackTraceUtility:ExtractStackTrace ()
UnityEngine.DebugLogHandler:LogFormat (UnityEngine.LogType,UnityEngine.Object,string,object[])
UnityEngine.Logger:Log (UnityEngine.LogType,object,UnityEngine.Object)
UnityEngine.Debug:LogWarning (object,UnityEngine.Object)
Spine.Unity.Editor.SpineEditorUtilities:IssueWarningsForUnrecommendedTextureSettings (string) (at Assets/Spine/Editor/spine-unity/Editor/Utility/SpineEditorUtilities.cs:270)
Spine.Unity.Editor.SpineEditorUtilities:IssueWarningsForUnrecommendedTextureSettings () (at Assets/Spine/Editor/spine-unity/Editor/Utility/SpineEditorUtilities.cs:185)
Spine.Unity.Editor.SpineEditorUtilities:Initialize () (at Assets/Spine/Editor/spine-unity/Editor/Utility/SpineEditorUtilities.cs:164)
Spine.Unity.Editor.SpineEditorUtilities:.cctor () (at Assets/Spine/Editor/spine-unity/Editor/Utility/SpineEditorUtilities.cs:100)
System.Runtime.CompilerServices.RuntimeHelpers:RunClassConstructor (System.RuntimeTypeHandle)
UnityEditor.EditorAssemblies:ProcessInitializeOnLoadAttributes (System.Type[])

(Filename: Assets/Spine/Editor/spine-unity/Editor/Utility/SpineEditorUtilities.cs Line: 270)

`Assets/Merge Beast/AnimationSpine/Cat Effect/Gostie fx/gostie_effect.png` : Problematic Texture Settings found: When enabling `Generate Mip Maps` in Gamma color space, it is recommended to disable `sRGB (Color Texture)` on `Premultiply alpha` textures. Otherwise you will receive white border artifacts on an atlas exported with default `Premultiply alpha` settings.
(You can disable this warning in `Edit - Preferences - Spine`)
UnityEngine.StackTraceUtility:ExtractStackTrace ()
UnityEngine.DebugLogHandler:LogFormat (UnityEngine.LogType,UnityEngine.Object,string,object[])
UnityEngine.Logger:Log (UnityEngine.LogType,object,UnityEngine.Object)
UnityEngine.Debug:LogWarning (object,UnityEngine.Object)
Spine.Unity.Editor.SpineEditorUtilities:IssueWarningsForUnrecommendedTextureSettings (string) (at Assets/Spine/Editor/spine-unity/Editor/Utility/SpineEditorUtilities.cs:270)
Spine.Unity.Editor.SpineEditorUtilities:IssueWarningsForUnrecommendedTextureSettings () (at Assets/Spine/Editor/spine-unity/Editor/Utility/SpineEditorUtilities.cs:185)
Spine.Unity.Editor.SpineEditorUtilities:Initialize () (at Assets/Spine/Editor/spine-unity/Editor/Utility/SpineEditorUtilities.cs:164)
Spine.Unity.Editor.SpineEditorUtilities:.cctor () (at Assets/Spine/Editor/spine-unity/Editor/Utility/SpineEditorUtilities.cs:100)
System.Runtime.CompilerServices.RuntimeHelpers:RunClassConstructor (System.RuntimeTypeHandle)
UnityEditor.EditorAssemblies:ProcessInitializeOnLoadAttributes (System.Type[])

(Filename: Assets/Spine/Editor/spine-unity/Editor/Utility/SpineEditorUtilities.cs Line: 270)

`Assets/Merge Beast/AnimationSpine/Cat Effect/Holi fx/holi_effect.png` : Problematic Texture Settings found: When enabling `Generate Mip Maps` in Gamma color space, it is recommended to disable `sRGB (Color Texture)` on `Premultiply alpha` textures. Otherwise you will receive white border artifacts on an atlas exported with default `Premultiply alpha` settings.
(You can disable this warning in `Edit - Preferences - Spine`)
UnityEngine.StackTraceUtility:ExtractStackTrace ()
UnityEngine.DebugLogHandler:LogFormat (UnityEngine.LogType,UnityEngine.Object,string,object[])
UnityEngine.Logger:Log (UnityEngine.LogType,object,UnityEngine.Object)
UnityEngine.Debug:LogWarning (object,UnityEngine.Object)
Spine.Unity.Editor.SpineEditorUtilities:IssueWarningsForUnrecommendedTextureSettings (string) (at Assets/Spine/Editor/spine-unity/Editor/Utility/SpineEditorUtilities.cs:270)
Spine.Unity.Editor.SpineEditorUtilities:IssueWarningsForUnrecommendedTextureSettings () (at Assets/Spine/Editor/spine-unity/Editor/Utility/SpineEditorUtilities.cs:185)
Spine.Unity.Editor.SpineEditorUtilities:Initialize () (at Assets/Spine/Editor/spine-unity/Editor/Utility/SpineEditorUtilities.cs:164)
Spine.Unity.Editor.SpineEditorUtilities:.cctor () (at Assets/Spine/Editor/spine-unity/Editor/Utility/SpineEditorUtilities.cs:100)
System.Runtime.CompilerServices.RuntimeHelpers:RunClassConstructor (System.RuntimeTypeHandle)
UnityEditor.EditorAssemblies:ProcessInitializeOnLoadAttributes (System.Type[])

(Filename: Assets/Spine/Editor/spine-unity/Editor/Utility/SpineEditorUtilities.cs Line: 270)

`Assets/Merge Beast/AnimationSpine/Cat Effect/Holi wp/holi_weapon.png` : Problematic Texture Settings found: When enabling `Generate Mip Maps` in Gamma color space, it is recommended to disable `sRGB (Color Texture)` on `Premultiply alpha` textures. Otherwise you will receive white border artifacts on an atlas exported with default `Premultiply alpha` settings.
(You can disable this warning in `Edit - Preferences - Spine`)
UnityEngine.StackTraceUtility:ExtractStackTrace ()
UnityEngine.DebugLogHandler:LogFormat (UnityEngine.LogType,UnityEngine.Object,string,object[])
UnityEngine.Logger:Log (UnityEngine.LogType,object,UnityEngine.Object)
UnityEngine.Debug:LogWarning (object,UnityEngine.Object)
Spine.Unity.Editor.SpineEditorUtilities:IssueWarningsForUnrecommendedTextureSettings (string) (at Assets/Spine/Editor/spine-unity/Editor/Utility/SpineEditorUtilities.cs:270)
Spine.Unity.Editor.SpineEditorUtilities:IssueWarningsForUnrecommendedTextureSettings () (at Assets/Spine/Editor/spine-unity/Editor/Utility/SpineEditorUtilities.cs:185)
Spine.Unity.Editor.SpineEditorUtilities:Initialize () (at Assets/Spine/Editor/spine-unity/Editor/Utility/SpineEditorUtilities.cs:164)
Spine.Unity.Editor.SpineEditorUtilities:.cctor () (at Assets/Spine/Editor/spine-unity/Editor/Utility/SpineEditorUtilities.cs:100)
System.Runtime.CompilerServices.RuntimeHelpers:RunClassConstructor (System.RuntimeTypeHandle)
UnityEditor.EditorAssemblies:ProcessInitializeOnLoadAttributes (System.Type[])

(Filename: Assets/Spine/Editor/spine-unity/Editor/Utility/SpineEditorUtilities.cs Line: 270)

`Assets/Merge Beast/AnimationSpine/Cat Effect/Jiao wp/jiao_weapon.png` : Problematic Texture Settings found: When enabling `Generate Mip Maps` in Gamma color space, it is recommended to disable `sRGB (Color Texture)` on `Premultiply alpha` textures. Otherwise you will receive white border artifacts on an atlas exported with default `Premultiply alpha` settings.
(You can disable this warning in `Edit - Preferences - Spine`)
UnityEngine.StackTraceUtility:ExtractStackTrace ()
UnityEngine.DebugLogHandler:LogFormat (UnityEngine.LogType,UnityEngine.Object,string,object[])
UnityEngine.Logger:Log (UnityEngine.LogType,object,UnityEngine.Object)
UnityEngine.Debug:LogWarning (object,UnityEngine.Object)
Spine.Unity.Editor.SpineEditorUtilities:IssueWarningsForUnrecommendedTextureSettings (string) (at Assets/Spine/Editor/spine-unity/Editor/Utility/SpineEditorUtilities.cs:270)
Spine.Unity.Editor.SpineEditorUtilities:IssueWarningsForUnrecommendedTextureSettings () (at Assets/Spine/Editor/spine-unity/Editor/Utility/SpineEditorUtilities.cs:185)
Spine.Unity.Editor.SpineEditorUtilities:Initialize () (at Assets/Spine/Editor/spine-unity/Editor/Utility/SpineEditorUtilities.cs:164)
Spine.Unity.Editor.SpineEditorUtilities:.cctor () (at Assets/Spine/Editor/spine-unity/Editor/Utility/SpineEditorUtilities.cs:100)
System.Runtime.CompilerServices.RuntimeHelpers:RunClassConstructor (System.RuntimeTypeHandle)
UnityEditor.EditorAssemblies:ProcessInitializeOnLoadAttributes (System.Type[])

(Filename: Assets/Spine/Editor/spine-unity/Editor/Utility/SpineEditorUtilities.cs Line: 270)

`Assets/Merge Beast/AnimationSpine/Cat Effect/Kagura fx/kagura_effect.png` : Problematic Texture Settings found: When enabling `Generate Mip Maps` in Gamma color space, it is recommended to disable `sRGB (Color Texture)` on `Premultiply alpha` textures. Otherwise you will receive white border artifacts on an atlas exported with default `Premultiply alpha` settings.
(You can disable this warning in `Edit - Preferences - Spine`)
UnityEngine.StackTraceUtility:ExtractStackTrace ()
UnityEngine.DebugLogHandler:LogFormat (UnityEngine.LogType,UnityEngine.Object,string,object[])
UnityEngine.Logger:Log (UnityEngine.LogType,object,UnityEngine.Object)
UnityEngine.Debug:LogWarning (object,UnityEngine.Object)
Spine.Unity.Editor.SpineEditorUtilities:IssueWarningsForUnrecommendedTextureSettings (string) (at Assets/Spine/Editor/spine-unity/Editor/Utility/SpineEditorUtilities.cs:270)
Spine.Unity.Editor.SpineEditorUtilities:IssueWarningsForUnrecommendedTextureSettings () (at Assets/Spine/Editor/spine-unity/Editor/Utility/SpineEditorUtilities.cs:185)
Spine.Unity.Editor.SpineEditorUtilities:Initialize () (at Assets/Spine/Editor/spine-unity/Editor/Utility/SpineEditorUtilities.cs:164)
Spine.Unity.Editor.SpineEditorUtilities:.cctor () (at Assets/Spine/Editor/spine-unity/Editor/Utility/SpineEditorUtilities.cs:100)
System.Runtime.CompilerServices.RuntimeHelpers:RunClassConstructor (System.RuntimeTypeHandle)
UnityEditor.EditorAssemblies:ProcessInitializeOnLoadAttributes (System.Type[])

(Filename: Assets/Spine/Editor/spine-unity/Editor/Utility/SpineEditorUtilities.cs Line: 270)

`Assets/Merge Beast/AnimationSpine/Cat Effect/Kagura wp/kagura_weapon.png` : Problematic Texture Settings found: When enabling `Generate Mip Maps` in Gamma color space, it is recommended to disable `sRGB (Color Texture)` on `Premultiply alpha` textures. Otherwise you will receive white border artifacts on an atlas exported with default `Premultiply alpha` settings.
(You can disable this warning in `Edit - Preferences - Spine`)
UnityEngine.StackTraceUtility:ExtractStackTrace ()
UnityEngine.DebugLogHandler:LogFormat (UnityEngine.LogType,UnityEngine.Object,string,object[])
UnityEngine.Logger:Log (UnityEngine.LogType,object,UnityEngine.Object)
UnityEngine.Debug:LogWarning (object,UnityEngine.Object)
Spine.Unity.Editor.SpineEditorUtilities:IssueWarningsForUnrecommendedTextureSettings (string) (at Assets/Spine/Editor/spine-unity/Editor/Utility/SpineEditorUtilities.cs:270)
Spine.Unity.Editor.SpineEditorUtilities:IssueWarningsForUnrecommendedTextureSettings () (at Assets/Spine/Editor/spine-unity/Editor/Utility/SpineEditorUtilities.cs:185)
Spine.Unity.Editor.SpineEditorUtilities:Initialize () (at Assets/Spine/Editor/spine-unity/Editor/Utility/SpineEditorUtilities.cs:164)
Spine.Unity.Editor.SpineEditorUtilities:.cctor () (at Assets/Spine/Editor/spine-unity/Editor/Utility/SpineEditorUtilities.cs:100)
System.Runtime.CompilerServices.RuntimeHelpers:RunClassConstructor (System.RuntimeTypeHandle)
UnityEditor.EditorAssemblies:ProcessInitializeOnLoadAttributes (System.Type[])

(Filename: Assets/Spine/Editor/spine-unity/Editor/Utility/SpineEditorUtilities.cs Line: 270)

`Assets/Merge Beast/AnimationSpine/Cat Effect/Kina fx/kina_effect.png` : Problematic Texture Settings found: When enabling `Generate Mip Maps` in Gamma color space, it is recommended to disable `sRGB (Color Texture)` on `Premultiply alpha` textures. Otherwise you will receive white border artifacts on an atlas exported with default `Premultiply alpha` settings.
(You can disable this warning in `Edit - Preferences - Spine`)
UnityEngine.StackTraceUtility:ExtractStackTrace ()
UnityEngine.DebugLogHandler:LogFormat (UnityEngine.LogType,UnityEngine.Object,string,object[])
UnityEngine.Logger:Log (UnityEngine.LogType,object,UnityEngine.Object)
UnityEngine.Debug:LogWarning (object,UnityEngine.Object)
Spine.Unity.Editor.SpineEditorUtilities:IssueWarningsForUnrecommendedTextureSettings (string) (at Assets/Spine/Editor/spine-unity/Editor/Utility/SpineEditorUtilities.cs:270)
Spine.Unity.Editor.SpineEditorUtilities:IssueWarningsForUnrecommendedTextureSettings () (at Assets/Spine/Editor/spine-unity/Editor/Utility/SpineEditorUtilities.cs:185)
Spine.Unity.Editor.SpineEditorUtilities:Initialize () (at Assets/Spine/Editor/spine-unity/Editor/Utility/SpineEditorUtilities.cs:164)
Spine.Unity.Editor.SpineEditorUtilities:.cctor () (at Assets/Spine/Editor/spine-unity/Editor/Utility/SpineEditorUtilities.cs:100)
System.Runtime.CompilerServices.RuntimeHelpers:RunClassConstructor (System.RuntimeTypeHandle)
UnityEditor.EditorAssemblies:ProcessInitializeOnLoadAttributes (System.Type[])

(Filename: Assets/Spine/Editor/spine-unity/Editor/Utility/SpineEditorUtilities.cs Line: 270)

`Assets/Merge Beast/AnimationSpine/Cat Effect/Kina wp/kina_weapon.png` : Problematic Texture Settings found: When enabling `Generate Mip Maps` in Gamma color space, it is recommended to disable `sRGB (Color Texture)` on `Premultiply alpha` textures. Otherwise you will receive white border artifacts on an atlas exported with default `Premultiply alpha` settings.
(You can disable this warning in `Edit - Preferences - Spine`)
UnityEngine.StackTraceUtility:ExtractStackTrace ()
UnityEngine.DebugLogHandler:LogFormat (UnityEngine.LogType,UnityEngine.Object,string,object[])
UnityEngine.Logger:Log (UnityEngine.LogType,object,UnityEngine.Object)
UnityEngine.Debug:LogWarning (object,UnityEngine.Object)
Spine.Unity.Editor.SpineEditorUtilities:IssueWarningsForUnrecommendedTextureSettings (string) (at Assets/Spine/Editor/spine-unity/Editor/Utility/SpineEditorUtilities.cs:270)
Spine.Unity.Editor.SpineEditorUtilities:IssueWarningsForUnrecommendedTextureSettings () (at Assets/Spine/Editor/spine-unity/Editor/Utility/SpineEditorUtilities.cs:185)
Spine.Unity.Editor.SpineEditorUtilities:Initialize () (at Assets/Spine/Editor/spine-unity/Editor/Utility/SpineEditorUtilities.cs:164)
Spine.Unity.Editor.SpineEditorUtilities:.cctor () (at Assets/Spine/Editor/spine-unity/Editor/Utility/SpineEditorUtilities.cs:100)
System.Runtime.CompilerServices.RuntimeHelpers:RunClassConstructor (System.RuntimeTypeHandle)
UnityEditor.EditorAssemblies:ProcessInitializeOnLoadAttributes (System.Type[])

(Filename: Assets/Spine/Editor/spine-unity/Editor/Utility/SpineEditorUtilities.cs Line: 270)

`Assets/Merge Beast/AnimationSpine/Cat Effect/Kyuzo fx/kyuzo_effect.png` : Problematic Texture Settings found: When enabling `Generate Mip Maps` in Gamma color space, it is recommended to disable `sRGB (Color Texture)` on `Premultiply alpha` textures. Otherwise you will receive white border artifacts on an atlas exported with default `Premultiply alpha` settings.
(You can disable this warning in `Edit - Preferences - Spine`)
UnityEngine.StackTraceUtility:ExtractStackTrace ()
UnityEngine.DebugLogHandler:LogFormat (UnityEngine.LogType,UnityEngine.Object,string,object[])
UnityEngine.Logger:Log (UnityEngine.LogType,object,UnityEngine.Object)
UnityEngine.Debug:LogWarning (object,UnityEngine.Object)
Spine.Unity.Editor.SpineEditorUtilities:IssueWarningsForUnrecommendedTextureSettings (string) (at Assets/Spine/Editor/spine-unity/Editor/Utility/SpineEditorUtilities.cs:270)
Spine.Unity.Editor.SpineEditorUtilities:IssueWarningsForUnrecommendedTextureSettings () (at Assets/Spine/Editor/spine-unity/Editor/Utility/SpineEditorUtilities.cs:185)
Spine.Unity.Editor.SpineEditorUtilities:Initialize () (at Assets/Spine/Editor/spine-unity/Editor/Utility/SpineEditorUtilities.cs:164)
Spine.Unity.Editor.SpineEditorUtilities:.cctor () (at Assets/Spine/Editor/spine-unity/Editor/Utility/SpineEditorUtilities.cs:100)
System.Runtime.CompilerServices.RuntimeHelpers:RunClassConstructor (System.RuntimeTypeHandle)
UnityEditor.EditorAssemblies:ProcessInitializeOnLoadAttributes (System.Type[])

(Filename: Assets/Spine/Editor/spine-unity/Editor/Utility/SpineEditorUtilities.cs Line: 270)

`Assets/Merge Beast/AnimationSpine/Cat Effect/Kyuzo wp/kyuzo_weapon.png` : Problematic Texture Settings found: When enabling `Generate Mip Maps` in Gamma color space, it is recommended to disable `sRGB (Color Texture)` on `Premultiply alpha` textures. Otherwise you will receive white border artifacts on an atlas exported with default `Premultiply alpha` settings.
(You can disable this warning in `Edit - Preferences - Spine`)
UnityEngine.StackTraceUtility:ExtractStackTrace ()
UnityEngine.DebugLogHandler:LogFormat (UnityEngine.LogType,UnityEngine.Object,string,object[])
UnityEngine.Logger:Log (UnityEngine.LogType,object,UnityEngine.Object)
UnityEngine.Debug:LogWarning (object,UnityEngine.Object)
Spine.Unity.Editor.SpineEditorUtilities:IssueWarningsForUnrecommendedTextureSettings (string) (at Assets/Spine/Editor/spine-unity/Editor/Utility/SpineEditorUtilities.cs:270)
Spine.Unity.Editor.SpineEditorUtilities:IssueWarningsForUnrecommendedTextureSettings () (at Assets/Spine/Editor/spine-unity/Editor/Utility/SpineEditorUtilities.cs:185)
Spine.Unity.Editor.SpineEditorUtilities:Initialize () (at Assets/Spine/Editor/spine-unity/Editor/Utility/SpineEditorUtilities.cs:164)
Spine.Unity.Editor.SpineEditorUtilities:.cctor () (at Assets/Spine/Editor/spine-unity/Editor/Utility/SpineEditorUtilities.cs:100)
System.Runtime.CompilerServices.RuntimeHelpers:RunClassConstructor (System.RuntimeTypeHandle)
UnityEditor.EditorAssemblies:ProcessInitializeOnLoadAttributes (System.Type[])

(Filename: Assets/Spine/Editor/spine-unity/Editor/Utility/SpineEditorUtilities.cs Line: 270)

`Assets/Merge Beast/AnimationSpine/Cat Effect/Little Miju fx/little_mijus_effect.png` : Problematic Texture Settings found: When enabling `Generate Mip Maps` in Gamma color space, it is recommended to disable `sRGB (Color Texture)` on `Premultiply alpha` textures. Otherwise you will receive white border artifacts on an atlas exported with default `Premultiply alpha` settings.
(You can disable this warning in `Edit - Preferences - Spine`)
UnityEngine.StackTraceUtility:ExtractStackTrace ()
UnityEngine.DebugLogHandler:LogFormat (UnityEngine.LogType,UnityEngine.Object,string,object[])
UnityEngine.Logger:Log (UnityEngine.LogType,object,UnityEngine.Object)
UnityEngine.Debug:LogWarning (object,UnityEngine.Object)
Spine.Unity.Editor.SpineEditorUtilities:IssueWarningsForUnrecommendedTextureSettings (string) (at Assets/Spine/Editor/spine-unity/Editor/Utility/SpineEditorUtilities.cs:270)
Spine.Unity.Editor.SpineEditorUtilities:IssueWarningsForUnrecommendedTextureSettings () (at Assets/Spine/Editor/spine-unity/Editor/Utility/SpineEditorUtilities.cs:185)
Spine.Unity.Editor.SpineEditorUtilities:Initialize () (at Assets/Spine/Editor/spine-unity/Editor/Utility/SpineEditorUtilities.cs:164)
Spine.Unity.Editor.SpineEditorUtilities:.cctor () (at Assets/Spine/Editor/spine-unity/Editor/Utility/SpineEditorUtilities.cs:100)
System.Runtime.CompilerServices.RuntimeHelpers:RunClassConstructor (System.RuntimeTypeHandle)
UnityEditor.EditorAssemblies:ProcessInitializeOnLoadAttributes (System.Type[])

(Filename: Assets/Spine/Editor/spine-unity/Editor/Utility/SpineEditorUtilities.cs Line: 270)

`Assets/Merge Beast/AnimationSpine/Cat Effect/Mijus fx/mijus_effect.png` : Problematic Texture Settings found: When enabling `Generate Mip Maps` in Gamma color space, it is recommended to disable `sRGB (Color Texture)` on `Premultiply alpha` textures. Otherwise you will receive white border artifacts on an atlas exported with default `Premultiply alpha` settings.
(You can disable this warning in `Edit - Preferences - Spine`)
UnityEngine.StackTraceUtility:ExtractStackTrace ()
UnityEngine.DebugLogHandler:LogFormat (UnityEngine.LogType,UnityEngine.Object,string,object[])
UnityEngine.Logger:Log (UnityEngine.LogType,object,UnityEngine.Object)
UnityEngine.Debug:LogWarning (object,UnityEngine.Object)
Spine.Unity.Editor.SpineEditorUtilities:IssueWarningsForUnrecommendedTextureSettings (string) (at Assets/Spine/Editor/spine-unity/Editor/Utility/SpineEditorUtilities.cs:270)
Spine.Unity.Editor.SpineEditorUtilities:IssueWarningsForUnrecommendedTextureSettings () (at Assets/Spine/Editor/spine-unity/Editor/Utility/SpineEditorUtilities.cs:185)
Spine.Unity.Editor.SpineEditorUtilities:Initialize () (at Assets/Spine/Editor/spine-unity/Editor/Utility/SpineEditorUtilities.cs:164)
Spine.Unity.Editor.SpineEditorUtilities:.cctor () (at Assets/Spine/Editor/spine-unity/Editor/Utility/SpineEditorUtilities.cs:100)
System.Runtime.CompilerServices.RuntimeHelpers:RunClassConstructor (System.RuntimeTypeHandle)
UnityEditor.EditorAssemblies:ProcessInitializeOnLoadAttributes (System.Type[])

(Filename: Assets/Spine/Editor/spine-unity/Editor/Utility/SpineEditorUtilities.cs Line: 270)

`Assets/Merge Beast/AnimationSpine/Cat Effect/Miu fx/miu_effect.png` : Problematic Texture Settings found: When enabling `Generate Mip Maps` in Gamma color space, it is recommended to disable `sRGB (Color Texture)` on `Premultiply alpha` textures. Otherwise you will receive white border artifacts on an atlas exported with default `Premultiply alpha` settings.
(You can disable this warning in `Edit - Preferences - Spine`)
UnityEngine.StackTraceUtility:ExtractStackTrace ()
UnityEngine.DebugLogHandler:LogFormat (UnityEngine.LogType,UnityEngine.Object,string,object[])
UnityEngine.Logger:Log (UnityEngine.LogType,object,UnityEngine.Object)
UnityEngine.Debug:LogWarning (object,UnityEngine.Object)
Spine.Unity.Editor.SpineEditorUtilities:IssueWarningsForUnrecommendedTextureSettings (string) (at Assets/Spine/Editor/spine-unity/Editor/Utility/SpineEditorUtilities.cs:270)
Spine.Unity.Editor.SpineEditorUtilities:IssueWarningsForUnrecommendedTextureSettings () (at Assets/Spine/Editor/spine-unity/Editor/Utility/SpineEditorUtilities.cs:185)
Spine.Unity.Editor.SpineEditorUtilities:Initialize () (at Assets/Spine/Editor/spine-unity/Editor/Utility/SpineEditorUtilities.cs:164)
Spine.Unity.Editor.SpineEditorUtilities:.cctor () (at Assets/Spine/Editor/spine-unity/Editor/Utility/SpineEditorUtilities.cs:100)
System.Runtime.CompilerServices.RuntimeHelpers:RunClassConstructor (System.RuntimeTypeHandle)
UnityEditor.EditorAssemblies:ProcessInitializeOnLoadAttributes (System.Type[])

(Filename: Assets/Spine/Editor/spine-unity/Editor/Utility/SpineEditorUtilities.cs Line: 270)

`Assets/Merge Beast/AnimationSpine/Cat Effect/Miu wp/miu_weapon.png` : Problematic Texture Settings found: When enabling `Generate Mip Maps` in Gamma color space, it is recommended to disable `sRGB (Color Texture)` on `Premultiply alpha` textures. Otherwise you will receive white border artifacts on an atlas exported with default `Premultiply alpha` settings.
(You can disable this warning in `Edit - Preferences - Spine`)
UnityEngine.StackTraceUtility:ExtractStackTrace ()
UnityEngine.DebugLogHandler:LogFormat (UnityEngine.LogType,UnityEngine.Object,string,object[])
UnityEngine.Logger:Log (UnityEngine.LogType,object,UnityEngine.Object)
UnityEngine.Debug:LogWarning (object,UnityEngine.Object)
Spine.Unity.Editor.SpineEditorUtilities:IssueWarningsForUnrecommendedTextureSettings (string) (at Assets/Spine/Editor/spine-unity/Editor/Utility/SpineEditorUtilities.cs:270)
Spine.Unity.Editor.SpineEditorUtilities:IssueWarningsForUnrecommendedTextureSettings () (at Assets/Spine/Editor/spine-unity/Editor/Utility/SpineEditorUtilities.cs:185)
Spine.Unity.Editor.SpineEditorUtilities:Initialize () (at Assets/Spine/Editor/spine-unity/Editor/Utility/SpineEditorUtilities.cs:164)
Spine.Unity.Editor.SpineEditorUtilities:.cctor () (at Assets/Spine/Editor/spine-unity/Editor/Utility/SpineEditorUtilities.cs:100)
System.Runtime.CompilerServices.RuntimeHelpers:RunClassConstructor (System.RuntimeTypeHandle)
UnityEditor.EditorAssemblies:ProcessInitializeOnLoadAttributes (System.Type[])

(Filename: Assets/Spine/Editor/spine-unity/Editor/Utility/SpineEditorUtilities.cs Line: 270)

`Assets/Merge Beast/AnimationSpine/Cat Effect/Modie fx/modie_effect.png` : Problematic Texture Settings found: When enabling `Generate Mip Maps` in Gamma color space, it is recommended to disable `sRGB (Color Texture)` on `Premultiply alpha` textures. Otherwise you will receive white border artifacts on an atlas exported with default `Premultiply alpha` settings.
(You can disable this warning in `Edit - Preferences - Spine`)
UnityEngine.StackTraceUtility:ExtractStackTrace ()
UnityEngine.DebugLogHandler:LogFormat (UnityEngine.LogType,UnityEngine.Object,string,object[])
UnityEngine.Logger:Log (UnityEngine.LogType,object,UnityEngine.Object)
UnityEngine.Debug:LogWarning (object,UnityEngine.Object)
Spine.Unity.Editor.SpineEditorUtilities:IssueWarningsForUnrecommendedTextureSettings (string) (at Assets/Spine/Editor/spine-unity/Editor/Utility/SpineEditorUtilities.cs:270)
Spine.Unity.Editor.SpineEditorUtilities:IssueWarningsForUnrecommendedTextureSettings () (at Assets/Spine/Editor/spine-unity/Editor/Utility/SpineEditorUtilities.cs:185)
Spine.Unity.Editor.SpineEditorUtilities:Initialize () (at Assets/Spine/Editor/spine-unity/Editor/Utility/SpineEditorUtilities.cs:164)
Spine.Unity.Editor.SpineEditorUtilities:.cctor () (at Assets/Spine/Editor/spine-unity/Editor/Utility/SpineEditorUtilities.cs:100)
System.Runtime.CompilerServices.RuntimeHelpers:RunClassConstructor (System.RuntimeTypeHandle)
UnityEditor.EditorAssemblies:ProcessInitializeOnLoadAttributes (System.Type[])

(Filename: Assets/Spine/Editor/spine-unity/Editor/Utility/SpineEditorUtilities.cs Line: 270)

`Assets/Merge Beast/AnimationSpine/Cat Effect/Monkey mob fx/monkey_mob_effect.png` : Problematic Texture Settings found: When enabling `Generate Mip Maps` in Gamma color space, it is recommended to disable `sRGB (Color Texture)` on `Premultiply alpha` textures. Otherwise you will receive white border artifacts on an atlas exported with default `Premultiply alpha` settings.
(You can disable this warning in `Edit - Preferences - Spine`)
UnityEngine.StackTraceUtility:ExtractStackTrace ()
UnityEngine.DebugLogHandler:LogFormat (UnityEngine.LogType,UnityEngine.Object,string,object[])
UnityEngine.Logger:Log (UnityEngine.LogType,object,UnityEngine.Object)
UnityEngine.Debug:LogWarning (object,UnityEngine.Object)
Spine.Unity.Editor.SpineEditorUtilities:IssueWarningsForUnrecommendedTextureSettings (string) (at Assets/Spine/Editor/spine-unity/Editor/Utility/SpineEditorUtilities.cs:270)
Spine.Unity.Editor.SpineEditorUtilities:IssueWarningsForUnrecommendedTextureSettings () (at Assets/Spine/Editor/spine-unity/Editor/Utility/SpineEditorUtilities.cs:185)
Spine.Unity.Editor.SpineEditorUtilities:Initialize () (at Assets/Spine/Editor/spine-unity/Editor/Utility/SpineEditorUtilities.cs:164)
Spine.Unity.Editor.SpineEditorUtilities:.cctor () (at Assets/Spine/Editor/spine-unity/Editor/Utility/SpineEditorUtilities.cs:100)
System.Runtime.CompilerServices.RuntimeHelpers:RunClassConstructor (System.RuntimeTypeHandle)
UnityEditor.EditorAssemblies:ProcessInitializeOnLoadAttributes (System.Type[])

(Filename: Assets/Spine/Editor/spine-unity/Editor/Utility/SpineEditorUtilities.cs Line: 270)

`Assets/Merge Beast/AnimationSpine/Cat Effect/Mora fx/mora_effect.png` : Problematic Texture Settings found: When enabling `Generate Mip Maps` in Gamma color space, it is recommended to disable `sRGB (Color Texture)` on `Premultiply alpha` textures. Otherwise you will receive white border artifacts on an atlas exported with default `Premultiply alpha` settings.
(You can disable this warning in `Edit - Preferences - Spine`)
UnityEngine.StackTraceUtility:ExtractStackTrace ()
UnityEngine.DebugLogHandler:LogFormat (UnityEngine.LogType,UnityEngine.Object,string,object[])
UnityEngine.Logger:Log (UnityEngine.LogType,object,UnityEngine.Object)
UnityEngine.Debug:LogWarning (object,UnityEngine.Object)
Spine.Unity.Editor.SpineEditorUtilities:IssueWarningsForUnrecommendedTextureSettings (string) (at Assets/Spine/Editor/spine-unity/Editor/Utility/SpineEditorUtilities.cs:270)
Spine.Unity.Editor.SpineEditorUtilities:IssueWarningsForUnrecommendedTextureSettings () (at Assets/Spine/Editor/spine-unity/Editor/Utility/SpineEditorUtilities.cs:185)
Spine.Unity.Editor.SpineEditorUtilities:Initialize () (at Assets/Spine/Editor/spine-unity/Editor/Utility/SpineEditorUtilities.cs:164)
Spine.Unity.Editor.SpineEditorUtilities:.cctor () (at Assets/Spine/Editor/spine-unity/Editor/Utility/SpineEditorUtilities.cs:100)
System.Runtime.CompilerServices.RuntimeHelpers:RunClassConstructor (System.RuntimeTypeHandle)
UnityEditor.EditorAssemblies:ProcessInitializeOnLoadAttributes (System.Type[])

(Filename: Assets/Spine/Editor/spine-unity/Editor/Utility/SpineEditorUtilities.cs Line: 270)

`Assets/Merge Beast/AnimationSpine/Cat Effect/Mora wp/mora_weapon.png` : Problematic Texture Settings found: When enabling `Generate Mip Maps` in Gamma color space, it is recommended to disable `sRGB (Color Texture)` on `Premultiply alpha` textures. Otherwise you will receive white border artifacts on an atlas exported with default `Premultiply alpha` settings.
(You can disable this warning in `Edit - Preferences - Spine`)
UnityEngine.StackTraceUtility:ExtractStackTrace ()
UnityEngine.DebugLogHandler:LogFormat (UnityEngine.LogType,UnityEngine.Object,string,object[])
UnityEngine.Logger:Log (UnityEngine.LogType,object,UnityEngine.Object)
UnityEngine.Debug:LogWarning (object,UnityEngine.Object)
Spine.Unity.Editor.SpineEditorUtilities:IssueWarningsForUnrecommendedTextureSettings (string) (at Assets/Spine/Editor/spine-unity/Editor/Utility/SpineEditorUtilities.cs:270)
Spine.Unity.Editor.SpineEditorUtilities:IssueWarningsForUnrecommendedTextureSettings () (at Assets/Spine/Editor/spine-unity/Editor/Utility/SpineEditorUtilities.cs:185)
Spine.Unity.Editor.SpineEditorUtilities:Initialize () (at Assets/Spine/Editor/spine-unity/Editor/Utility/SpineEditorUtilities.cs:164)
Spine.Unity.Editor.SpineEditorUtilities:.cctor () (at Assets/Spine/Editor/spine-unity/Editor/Utility/SpineEditorUtilities.cs:100)
System.Runtime.CompilerServices.RuntimeHelpers:RunClassConstructor (System.RuntimeTypeHandle)
UnityEditor.EditorAssemblies:ProcessInitializeOnLoadAttributes (System.Type[])

(Filename: Assets/Spine/Editor/spine-unity/Editor/Utility/SpineEditorUtilities.cs Line: 270)

`Assets/Merge Beast/AnimationSpine/Cat Effect/Naruto fx/naruto_effect.png` : Problematic Texture Settings found: When enabling `Generate Mip Maps` in Gamma color space, it is recommended to disable `sRGB (Color Texture)` on `Premultiply alpha` textures. Otherwise you will receive white border artifacts on an atlas exported with default `Premultiply alpha` settings.
(You can disable this warning in `Edit - Preferences - Spine`)
UnityEngine.StackTraceUtility:ExtractStackTrace ()
UnityEngine.DebugLogHandler:LogFormat (UnityEngine.LogType,UnityEngine.Object,string,object[])
UnityEngine.Logger:Log (UnityEngine.LogType,object,UnityEngine.Object)
UnityEngine.Debug:LogWarning (object,UnityEngine.Object)
Spine.Unity.Editor.SpineEditorUtilities:IssueWarningsForUnrecommendedTextureSettings (string) (at Assets/Spine/Editor/spine-unity/Editor/Utility/SpineEditorUtilities.cs:270)
Spine.Unity.Editor.SpineEditorUtilities:IssueWarningsForUnrecommendedTextureSettings () (at Assets/Spine/Editor/spine-unity/Editor/Utility/SpineEditorUtilities.cs:185)
Spine.Unity.Editor.SpineEditorUtilities:Initialize () (at Assets/Spine/Editor/spine-unity/Editor/Utility/SpineEditorUtilities.cs:164)
Spine.Unity.Editor.SpineEditorUtilities:.cctor () (at Assets/Spine/Editor/spine-unity/Editor/Utility/SpineEditorUtilities.cs:100)
System.Runtime.CompilerServices.RuntimeHelpers:RunClassConstructor (System.RuntimeTypeHandle)
UnityEditor.EditorAssemblies:ProcessInitializeOnLoadAttributes (System.Type[])

(Filename: Assets/Spine/Editor/spine-unity/Editor/Utility/SpineEditorUtilities.cs Line: 270)

`Assets/Merge Beast/AnimationSpine/Cat Effect/Naruto fx 2/naruto_effect2.png` : Problematic Texture Settings found: When enabling `Generate Mip Maps` in Gamma color space, it is recommended to disable `sRGB (Color Texture)` on `Premultiply alpha` textures. Otherwise you will receive white border artifacts on an atlas exported with default `Premultiply alpha` settings.
(You can disable this warning in `Edit - Preferences - Spine`)
UnityEngine.StackTraceUtility:ExtractStackTrace ()
UnityEngine.DebugLogHandler:LogFormat (UnityEngine.LogType,UnityEngine.Object,string,object[])
UnityEngine.Logger:Log (UnityEngine.LogType,object,UnityEngine.Object)
UnityEngine.Debug:LogWarning (object,UnityEngine.Object)
Spine.Unity.Editor.SpineEditorUtilities:IssueWarningsForUnrecommendedTextureSettings (string) (at Assets/Spine/Editor/spine-unity/Editor/Utility/SpineEditorUtilities.cs:270)
Spine.Unity.Editor.SpineEditorUtilities:IssueWarningsForUnrecommendedTextureSettings () (at Assets/Spine/Editor/spine-unity/Editor/Utility/SpineEditorUtilities.cs:185)
Spine.Unity.Editor.SpineEditorUtilities:Initialize () (at Assets/Spine/Editor/spine-unity/Editor/Utility/SpineEditorUtilities.cs:164)
Spine.Unity.Editor.SpineEditorUtilities:.cctor () (at Assets/Spine/Editor/spine-unity/Editor/Utility/SpineEditorUtilities.cs:100)
System.Runtime.CompilerServices.RuntimeHelpers:RunClassConstructor (System.RuntimeTypeHandle)
UnityEditor.EditorAssemblies:ProcessInitializeOnLoadAttributes (System.Type[])

(Filename: Assets/Spine/Editor/spine-unity/Editor/Utility/SpineEditorUtilities.cs Line: 270)

`Assets/Merge Beast/AnimationSpine/Cat Effect/Nemu fx/nemu_effect.png` : Problematic Texture Settings found: When enabling `Generate Mip Maps` in Gamma color space, it is recommended to disable `sRGB (Color Texture)` on `Premultiply alpha` textures. Otherwise you will receive white border artifacts on an atlas exported with default `Premultiply alpha` settings.
(You can disable this warning in `Edit - Preferences - Spine`)
UnityEngine.StackTraceUtility:ExtractStackTrace ()
UnityEngine.DebugLogHandler:LogFormat (UnityEngine.LogType,UnityEngine.Object,string,object[])
UnityEngine.Logger:Log (UnityEngine.LogType,object,UnityEngine.Object)
UnityEngine.Debug:LogWarning (object,UnityEngine.Object)
Spine.Unity.Editor.SpineEditorUtilities:IssueWarningsForUnrecommendedTextureSettings (string) (at Assets/Spine/Editor/spine-unity/Editor/Utility/SpineEditorUtilities.cs:270)
Spine.Unity.Editor.SpineEditorUtilities:IssueWarningsForUnrecommendedTextureSettings () (at Assets/Spine/Editor/spine-unity/Editor/Utility/SpineEditorUtilities.cs:185)
Spine.Unity.Editor.SpineEditorUtilities:Initialize () (at Assets/Spine/Editor/spine-unity/Editor/Utility/SpineEditorUtilities.cs:164)
Spine.Unity.Editor.SpineEditorUtilities:.cctor () (at Assets/Spine/Editor/spine-unity/Editor/Utility/SpineEditorUtilities.cs:100)
System.Runtime.CompilerServices.RuntimeHelpers:RunClassConstructor (System.RuntimeTypeHandle)
UnityEditor.EditorAssemblies:ProcessInitializeOnLoadAttributes (System.Type[])

(Filename: Assets/Spine/Editor/spine-unity/Editor/Utility/SpineEditorUtilities.cs Line: 270)

`Assets/Merge Beast/AnimationSpine/Cat Effect/Pank fx/pank_effect.png` : Problematic Texture Settings found: When enabling `Generate Mip Maps` in Gamma color space, it is recommended to disable `sRGB (Color Texture)` on `Premultiply alpha` textures. Otherwise you will receive white border artifacts on an atlas exported with default `Premultiply alpha` settings.
(You can disable this warning in `Edit - Preferences - Spine`)
UnityEngine.StackTraceUtility:ExtractStackTrace ()
UnityEngine.DebugLogHandler:LogFormat (UnityEngine.LogType,UnityEngine.Object,string,object[])
UnityEngine.Logger:Log (UnityEngine.LogType,object,UnityEngine.Object)
UnityEngine.Debug:LogWarning (object,UnityEngine.Object)
Spine.Unity.Editor.SpineEditorUtilities:IssueWarningsForUnrecommendedTextureSettings (string) (at Assets/Spine/Editor/spine-unity/Editor/Utility/SpineEditorUtilities.cs:270)
Spine.Unity.Editor.SpineEditorUtilities:IssueWarningsForUnrecommendedTextureSettings () (at Assets/Spine/Editor/spine-unity/Editor/Utility/SpineEditorUtilities.cs:185)
Spine.Unity.Editor.SpineEditorUtilities:Initialize () (at Assets/Spine/Editor/spine-unity/Editor/Utility/SpineEditorUtilities.cs:164)
Spine.Unity.Editor.SpineEditorUtilities:.cctor () (at Assets/Spine/Editor/spine-unity/Editor/Utility/SpineEditorUtilities.cs:100)
System.Runtime.CompilerServices.RuntimeHelpers:RunClassConstructor (System.RuntimeTypeHandle)
UnityEditor.EditorAssemblies:ProcessInitializeOnLoadAttributes (System.Type[])

(Filename: Assets/Spine/Editor/spine-unity/Editor/Utility/SpineEditorUtilities.cs Line: 270)

`Assets/Merge Beast/AnimationSpine/Cat Effect/Pomer Slingshot fx/pomer_slingshot_effect.png` : Problematic Texture Settings found: When enabling `Generate Mip Maps` in Gamma color space, it is recommended to disable `sRGB (Color Texture)` on `Premultiply alpha` textures. Otherwise you will receive white border artifacts on an atlas exported with default `Premultiply alpha` settings.
(You can disable this warning in `Edit - Preferences - Spine`)
UnityEngine.StackTraceUtility:ExtractStackTrace ()
UnityEngine.DebugLogHandler:LogFormat (UnityEngine.LogType,UnityEngine.Object,string,object[])
UnityEngine.Logger:Log (UnityEngine.LogType,object,UnityEngine.Object)
UnityEngine.Debug:LogWarning (object,UnityEngine.Object)
Spine.Unity.Editor.SpineEditorUtilities:IssueWarningsForUnrecommendedTextureSettings (string) (at Assets/Spine/Editor/spine-unity/Editor/Utility/SpineEditorUtilities.cs:270)
Spine.Unity.Editor.SpineEditorUtilities:IssueWarningsForUnrecommendedTextureSettings () (at Assets/Spine/Editor/spine-unity/Editor/Utility/SpineEditorUtilities.cs:185)
Spine.Unity.Editor.SpineEditorUtilities:Initialize () (at Assets/Spine/Editor/spine-unity/Editor/Utility/SpineEditorUtilities.cs:164)
Spine.Unity.Editor.SpineEditorUtilities:.cctor () (at Assets/Spine/Editor/spine-unity/Editor/Utility/SpineEditorUtilities.cs:100)
System.Runtime.CompilerServices.RuntimeHelpers:RunClassConstructor (System.RuntimeTypeHandle)
UnityEditor.EditorAssemblies:ProcessInitializeOnLoadAttributes (System.Type[])

(Filename: Assets/Spine/Editor/spine-unity/Editor/Utility/SpineEditorUtilities.cs Line: 270)

`Assets/Merge Beast/AnimationSpine/Cat Effect/Seji wp/seiji_weapon.png` : Problematic Texture Settings found: When enabling `Generate Mip Maps` in Gamma color space, it is recommended to disable `sRGB (Color Texture)` on `Premultiply alpha` textures. Otherwise you will receive white border artifacts on an atlas exported with default `Premultiply alpha` settings.
(You can disable this warning in `Edit - Preferences - Spine`)
UnityEngine.StackTraceUtility:ExtractStackTrace ()
UnityEngine.DebugLogHandler:LogFormat (UnityEngine.LogType,UnityEngine.Object,string,object[])
UnityEngine.Logger:Log (UnityEngine.LogType,object,UnityEngine.Object)
UnityEngine.Debug:LogWarning (object,UnityEngine.Object)
Spine.Unity.Editor.SpineEditorUtilities:IssueWarningsForUnrecommendedTextureSettings (string) (at Assets/Spine/Editor/spine-unity/Editor/Utility/SpineEditorUtilities.cs:270)
Spine.Unity.Editor.SpineEditorUtilities:IssueWarningsForUnrecommendedTextureSettings () (at Assets/Spine/Editor/spine-unity/Editor/Utility/SpineEditorUtilities.cs:185)
Spine.Unity.Editor.SpineEditorUtilities:Initialize () (at Assets/Spine/Editor/spine-unity/Editor/Utility/SpineEditorUtilities.cs:164)
Spine.Unity.Editor.SpineEditorUtilities:.cctor () (at Assets/Spine/Editor/spine-unity/Editor/Utility/SpineEditorUtilities.cs:100)
System.Runtime.CompilerServices.RuntimeHelpers:RunClassConstructor (System.RuntimeTypeHandle)
UnityEditor.EditorAssemblies:ProcessInitializeOnLoadAttributes (System.Type[])

(Filename: Assets/Spine/Editor/spine-unity/Editor/Utility/SpineEditorUtilities.cs Line: 270)

`Assets/Merge Beast/AnimationSpine/Cat Effect/Shiba fire fx/shiba_fire_effect.png` : Problematic Texture Settings found: When enabling `Generate Mip Maps` in Gamma color space, it is recommended to disable `sRGB (Color Texture)` on `Premultiply alpha` textures. Otherwise you will receive white border artifacts on an atlas exported with default `Premultiply alpha` settings.
(You can disable this warning in `Edit - Preferences - Spine`)
UnityEngine.StackTraceUtility:ExtractStackTrace ()
UnityEngine.DebugLogHandler:LogFormat (UnityEngine.LogType,UnityEngine.Object,string,object[])
UnityEngine.Logger:Log (UnityEngine.LogType,object,UnityEngine.Object)
UnityEngine.Debug:LogWarning (object,UnityEngine.Object)
Spine.Unity.Editor.SpineEditorUtilities:IssueWarningsForUnrecommendedTextureSettings (string) (at Assets/Spine/Editor/spine-unity/Editor/Utility/SpineEditorUtilities.cs:270)
Spine.Unity.Editor.SpineEditorUtilities:IssueWarningsForUnrecommendedTextureSettings () (at Assets/Spine/Editor/spine-unity/Editor/Utility/SpineEditorUtilities.cs:185)
Spine.Unity.Editor.SpineEditorUtilities:Initialize () (at Assets/Spine/Editor/spine-unity/Editor/Utility/SpineEditorUtilities.cs:164)
Spine.Unity.Editor.SpineEditorUtilities:.cctor () (at Assets/Spine/Editor/spine-unity/Editor/Utility/SpineEditorUtilities.cs:100)
System.Runtime.CompilerServices.RuntimeHelpers:RunClassConstructor (System.RuntimeTypeHandle)
UnityEditor.EditorAssemblies:ProcessInitializeOnLoadAttributes (System.Type[])

(Filename: Assets/Spine/Editor/spine-unity/Editor/Utility/SpineEditorUtilities.cs Line: 270)

`Assets/Merge Beast/AnimationSpine/Cat Effect/Sun fx/sun_effect.png` : Problematic Texture Settings found: When enabling `Generate Mip Maps` in Gamma color space, it is recommended to disable `sRGB (Color Texture)` on `Premultiply alpha` textures. Otherwise you will receive white border artifacts on an atlas exported with default `Premultiply alpha` settings.
(You can disable this warning in `Edit - Preferences - Spine`)
UnityEngine.StackTraceUtility:ExtractStackTrace ()
UnityEngine.DebugLogHandler:LogFormat (UnityEngine.LogType,UnityEngine.Object,string,object[])
UnityEngine.Logger:Log (UnityEngine.LogType,object,UnityEngine.Object)
UnityEngine.Debug:LogWarning (object,UnityEngine.Object)
Spine.Unity.Editor.SpineEditorUtilities:IssueWarningsForUnrecommendedTextureSettings (string) (at Assets/Spine/Editor/spine-unity/Editor/Utility/SpineEditorUtilities.cs:270)
Spine.Unity.Editor.SpineEditorUtilities:IssueWarningsForUnrecommendedTextureSettings () (at Assets/Spine/Editor/spine-unity/Editor/Utility/SpineEditorUtilities.cs:185)
Spine.Unity.Editor.SpineEditorUtilities:Initialize () (at Assets/Spine/Editor/spine-unity/Editor/Utility/SpineEditorUtilities.cs:164)
Spine.Unity.Editor.SpineEditorUtilities:.cctor () (at Assets/Spine/Editor/spine-unity/Editor/Utility/SpineEditorUtilities.cs:100)
System.Runtime.CompilerServices.RuntimeHelpers:RunClassConstructor (System.RuntimeTypeHandle)
UnityEditor.EditorAssemblies:ProcessInitializeOnLoadAttributes (System.Type[])

(Filename: Assets/Spine/Editor/spine-unity/Editor/Utility/SpineEditorUtilities.cs Line: 270)

`Assets/Merge Beast/AnimationSpine/Cat Effect/Sun wp/sun_weapon.png` : Problematic Texture Settings found: When enabling `Generate Mip Maps` in Gamma color space, it is recommended to disable `sRGB (Color Texture)` on `Premultiply alpha` textures. Otherwise you will receive white border artifacts on an atlas exported with default `Premultiply alpha` settings.
(You can disable this warning in `Edit - Preferences - Spine`)
UnityEngine.StackTraceUtility:ExtractStackTrace ()
UnityEngine.DebugLogHandler:LogFormat (UnityEngine.LogType,UnityEngine.Object,string,object[])
UnityEngine.Logger:Log (UnityEngine.LogType,object,UnityEngine.Object)
UnityEngine.Debug:LogWarning (object,UnityEngine.Object)
Spine.Unity.Editor.SpineEditorUtilities:IssueWarningsForUnrecommendedTextureSettings (string) (at Assets/Spine/Editor/spine-unity/Editor/Utility/SpineEditorUtilities.cs:270)
Spine.Unity.Editor.SpineEditorUtilities:IssueWarningsForUnrecommendedTextureSettings () (at Assets/Spine/Editor/spine-unity/Editor/Utility/SpineEditorUtilities.cs:185)
Spine.Unity.Editor.SpineEditorUtilities:Initialize () (at Assets/Spine/Editor/spine-unity/Editor/Utility/SpineEditorUtilities.cs:164)
Spine.Unity.Editor.SpineEditorUtilities:.cctor () (at Assets/Spine/Editor/spine-unity/Editor/Utility/SpineEditorUtilities.cs:100)
System.Runtime.CompilerServices.RuntimeHelpers:RunClassConstructor (System.RuntimeTypeHandle)
UnityEditor.EditorAssemblies:ProcessInitializeOnLoadAttributes (System.Type[])

(Filename: Assets/Spine/Editor/spine-unity/Editor/Utility/SpineEditorUtilities.cs Line: 270)

`Assets/Merge Beast/AnimationSpine/Cat Effect/The Elder One fx/the_elder_one_effect.png` : Problematic Texture Settings found: When enabling `Generate Mip Maps` in Gamma color space, it is recommended to disable `sRGB (Color Texture)` on `Premultiply alpha` textures. Otherwise you will receive white border artifacts on an atlas exported with default `Premultiply alpha` settings.
(You can disable this warning in `Edit - Preferences - Spine`)
UnityEngine.StackTraceUtility:ExtractStackTrace ()
UnityEngine.DebugLogHandler:LogFormat (UnityEngine.LogType,UnityEngine.Object,string,object[])
UnityEngine.Logger:Log (UnityEngine.LogType,object,UnityEngine.Object)
UnityEngine.Debug:LogWarning (object,UnityEngine.Object)
Spine.Unity.Editor.SpineEditorUtilities:IssueWarningsForUnrecommendedTextureSettings (string) (at Assets/Spine/Editor/spine-unity/Editor/Utility/SpineEditorUtilities.cs:270)
Spine.Unity.Editor.SpineEditorUtilities:IssueWarningsForUnrecommendedTextureSettings () (at Assets/Spine/Editor/spine-unity/Editor/Utility/SpineEditorUtilities.cs:185)
Spine.Unity.Editor.SpineEditorUtilities:Initialize () (at Assets/Spine/Editor/spine-unity/Editor/Utility/SpineEditorUtilities.cs:164)
Spine.Unity.Editor.SpineEditorUtilities:.cctor () (at Assets/Spine/Editor/spine-unity/Editor/Utility/SpineEditorUtilities.cs:100)
System.Runtime.CompilerServices.RuntimeHelpers:RunClassConstructor (System.RuntimeTypeHandle)
UnityEditor.EditorAssemblies:ProcessInitializeOnLoadAttributes (System.Type[])

(Filename: Assets/Spine/Editor/spine-unity/Editor/Utility/SpineEditorUtilities.cs Line: 270)

`Assets/Merge Beast/AnimationSpine/Cat Effect/Tsuki fx/tsuki_effect.png` : Problematic Texture Settings found: When enabling `Generate Mip Maps` in Gamma color space, it is recommended to disable `sRGB (Color Texture)` on `Premultiply alpha` textures. Otherwise you will receive white border artifacts on an atlas exported with default `Premultiply alpha` settings.
(You can disable this warning in `Edit - Preferences - Spine`)
UnityEngine.StackTraceUtility:ExtractStackTrace ()
UnityEngine.DebugLogHandler:LogFormat (UnityEngine.LogType,UnityEngine.Object,string,object[])
UnityEngine.Logger:Log (UnityEngine.LogType,object,UnityEngine.Object)
UnityEngine.Debug:LogWarning (object,UnityEngine.Object)
Spine.Unity.Editor.SpineEditorUtilities:IssueWarningsForUnrecommendedTextureSettings (string) (at Assets/Spine/Editor/spine-unity/Editor/Utility/SpineEditorUtilities.cs:270)
Spine.Unity.Editor.SpineEditorUtilities:IssueWarningsForUnrecommendedTextureSettings () (at Assets/Spine/Editor/spine-unity/Editor/Utility/SpineEditorUtilities.cs:185)
Spine.Unity.Editor.SpineEditorUtilities:Initialize () (at Assets/Spine/Editor/spine-unity/Editor/Utility/SpineEditorUtilities.cs:164)
Spine.Unity.Editor.SpineEditorUtilities:.cctor () (at Assets/Spine/Editor/spine-unity/Editor/Utility/SpineEditorUtilities.cs:100)
System.Runtime.CompilerServices.RuntimeHelpers:RunClassConstructor (System.RuntimeTypeHandle)
UnityEditor.EditorAssemblies:ProcessInitializeOnLoadAttributes (System.Type[])

(Filename: Assets/Spine/Editor/spine-unity/Editor/Utility/SpineEditorUtilities.cs Line: 270)

`Assets/Merge Beast/AnimationSpine/Cat Effect/Tsuki wp/tsuki_weapon.png` : Problematic Texture Settings found: When enabling `Generate Mip Maps` in Gamma color space, it is recommended to disable `sRGB (Color Texture)` on `Premultiply alpha` textures. Otherwise you will receive white border artifacts on an atlas exported with default `Premultiply alpha` settings.
(You can disable this warning in `Edit - Preferences - Spine`)
UnityEngine.StackTraceUtility:ExtractStackTrace ()
UnityEngine.DebugLogHandler:LogFormat (UnityEngine.LogType,UnityEngine.Object,string,object[])
UnityEngine.Logger:Log (UnityEngine.LogType,object,UnityEngine.Object)
UnityEngine.Debug:LogWarning (object,UnityEngine.Object)
Spine.Unity.Editor.SpineEditorUtilities:IssueWarningsForUnrecommendedTextureSettings (string) (at Assets/Spine/Editor/spine-unity/Editor/Utility/SpineEditorUtilities.cs:270)
Spine.Unity.Editor.SpineEditorUtilities:IssueWarningsForUnrecommendedTextureSettings () (at Assets/Spine/Editor/spine-unity/Editor/Utility/SpineEditorUtilities.cs:185)
Spine.Unity.Editor.SpineEditorUtilities:Initialize () (at Assets/Spine/Editor/spine-unity/Editor/Utility/SpineEditorUtilities.cs:164)
Spine.Unity.Editor.SpineEditorUtilities:.cctor () (at Assets/Spine/Editor/spine-unity/Editor/Utility/SpineEditorUtilities.cs:100)
System.Runtime.CompilerServices.RuntimeHelpers:RunClassConstructor (System.RuntimeTypeHandle)
UnityEditor.EditorAssemblies:ProcessInitializeOnLoadAttributes (System.Type[])

(Filename: Assets/Spine/Editor/spine-unity/Editor/Utility/SpineEditorUtilities.cs Line: 270)

`Assets/Merge Beast/AnimationSpine/Monster/Hero Cat Empty/hero_cat_empty.png` and material `hero_cat_empty_Material.mat` : IncorrectTexture / Material Settings found: It is strongly recommended to enable `Alpha Is Transparency` on `Straight alpha` textures.
Assuming `Straight alpha` texture because `Straight Alpha Texture` is enabled at material). (You can disable this warning in `Edit - Preferences - Spine`)
UnityEngine.StackTraceUtility:ExtractStackTrace ()
UnityEngine.DebugLogHandler:LogFormat (UnityEngine.LogType,UnityEngine.Object,string,object[])
UnityEngine.Logger:Log (UnityEngine.LogType,object,UnityEngine.Object)
UnityEngine.Debug:LogWarning (object,UnityEngine.Object)
Spine.Unity.Editor.SpineEditorUtilities:IssueWarningsForUnrecommendedTextureSettings (string) (at Assets/Spine/Editor/spine-unity/Editor/Utility/SpineEditorUtilities.cs:270)
Spine.Unity.Editor.SpineEditorUtilities:IssueWarningsForUnrecommendedTextureSettings () (at Assets/Spine/Editor/spine-unity/Editor/Utility/SpineEditorUtilities.cs:185)
Spine.Unity.Editor.SpineEditorUtilities:Initialize () (at Assets/Spine/Editor/spine-unity/Editor/Utility/SpineEditorUtilities.cs:164)
Spine.Unity.Editor.SpineEditorUtilities:.cctor () (at Assets/Spine/Editor/spine-unity/Editor/Utility/SpineEditorUtilities.cs:100)
System.Runtime.CompilerServices.RuntimeHelpers:RunClassConstructor (System.RuntimeTypeHandle)
UnityEditor.EditorAssemblies:ProcessInitializeOnLoadAttributes (System.Type[])

(Filename: Assets/Spine/Editor/spine-unity/Editor/Utility/SpineEditorUtilities.cs Line: 270)

[Package Manager] Server::EnsureServerProcessIsRunning -- launch failed, reason: Unity was launched with the -noUpm command-line argument
[Package Manager] UpmClient::Send -- Unable to send message (not connected to UPM process).
[Package Manager] Cannot connect to Unity Package Manager local server
Mono: successfully reloaded assembly
- Finished resetting the current domain, in  0.936 seconds
Domain Reload Profiling: 1350ms
	BeginReloadAssembly (138ms)
		ExecutionOrderSort (0ms)
		DisableScriptedObjects (5ms)
		BackupInstance (0ms)
		ReleaseScriptingObjects (0ms)
		CreateAndSetChildDomain (26ms)
	RebuildCommonClasses (32ms)
	RebuildNativeTypeToScriptingClass (12ms)
	initialDomainReloadingComplete (27ms)
	LoadAllAssembliesAndSetupDomain (205ms)
		LoadAssemblies (270ms)
		RebuildTransferFunctionScriptingTraits (0ms)
		AnalyzeDomain (15ms)
			TypeCache.Refresh (5ms)
				TypeCache.ScanAssembly (0ms)
			ScanForSourceGeneratedMonoScriptInfo (0ms)
			ResolveRequiredComponents (8ms)
	FinalizeReload (936ms)
		ReleaseScriptCaches (0ms)
		RebuildScriptCaches (0ms)
		SetupLoadedEditorAssemblies (629ms)
			LogAssemblyErrors (0ms)
			InitializePlatformSupportModulesInManaged (8ms)
			SetLoadedEditorAssemblies (6ms)
			RefreshPlugins (0ms)
			BeforeProcessingInitializeOnLoad (79ms)
			ProcessInitializeOnLoadAttributes (496ms)
			ProcessInitializeOnLoadMethodAttributes (36ms)
			AfterProcessingInitializeOnLoad (4ms)
			EditorAssembliesLoaded (0ms)
		ExecutionOrderSort2 (0ms)
		AwakeInstancesAfterBackupRestoration (7ms)
Refreshing native plugins compatible for Editor in 1.66 ms, found 2 plugins.
Preloading 0 native plugins for Editor in 0.00 ms.
Unloading 2492 Unused Serialized files (Serialized files now loaded: 0)
Unloading 335 unused Assets / (1.7 MB). Loaded Objects now: 2883.
Memory consumption went from 222.5 MB to 220.9 MB.
Total: 4.525800 ms (FindLiveObjects: 0.351900 ms CreateObjectMapping: 0.074400 ms MarkObjects: 2.369700 ms  DeleteObjects: 1.728100 ms)

Prepare: number of updated asset objects reloaded= 0
AssetImportParameters requested are different than current active one (requested -> active):
  custom:video-decoder-webm-vp8: 9c59270c3fd7afecdb556c50c9e8de78 -> 
  custom:SearchIndexIgnoredProperties: e643bd26f0fe6173181afceb89e7c659 -> 
  custom:container-demuxer-ogg: 62fdf1f143b41e24485cea50d1cbac27 -> 
  custom:AudioImporter_EditorPlatform: d09bf68614088b80899f8185d706f6e7 -> 
  custom:video-decoder-ogg-theora: a1e56fd34408186e4bbccfd4996cb3dc -> 
  custom:framework-win-MediaFoundation: 216162199b28c13a410421893ffa2e32 -> 
  custom:video-encoder-webm-vp8: eb34c28f22e8b96e1ab97ce403110664 -> 
  custom:audio-decoder-ogg-vorbis: bf7c407c2cedff20999df2af8eb42d56 -> 
  custom:CustomObjectIndexerAttribute: 9a22284fe3817be447336de3de66b15e -> 
  custom:container-demuxer-webm: 4f35f7cbe854078d1ac9338744f61a02 -> 
  custom:audio-encoder-webm-vorbis: bf7c407c2cedff20999df2af8eb42d56 -> 
  custom:container-muxer-webm: aa71ff27fc2769a1b78a27578f13a17b -> 
========================================================================
Received Import Request.
  Time since last request: 664.328219 seconds.
  path: Assets/Merge Beast/Scenes/Main.unity
  artifactKey: Guid(34a869e499e9fc040a3122d5362ac36b) Importer(815301076,1909f56bfc062723c751e8b465ee728b)
Start importing Assets/Merge Beast/Scenes/Main.unity using Guid(34a869e499e9fc040a3122d5362ac36b) Importer(815301076,1909f56bfc062723c751e8b465ee728b) [PhysX] Initialized MultithreadedTaskDispatcher with 16 workers.
 -> (artifact id: '048cef2a4eaffdfc00912ebb119c5d2b') in 0.008440 seconds
Number of updated asset objects reloaded before import = 0
Number of asset objects unloaded after import = 0
========================================================================
Received Prepare
Caller must complete domain reload
Begin MonoManager ReloadAssembly
Symbol file LoadedFromMemory is not a mono symbol file
- Loaded All Assemblies, in  0.391 seconds
Native extension for WindowsStandalone target not found
Native extension for WebGL target not found
`Assets/Merge Beast/AnimationSpine/Cat Effect/Flash fx/flash_effect.png` : Problematic Texture Settings found: When enabling `Generate Mip Maps` in Gamma color space, it is recommended to disable `sRGB (Color Texture)` on `Premultiply alpha` textures. Otherwise you will receive white border artifacts on an atlas exported with default `Premultiply alpha` settings.
(You can disable this warning in `Edit - Preferences - Spine`)
UnityEngine.StackTraceUtility:ExtractStackTrace ()
UnityEngine.DebugLogHandler:LogFormat (UnityEngine.LogType,UnityEngine.Object,string,object[])
UnityEngine.Logger:Log (UnityEngine.LogType,object,UnityEngine.Object)
UnityEngine.Debug:LogWarning (object,UnityEngine.Object)
Spine.Unity.Editor.SpineEditorUtilities:IssueWarningsForUnrecommendedTextureSettings (string) (at Assets/Spine/Editor/spine-unity/Editor/Utility/SpineEditorUtilities.cs:270)
Spine.Unity.Editor.SpineEditorUtilities:IssueWarningsForUnrecommendedTextureSettings () (at Assets/Spine/Editor/spine-unity/Editor/Utility/SpineEditorUtilities.cs:185)
Spine.Unity.Editor.SpineEditorUtilities:Initialize () (at Assets/Spine/Editor/spine-unity/Editor/Utility/SpineEditorUtilities.cs:164)
Spine.Unity.Editor.SpineEditorUtilities:.cctor () (at Assets/Spine/Editor/spine-unity/Editor/Utility/SpineEditorUtilities.cs:100)
System.Runtime.CompilerServices.RuntimeHelpers:RunClassConstructor (System.RuntimeTypeHandle)
UnityEditor.EditorAssemblies:ProcessInitializeOnLoadAttributes (System.Type[])

(Filename: Assets/Spine/Editor/spine-unity/Editor/Utility/SpineEditorUtilities.cs Line: 270)

`Assets/Merge Beast/AnimationSpine/Cat Effect/Gostie fx/gostie_effect.png` : Problematic Texture Settings found: When enabling `Generate Mip Maps` in Gamma color space, it is recommended to disable `sRGB (Color Texture)` on `Premultiply alpha` textures. Otherwise you will receive white border artifacts on an atlas exported with default `Premultiply alpha` settings.
(You can disable this warning in `Edit - Preferences - Spine`)
UnityEngine.StackTraceUtility:ExtractStackTrace ()
UnityEngine.DebugLogHandler:LogFormat (UnityEngine.LogType,UnityEngine.Object,string,object[])
UnityEngine.Logger:Log (UnityEngine.LogType,object,UnityEngine.Object)
UnityEngine.Debug:LogWarning (object,UnityEngine.Object)
Spine.Unity.Editor.SpineEditorUtilities:IssueWarningsForUnrecommendedTextureSettings (string) (at Assets/Spine/Editor/spine-unity/Editor/Utility/SpineEditorUtilities.cs:270)
Spine.Unity.Editor.SpineEditorUtilities:IssueWarningsForUnrecommendedTextureSettings () (at Assets/Spine/Editor/spine-unity/Editor/Utility/SpineEditorUtilities.cs:185)
Spine.Unity.Editor.SpineEditorUtilities:Initialize () (at Assets/Spine/Editor/spine-unity/Editor/Utility/SpineEditorUtilities.cs:164)
Spine.Unity.Editor.SpineEditorUtilities:.cctor () (at Assets/Spine/Editor/spine-unity/Editor/Utility/SpineEditorUtilities.cs:100)
System.Runtime.CompilerServices.RuntimeHelpers:RunClassConstructor (System.RuntimeTypeHandle)
UnityEditor.EditorAssemblies:ProcessInitializeOnLoadAttributes (System.Type[])

(Filename: Assets/Spine/Editor/spine-unity/Editor/Utility/SpineEditorUtilities.cs Line: 270)

`Assets/Merge Beast/AnimationSpine/Cat Effect/Holi fx/holi_effect.png` : Problematic Texture Settings found: When enabling `Generate Mip Maps` in Gamma color space, it is recommended to disable `sRGB (Color Texture)` on `Premultiply alpha` textures. Otherwise you will receive white border artifacts on an atlas exported with default `Premultiply alpha` settings.
(You can disable this warning in `Edit - Preferences - Spine`)
UnityEngine.StackTraceUtility:ExtractStackTrace ()
UnityEngine.DebugLogHandler:LogFormat (UnityEngine.LogType,UnityEngine.Object,string,object[])
UnityEngine.Logger:Log (UnityEngine.LogType,object,UnityEngine.Object)
UnityEngine.Debug:LogWarning (object,UnityEngine.Object)
Spine.Unity.Editor.SpineEditorUtilities:IssueWarningsForUnrecommendedTextureSettings (string) (at Assets/Spine/Editor/spine-unity/Editor/Utility/SpineEditorUtilities.cs:270)
Spine.Unity.Editor.SpineEditorUtilities:IssueWarningsForUnrecommendedTextureSettings () (at Assets/Spine/Editor/spine-unity/Editor/Utility/SpineEditorUtilities.cs:185)
Spine.Unity.Editor.SpineEditorUtilities:Initialize () (at Assets/Spine/Editor/spine-unity/Editor/Utility/SpineEditorUtilities.cs:164)
Spine.Unity.Editor.SpineEditorUtilities:.cctor () (at Assets/Spine/Editor/spine-unity/Editor/Utility/SpineEditorUtilities.cs:100)
System.Runtime.CompilerServices.RuntimeHelpers:RunClassConstructor (System.RuntimeTypeHandle)
UnityEditor.EditorAssemblies:ProcessInitializeOnLoadAttributes (System.Type[])

(Filename: Assets/Spine/Editor/spine-unity/Editor/Utility/SpineEditorUtilities.cs Line: 270)

`Assets/Merge Beast/AnimationSpine/Cat Effect/Holi wp/holi_weapon.png` : Problematic Texture Settings found: When enabling `Generate Mip Maps` in Gamma color space, it is recommended to disable `sRGB (Color Texture)` on `Premultiply alpha` textures. Otherwise you will receive white border artifacts on an atlas exported with default `Premultiply alpha` settings.
(You can disable this warning in `Edit - Preferences - Spine`)
UnityEngine.StackTraceUtility:ExtractStackTrace ()
UnityEngine.DebugLogHandler:LogFormat (UnityEngine.LogType,UnityEngine.Object,string,object[])
UnityEngine.Logger:Log (UnityEngine.LogType,object,UnityEngine.Object)
UnityEngine.Debug:LogWarning (object,UnityEngine.Object)
Spine.Unity.Editor.SpineEditorUtilities:IssueWarningsForUnrecommendedTextureSettings (string) (at Assets/Spine/Editor/spine-unity/Editor/Utility/SpineEditorUtilities.cs:270)
Spine.Unity.Editor.SpineEditorUtilities:IssueWarningsForUnrecommendedTextureSettings () (at Assets/Spine/Editor/spine-unity/Editor/Utility/SpineEditorUtilities.cs:185)
Spine.Unity.Editor.SpineEditorUtilities:Initialize () (at Assets/Spine/Editor/spine-unity/Editor/Utility/SpineEditorUtilities.cs:164)
Spine.Unity.Editor.SpineEditorUtilities:.cctor () (at Assets/Spine/Editor/spine-unity/Editor/Utility/SpineEditorUtilities.cs:100)
System.Runtime.CompilerServices.RuntimeHelpers:RunClassConstructor (System.RuntimeTypeHandle)
UnityEditor.EditorAssemblies:ProcessInitializeOnLoadAttributes (System.Type[])

(Filename: Assets/Spine/Editor/spine-unity/Editor/Utility/SpineEditorUtilities.cs Line: 270)

`Assets/Merge Beast/AnimationSpine/Cat Effect/Jiao wp/jiao_weapon.png` : Problematic Texture Settings found: When enabling `Generate Mip Maps` in Gamma color space, it is recommended to disable `sRGB (Color Texture)` on `Premultiply alpha` textures. Otherwise you will receive white border artifacts on an atlas exported with default `Premultiply alpha` settings.
(You can disable this warning in `Edit - Preferences - Spine`)
UnityEngine.StackTraceUtility:ExtractStackTrace ()
UnityEngine.DebugLogHandler:LogFormat (UnityEngine.LogType,UnityEngine.Object,string,object[])
UnityEngine.Logger:Log (UnityEngine.LogType,object,UnityEngine.Object)
UnityEngine.Debug:LogWarning (object,UnityEngine.Object)
Spine.Unity.Editor.SpineEditorUtilities:IssueWarningsForUnrecommendedTextureSettings (string) (at Assets/Spine/Editor/spine-unity/Editor/Utility/SpineEditorUtilities.cs:270)
Spine.Unity.Editor.SpineEditorUtilities:IssueWarningsForUnrecommendedTextureSettings () (at Assets/Spine/Editor/spine-unity/Editor/Utility/SpineEditorUtilities.cs:185)
Spine.Unity.Editor.SpineEditorUtilities:Initialize () (at Assets/Spine/Editor/spine-unity/Editor/Utility/SpineEditorUtilities.cs:164)
Spine.Unity.Editor.SpineEditorUtilities:.cctor () (at Assets/Spine/Editor/spine-unity/Editor/Utility/SpineEditorUtilities.cs:100)
System.Runtime.CompilerServices.RuntimeHelpers:RunClassConstructor (System.RuntimeTypeHandle)
UnityEditor.EditorAssemblies:ProcessInitializeOnLoadAttributes (System.Type[])

(Filename: Assets/Spine/Editor/spine-unity/Editor/Utility/SpineEditorUtilities.cs Line: 270)

`Assets/Merge Beast/AnimationSpine/Cat Effect/Kagura fx/kagura_effect.png` : Problematic Texture Settings found: When enabling `Generate Mip Maps` in Gamma color space, it is recommended to disable `sRGB (Color Texture)` on `Premultiply alpha` textures. Otherwise you will receive white border artifacts on an atlas exported with default `Premultiply alpha` settings.
(You can disable this warning in `Edit - Preferences - Spine`)
UnityEngine.StackTraceUtility:ExtractStackTrace ()
UnityEngine.DebugLogHandler:LogFormat (UnityEngine.LogType,UnityEngine.Object,string,object[])
UnityEngine.Logger:Log (UnityEngine.LogType,object,UnityEngine.Object)
UnityEngine.Debug:LogWarning (object,UnityEngine.Object)
Spine.Unity.Editor.SpineEditorUtilities:IssueWarningsForUnrecommendedTextureSettings (string) (at Assets/Spine/Editor/spine-unity/Editor/Utility/SpineEditorUtilities.cs:270)
Spine.Unity.Editor.SpineEditorUtilities:IssueWarningsForUnrecommendedTextureSettings () (at Assets/Spine/Editor/spine-unity/Editor/Utility/SpineEditorUtilities.cs:185)
Spine.Unity.Editor.SpineEditorUtilities:Initialize () (at Assets/Spine/Editor/spine-unity/Editor/Utility/SpineEditorUtilities.cs:164)
Spine.Unity.Editor.SpineEditorUtilities:.cctor () (at Assets/Spine/Editor/spine-unity/Editor/Utility/SpineEditorUtilities.cs:100)
System.Runtime.CompilerServices.RuntimeHelpers:RunClassConstructor (System.RuntimeTypeHandle)
UnityEditor.EditorAssemblies:ProcessInitializeOnLoadAttributes (System.Type[])

(Filename: Assets/Spine/Editor/spine-unity/Editor/Utility/SpineEditorUtilities.cs Line: 270)

`Assets/Merge Beast/AnimationSpine/Cat Effect/Kagura wp/kagura_weapon.png` : Problematic Texture Settings found: When enabling `Generate Mip Maps` in Gamma color space, it is recommended to disable `sRGB (Color Texture)` on `Premultiply alpha` textures. Otherwise you will receive white border artifacts on an atlas exported with default `Premultiply alpha` settings.
(You can disable this warning in `Edit - Preferences - Spine`)
UnityEngine.StackTraceUtility:ExtractStackTrace ()
UnityEngine.DebugLogHandler:LogFormat (UnityEngine.LogType,UnityEngine.Object,string,object[])
UnityEngine.Logger:Log (UnityEngine.LogType,object,UnityEngine.Object)
UnityEngine.Debug:LogWarning (object,UnityEngine.Object)
Spine.Unity.Editor.SpineEditorUtilities:IssueWarningsForUnrecommendedTextureSettings (string) (at Assets/Spine/Editor/spine-unity/Editor/Utility/SpineEditorUtilities.cs:270)
Spine.Unity.Editor.SpineEditorUtilities:IssueWarningsForUnrecommendedTextureSettings () (at Assets/Spine/Editor/spine-unity/Editor/Utility/SpineEditorUtilities.cs:185)
Spine.Unity.Editor.SpineEditorUtilities:Initialize () (at Assets/Spine/Editor/spine-unity/Editor/Utility/SpineEditorUtilities.cs:164)
Spine.Unity.Editor.SpineEditorUtilities:.cctor () (at Assets/Spine/Editor/spine-unity/Editor/Utility/SpineEditorUtilities.cs:100)
System.Runtime.CompilerServices.RuntimeHelpers:RunClassConstructor (System.RuntimeTypeHandle)
UnityEditor.EditorAssemblies:ProcessInitializeOnLoadAttributes (System.Type[])

(Filename: Assets/Spine/Editor/spine-unity/Editor/Utility/SpineEditorUtilities.cs Line: 270)

`Assets/Merge Beast/AnimationSpine/Cat Effect/Kina fx/kina_effect.png` : Problematic Texture Settings found: When enabling `Generate Mip Maps` in Gamma color space, it is recommended to disable `sRGB (Color Texture)` on `Premultiply alpha` textures. Otherwise you will receive white border artifacts on an atlas exported with default `Premultiply alpha` settings.
(You can disable this warning in `Edit - Preferences - Spine`)
UnityEngine.StackTraceUtility:ExtractStackTrace ()
UnityEngine.DebugLogHandler:LogFormat (UnityEngine.LogType,UnityEngine.Object,string,object[])
UnityEngine.Logger:Log (UnityEngine.LogType,object,UnityEngine.Object)
UnityEngine.Debug:LogWarning (object,UnityEngine.Object)
Spine.Unity.Editor.SpineEditorUtilities:IssueWarningsForUnrecommendedTextureSettings (string) (at Assets/Spine/Editor/spine-unity/Editor/Utility/SpineEditorUtilities.cs:270)
Spine.Unity.Editor.SpineEditorUtilities:IssueWarningsForUnrecommendedTextureSettings () (at Assets/Spine/Editor/spine-unity/Editor/Utility/SpineEditorUtilities.cs:185)
Spine.Unity.Editor.SpineEditorUtilities:Initialize () (at Assets/Spine/Editor/spine-unity/Editor/Utility/SpineEditorUtilities.cs:164)
Spine.Unity.Editor.SpineEditorUtilities:.cctor () (at Assets/Spine/Editor/spine-unity/Editor/Utility/SpineEditorUtilities.cs:100)
System.Runtime.CompilerServices.RuntimeHelpers:RunClassConstructor (System.RuntimeTypeHandle)
UnityEditor.EditorAssemblies:ProcessInitializeOnLoadAttributes (System.Type[])

(Filename: Assets/Spine/Editor/spine-unity/Editor/Utility/SpineEditorUtilities.cs Line: 270)

`Assets/Merge Beast/AnimationSpine/Cat Effect/Kina wp/kina_weapon.png` : Problematic Texture Settings found: When enabling `Generate Mip Maps` in Gamma color space, it is recommended to disable `sRGB (Color Texture)` on `Premultiply alpha` textures. Otherwise you will receive white border artifacts on an atlas exported with default `Premultiply alpha` settings.
(You can disable this warning in `Edit - Preferences - Spine`)
UnityEngine.StackTraceUtility:ExtractStackTrace ()
UnityEngine.DebugLogHandler:LogFormat (UnityEngine.LogType,UnityEngine.Object,string,object[])
UnityEngine.Logger:Log (UnityEngine.LogType,object,UnityEngine.Object)
UnityEngine.Debug:LogWarning (object,UnityEngine.Object)
Spine.Unity.Editor.SpineEditorUtilities:IssueWarningsForUnrecommendedTextureSettings (string) (at Assets/Spine/Editor/spine-unity/Editor/Utility/SpineEditorUtilities.cs:270)
Spine.Unity.Editor.SpineEditorUtilities:IssueWarningsForUnrecommendedTextureSettings () (at Assets/Spine/Editor/spine-unity/Editor/Utility/SpineEditorUtilities.cs:185)
Spine.Unity.Editor.SpineEditorUtilities:Initialize () (at Assets/Spine/Editor/spine-unity/Editor/Utility/SpineEditorUtilities.cs:164)
Spine.Unity.Editor.SpineEditorUtilities:.cctor () (at Assets/Spine/Editor/spine-unity/Editor/Utility/SpineEditorUtilities.cs:100)
System.Runtime.CompilerServices.RuntimeHelpers:RunClassConstructor (System.RuntimeTypeHandle)
UnityEditor.EditorAssemblies:ProcessInitializeOnLoadAttributes (System.Type[])

(Filename: Assets/Spine/Editor/spine-unity/Editor/Utility/SpineEditorUtilities.cs Line: 270)

`Assets/Merge Beast/AnimationSpine/Cat Effect/Kyuzo fx/kyuzo_effect.png` : Problematic Texture Settings found: When enabling `Generate Mip Maps` in Gamma color space, it is recommended to disable `sRGB (Color Texture)` on `Premultiply alpha` textures. Otherwise you will receive white border artifacts on an atlas exported with default `Premultiply alpha` settings.
(You can disable this warning in `Edit - Preferences - Spine`)
UnityEngine.StackTraceUtility:ExtractStackTrace ()
UnityEngine.DebugLogHandler:LogFormat (UnityEngine.LogType,UnityEngine.Object,string,object[])
UnityEngine.Logger:Log (UnityEngine.LogType,object,UnityEngine.Object)
UnityEngine.Debug:LogWarning (object,UnityEngine.Object)
Spine.Unity.Editor.SpineEditorUtilities:IssueWarningsForUnrecommendedTextureSettings (string) (at Assets/Spine/Editor/spine-unity/Editor/Utility/SpineEditorUtilities.cs:270)
Spine.Unity.Editor.SpineEditorUtilities:IssueWarningsForUnrecommendedTextureSettings () (at Assets/Spine/Editor/spine-unity/Editor/Utility/SpineEditorUtilities.cs:185)
Spine.Unity.Editor.SpineEditorUtilities:Initialize () (at Assets/Spine/Editor/spine-unity/Editor/Utility/SpineEditorUtilities.cs:164)
Spine.Unity.Editor.SpineEditorUtilities:.cctor () (at Assets/Spine/Editor/spine-unity/Editor/Utility/SpineEditorUtilities.cs:100)
System.Runtime.CompilerServices.RuntimeHelpers:RunClassConstructor (System.RuntimeTypeHandle)
UnityEditor.EditorAssemblies:ProcessInitializeOnLoadAttributes (System.Type[])

(Filename: Assets/Spine/Editor/spine-unity/Editor/Utility/SpineEditorUtilities.cs Line: 270)

`Assets/Merge Beast/AnimationSpine/Cat Effect/Kyuzo wp/kyuzo_weapon.png` : Problematic Texture Settings found: When enabling `Generate Mip Maps` in Gamma color space, it is recommended to disable `sRGB (Color Texture)` on `Premultiply alpha` textures. Otherwise you will receive white border artifacts on an atlas exported with default `Premultiply alpha` settings.
(You can disable this warning in `Edit - Preferences - Spine`)
UnityEngine.StackTraceUtility:ExtractStackTrace ()
UnityEngine.DebugLogHandler:LogFormat (UnityEngine.LogType,UnityEngine.Object,string,object[])
UnityEngine.Logger:Log (UnityEngine.LogType,object,UnityEngine.Object)
UnityEngine.Debug:LogWarning (object,UnityEngine.Object)
Spine.Unity.Editor.SpineEditorUtilities:IssueWarningsForUnrecommendedTextureSettings (string) (at Assets/Spine/Editor/spine-unity/Editor/Utility/SpineEditorUtilities.cs:270)
Spine.Unity.Editor.SpineEditorUtilities:IssueWarningsForUnrecommendedTextureSettings () (at Assets/Spine/Editor/spine-unity/Editor/Utility/SpineEditorUtilities.cs:185)
Spine.Unity.Editor.SpineEditorUtilities:Initialize () (at Assets/Spine/Editor/spine-unity/Editor/Utility/SpineEditorUtilities.cs:164)
Spine.Unity.Editor.SpineEditorUtilities:.cctor () (at Assets/Spine/Editor/spine-unity/Editor/Utility/SpineEditorUtilities.cs:100)
System.Runtime.CompilerServices.RuntimeHelpers:RunClassConstructor (System.RuntimeTypeHandle)
UnityEditor.EditorAssemblies:ProcessInitializeOnLoadAttributes (System.Type[])

(Filename: Assets/Spine/Editor/spine-unity/Editor/Utility/SpineEditorUtilities.cs Line: 270)

`Assets/Merge Beast/AnimationSpine/Cat Effect/Little Miju fx/little_mijus_effect.png` : Problematic Texture Settings found: When enabling `Generate Mip Maps` in Gamma color space, it is recommended to disable `sRGB (Color Texture)` on `Premultiply alpha` textures. Otherwise you will receive white border artifacts on an atlas exported with default `Premultiply alpha` settings.
(You can disable this warning in `Edit - Preferences - Spine`)
UnityEngine.StackTraceUtility:ExtractStackTrace ()
UnityEngine.DebugLogHandler:LogFormat (UnityEngine.LogType,UnityEngine.Object,string,object[])
UnityEngine.Logger:Log (UnityEngine.LogType,object,UnityEngine.Object)
UnityEngine.Debug:LogWarning (object,UnityEngine.Object)
Spine.Unity.Editor.SpineEditorUtilities:IssueWarningsForUnrecommendedTextureSettings (string) (at Assets/Spine/Editor/spine-unity/Editor/Utility/SpineEditorUtilities.cs:270)
Spine.Unity.Editor.SpineEditorUtilities:IssueWarningsForUnrecommendedTextureSettings () (at Assets/Spine/Editor/spine-unity/Editor/Utility/SpineEditorUtilities.cs:185)
Spine.Unity.Editor.SpineEditorUtilities:Initialize () (at Assets/Spine/Editor/spine-unity/Editor/Utility/SpineEditorUtilities.cs:164)
Spine.Unity.Editor.SpineEditorUtilities:.cctor () (at Assets/Spine/Editor/spine-unity/Editor/Utility/SpineEditorUtilities.cs:100)
System.Runtime.CompilerServices.RuntimeHelpers:RunClassConstructor (System.RuntimeTypeHandle)
UnityEditor.EditorAssemblies:ProcessInitializeOnLoadAttributes (System.Type[])

(Filename: Assets/Spine/Editor/spine-unity/Editor/Utility/SpineEditorUtilities.cs Line: 270)

`Assets/Merge Beast/AnimationSpine/Cat Effect/Mijus fx/mijus_effect.png` : Problematic Texture Settings found: When enabling `Generate Mip Maps` in Gamma color space, it is recommended to disable `sRGB (Color Texture)` on `Premultiply alpha` textures. Otherwise you will receive white border artifacts on an atlas exported with default `Premultiply alpha` settings.
(You can disable this warning in `Edit - Preferences - Spine`)
UnityEngine.StackTraceUtility:ExtractStackTrace ()
UnityEngine.DebugLogHandler:LogFormat (UnityEngine.LogType,UnityEngine.Object,string,object[])
UnityEngine.Logger:Log (UnityEngine.LogType,object,UnityEngine.Object)
UnityEngine.Debug:LogWarning (object,UnityEngine.Object)
Spine.Unity.Editor.SpineEditorUtilities:IssueWarningsForUnrecommendedTextureSettings (string) (at Assets/Spine/Editor/spine-unity/Editor/Utility/SpineEditorUtilities.cs:270)
Spine.Unity.Editor.SpineEditorUtilities:IssueWarningsForUnrecommendedTextureSettings () (at Assets/Spine/Editor/spine-unity/Editor/Utility/SpineEditorUtilities.cs:185)
Spine.Unity.Editor.SpineEditorUtilities:Initialize () (at Assets/Spine/Editor/spine-unity/Editor/Utility/SpineEditorUtilities.cs:164)
Spine.Unity.Editor.SpineEditorUtilities:.cctor () (at Assets/Spine/Editor/spine-unity/Editor/Utility/SpineEditorUtilities.cs:100)
System.Runtime.CompilerServices.RuntimeHelpers:RunClassConstructor (System.RuntimeTypeHandle)
UnityEditor.EditorAssemblies:ProcessInitializeOnLoadAttributes (System.Type[])

(Filename: Assets/Spine/Editor/spine-unity/Editor/Utility/SpineEditorUtilities.cs Line: 270)

`Assets/Merge Beast/AnimationSpine/Cat Effect/Miu fx/miu_effect.png` : Problematic Texture Settings found: When enabling `Generate Mip Maps` in Gamma color space, it is recommended to disable `sRGB (Color Texture)` on `Premultiply alpha` textures. Otherwise you will receive white border artifacts on an atlas exported with default `Premultiply alpha` settings.
(You can disable this warning in `Edit - Preferences - Spine`)
UnityEngine.StackTraceUtility:ExtractStackTrace ()
UnityEngine.DebugLogHandler:LogFormat (UnityEngine.LogType,UnityEngine.Object,string,object[])
UnityEngine.Logger:Log (UnityEngine.LogType,object,UnityEngine.Object)
UnityEngine.Debug:LogWarning (object,UnityEngine.Object)
Spine.Unity.Editor.SpineEditorUtilities:IssueWarningsForUnrecommendedTextureSettings (string) (at Assets/Spine/Editor/spine-unity/Editor/Utility/SpineEditorUtilities.cs:270)
Spine.Unity.Editor.SpineEditorUtilities:IssueWarningsForUnrecommendedTextureSettings () (at Assets/Spine/Editor/spine-unity/Editor/Utility/SpineEditorUtilities.cs:185)
Spine.Unity.Editor.SpineEditorUtilities:Initialize () (at Assets/Spine/Editor/spine-unity/Editor/Utility/SpineEditorUtilities.cs:164)
Spine.Unity.Editor.SpineEditorUtilities:.cctor () (at Assets/Spine/Editor/spine-unity/Editor/Utility/SpineEditorUtilities.cs:100)
System.Runtime.CompilerServices.RuntimeHelpers:RunClassConstructor (System.RuntimeTypeHandle)
UnityEditor.EditorAssemblies:ProcessInitializeOnLoadAttributes (System.Type[])

(Filename: Assets/Spine/Editor/spine-unity/Editor/Utility/SpineEditorUtilities.cs Line: 270)

`Assets/Merge Beast/AnimationSpine/Cat Effect/Miu wp/miu_weapon.png` : Problematic Texture Settings found: When enabling `Generate Mip Maps` in Gamma color space, it is recommended to disable `sRGB (Color Texture)` on `Premultiply alpha` textures. Otherwise you will receive white border artifacts on an atlas exported with default `Premultiply alpha` settings.
(You can disable this warning in `Edit - Preferences - Spine`)
UnityEngine.StackTraceUtility:ExtractStackTrace ()
UnityEngine.DebugLogHandler:LogFormat (UnityEngine.LogType,UnityEngine.Object,string,object[])
UnityEngine.Logger:Log (UnityEngine.LogType,object,UnityEngine.Object)
UnityEngine.Debug:LogWarning (object,UnityEngine.Object)
Spine.Unity.Editor.SpineEditorUtilities:IssueWarningsForUnrecommendedTextureSettings (string) (at Assets/Spine/Editor/spine-unity/Editor/Utility/SpineEditorUtilities.cs:270)
Spine.Unity.Editor.SpineEditorUtilities:IssueWarningsForUnrecommendedTextureSettings () (at Assets/Spine/Editor/spine-unity/Editor/Utility/SpineEditorUtilities.cs:185)
Spine.Unity.Editor.SpineEditorUtilities:Initialize () (at Assets/Spine/Editor/spine-unity/Editor/Utility/SpineEditorUtilities.cs:164)
Spine.Unity.Editor.SpineEditorUtilities:.cctor () (at Assets/Spine/Editor/spine-unity/Editor/Utility/SpineEditorUtilities.cs:100)
System.Runtime.CompilerServices.RuntimeHelpers:RunClassConstructor (System.RuntimeTypeHandle)
UnityEditor.EditorAssemblies:ProcessInitializeOnLoadAttributes (System.Type[])

(Filename: Assets/Spine/Editor/spine-unity/Editor/Utility/SpineEditorUtilities.cs Line: 270)

`Assets/Merge Beast/AnimationSpine/Cat Effect/Modie fx/modie_effect.png` : Problematic Texture Settings found: When enabling `Generate Mip Maps` in Gamma color space, it is recommended to disable `sRGB (Color Texture)` on `Premultiply alpha` textures. Otherwise you will receive white border artifacts on an atlas exported with default `Premultiply alpha` settings.
(You can disable this warning in `Edit - Preferences - Spine`)
UnityEngine.StackTraceUtility:ExtractStackTrace ()
UnityEngine.DebugLogHandler:LogFormat (UnityEngine.LogType,UnityEngine.Object,string,object[])
UnityEngine.Logger:Log (UnityEngine.LogType,object,UnityEngine.Object)
UnityEngine.Debug:LogWarning (object,UnityEngine.Object)
Spine.Unity.Editor.SpineEditorUtilities:IssueWarningsForUnrecommendedTextureSettings (string) (at Assets/Spine/Editor/spine-unity/Editor/Utility/SpineEditorUtilities.cs:270)
Spine.Unity.Editor.SpineEditorUtilities:IssueWarningsForUnrecommendedTextureSettings () (at Assets/Spine/Editor/spine-unity/Editor/Utility/SpineEditorUtilities.cs:185)
Spine.Unity.Editor.SpineEditorUtilities:Initialize () (at Assets/Spine/Editor/spine-unity/Editor/Utility/SpineEditorUtilities.cs:164)
Spine.Unity.Editor.SpineEditorUtilities:.cctor () (at Assets/Spine/Editor/spine-unity/Editor/Utility/SpineEditorUtilities.cs:100)
System.Runtime.CompilerServices.RuntimeHelpers:RunClassConstructor (System.RuntimeTypeHandle)
UnityEditor.EditorAssemblies:ProcessInitializeOnLoadAttributes (System.Type[])

(Filename: Assets/Spine/Editor/spine-unity/Editor/Utility/SpineEditorUtilities.cs Line: 270)

`Assets/Merge Beast/AnimationSpine/Cat Effect/Monkey mob fx/monkey_mob_effect.png` : Problematic Texture Settings found: When enabling `Generate Mip Maps` in Gamma color space, it is recommended to disable `sRGB (Color Texture)` on `Premultiply alpha` textures. Otherwise you will receive white border artifacts on an atlas exported with default `Premultiply alpha` settings.
(You can disable this warning in `Edit - Preferences - Spine`)
UnityEngine.StackTraceUtility:ExtractStackTrace ()
UnityEngine.DebugLogHandler:LogFormat (UnityEngine.LogType,UnityEngine.Object,string,object[])
UnityEngine.Logger:Log (UnityEngine.LogType,object,UnityEngine.Object)
UnityEngine.Debug:LogWarning (object,UnityEngine.Object)
Spine.Unity.Editor.SpineEditorUtilities:IssueWarningsForUnrecommendedTextureSettings (string) (at Assets/Spine/Editor/spine-unity/Editor/Utility/SpineEditorUtilities.cs:270)
Spine.Unity.Editor.SpineEditorUtilities:IssueWarningsForUnrecommendedTextureSettings () (at Assets/Spine/Editor/spine-unity/Editor/Utility/SpineEditorUtilities.cs:185)
Spine.Unity.Editor.SpineEditorUtilities:Initialize () (at Assets/Spine/Editor/spine-unity/Editor/Utility/SpineEditorUtilities.cs:164)
Spine.Unity.Editor.SpineEditorUtilities:.cctor () (at Assets/Spine/Editor/spine-unity/Editor/Utility/SpineEditorUtilities.cs:100)
System.Runtime.CompilerServices.RuntimeHelpers:RunClassConstructor (System.RuntimeTypeHandle)
UnityEditor.EditorAssemblies:ProcessInitializeOnLoadAttributes (System.Type[])

(Filename: Assets/Spine/Editor/spine-unity/Editor/Utility/SpineEditorUtilities.cs Line: 270)

`Assets/Merge Beast/AnimationSpine/Cat Effect/Mora fx/mora_effect.png` : Problematic Texture Settings found: When enabling `Generate Mip Maps` in Gamma color space, it is recommended to disable `sRGB (Color Texture)` on `Premultiply alpha` textures. Otherwise you will receive white border artifacts on an atlas exported with default `Premultiply alpha` settings.
(You can disable this warning in `Edit - Preferences - Spine`)
UnityEngine.StackTraceUtility:ExtractStackTrace ()
UnityEngine.DebugLogHandler:LogFormat (UnityEngine.LogType,UnityEngine.Object,string,object[])
UnityEngine.Logger:Log (UnityEngine.LogType,object,UnityEngine.Object)
UnityEngine.Debug:LogWarning (object,UnityEngine.Object)
Spine.Unity.Editor.SpineEditorUtilities:IssueWarningsForUnrecommendedTextureSettings (string) (at Assets/Spine/Editor/spine-unity/Editor/Utility/SpineEditorUtilities.cs:270)
Spine.Unity.Editor.SpineEditorUtilities:IssueWarningsForUnrecommendedTextureSettings () (at Assets/Spine/Editor/spine-unity/Editor/Utility/SpineEditorUtilities.cs:185)
Spine.Unity.Editor.SpineEditorUtilities:Initialize () (at Assets/Spine/Editor/spine-unity/Editor/Utility/SpineEditorUtilities.cs:164)
Spine.Unity.Editor.SpineEditorUtilities:.cctor () (at Assets/Spine/Editor/spine-unity/Editor/Utility/SpineEditorUtilities.cs:100)
System.Runtime.CompilerServices.RuntimeHelpers:RunClassConstructor (System.RuntimeTypeHandle)
UnityEditor.EditorAssemblies:ProcessInitializeOnLoadAttributes (System.Type[])

(Filename: Assets/Spine/Editor/spine-unity/Editor/Utility/SpineEditorUtilities.cs Line: 270)

`Assets/Merge Beast/AnimationSpine/Cat Effect/Mora wp/mora_weapon.png` : Problematic Texture Settings found: When enabling `Generate Mip Maps` in Gamma color space, it is recommended to disable `sRGB (Color Texture)` on `Premultiply alpha` textures. Otherwise you will receive white border artifacts on an atlas exported with default `Premultiply alpha` settings.
(You can disable this warning in `Edit - Preferences - Spine`)
UnityEngine.StackTraceUtility:ExtractStackTrace ()
UnityEngine.DebugLogHandler:LogFormat (UnityEngine.LogType,UnityEngine.Object,string,object[])
UnityEngine.Logger:Log (UnityEngine.LogType,object,UnityEngine.Object)
UnityEngine.Debug:LogWarning (object,UnityEngine.Object)
Spine.Unity.Editor.SpineEditorUtilities:IssueWarningsForUnrecommendedTextureSettings (string) (at Assets/Spine/Editor/spine-unity/Editor/Utility/SpineEditorUtilities.cs:270)
Spine.Unity.Editor.SpineEditorUtilities:IssueWarningsForUnrecommendedTextureSettings () (at Assets/Spine/Editor/spine-unity/Editor/Utility/SpineEditorUtilities.cs:185)
Spine.Unity.Editor.SpineEditorUtilities:Initialize () (at Assets/Spine/Editor/spine-unity/Editor/Utility/SpineEditorUtilities.cs:164)
Spine.Unity.Editor.SpineEditorUtilities:.cctor () (at Assets/Spine/Editor/spine-unity/Editor/Utility/SpineEditorUtilities.cs:100)
System.Runtime.CompilerServices.RuntimeHelpers:RunClassConstructor (System.RuntimeTypeHandle)
UnityEditor.EditorAssemblies:ProcessInitializeOnLoadAttributes (System.Type[])

(Filename: Assets/Spine/Editor/spine-unity/Editor/Utility/SpineEditorUtilities.cs Line: 270)

`Assets/Merge Beast/AnimationSpine/Cat Effect/Naruto fx/naruto_effect.png` : Problematic Texture Settings found: When enabling `Generate Mip Maps` in Gamma color space, it is recommended to disable `sRGB (Color Texture)` on `Premultiply alpha` textures. Otherwise you will receive white border artifacts on an atlas exported with default `Premultiply alpha` settings.
(You can disable this warning in `Edit - Preferences - Spine`)
UnityEngine.StackTraceUtility:ExtractStackTrace ()
UnityEngine.DebugLogHandler:LogFormat (UnityEngine.LogType,UnityEngine.Object,string,object[])
UnityEngine.Logger:Log (UnityEngine.LogType,object,UnityEngine.Object)
UnityEngine.Debug:LogWarning (object,UnityEngine.Object)
Spine.Unity.Editor.SpineEditorUtilities:IssueWarningsForUnrecommendedTextureSettings (string) (at Assets/Spine/Editor/spine-unity/Editor/Utility/SpineEditorUtilities.cs:270)
Spine.Unity.Editor.SpineEditorUtilities:IssueWarningsForUnrecommendedTextureSettings () (at Assets/Spine/Editor/spine-unity/Editor/Utility/SpineEditorUtilities.cs:185)
Spine.Unity.Editor.SpineEditorUtilities:Initialize () (at Assets/Spine/Editor/spine-unity/Editor/Utility/SpineEditorUtilities.cs:164)
Spine.Unity.Editor.SpineEditorUtilities:.cctor () (at Assets/Spine/Editor/spine-unity/Editor/Utility/SpineEditorUtilities.cs:100)
System.Runtime.CompilerServices.RuntimeHelpers:RunClassConstructor (System.RuntimeTypeHandle)
UnityEditor.EditorAssemblies:ProcessInitializeOnLoadAttributes (System.Type[])

(Filename: Assets/Spine/Editor/spine-unity/Editor/Utility/SpineEditorUtilities.cs Line: 270)

`Assets/Merge Beast/AnimationSpine/Cat Effect/Naruto fx 2/naruto_effect2.png` : Problematic Texture Settings found: When enabling `Generate Mip Maps` in Gamma color space, it is recommended to disable `sRGB (Color Texture)` on `Premultiply alpha` textures. Otherwise you will receive white border artifacts on an atlas exported with default `Premultiply alpha` settings.
(You can disable this warning in `Edit - Preferences - Spine`)
UnityEngine.StackTraceUtility:ExtractStackTrace ()
UnityEngine.DebugLogHandler:LogFormat (UnityEngine.LogType,UnityEngine.Object,string,object[])
UnityEngine.Logger:Log (UnityEngine.LogType,object,UnityEngine.Object)
UnityEngine.Debug:LogWarning (object,UnityEngine.Object)
Spine.Unity.Editor.SpineEditorUtilities:IssueWarningsForUnrecommendedTextureSettings (string) (at Assets/Spine/Editor/spine-unity/Editor/Utility/SpineEditorUtilities.cs:270)
Spine.Unity.Editor.SpineEditorUtilities:IssueWarningsForUnrecommendedTextureSettings () (at Assets/Spine/Editor/spine-unity/Editor/Utility/SpineEditorUtilities.cs:185)
Spine.Unity.Editor.SpineEditorUtilities:Initialize () (at Assets/Spine/Editor/spine-unity/Editor/Utility/SpineEditorUtilities.cs:164)
Spine.Unity.Editor.SpineEditorUtilities:.cctor () (at Assets/Spine/Editor/spine-unity/Editor/Utility/SpineEditorUtilities.cs:100)
System.Runtime.CompilerServices.RuntimeHelpers:RunClassConstructor (System.RuntimeTypeHandle)
UnityEditor.EditorAssemblies:ProcessInitializeOnLoadAttributes (System.Type[])

(Filename: Assets/Spine/Editor/spine-unity/Editor/Utility/SpineEditorUtilities.cs Line: 270)

`Assets/Merge Beast/AnimationSpine/Cat Effect/Nemu fx/nemu_effect.png` : Problematic Texture Settings found: When enabling `Generate Mip Maps` in Gamma color space, it is recommended to disable `sRGB (Color Texture)` on `Premultiply alpha` textures. Otherwise you will receive white border artifacts on an atlas exported with default `Premultiply alpha` settings.
(You can disable this warning in `Edit - Preferences - Spine`)
UnityEngine.StackTraceUtility:ExtractStackTrace ()
UnityEngine.DebugLogHandler:LogFormat (UnityEngine.LogType,UnityEngine.Object,string,object[])
UnityEngine.Logger:Log (UnityEngine.LogType,object,UnityEngine.Object)
UnityEngine.Debug:LogWarning (object,UnityEngine.Object)
Spine.Unity.Editor.SpineEditorUtilities:IssueWarningsForUnrecommendedTextureSettings (string) (at Assets/Spine/Editor/spine-unity/Editor/Utility/SpineEditorUtilities.cs:270)
Spine.Unity.Editor.SpineEditorUtilities:IssueWarningsForUnrecommendedTextureSettings () (at Assets/Spine/Editor/spine-unity/Editor/Utility/SpineEditorUtilities.cs:185)
Spine.Unity.Editor.SpineEditorUtilities:Initialize () (at Assets/Spine/Editor/spine-unity/Editor/Utility/SpineEditorUtilities.cs:164)
Spine.Unity.Editor.SpineEditorUtilities:.cctor () (at Assets/Spine/Editor/spine-unity/Editor/Utility/SpineEditorUtilities.cs:100)
System.Runtime.CompilerServices.RuntimeHelpers:RunClassConstructor (System.RuntimeTypeHandle)
UnityEditor.EditorAssemblies:ProcessInitializeOnLoadAttributes (System.Type[])

(Filename: Assets/Spine/Editor/spine-unity/Editor/Utility/SpineEditorUtilities.cs Line: 270)

`Assets/Merge Beast/AnimationSpine/Cat Effect/Pank fx/pank_effect.png` : Problematic Texture Settings found: When enabling `Generate Mip Maps` in Gamma color space, it is recommended to disable `sRGB (Color Texture)` on `Premultiply alpha` textures. Otherwise you will receive white border artifacts on an atlas exported with default `Premultiply alpha` settings.
(You can disable this warning in `Edit - Preferences - Spine`)
UnityEngine.StackTraceUtility:ExtractStackTrace ()
UnityEngine.DebugLogHandler:LogFormat (UnityEngine.LogType,UnityEngine.Object,string,object[])
UnityEngine.Logger:Log (UnityEngine.LogType,object,UnityEngine.Object)
UnityEngine.Debug:LogWarning (object,UnityEngine.Object)
Spine.Unity.Editor.SpineEditorUtilities:IssueWarningsForUnrecommendedTextureSettings (string) (at Assets/Spine/Editor/spine-unity/Editor/Utility/SpineEditorUtilities.cs:270)
Spine.Unity.Editor.SpineEditorUtilities:IssueWarningsForUnrecommendedTextureSettings () (at Assets/Spine/Editor/spine-unity/Editor/Utility/SpineEditorUtilities.cs:185)
Spine.Unity.Editor.SpineEditorUtilities:Initialize () (at Assets/Spine/Editor/spine-unity/Editor/Utility/SpineEditorUtilities.cs:164)
Spine.Unity.Editor.SpineEditorUtilities:.cctor () (at Assets/Spine/Editor/spine-unity/Editor/Utility/SpineEditorUtilities.cs:100)
System.Runtime.CompilerServices.RuntimeHelpers:RunClassConstructor (System.RuntimeTypeHandle)
UnityEditor.EditorAssemblies:ProcessInitializeOnLoadAttributes (System.Type[])

(Filename: Assets/Spine/Editor/spine-unity/Editor/Utility/SpineEditorUtilities.cs Line: 270)

`Assets/Merge Beast/AnimationSpine/Cat Effect/Pomer Slingshot fx/pomer_slingshot_effect.png` : Problematic Texture Settings found: When enabling `Generate Mip Maps` in Gamma color space, it is recommended to disable `sRGB (Color Texture)` on `Premultiply alpha` textures. Otherwise you will receive white border artifacts on an atlas exported with default `Premultiply alpha` settings.
(You can disable this warning in `Edit - Preferences - Spine`)
UnityEngine.StackTraceUtility:ExtractStackTrace ()
UnityEngine.DebugLogHandler:LogFormat (UnityEngine.LogType,UnityEngine.Object,string,object[])
UnityEngine.Logger:Log (UnityEngine.LogType,object,UnityEngine.Object)
UnityEngine.Debug:LogWarning (object,UnityEngine.Object)
Spine.Unity.Editor.SpineEditorUtilities:IssueWarningsForUnrecommendedTextureSettings (string) (at Assets/Spine/Editor/spine-unity/Editor/Utility/SpineEditorUtilities.cs:270)
Spine.Unity.Editor.SpineEditorUtilities:IssueWarningsForUnrecommendedTextureSettings () (at Assets/Spine/Editor/spine-unity/Editor/Utility/SpineEditorUtilities.cs:185)
Spine.Unity.Editor.SpineEditorUtilities:Initialize () (at Assets/Spine/Editor/spine-unity/Editor/Utility/SpineEditorUtilities.cs:164)
Spine.Unity.Editor.SpineEditorUtilities:.cctor () (at Assets/Spine/Editor/spine-unity/Editor/Utility/SpineEditorUtilities.cs:100)
System.Runtime.CompilerServices.RuntimeHelpers:RunClassConstructor (System.RuntimeTypeHandle)
UnityEditor.EditorAssemblies:ProcessInitializeOnLoadAttributes (System.Type[])

(Filename: Assets/Spine/Editor/spine-unity/Editor/Utility/SpineEditorUtilities.cs Line: 270)

`Assets/Merge Beast/AnimationSpine/Cat Effect/Seji wp/seiji_weapon.png` : Problematic Texture Settings found: When enabling `Generate Mip Maps` in Gamma color space, it is recommended to disable `sRGB (Color Texture)` on `Premultiply alpha` textures. Otherwise you will receive white border artifacts on an atlas exported with default `Premultiply alpha` settings.
(You can disable this warning in `Edit - Preferences - Spine`)
UnityEngine.StackTraceUtility:ExtractStackTrace ()
UnityEngine.DebugLogHandler:LogFormat (UnityEngine.LogType,UnityEngine.Object,string,object[])
UnityEngine.Logger:Log (UnityEngine.LogType,object,UnityEngine.Object)
UnityEngine.Debug:LogWarning (object,UnityEngine.Object)
Spine.Unity.Editor.SpineEditorUtilities:IssueWarningsForUnrecommendedTextureSettings (string) (at Assets/Spine/Editor/spine-unity/Editor/Utility/SpineEditorUtilities.cs:270)
Spine.Unity.Editor.SpineEditorUtilities:IssueWarningsForUnrecommendedTextureSettings () (at Assets/Spine/Editor/spine-unity/Editor/Utility/SpineEditorUtilities.cs:185)
Spine.Unity.Editor.SpineEditorUtilities:Initialize () (at Assets/Spine/Editor/spine-unity/Editor/Utility/SpineEditorUtilities.cs:164)
Spine.Unity.Editor.SpineEditorUtilities:.cctor () (at Assets/Spine/Editor/spine-unity/Editor/Utility/SpineEditorUtilities.cs:100)
System.Runtime.CompilerServices.RuntimeHelpers:RunClassConstructor (System.RuntimeTypeHandle)
UnityEditor.EditorAssemblies:ProcessInitializeOnLoadAttributes (System.Type[])

(Filename: Assets/Spine/Editor/spine-unity/Editor/Utility/SpineEditorUtilities.cs Line: 270)

`Assets/Merge Beast/AnimationSpine/Cat Effect/Shiba fire fx/shiba_fire_effect.png` : Problematic Texture Settings found: When enabling `Generate Mip Maps` in Gamma color space, it is recommended to disable `sRGB (Color Texture)` on `Premultiply alpha` textures. Otherwise you will receive white border artifacts on an atlas exported with default `Premultiply alpha` settings.
(You can disable this warning in `Edit - Preferences - Spine`)
UnityEngine.StackTraceUtility:ExtractStackTrace ()
UnityEngine.DebugLogHandler:LogFormat (UnityEngine.LogType,UnityEngine.Object,string,object[])
UnityEngine.Logger:Log (UnityEngine.LogType,object,UnityEngine.Object)
UnityEngine.Debug:LogWarning (object,UnityEngine.Object)
Spine.Unity.Editor.SpineEditorUtilities:IssueWarningsForUnrecommendedTextureSettings (string) (at Assets/Spine/Editor/spine-unity/Editor/Utility/SpineEditorUtilities.cs:270)
Spine.Unity.Editor.SpineEditorUtilities:IssueWarningsForUnrecommendedTextureSettings () (at Assets/Spine/Editor/spine-unity/Editor/Utility/SpineEditorUtilities.cs:185)
Spine.Unity.Editor.SpineEditorUtilities:Initialize () (at Assets/Spine/Editor/spine-unity/Editor/Utility/SpineEditorUtilities.cs:164)
Spine.Unity.Editor.SpineEditorUtilities:.cctor () (at Assets/Spine/Editor/spine-unity/Editor/Utility/SpineEditorUtilities.cs:100)
System.Runtime.CompilerServices.RuntimeHelpers:RunClassConstructor (System.RuntimeTypeHandle)
UnityEditor.EditorAssemblies:ProcessInitializeOnLoadAttributes (System.Type[])

(Filename: Assets/Spine/Editor/spine-unity/Editor/Utility/SpineEditorUtilities.cs Line: 270)

`Assets/Merge Beast/AnimationSpine/Cat Effect/Sun fx/sun_effect.png` : Problematic Texture Settings found: When enabling `Generate Mip Maps` in Gamma color space, it is recommended to disable `sRGB (Color Texture)` on `Premultiply alpha` textures. Otherwise you will receive white border artifacts on an atlas exported with default `Premultiply alpha` settings.
(You can disable this warning in `Edit - Preferences - Spine`)
UnityEngine.StackTraceUtility:ExtractStackTrace ()
UnityEngine.DebugLogHandler:LogFormat (UnityEngine.LogType,UnityEngine.Object,string,object[])
UnityEngine.Logger:Log (UnityEngine.LogType,object,UnityEngine.Object)
UnityEngine.Debug:LogWarning (object,UnityEngine.Object)
Spine.Unity.Editor.SpineEditorUtilities:IssueWarningsForUnrecommendedTextureSettings (string) (at Assets/Spine/Editor/spine-unity/Editor/Utility/SpineEditorUtilities.cs:270)
Spine.Unity.Editor.SpineEditorUtilities:IssueWarningsForUnrecommendedTextureSettings () (at Assets/Spine/Editor/spine-unity/Editor/Utility/SpineEditorUtilities.cs:185)
Spine.Unity.Editor.SpineEditorUtilities:Initialize () (at Assets/Spine/Editor/spine-unity/Editor/Utility/SpineEditorUtilities.cs:164)
Spine.Unity.Editor.SpineEditorUtilities:.cctor () (at Assets/Spine/Editor/spine-unity/Editor/Utility/SpineEditorUtilities.cs:100)
System.Runtime.CompilerServices.RuntimeHelpers:RunClassConstructor (System.RuntimeTypeHandle)
UnityEditor.EditorAssemblies:ProcessInitializeOnLoadAttributes (System.Type[])

(Filename: Assets/Spine/Editor/spine-unity/Editor/Utility/SpineEditorUtilities.cs Line: 270)

`Assets/Merge Beast/AnimationSpine/Cat Effect/Sun wp/sun_weapon.png` : Problematic Texture Settings found: When enabling `Generate Mip Maps` in Gamma color space, it is recommended to disable `sRGB (Color Texture)` on `Premultiply alpha` textures. Otherwise you will receive white border artifacts on an atlas exported with default `Premultiply alpha` settings.
(You can disable this warning in `Edit - Preferences - Spine`)
UnityEngine.StackTraceUtility:ExtractStackTrace ()
UnityEngine.DebugLogHandler:LogFormat (UnityEngine.LogType,UnityEngine.Object,string,object[])
UnityEngine.Logger:Log (UnityEngine.LogType,object,UnityEngine.Object)
UnityEngine.Debug:LogWarning (object,UnityEngine.Object)
Spine.Unity.Editor.SpineEditorUtilities:IssueWarningsForUnrecommendedTextureSettings (string) (at Assets/Spine/Editor/spine-unity/Editor/Utility/SpineEditorUtilities.cs:270)
Spine.Unity.Editor.SpineEditorUtilities:IssueWarningsForUnrecommendedTextureSettings () (at Assets/Spine/Editor/spine-unity/Editor/Utility/SpineEditorUtilities.cs:185)
Spine.Unity.Editor.SpineEditorUtilities:Initialize () (at Assets/Spine/Editor/spine-unity/Editor/Utility/SpineEditorUtilities.cs:164)
Spine.Unity.Editor.SpineEditorUtilities:.cctor () (at Assets/Spine/Editor/spine-unity/Editor/Utility/SpineEditorUtilities.cs:100)
System.Runtime.CompilerServices.RuntimeHelpers:RunClassConstructor (System.RuntimeTypeHandle)
UnityEditor.EditorAssemblies:ProcessInitializeOnLoadAttributes (System.Type[])

(Filename: Assets/Spine/Editor/spine-unity/Editor/Utility/SpineEditorUtilities.cs Line: 270)

`Assets/Merge Beast/AnimationSpine/Cat Effect/The Elder One fx/the_elder_one_effect.png` : Problematic Texture Settings found: When enabling `Generate Mip Maps` in Gamma color space, it is recommended to disable `sRGB (Color Texture)` on `Premultiply alpha` textures. Otherwise you will receive white border artifacts on an atlas exported with default `Premultiply alpha` settings.
(You can disable this warning in `Edit - Preferences - Spine`)
UnityEngine.StackTraceUtility:ExtractStackTrace ()
UnityEngine.DebugLogHandler:LogFormat (UnityEngine.LogType,UnityEngine.Object,string,object[])
UnityEngine.Logger:Log (UnityEngine.LogType,object,UnityEngine.Object)
UnityEngine.Debug:LogWarning (object,UnityEngine.Object)
Spine.Unity.Editor.SpineEditorUtilities:IssueWarningsForUnrecommendedTextureSettings (string) (at Assets/Spine/Editor/spine-unity/Editor/Utility/SpineEditorUtilities.cs:270)
Spine.Unity.Editor.SpineEditorUtilities:IssueWarningsForUnrecommendedTextureSettings () (at Assets/Spine/Editor/spine-unity/Editor/Utility/SpineEditorUtilities.cs:185)
Spine.Unity.Editor.SpineEditorUtilities:Initialize () (at Assets/Spine/Editor/spine-unity/Editor/Utility/SpineEditorUtilities.cs:164)
Spine.Unity.Editor.SpineEditorUtilities:.cctor () (at Assets/Spine/Editor/spine-unity/Editor/Utility/SpineEditorUtilities.cs:100)
System.Runtime.CompilerServices.RuntimeHelpers:RunClassConstructor (System.RuntimeTypeHandle)
UnityEditor.EditorAssemblies:ProcessInitializeOnLoadAttributes (System.Type[])

(Filename: Assets/Spine/Editor/spine-unity/Editor/Utility/SpineEditorUtilities.cs Line: 270)

`Assets/Merge Beast/AnimationSpine/Cat Effect/Tsuki fx/tsuki_effect.png` : Problematic Texture Settings found: When enabling `Generate Mip Maps` in Gamma color space, it is recommended to disable `sRGB (Color Texture)` on `Premultiply alpha` textures. Otherwise you will receive white border artifacts on an atlas exported with default `Premultiply alpha` settings.
(You can disable this warning in `Edit - Preferences - Spine`)
UnityEngine.StackTraceUtility:ExtractStackTrace ()
UnityEngine.DebugLogHandler:LogFormat (UnityEngine.LogType,UnityEngine.Object,string,object[])
UnityEngine.Logger:Log (UnityEngine.LogType,object,UnityEngine.Object)
UnityEngine.Debug:LogWarning (object,UnityEngine.Object)
Spine.Unity.Editor.SpineEditorUtilities:IssueWarningsForUnrecommendedTextureSettings (string) (at Assets/Spine/Editor/spine-unity/Editor/Utility/SpineEditorUtilities.cs:270)
Spine.Unity.Editor.SpineEditorUtilities:IssueWarningsForUnrecommendedTextureSettings () (at Assets/Spine/Editor/spine-unity/Editor/Utility/SpineEditorUtilities.cs:185)
Spine.Unity.Editor.SpineEditorUtilities:Initialize () (at Assets/Spine/Editor/spine-unity/Editor/Utility/SpineEditorUtilities.cs:164)
Spine.Unity.Editor.SpineEditorUtilities:.cctor () (at Assets/Spine/Editor/spine-unity/Editor/Utility/SpineEditorUtilities.cs:100)
System.Runtime.CompilerServices.RuntimeHelpers:RunClassConstructor (System.RuntimeTypeHandle)
UnityEditor.EditorAssemblies:ProcessInitializeOnLoadAttributes (System.Type[])

(Filename: Assets/Spine/Editor/spine-unity/Editor/Utility/SpineEditorUtilities.cs Line: 270)

`Assets/Merge Beast/AnimationSpine/Cat Effect/Tsuki wp/tsuki_weapon.png` : Problematic Texture Settings found: When enabling `Generate Mip Maps` in Gamma color space, it is recommended to disable `sRGB (Color Texture)` on `Premultiply alpha` textures. Otherwise you will receive white border artifacts on an atlas exported with default `Premultiply alpha` settings.
(You can disable this warning in `Edit - Preferences - Spine`)
UnityEngine.StackTraceUtility:ExtractStackTrace ()
UnityEngine.DebugLogHandler:LogFormat (UnityEngine.LogType,UnityEngine.Object,string,object[])
UnityEngine.Logger:Log (UnityEngine.LogType,object,UnityEngine.Object)
UnityEngine.Debug:LogWarning (object,UnityEngine.Object)
Spine.Unity.Editor.SpineEditorUtilities:IssueWarningsForUnrecommendedTextureSettings (string) (at Assets/Spine/Editor/spine-unity/Editor/Utility/SpineEditorUtilities.cs:270)
Spine.Unity.Editor.SpineEditorUtilities:IssueWarningsForUnrecommendedTextureSettings () (at Assets/Spine/Editor/spine-unity/Editor/Utility/SpineEditorUtilities.cs:185)
Spine.Unity.Editor.SpineEditorUtilities:Initialize () (at Assets/Spine/Editor/spine-unity/Editor/Utility/SpineEditorUtilities.cs:164)
Spine.Unity.Editor.SpineEditorUtilities:.cctor () (at Assets/Spine/Editor/spine-unity/Editor/Utility/SpineEditorUtilities.cs:100)
System.Runtime.CompilerServices.RuntimeHelpers:RunClassConstructor (System.RuntimeTypeHandle)
UnityEditor.EditorAssemblies:ProcessInitializeOnLoadAttributes (System.Type[])

(Filename: Assets/Spine/Editor/spine-unity/Editor/Utility/SpineEditorUtilities.cs Line: 270)

`Assets/Merge Beast/AnimationSpine/Monster/Hero Cat Empty/hero_cat_empty.png` and material `hero_cat_empty_Material.mat` : IncorrectTexture / Material Settings found: It is strongly recommended to enable `Alpha Is Transparency` on `Straight alpha` textures.
Assuming `Straight alpha` texture because `Straight Alpha Texture` is enabled at material). (You can disable this warning in `Edit - Preferences - Spine`)
UnityEngine.StackTraceUtility:ExtractStackTrace ()
UnityEngine.DebugLogHandler:LogFormat (UnityEngine.LogType,UnityEngine.Object,string,object[])
UnityEngine.Logger:Log (UnityEngine.LogType,object,UnityEngine.Object)
UnityEngine.Debug:LogWarning (object,UnityEngine.Object)
Spine.Unity.Editor.SpineEditorUtilities:IssueWarningsForUnrecommendedTextureSettings (string) (at Assets/Spine/Editor/spine-unity/Editor/Utility/SpineEditorUtilities.cs:270)
Spine.Unity.Editor.SpineEditorUtilities:IssueWarningsForUnrecommendedTextureSettings () (at Assets/Spine/Editor/spine-unity/Editor/Utility/SpineEditorUtilities.cs:185)
Spine.Unity.Editor.SpineEditorUtilities:Initialize () (at Assets/Spine/Editor/spine-unity/Editor/Utility/SpineEditorUtilities.cs:164)
Spine.Unity.Editor.SpineEditorUtilities:.cctor () (at Assets/Spine/Editor/spine-unity/Editor/Utility/SpineEditorUtilities.cs:100)
System.Runtime.CompilerServices.RuntimeHelpers:RunClassConstructor (System.RuntimeTypeHandle)
UnityEditor.EditorAssemblies:ProcessInitializeOnLoadAttributes (System.Type[])

(Filename: Assets/Spine/Editor/spine-unity/Editor/Utility/SpineEditorUtilities.cs Line: 270)

[Package Manager] Server::EnsureServerProcessIsRunning -- launch failed, reason: Unity was launched with the -noUpm command-line argument
[Package Manager] UpmClient::Send -- Unable to send message (not connected to UPM process).
[Package Manager] Cannot connect to Unity Package Manager local server
Mono: successfully reloaded assembly
- Finished resetting the current domain, in  0.933 seconds
Domain Reload Profiling: 1324ms
	BeginReloadAssembly (114ms)
		ExecutionOrderSort (0ms)
		DisableScriptedObjects (5ms)
		BackupInstance (0ms)
		ReleaseScriptingObjects (0ms)
		CreateAndSetChildDomain (28ms)
	RebuildCommonClasses (25ms)
	RebuildNativeTypeToScriptingClass (13ms)
	initialDomainReloadingComplete (26ms)
	LoadAllAssembliesAndSetupDomain (213ms)
		LoadAssemblies (250ms)
		RebuildTransferFunctionScriptingTraits (0ms)
		AnalyzeDomain (16ms)
			TypeCache.Refresh (5ms)
				TypeCache.ScanAssembly (0ms)
			ScanForSourceGeneratedMonoScriptInfo (0ms)
			ResolveRequiredComponents (10ms)
	FinalizeReload (933ms)
		ReleaseScriptCaches (0ms)
		RebuildScriptCaches (0ms)
		SetupLoadedEditorAssemblies (638ms)
			LogAssemblyErrors (0ms)
			InitializePlatformSupportModulesInManaged (7ms)
			SetLoadedEditorAssemblies (6ms)
			RefreshPlugins (0ms)
			BeforeProcessingInitializeOnLoad (78ms)
			ProcessInitializeOnLoadAttributes (507ms)
			ProcessInitializeOnLoadMethodAttributes (36ms)
			AfterProcessingInitializeOnLoad (3ms)
			EditorAssembliesLoaded (0ms)
		ExecutionOrderSort2 (0ms)
		AwakeInstancesAfterBackupRestoration (7ms)
Refreshing native plugins compatible for Editor in 1.95 ms, found 2 plugins.
Preloading 0 native plugins for Editor in 0.00 ms.
Unloading 2491 Unused Serialized files (Serialized files now loaded: 0)
Unloading 335 unused Assets / (1.6 MB). Loaded Objects now: 2886.
Memory consumption went from 222.3 MB to 220.7 MB.
Total: 4.564500 ms (FindLiveObjects: 0.366900 ms CreateObjectMapping: 0.072800 ms MarkObjects: 2.399100 ms  DeleteObjects: 1.724700 ms)

Prepare: number of updated asset objects reloaded= 0
AssetImportParameters requested are different than current active one (requested -> active):
  custom:video-decoder-webm-vp8: 9c59270c3fd7afecdb556c50c9e8de78 -> 
  custom:SearchIndexIgnoredProperties: e643bd26f0fe6173181afceb89e7c659 -> 
  custom:container-demuxer-ogg: 62fdf1f143b41e24485cea50d1cbac27 -> 
  custom:AudioImporter_EditorPlatform: d09bf68614088b80899f8185d706f6e7 -> 
  custom:video-decoder-ogg-theora: a1e56fd34408186e4bbccfd4996cb3dc -> 
  custom:framework-win-MediaFoundation: 216162199b28c13a410421893ffa2e32 -> 
  custom:video-encoder-webm-vp8: eb34c28f22e8b96e1ab97ce403110664 -> 
  custom:audio-decoder-ogg-vorbis: bf7c407c2cedff20999df2af8eb42d56 -> 
  custom:CustomObjectIndexerAttribute: 9a22284fe3817be447336de3de66b15e -> 
  custom:container-demuxer-webm: 4f35f7cbe854078d1ac9338744f61a02 -> 
  custom:audio-encoder-webm-vorbis: bf7c407c2cedff20999df2af8eb42d56 -> 
  custom:container-muxer-webm: aa71ff27fc2769a1b78a27578f13a17b -> 
========================================================================
Received Prepare
Caller must complete domain reload
Begin MonoManager ReloadAssembly
Symbol file LoadedFromMemory is not a mono symbol file
- Loaded All Assemblies, in  0.446 seconds
Native extension for WindowsStandalone target not found
Native extension for WebGL target not found
`Assets/Merge Beast/AnimationSpine/Cat Effect/Flash fx/flash_effect.png` : Problematic Texture Settings found: When enabling `Generate Mip Maps` in Gamma color space, it is recommended to disable `sRGB (Color Texture)` on `Premultiply alpha` textures. Otherwise you will receive white border artifacts on an atlas exported with default `Premultiply alpha` settings.
(You can disable this warning in `Edit - Preferences - Spine`)
UnityEngine.StackTraceUtility:ExtractStackTrace ()
UnityEngine.DebugLogHandler:LogFormat (UnityEngine.LogType,UnityEngine.Object,string,object[])
UnityEngine.Logger:Log (UnityEngine.LogType,object,UnityEngine.Object)
UnityEngine.Debug:LogWarning (object,UnityEngine.Object)
Spine.Unity.Editor.SpineEditorUtilities:IssueWarningsForUnrecommendedTextureSettings (string) (at Assets/Spine/Editor/spine-unity/Editor/Utility/SpineEditorUtilities.cs:270)
Spine.Unity.Editor.SpineEditorUtilities:IssueWarningsForUnrecommendedTextureSettings () (at Assets/Spine/Editor/spine-unity/Editor/Utility/SpineEditorUtilities.cs:185)
Spine.Unity.Editor.SpineEditorUtilities:Initialize () (at Assets/Spine/Editor/spine-unity/Editor/Utility/SpineEditorUtilities.cs:164)
Spine.Unity.Editor.SpineEditorUtilities:.cctor () (at Assets/Spine/Editor/spine-unity/Editor/Utility/SpineEditorUtilities.cs:100)
System.Runtime.CompilerServices.RuntimeHelpers:RunClassConstructor (System.RuntimeTypeHandle)
UnityEditor.EditorAssemblies:ProcessInitializeOnLoadAttributes (System.Type[])

(Filename: Assets/Spine/Editor/spine-unity/Editor/Utility/SpineEditorUtilities.cs Line: 270)

`Assets/Merge Beast/AnimationSpine/Cat Effect/Gostie fx/gostie_effect.png` : Problematic Texture Settings found: When enabling `Generate Mip Maps` in Gamma color space, it is recommended to disable `sRGB (Color Texture)` on `Premultiply alpha` textures. Otherwise you will receive white border artifacts on an atlas exported with default `Premultiply alpha` settings.
(You can disable this warning in `Edit - Preferences - Spine`)
UnityEngine.StackTraceUtility:ExtractStackTrace ()
UnityEngine.DebugLogHandler:LogFormat (UnityEngine.LogType,UnityEngine.Object,string,object[])
UnityEngine.Logger:Log (UnityEngine.LogType,object,UnityEngine.Object)
UnityEngine.Debug:LogWarning (object,UnityEngine.Object)
Spine.Unity.Editor.SpineEditorUtilities:IssueWarningsForUnrecommendedTextureSettings (string) (at Assets/Spine/Editor/spine-unity/Editor/Utility/SpineEditorUtilities.cs:270)
Spine.Unity.Editor.SpineEditorUtilities:IssueWarningsForUnrecommendedTextureSettings () (at Assets/Spine/Editor/spine-unity/Editor/Utility/SpineEditorUtilities.cs:185)
Spine.Unity.Editor.SpineEditorUtilities:Initialize () (at Assets/Spine/Editor/spine-unity/Editor/Utility/SpineEditorUtilities.cs:164)
Spine.Unity.Editor.SpineEditorUtilities:.cctor () (at Assets/Spine/Editor/spine-unity/Editor/Utility/SpineEditorUtilities.cs:100)
System.Runtime.CompilerServices.RuntimeHelpers:RunClassConstructor (System.RuntimeTypeHandle)
UnityEditor.EditorAssemblies:ProcessInitializeOnLoadAttributes (System.Type[])

(Filename: Assets/Spine/Editor/spine-unity/Editor/Utility/SpineEditorUtilities.cs Line: 270)

`Assets/Merge Beast/AnimationSpine/Cat Effect/Holi fx/holi_effect.png` : Problematic Texture Settings found: When enabling `Generate Mip Maps` in Gamma color space, it is recommended to disable `sRGB (Color Texture)` on `Premultiply alpha` textures. Otherwise you will receive white border artifacts on an atlas exported with default `Premultiply alpha` settings.
(You can disable this warning in `Edit - Preferences - Spine`)
UnityEngine.StackTraceUtility:ExtractStackTrace ()
UnityEngine.DebugLogHandler:LogFormat (UnityEngine.LogType,UnityEngine.Object,string,object[])
UnityEngine.Logger:Log (UnityEngine.LogType,object,UnityEngine.Object)
UnityEngine.Debug:LogWarning (object,UnityEngine.Object)
Spine.Unity.Editor.SpineEditorUtilities:IssueWarningsForUnrecommendedTextureSettings (string) (at Assets/Spine/Editor/spine-unity/Editor/Utility/SpineEditorUtilities.cs:270)
Spine.Unity.Editor.SpineEditorUtilities:IssueWarningsForUnrecommendedTextureSettings () (at Assets/Spine/Editor/spine-unity/Editor/Utility/SpineEditorUtilities.cs:185)
Spine.Unity.Editor.SpineEditorUtilities:Initialize () (at Assets/Spine/Editor/spine-unity/Editor/Utility/SpineEditorUtilities.cs:164)
Spine.Unity.Editor.SpineEditorUtilities:.cctor () (at Assets/Spine/Editor/spine-unity/Editor/Utility/SpineEditorUtilities.cs:100)
System.Runtime.CompilerServices.RuntimeHelpers:RunClassConstructor (System.RuntimeTypeHandle)
UnityEditor.EditorAssemblies:ProcessInitializeOnLoadAttributes (System.Type[])

(Filename: Assets/Spine/Editor/spine-unity/Editor/Utility/SpineEditorUtilities.cs Line: 270)

`Assets/Merge Beast/AnimationSpine/Cat Effect/Holi wp/holi_weapon.png` : Problematic Texture Settings found: When enabling `Generate Mip Maps` in Gamma color space, it is recommended to disable `sRGB (Color Texture)` on `Premultiply alpha` textures. Otherwise you will receive white border artifacts on an atlas exported with default `Premultiply alpha` settings.
(You can disable this warning in `Edit - Preferences - Spine`)
UnityEngine.StackTraceUtility:ExtractStackTrace ()
UnityEngine.DebugLogHandler:LogFormat (UnityEngine.LogType,UnityEngine.Object,string,object[])
UnityEngine.Logger:Log (UnityEngine.LogType,object,UnityEngine.Object)
UnityEngine.Debug:LogWarning (object,UnityEngine.Object)
Spine.Unity.Editor.SpineEditorUtilities:IssueWarningsForUnrecommendedTextureSettings (string) (at Assets/Spine/Editor/spine-unity/Editor/Utility/SpineEditorUtilities.cs:270)
Spine.Unity.Editor.SpineEditorUtilities:IssueWarningsForUnrecommendedTextureSettings () (at Assets/Spine/Editor/spine-unity/Editor/Utility/SpineEditorUtilities.cs:185)
Spine.Unity.Editor.SpineEditorUtilities:Initialize () (at Assets/Spine/Editor/spine-unity/Editor/Utility/SpineEditorUtilities.cs:164)
Spine.Unity.Editor.SpineEditorUtilities:.cctor () (at Assets/Spine/Editor/spine-unity/Editor/Utility/SpineEditorUtilities.cs:100)
System.Runtime.CompilerServices.RuntimeHelpers:RunClassConstructor (System.RuntimeTypeHandle)
UnityEditor.EditorAssemblies:ProcessInitializeOnLoadAttributes (System.Type[])

(Filename: Assets/Spine/Editor/spine-unity/Editor/Utility/SpineEditorUtilities.cs Line: 270)

`Assets/Merge Beast/AnimationSpine/Cat Effect/Jiao wp/jiao_weapon.png` : Problematic Texture Settings found: When enabling `Generate Mip Maps` in Gamma color space, it is recommended to disable `sRGB (Color Texture)` on `Premultiply alpha` textures. Otherwise you will receive white border artifacts on an atlas exported with default `Premultiply alpha` settings.
(You can disable this warning in `Edit - Preferences - Spine`)
UnityEngine.StackTraceUtility:ExtractStackTrace ()
UnityEngine.DebugLogHandler:LogFormat (UnityEngine.LogType,UnityEngine.Object,string,object[])
UnityEngine.Logger:Log (UnityEngine.LogType,object,UnityEngine.Object)
UnityEngine.Debug:LogWarning (object,UnityEngine.Object)
Spine.Unity.Editor.SpineEditorUtilities:IssueWarningsForUnrecommendedTextureSettings (string) (at Assets/Spine/Editor/spine-unity/Editor/Utility/SpineEditorUtilities.cs:270)
Spine.Unity.Editor.SpineEditorUtilities:IssueWarningsForUnrecommendedTextureSettings () (at Assets/Spine/Editor/spine-unity/Editor/Utility/SpineEditorUtilities.cs:185)
Spine.Unity.Editor.SpineEditorUtilities:Initialize () (at Assets/Spine/Editor/spine-unity/Editor/Utility/SpineEditorUtilities.cs:164)
Spine.Unity.Editor.SpineEditorUtilities:.cctor () (at Assets/Spine/Editor/spine-unity/Editor/Utility/SpineEditorUtilities.cs:100)
System.Runtime.CompilerServices.RuntimeHelpers:RunClassConstructor (System.RuntimeTypeHandle)
UnityEditor.EditorAssemblies:ProcessInitializeOnLoadAttributes (System.Type[])

(Filename: Assets/Spine/Editor/spine-unity/Editor/Utility/SpineEditorUtilities.cs Line: 270)

`Assets/Merge Beast/AnimationSpine/Cat Effect/Kagura fx/kagura_effect.png` : Problematic Texture Settings found: When enabling `Generate Mip Maps` in Gamma color space, it is recommended to disable `sRGB (Color Texture)` on `Premultiply alpha` textures. Otherwise you will receive white border artifacts on an atlas exported with default `Premultiply alpha` settings.
(You can disable this warning in `Edit - Preferences - Spine`)
UnityEngine.StackTraceUtility:ExtractStackTrace ()
UnityEngine.DebugLogHandler:LogFormat (UnityEngine.LogType,UnityEngine.Object,string,object[])
UnityEngine.Logger:Log (UnityEngine.LogType,object,UnityEngine.Object)
UnityEngine.Debug:LogWarning (object,UnityEngine.Object)
Spine.Unity.Editor.SpineEditorUtilities:IssueWarningsForUnrecommendedTextureSettings (string) (at Assets/Spine/Editor/spine-unity/Editor/Utility/SpineEditorUtilities.cs:270)
Spine.Unity.Editor.SpineEditorUtilities:IssueWarningsForUnrecommendedTextureSettings () (at Assets/Spine/Editor/spine-unity/Editor/Utility/SpineEditorUtilities.cs:185)
Spine.Unity.Editor.SpineEditorUtilities:Initialize () (at Assets/Spine/Editor/spine-unity/Editor/Utility/SpineEditorUtilities.cs:164)
Spine.Unity.Editor.SpineEditorUtilities:.cctor () (at Assets/Spine/Editor/spine-unity/Editor/Utility/SpineEditorUtilities.cs:100)
System.Runtime.CompilerServices.RuntimeHelpers:RunClassConstructor (System.RuntimeTypeHandle)
UnityEditor.EditorAssemblies:ProcessInitializeOnLoadAttributes (System.Type[])

(Filename: Assets/Spine/Editor/spine-unity/Editor/Utility/SpineEditorUtilities.cs Line: 270)

`Assets/Merge Beast/AnimationSpine/Cat Effect/Kagura wp/kagura_weapon.png` : Problematic Texture Settings found: When enabling `Generate Mip Maps` in Gamma color space, it is recommended to disable `sRGB (Color Texture)` on `Premultiply alpha` textures. Otherwise you will receive white border artifacts on an atlas exported with default `Premultiply alpha` settings.
(You can disable this warning in `Edit - Preferences - Spine`)
UnityEngine.StackTraceUtility:ExtractStackTrace ()
UnityEngine.DebugLogHandler:LogFormat (UnityEngine.LogType,UnityEngine.Object,string,object[])
UnityEngine.Logger:Log (UnityEngine.LogType,object,UnityEngine.Object)
UnityEngine.Debug:LogWarning (object,UnityEngine.Object)
Spine.Unity.Editor.SpineEditorUtilities:IssueWarningsForUnrecommendedTextureSettings (string) (at Assets/Spine/Editor/spine-unity/Editor/Utility/SpineEditorUtilities.cs:270)
Spine.Unity.Editor.SpineEditorUtilities:IssueWarningsForUnrecommendedTextureSettings () (at Assets/Spine/Editor/spine-unity/Editor/Utility/SpineEditorUtilities.cs:185)
Spine.Unity.Editor.SpineEditorUtilities:Initialize () (at Assets/Spine/Editor/spine-unity/Editor/Utility/SpineEditorUtilities.cs:164)
Spine.Unity.Editor.SpineEditorUtilities:.cctor () (at Assets/Spine/Editor/spine-unity/Editor/Utility/SpineEditorUtilities.cs:100)
System.Runtime.CompilerServices.RuntimeHelpers:RunClassConstructor (System.RuntimeTypeHandle)
UnityEditor.EditorAssemblies:ProcessInitializeOnLoadAttributes (System.Type[])

(Filename: Assets/Spine/Editor/spine-unity/Editor/Utility/SpineEditorUtilities.cs Line: 270)

`Assets/Merge Beast/AnimationSpine/Cat Effect/Kina fx/kina_effect.png` : Problematic Texture Settings found: When enabling `Generate Mip Maps` in Gamma color space, it is recommended to disable `sRGB (Color Texture)` on `Premultiply alpha` textures. Otherwise you will receive white border artifacts on an atlas exported with default `Premultiply alpha` settings.
(You can disable this warning in `Edit - Preferences - Spine`)
UnityEngine.StackTraceUtility:ExtractStackTrace ()
UnityEngine.DebugLogHandler:LogFormat (UnityEngine.LogType,UnityEngine.Object,string,object[])
UnityEngine.Logger:Log (UnityEngine.LogType,object,UnityEngine.Object)
UnityEngine.Debug:LogWarning (object,UnityEngine.Object)
Spine.Unity.Editor.SpineEditorUtilities:IssueWarningsForUnrecommendedTextureSettings (string) (at Assets/Spine/Editor/spine-unity/Editor/Utility/SpineEditorUtilities.cs:270)
Spine.Unity.Editor.SpineEditorUtilities:IssueWarningsForUnrecommendedTextureSettings () (at Assets/Spine/Editor/spine-unity/Editor/Utility/SpineEditorUtilities.cs:185)
Spine.Unity.Editor.SpineEditorUtilities:Initialize () (at Assets/Spine/Editor/spine-unity/Editor/Utility/SpineEditorUtilities.cs:164)
Spine.Unity.Editor.SpineEditorUtilities:.cctor () (at Assets/Spine/Editor/spine-unity/Editor/Utility/SpineEditorUtilities.cs:100)
System.Runtime.CompilerServices.RuntimeHelpers:RunClassConstructor (System.RuntimeTypeHandle)
UnityEditor.EditorAssemblies:ProcessInitializeOnLoadAttributes (System.Type[])

(Filename: Assets/Spine/Editor/spine-unity/Editor/Utility/SpineEditorUtilities.cs Line: 270)

`Assets/Merge Beast/AnimationSpine/Cat Effect/Kina wp/kina_weapon.png` : Problematic Texture Settings found: When enabling `Generate Mip Maps` in Gamma color space, it is recommended to disable `sRGB (Color Texture)` on `Premultiply alpha` textures. Otherwise you will receive white border artifacts on an atlas exported with default `Premultiply alpha` settings.
(You can disable this warning in `Edit - Preferences - Spine`)
UnityEngine.StackTraceUtility:ExtractStackTrace ()
UnityEngine.DebugLogHandler:LogFormat (UnityEngine.LogType,UnityEngine.Object,string,object[])
UnityEngine.Logger:Log (UnityEngine.LogType,object,UnityEngine.Object)
UnityEngine.Debug:LogWarning (object,UnityEngine.Object)
Spine.Unity.Editor.SpineEditorUtilities:IssueWarningsForUnrecommendedTextureSettings (string) (at Assets/Spine/Editor/spine-unity/Editor/Utility/SpineEditorUtilities.cs:270)
Spine.Unity.Editor.SpineEditorUtilities:IssueWarningsForUnrecommendedTextureSettings () (at Assets/Spine/Editor/spine-unity/Editor/Utility/SpineEditorUtilities.cs:185)
Spine.Unity.Editor.SpineEditorUtilities:Initialize () (at Assets/Spine/Editor/spine-unity/Editor/Utility/SpineEditorUtilities.cs:164)
Spine.Unity.Editor.SpineEditorUtilities:.cctor () (at Assets/Spine/Editor/spine-unity/Editor/Utility/SpineEditorUtilities.cs:100)
System.Runtime.CompilerServices.RuntimeHelpers:RunClassConstructor (System.RuntimeTypeHandle)
UnityEditor.EditorAssemblies:ProcessInitializeOnLoadAttributes (System.Type[])

(Filename: Assets/Spine/Editor/spine-unity/Editor/Utility/SpineEditorUtilities.cs Line: 270)

`Assets/Merge Beast/AnimationSpine/Cat Effect/Kyuzo fx/kyuzo_effect.png` : Problematic Texture Settings found: When enabling `Generate Mip Maps` in Gamma color space, it is recommended to disable `sRGB (Color Texture)` on `Premultiply alpha` textures. Otherwise you will receive white border artifacts on an atlas exported with default `Premultiply alpha` settings.
(You can disable this warning in `Edit - Preferences - Spine`)
UnityEngine.StackTraceUtility:ExtractStackTrace ()
UnityEngine.DebugLogHandler:LogFormat (UnityEngine.LogType,UnityEngine.Object,string,object[])
UnityEngine.Logger:Log (UnityEngine.LogType,object,UnityEngine.Object)
UnityEngine.Debug:LogWarning (object,UnityEngine.Object)
Spine.Unity.Editor.SpineEditorUtilities:IssueWarningsForUnrecommendedTextureSettings (string) (at Assets/Spine/Editor/spine-unity/Editor/Utility/SpineEditorUtilities.cs:270)
Spine.Unity.Editor.SpineEditorUtilities:IssueWarningsForUnrecommendedTextureSettings () (at Assets/Spine/Editor/spine-unity/Editor/Utility/SpineEditorUtilities.cs:185)
Spine.Unity.Editor.SpineEditorUtilities:Initialize () (at Assets/Spine/Editor/spine-unity/Editor/Utility/SpineEditorUtilities.cs:164)
Spine.Unity.Editor.SpineEditorUtilities:.cctor () (at Assets/Spine/Editor/spine-unity/Editor/Utility/SpineEditorUtilities.cs:100)
System.Runtime.CompilerServices.RuntimeHelpers:RunClassConstructor (System.RuntimeTypeHandle)
UnityEditor.EditorAssemblies:ProcessInitializeOnLoadAttributes (System.Type[])

(Filename: Assets/Spine/Editor/spine-unity/Editor/Utility/SpineEditorUtilities.cs Line: 270)

`Assets/Merge Beast/AnimationSpine/Cat Effect/Kyuzo wp/kyuzo_weapon.png` : Problematic Texture Settings found: When enabling `Generate Mip Maps` in Gamma color space, it is recommended to disable `sRGB (Color Texture)` on `Premultiply alpha` textures. Otherwise you will receive white border artifacts on an atlas exported with default `Premultiply alpha` settings.
(You can disable this warning in `Edit - Preferences - Spine`)
UnityEngine.StackTraceUtility:ExtractStackTrace ()
UnityEngine.DebugLogHandler:LogFormat (UnityEngine.LogType,UnityEngine.Object,string,object[])
UnityEngine.Logger:Log (UnityEngine.LogType,object,UnityEngine.Object)
UnityEngine.Debug:LogWarning (object,UnityEngine.Object)
Spine.Unity.Editor.SpineEditorUtilities:IssueWarningsForUnrecommendedTextureSettings (string) (at Assets/Spine/Editor/spine-unity/Editor/Utility/SpineEditorUtilities.cs:270)
Spine.Unity.Editor.SpineEditorUtilities:IssueWarningsForUnrecommendedTextureSettings () (at Assets/Spine/Editor/spine-unity/Editor/Utility/SpineEditorUtilities.cs:185)
Spine.Unity.Editor.SpineEditorUtilities:Initialize () (at Assets/Spine/Editor/spine-unity/Editor/Utility/SpineEditorUtilities.cs:164)
Spine.Unity.Editor.SpineEditorUtilities:.cctor () (at Assets/Spine/Editor/spine-unity/Editor/Utility/SpineEditorUtilities.cs:100)
System.Runtime.CompilerServices.RuntimeHelpers:RunClassConstructor (System.RuntimeTypeHandle)
UnityEditor.EditorAssemblies:ProcessInitializeOnLoadAttributes (System.Type[])

(Filename: Assets/Spine/Editor/spine-unity/Editor/Utility/SpineEditorUtilities.cs Line: 270)

`Assets/Merge Beast/AnimationSpine/Cat Effect/Little Miju fx/little_mijus_effect.png` : Problematic Texture Settings found: When enabling `Generate Mip Maps` in Gamma color space, it is recommended to disable `sRGB (Color Texture)` on `Premultiply alpha` textures. Otherwise you will receive white border artifacts on an atlas exported with default `Premultiply alpha` settings.
(You can disable this warning in `Edit - Preferences - Spine`)
UnityEngine.StackTraceUtility:ExtractStackTrace ()
UnityEngine.DebugLogHandler:LogFormat (UnityEngine.LogType,UnityEngine.Object,string,object[])
UnityEngine.Logger:Log (UnityEngine.LogType,object,UnityEngine.Object)
UnityEngine.Debug:LogWarning (object,UnityEngine.Object)
Spine.Unity.Editor.SpineEditorUtilities:IssueWarningsForUnrecommendedTextureSettings (string) (at Assets/Spine/Editor/spine-unity/Editor/Utility/SpineEditorUtilities.cs:270)
Spine.Unity.Editor.SpineEditorUtilities:IssueWarningsForUnrecommendedTextureSettings () (at Assets/Spine/Editor/spine-unity/Editor/Utility/SpineEditorUtilities.cs:185)
Spine.Unity.Editor.SpineEditorUtilities:Initialize () (at Assets/Spine/Editor/spine-unity/Editor/Utility/SpineEditorUtilities.cs:164)
Spine.Unity.Editor.SpineEditorUtilities:.cctor () (at Assets/Spine/Editor/spine-unity/Editor/Utility/SpineEditorUtilities.cs:100)
System.Runtime.CompilerServices.RuntimeHelpers:RunClassConstructor (System.RuntimeTypeHandle)
UnityEditor.EditorAssemblies:ProcessInitializeOnLoadAttributes (System.Type[])

(Filename: Assets/Spine/Editor/spine-unity/Editor/Utility/SpineEditorUtilities.cs Line: 270)

`Assets/Merge Beast/AnimationSpine/Cat Effect/Mijus fx/mijus_effect.png` : Problematic Texture Settings found: When enabling `Generate Mip Maps` in Gamma color space, it is recommended to disable `sRGB (Color Texture)` on `Premultiply alpha` textures. Otherwise you will receive white border artifacts on an atlas exported with default `Premultiply alpha` settings.
(You can disable this warning in `Edit - Preferences - Spine`)
UnityEngine.StackTraceUtility:ExtractStackTrace ()
UnityEngine.DebugLogHandler:LogFormat (UnityEngine.LogType,UnityEngine.Object,string,object[])
UnityEngine.Logger:Log (UnityEngine.LogType,object,UnityEngine.Object)
UnityEngine.Debug:LogWarning (object,UnityEngine.Object)
Spine.Unity.Editor.SpineEditorUtilities:IssueWarningsForUnrecommendedTextureSettings (string) (at Assets/Spine/Editor/spine-unity/Editor/Utility/SpineEditorUtilities.cs:270)
Spine.Unity.Editor.SpineEditorUtilities:IssueWarningsForUnrecommendedTextureSettings () (at Assets/Spine/Editor/spine-unity/Editor/Utility/SpineEditorUtilities.cs:185)
Spine.Unity.Editor.SpineEditorUtilities:Initialize () (at Assets/Spine/Editor/spine-unity/Editor/Utility/SpineEditorUtilities.cs:164)
Spine.Unity.Editor.SpineEditorUtilities:.cctor () (at Assets/Spine/Editor/spine-unity/Editor/Utility/SpineEditorUtilities.cs:100)
System.Runtime.CompilerServices.RuntimeHelpers:RunClassConstructor (System.RuntimeTypeHandle)
UnityEditor.EditorAssemblies:ProcessInitializeOnLoadAttributes (System.Type[])

(Filename: Assets/Spine/Editor/spine-unity/Editor/Utility/SpineEditorUtilities.cs Line: 270)

`Assets/Merge Beast/AnimationSpine/Cat Effect/Miu fx/miu_effect.png` : Problematic Texture Settings found: When enabling `Generate Mip Maps` in Gamma color space, it is recommended to disable `sRGB (Color Texture)` on `Premultiply alpha` textures. Otherwise you will receive white border artifacts on an atlas exported with default `Premultiply alpha` settings.
(You can disable this warning in `Edit - Preferences - Spine`)
UnityEngine.StackTraceUtility:ExtractStackTrace ()
UnityEngine.DebugLogHandler:LogFormat (UnityEngine.LogType,UnityEngine.Object,string,object[])
UnityEngine.Logger:Log (UnityEngine.LogType,object,UnityEngine.Object)
UnityEngine.Debug:LogWarning (object,UnityEngine.Object)
Spine.Unity.Editor.SpineEditorUtilities:IssueWarningsForUnrecommendedTextureSettings (string) (at Assets/Spine/Editor/spine-unity/Editor/Utility/SpineEditorUtilities.cs:270)
Spine.Unity.Editor.SpineEditorUtilities:IssueWarningsForUnrecommendedTextureSettings () (at Assets/Spine/Editor/spine-unity/Editor/Utility/SpineEditorUtilities.cs:185)
Spine.Unity.Editor.SpineEditorUtilities:Initialize () (at Assets/Spine/Editor/spine-unity/Editor/Utility/SpineEditorUtilities.cs:164)
Spine.Unity.Editor.SpineEditorUtilities:.cctor () (at Assets/Spine/Editor/spine-unity/Editor/Utility/SpineEditorUtilities.cs:100)
System.Runtime.CompilerServices.RuntimeHelpers:RunClassConstructor (System.RuntimeTypeHandle)
UnityEditor.EditorAssemblies:ProcessInitializeOnLoadAttributes (System.Type[])

(Filename: Assets/Spine/Editor/spine-unity/Editor/Utility/SpineEditorUtilities.cs Line: 270)

`Assets/Merge Beast/AnimationSpine/Cat Effect/Miu wp/miu_weapon.png` : Problematic Texture Settings found: When enabling `Generate Mip Maps` in Gamma color space, it is recommended to disable `sRGB (Color Texture)` on `Premultiply alpha` textures. Otherwise you will receive white border artifacts on an atlas exported with default `Premultiply alpha` settings.
(You can disable this warning in `Edit - Preferences - Spine`)
UnityEngine.StackTraceUtility:ExtractStackTrace ()
UnityEngine.DebugLogHandler:LogFormat (UnityEngine.LogType,UnityEngine.Object,string,object[])
UnityEngine.Logger:Log (UnityEngine.LogType,object,UnityEngine.Object)
UnityEngine.Debug:LogWarning (object,UnityEngine.Object)
Spine.Unity.Editor.SpineEditorUtilities:IssueWarningsForUnrecommendedTextureSettings (string) (at Assets/Spine/Editor/spine-unity/Editor/Utility/SpineEditorUtilities.cs:270)
Spine.Unity.Editor.SpineEditorUtilities:IssueWarningsForUnrecommendedTextureSettings () (at Assets/Spine/Editor/spine-unity/Editor/Utility/SpineEditorUtilities.cs:185)
Spine.Unity.Editor.SpineEditorUtilities:Initialize () (at Assets/Spine/Editor/spine-unity/Editor/Utility/SpineEditorUtilities.cs:164)
Spine.Unity.Editor.SpineEditorUtilities:.cctor () (at Assets/Spine/Editor/spine-unity/Editor/Utility/SpineEditorUtilities.cs:100)
System.Runtime.CompilerServices.RuntimeHelpers:RunClassConstructor (System.RuntimeTypeHandle)
UnityEditor.EditorAssemblies:ProcessInitializeOnLoadAttributes (System.Type[])

(Filename: Assets/Spine/Editor/spine-unity/Editor/Utility/SpineEditorUtilities.cs Line: 270)

`Assets/Merge Beast/AnimationSpine/Cat Effect/Modie fx/modie_effect.png` : Problematic Texture Settings found: When enabling `Generate Mip Maps` in Gamma color space, it is recommended to disable `sRGB (Color Texture)` on `Premultiply alpha` textures. Otherwise you will receive white border artifacts on an atlas exported with default `Premultiply alpha` settings.
(You can disable this warning in `Edit - Preferences - Spine`)
UnityEngine.StackTraceUtility:ExtractStackTrace ()
UnityEngine.DebugLogHandler:LogFormat (UnityEngine.LogType,UnityEngine.Object,string,object[])
UnityEngine.Logger:Log (UnityEngine.LogType,object,UnityEngine.Object)
UnityEngine.Debug:LogWarning (object,UnityEngine.Object)
Spine.Unity.Editor.SpineEditorUtilities:IssueWarningsForUnrecommendedTextureSettings (string) (at Assets/Spine/Editor/spine-unity/Editor/Utility/SpineEditorUtilities.cs:270)
Spine.Unity.Editor.SpineEditorUtilities:IssueWarningsForUnrecommendedTextureSettings () (at Assets/Spine/Editor/spine-unity/Editor/Utility/SpineEditorUtilities.cs:185)
Spine.Unity.Editor.SpineEditorUtilities:Initialize () (at Assets/Spine/Editor/spine-unity/Editor/Utility/SpineEditorUtilities.cs:164)
Spine.Unity.Editor.SpineEditorUtilities:.cctor () (at Assets/Spine/Editor/spine-unity/Editor/Utility/SpineEditorUtilities.cs:100)
System.Runtime.CompilerServices.RuntimeHelpers:RunClassConstructor (System.RuntimeTypeHandle)
UnityEditor.EditorAssemblies:ProcessInitializeOnLoadAttributes (System.Type[])

(Filename: Assets/Spine/Editor/spine-unity/Editor/Utility/SpineEditorUtilities.cs Line: 270)

`Assets/Merge Beast/AnimationSpine/Cat Effect/Monkey mob fx/monkey_mob_effect.png` : Problematic Texture Settings found: When enabling `Generate Mip Maps` in Gamma color space, it is recommended to disable `sRGB (Color Texture)` on `Premultiply alpha` textures. Otherwise you will receive white border artifacts on an atlas exported with default `Premultiply alpha` settings.
(You can disable this warning in `Edit - Preferences - Spine`)
UnityEngine.StackTraceUtility:ExtractStackTrace ()
UnityEngine.DebugLogHandler:LogFormat (UnityEngine.LogType,UnityEngine.Object,string,object[])
UnityEngine.Logger:Log (UnityEngine.LogType,object,UnityEngine.Object)
UnityEngine.Debug:LogWarning (object,UnityEngine.Object)
Spine.Unity.Editor.SpineEditorUtilities:IssueWarningsForUnrecommendedTextureSettings (string) (at Assets/Spine/Editor/spine-unity/Editor/Utility/SpineEditorUtilities.cs:270)
Spine.Unity.Editor.SpineEditorUtilities:IssueWarningsForUnrecommendedTextureSettings () (at Assets/Spine/Editor/spine-unity/Editor/Utility/SpineEditorUtilities.cs:185)
Spine.Unity.Editor.SpineEditorUtilities:Initialize () (at Assets/Spine/Editor/spine-unity/Editor/Utility/SpineEditorUtilities.cs:164)
Spine.Unity.Editor.SpineEditorUtilities:.cctor () (at Assets/Spine/Editor/spine-unity/Editor/Utility/SpineEditorUtilities.cs:100)
System.Runtime.CompilerServices.RuntimeHelpers:RunClassConstructor (System.RuntimeTypeHandle)
UnityEditor.EditorAssemblies:ProcessInitializeOnLoadAttributes (System.Type[])

(Filename: Assets/Spine/Editor/spine-unity/Editor/Utility/SpineEditorUtilities.cs Line: 270)

`Assets/Merge Beast/AnimationSpine/Cat Effect/Mora fx/mora_effect.png` : Problematic Texture Settings found: When enabling `Generate Mip Maps` in Gamma color space, it is recommended to disable `sRGB (Color Texture)` on `Premultiply alpha` textures. Otherwise you will receive white border artifacts on an atlas exported with default `Premultiply alpha` settings.
(You can disable this warning in `Edit - Preferences - Spine`)
UnityEngine.StackTraceUtility:ExtractStackTrace ()
UnityEngine.DebugLogHandler:LogFormat (UnityEngine.LogType,UnityEngine.Object,string,object[])
UnityEngine.Logger:Log (UnityEngine.LogType,object,UnityEngine.Object)
UnityEngine.Debug:LogWarning (object,UnityEngine.Object)
Spine.Unity.Editor.SpineEditorUtilities:IssueWarningsForUnrecommendedTextureSettings (string) (at Assets/Spine/Editor/spine-unity/Editor/Utility/SpineEditorUtilities.cs:270)
Spine.Unity.Editor.SpineEditorUtilities:IssueWarningsForUnrecommendedTextureSettings () (at Assets/Spine/Editor/spine-unity/Editor/Utility/SpineEditorUtilities.cs:185)
Spine.Unity.Editor.SpineEditorUtilities:Initialize () (at Assets/Spine/Editor/spine-unity/Editor/Utility/SpineEditorUtilities.cs:164)
Spine.Unity.Editor.SpineEditorUtilities:.cctor () (at Assets/Spine/Editor/spine-unity/Editor/Utility/SpineEditorUtilities.cs:100)
System.Runtime.CompilerServices.RuntimeHelpers:RunClassConstructor (System.RuntimeTypeHandle)
UnityEditor.EditorAssemblies:ProcessInitializeOnLoadAttributes (System.Type[])

(Filename: Assets/Spine/Editor/spine-unity/Editor/Utility/SpineEditorUtilities.cs Line: 270)

`Assets/Merge Beast/AnimationSpine/Cat Effect/Mora wp/mora_weapon.png` : Problematic Texture Settings found: When enabling `Generate Mip Maps` in Gamma color space, it is recommended to disable `sRGB (Color Texture)` on `Premultiply alpha` textures. Otherwise you will receive white border artifacts on an atlas exported with default `Premultiply alpha` settings.
(You can disable this warning in `Edit - Preferences - Spine`)
UnityEngine.StackTraceUtility:ExtractStackTrace ()
UnityEngine.DebugLogHandler:LogFormat (UnityEngine.LogType,UnityEngine.Object,string,object[])
UnityEngine.Logger:Log (UnityEngine.LogType,object,UnityEngine.Object)
UnityEngine.Debug:LogWarning (object,UnityEngine.Object)
Spine.Unity.Editor.SpineEditorUtilities:IssueWarningsForUnrecommendedTextureSettings (string) (at Assets/Spine/Editor/spine-unity/Editor/Utility/SpineEditorUtilities.cs:270)
Spine.Unity.Editor.SpineEditorUtilities:IssueWarningsForUnrecommendedTextureSettings () (at Assets/Spine/Editor/spine-unity/Editor/Utility/SpineEditorUtilities.cs:185)
Spine.Unity.Editor.SpineEditorUtilities:Initialize () (at Assets/Spine/Editor/spine-unity/Editor/Utility/SpineEditorUtilities.cs:164)
Spine.Unity.Editor.SpineEditorUtilities:.cctor () (at Assets/Spine/Editor/spine-unity/Editor/Utility/SpineEditorUtilities.cs:100)
System.Runtime.CompilerServices.RuntimeHelpers:RunClassConstructor (System.RuntimeTypeHandle)
UnityEditor.EditorAssemblies:ProcessInitializeOnLoadAttributes (System.Type[])

(Filename: Assets/Spine/Editor/spine-unity/Editor/Utility/SpineEditorUtilities.cs Line: 270)

`Assets/Merge Beast/AnimationSpine/Cat Effect/Naruto fx/naruto_effect.png` : Problematic Texture Settings found: When enabling `Generate Mip Maps` in Gamma color space, it is recommended to disable `sRGB (Color Texture)` on `Premultiply alpha` textures. Otherwise you will receive white border artifacts on an atlas exported with default `Premultiply alpha` settings.
(You can disable this warning in `Edit - Preferences - Spine`)
UnityEngine.StackTraceUtility:ExtractStackTrace ()
UnityEngine.DebugLogHandler:LogFormat (UnityEngine.LogType,UnityEngine.Object,string,object[])
UnityEngine.Logger:Log (UnityEngine.LogType,object,UnityEngine.Object)
UnityEngine.Debug:LogWarning (object,UnityEngine.Object)
Spine.Unity.Editor.SpineEditorUtilities:IssueWarningsForUnrecommendedTextureSettings (string) (at Assets/Spine/Editor/spine-unity/Editor/Utility/SpineEditorUtilities.cs:270)
Spine.Unity.Editor.SpineEditorUtilities:IssueWarningsForUnrecommendedTextureSettings () (at Assets/Spine/Editor/spine-unity/Editor/Utility/SpineEditorUtilities.cs:185)
Spine.Unity.Editor.SpineEditorUtilities:Initialize () (at Assets/Spine/Editor/spine-unity/Editor/Utility/SpineEditorUtilities.cs:164)
Spine.Unity.Editor.SpineEditorUtilities:.cctor () (at Assets/Spine/Editor/spine-unity/Editor/Utility/SpineEditorUtilities.cs:100)
System.Runtime.CompilerServices.RuntimeHelpers:RunClassConstructor (System.RuntimeTypeHandle)
UnityEditor.EditorAssemblies:ProcessInitializeOnLoadAttributes (System.Type[])

(Filename: Assets/Spine/Editor/spine-unity/Editor/Utility/SpineEditorUtilities.cs Line: 270)

`Assets/Merge Beast/AnimationSpine/Cat Effect/Naruto fx 2/naruto_effect2.png` : Problematic Texture Settings found: When enabling `Generate Mip Maps` in Gamma color space, it is recommended to disable `sRGB (Color Texture)` on `Premultiply alpha` textures. Otherwise you will receive white border artifacts on an atlas exported with default `Premultiply alpha` settings.
(You can disable this warning in `Edit - Preferences - Spine`)
UnityEngine.StackTraceUtility:ExtractStackTrace ()
UnityEngine.DebugLogHandler:LogFormat (UnityEngine.LogType,UnityEngine.Object,string,object[])
UnityEngine.Logger:Log (UnityEngine.LogType,object,UnityEngine.Object)
UnityEngine.Debug:LogWarning (object,UnityEngine.Object)
Spine.Unity.Editor.SpineEditorUtilities:IssueWarningsForUnrecommendedTextureSettings (string) (at Assets/Spine/Editor/spine-unity/Editor/Utility/SpineEditorUtilities.cs:270)
Spine.Unity.Editor.SpineEditorUtilities:IssueWarningsForUnrecommendedTextureSettings () (at Assets/Spine/Editor/spine-unity/Editor/Utility/SpineEditorUtilities.cs:185)
Spine.Unity.Editor.SpineEditorUtilities:Initialize () (at Assets/Spine/Editor/spine-unity/Editor/Utility/SpineEditorUtilities.cs:164)
Spine.Unity.Editor.SpineEditorUtilities:.cctor () (at Assets/Spine/Editor/spine-unity/Editor/Utility/SpineEditorUtilities.cs:100)
System.Runtime.CompilerServices.RuntimeHelpers:RunClassConstructor (System.RuntimeTypeHandle)
UnityEditor.EditorAssemblies:ProcessInitializeOnLoadAttributes (System.Type[])

(Filename: Assets/Spine/Editor/spine-unity/Editor/Utility/SpineEditorUtilities.cs Line: 270)

`Assets/Merge Beast/AnimationSpine/Cat Effect/Nemu fx/nemu_effect.png` : Problematic Texture Settings found: When enabling `Generate Mip Maps` in Gamma color space, it is recommended to disable `sRGB (Color Texture)` on `Premultiply alpha` textures. Otherwise you will receive white border artifacts on an atlas exported with default `Premultiply alpha` settings.
(You can disable this warning in `Edit - Preferences - Spine`)
UnityEngine.StackTraceUtility:ExtractStackTrace ()
UnityEngine.DebugLogHandler:LogFormat (UnityEngine.LogType,UnityEngine.Object,string,object[])
UnityEngine.Logger:Log (UnityEngine.LogType,object,UnityEngine.Object)
UnityEngine.Debug:LogWarning (object,UnityEngine.Object)
Spine.Unity.Editor.SpineEditorUtilities:IssueWarningsForUnrecommendedTextureSettings (string) (at Assets/Spine/Editor/spine-unity/Editor/Utility/SpineEditorUtilities.cs:270)
Spine.Unity.Editor.SpineEditorUtilities:IssueWarningsForUnrecommendedTextureSettings () (at Assets/Spine/Editor/spine-unity/Editor/Utility/SpineEditorUtilities.cs:185)
Spine.Unity.Editor.SpineEditorUtilities:Initialize () (at Assets/Spine/Editor/spine-unity/Editor/Utility/SpineEditorUtilities.cs:164)
Spine.Unity.Editor.SpineEditorUtilities:.cctor () (at Assets/Spine/Editor/spine-unity/Editor/Utility/SpineEditorUtilities.cs:100)
System.Runtime.CompilerServices.RuntimeHelpers:RunClassConstructor (System.RuntimeTypeHandle)
UnityEditor.EditorAssemblies:ProcessInitializeOnLoadAttributes (System.Type[])

(Filename: Assets/Spine/Editor/spine-unity/Editor/Utility/SpineEditorUtilities.cs Line: 270)

`Assets/Merge Beast/AnimationSpine/Cat Effect/Pank fx/pank_effect.png` : Problematic Texture Settings found: When enabling `Generate Mip Maps` in Gamma color space, it is recommended to disable `sRGB (Color Texture)` on `Premultiply alpha` textures. Otherwise you will receive white border artifacts on an atlas exported with default `Premultiply alpha` settings.
(You can disable this warning in `Edit - Preferences - Spine`)
UnityEngine.StackTraceUtility:ExtractStackTrace ()
UnityEngine.DebugLogHandler:LogFormat (UnityEngine.LogType,UnityEngine.Object,string,object[])
UnityEngine.Logger:Log (UnityEngine.LogType,object,UnityEngine.Object)
UnityEngine.Debug:LogWarning (object,UnityEngine.Object)
Spine.Unity.Editor.SpineEditorUtilities:IssueWarningsForUnrecommendedTextureSettings (string) (at Assets/Spine/Editor/spine-unity/Editor/Utility/SpineEditorUtilities.cs:270)
Spine.Unity.Editor.SpineEditorUtilities:IssueWarningsForUnrecommendedTextureSettings () (at Assets/Spine/Editor/spine-unity/Editor/Utility/SpineEditorUtilities.cs:185)
Spine.Unity.Editor.SpineEditorUtilities:Initialize () (at Assets/Spine/Editor/spine-unity/Editor/Utility/SpineEditorUtilities.cs:164)
Spine.Unity.Editor.SpineEditorUtilities:.cctor () (at Assets/Spine/Editor/spine-unity/Editor/Utility/SpineEditorUtilities.cs:100)
System.Runtime.CompilerServices.RuntimeHelpers:RunClassConstructor (System.RuntimeTypeHandle)
UnityEditor.EditorAssemblies:ProcessInitializeOnLoadAttributes (System.Type[])

(Filename: Assets/Spine/Editor/spine-unity/Editor/Utility/SpineEditorUtilities.cs Line: 270)

`Assets/Merge Beast/AnimationSpine/Cat Effect/Pomer Slingshot fx/pomer_slingshot_effect.png` : Problematic Texture Settings found: When enabling `Generate Mip Maps` in Gamma color space, it is recommended to disable `sRGB (Color Texture)` on `Premultiply alpha` textures. Otherwise you will receive white border artifacts on an atlas exported with default `Premultiply alpha` settings.
(You can disable this warning in `Edit - Preferences - Spine`)
UnityEngine.StackTraceUtility:ExtractStackTrace ()
UnityEngine.DebugLogHandler:LogFormat (UnityEngine.LogType,UnityEngine.Object,string,object[])
UnityEngine.Logger:Log (UnityEngine.LogType,object,UnityEngine.Object)
UnityEngine.Debug:LogWarning (object,UnityEngine.Object)
Spine.Unity.Editor.SpineEditorUtilities:IssueWarningsForUnrecommendedTextureSettings (string) (at Assets/Spine/Editor/spine-unity/Editor/Utility/SpineEditorUtilities.cs:270)
Spine.Unity.Editor.SpineEditorUtilities:IssueWarningsForUnrecommendedTextureSettings () (at Assets/Spine/Editor/spine-unity/Editor/Utility/SpineEditorUtilities.cs:185)
Spine.Unity.Editor.SpineEditorUtilities:Initialize () (at Assets/Spine/Editor/spine-unity/Editor/Utility/SpineEditorUtilities.cs:164)
Spine.Unity.Editor.SpineEditorUtilities:.cctor () (at Assets/Spine/Editor/spine-unity/Editor/Utility/SpineEditorUtilities.cs:100)
System.Runtime.CompilerServices.RuntimeHelpers:RunClassConstructor (System.RuntimeTypeHandle)
UnityEditor.EditorAssemblies:ProcessInitializeOnLoadAttributes (System.Type[])

(Filename: Assets/Spine/Editor/spine-unity/Editor/Utility/SpineEditorUtilities.cs Line: 270)

`Assets/Merge Beast/AnimationSpine/Cat Effect/Seji wp/seiji_weapon.png` : Problematic Texture Settings found: When enabling `Generate Mip Maps` in Gamma color space, it is recommended to disable `sRGB (Color Texture)` on `Premultiply alpha` textures. Otherwise you will receive white border artifacts on an atlas exported with default `Premultiply alpha` settings.
(You can disable this warning in `Edit - Preferences - Spine`)
UnityEngine.StackTraceUtility:ExtractStackTrace ()
UnityEngine.DebugLogHandler:LogFormat (UnityEngine.LogType,UnityEngine.Object,string,object[])
UnityEngine.Logger:Log (UnityEngine.LogType,object,UnityEngine.Object)
UnityEngine.Debug:LogWarning (object,UnityEngine.Object)
Spine.Unity.Editor.SpineEditorUtilities:IssueWarningsForUnrecommendedTextureSettings (string) (at Assets/Spine/Editor/spine-unity/Editor/Utility/SpineEditorUtilities.cs:270)
Spine.Unity.Editor.SpineEditorUtilities:IssueWarningsForUnrecommendedTextureSettings () (at Assets/Spine/Editor/spine-unity/Editor/Utility/SpineEditorUtilities.cs:185)
Spine.Unity.Editor.SpineEditorUtilities:Initialize () (at Assets/Spine/Editor/spine-unity/Editor/Utility/SpineEditorUtilities.cs:164)
Spine.Unity.Editor.SpineEditorUtilities:.cctor () (at Assets/Spine/Editor/spine-unity/Editor/Utility/SpineEditorUtilities.cs:100)
System.Runtime.CompilerServices.RuntimeHelpers:RunClassConstructor (System.RuntimeTypeHandle)
UnityEditor.EditorAssemblies:ProcessInitializeOnLoadAttributes (System.Type[])

(Filename: Assets/Spine/Editor/spine-unity/Editor/Utility/SpineEditorUtilities.cs Line: 270)

`Assets/Merge Beast/AnimationSpine/Cat Effect/Shiba fire fx/shiba_fire_effect.png` : Problematic Texture Settings found: When enabling `Generate Mip Maps` in Gamma color space, it is recommended to disable `sRGB (Color Texture)` on `Premultiply alpha` textures. Otherwise you will receive white border artifacts on an atlas exported with default `Premultiply alpha` settings.
(You can disable this warning in `Edit - Preferences - Spine`)
UnityEngine.StackTraceUtility:ExtractStackTrace ()
UnityEngine.DebugLogHandler:LogFormat (UnityEngine.LogType,UnityEngine.Object,string,object[])
UnityEngine.Logger:Log (UnityEngine.LogType,object,UnityEngine.Object)
UnityEngine.Debug:LogWarning (object,UnityEngine.Object)
Spine.Unity.Editor.SpineEditorUtilities:IssueWarningsForUnrecommendedTextureSettings (string) (at Assets/Spine/Editor/spine-unity/Editor/Utility/SpineEditorUtilities.cs:270)
Spine.Unity.Editor.SpineEditorUtilities:IssueWarningsForUnrecommendedTextureSettings () (at Assets/Spine/Editor/spine-unity/Editor/Utility/SpineEditorUtilities.cs:185)
Spine.Unity.Editor.SpineEditorUtilities:Initialize () (at Assets/Spine/Editor/spine-unity/Editor/Utility/SpineEditorUtilities.cs:164)
Spine.Unity.Editor.SpineEditorUtilities:.cctor () (at Assets/Spine/Editor/spine-unity/Editor/Utility/SpineEditorUtilities.cs:100)
System.Runtime.CompilerServices.RuntimeHelpers:RunClassConstructor (System.RuntimeTypeHandle)
UnityEditor.EditorAssemblies:ProcessInitializeOnLoadAttributes (System.Type[])

(Filename: Assets/Spine/Editor/spine-unity/Editor/Utility/SpineEditorUtilities.cs Line: 270)

`Assets/Merge Beast/AnimationSpine/Cat Effect/Sun fx/sun_effect.png` : Problematic Texture Settings found: When enabling `Generate Mip Maps` in Gamma color space, it is recommended to disable `sRGB (Color Texture)` on `Premultiply alpha` textures. Otherwise you will receive white border artifacts on an atlas exported with default `Premultiply alpha` settings.
(You can disable this warning in `Edit - Preferences - Spine`)
UnityEngine.StackTraceUtility:ExtractStackTrace ()
UnityEngine.DebugLogHandler:LogFormat (UnityEngine.LogType,UnityEngine.Object,string,object[])
UnityEngine.Logger:Log (UnityEngine.LogType,object,UnityEngine.Object)
UnityEngine.Debug:LogWarning (object,UnityEngine.Object)
Spine.Unity.Editor.SpineEditorUtilities:IssueWarningsForUnrecommendedTextureSettings (string) (at Assets/Spine/Editor/spine-unity/Editor/Utility/SpineEditorUtilities.cs:270)
Spine.Unity.Editor.SpineEditorUtilities:IssueWarningsForUnrecommendedTextureSettings () (at Assets/Spine/Editor/spine-unity/Editor/Utility/SpineEditorUtilities.cs:185)
Spine.Unity.Editor.SpineEditorUtilities:Initialize () (at Assets/Spine/Editor/spine-unity/Editor/Utility/SpineEditorUtilities.cs:164)
Spine.Unity.Editor.SpineEditorUtilities:.cctor () (at Assets/Spine/Editor/spine-unity/Editor/Utility/SpineEditorUtilities.cs:100)
System.Runtime.CompilerServices.RuntimeHelpers:RunClassConstructor (System.RuntimeTypeHandle)
UnityEditor.EditorAssemblies:ProcessInitializeOnLoadAttributes (System.Type[])

(Filename: Assets/Spine/Editor/spine-unity/Editor/Utility/SpineEditorUtilities.cs Line: 270)

`Assets/Merge Beast/AnimationSpine/Cat Effect/Sun wp/sun_weapon.png` : Problematic Texture Settings found: When enabling `Generate Mip Maps` in Gamma color space, it is recommended to disable `sRGB (Color Texture)` on `Premultiply alpha` textures. Otherwise you will receive white border artifacts on an atlas exported with default `Premultiply alpha` settings.
(You can disable this warning in `Edit - Preferences - Spine`)
UnityEngine.StackTraceUtility:ExtractStackTrace ()
UnityEngine.DebugLogHandler:LogFormat (UnityEngine.LogType,UnityEngine.Object,string,object[])
UnityEngine.Logger:Log (UnityEngine.LogType,object,UnityEngine.Object)
UnityEngine.Debug:LogWarning (object,UnityEngine.Object)
Spine.Unity.Editor.SpineEditorUtilities:IssueWarningsForUnrecommendedTextureSettings (string) (at Assets/Spine/Editor/spine-unity/Editor/Utility/SpineEditorUtilities.cs:270)
Spine.Unity.Editor.SpineEditorUtilities:IssueWarningsForUnrecommendedTextureSettings () (at Assets/Spine/Editor/spine-unity/Editor/Utility/SpineEditorUtilities.cs:185)
Spine.Unity.Editor.SpineEditorUtilities:Initialize () (at Assets/Spine/Editor/spine-unity/Editor/Utility/SpineEditorUtilities.cs:164)
Spine.Unity.Editor.SpineEditorUtilities:.cctor () (at Assets/Spine/Editor/spine-unity/Editor/Utility/SpineEditorUtilities.cs:100)
System.Runtime.CompilerServices.RuntimeHelpers:RunClassConstructor (System.RuntimeTypeHandle)
UnityEditor.EditorAssemblies:ProcessInitializeOnLoadAttributes (System.Type[])

(Filename: Assets/Spine/Editor/spine-unity/Editor/Utility/SpineEditorUtilities.cs Line: 270)

`Assets/Merge Beast/AnimationSpine/Cat Effect/The Elder One fx/the_elder_one_effect.png` : Problematic Texture Settings found: When enabling `Generate Mip Maps` in Gamma color space, it is recommended to disable `sRGB (Color Texture)` on `Premultiply alpha` textures. Otherwise you will receive white border artifacts on an atlas exported with default `Premultiply alpha` settings.
(You can disable this warning in `Edit - Preferences - Spine`)
UnityEngine.StackTraceUtility:ExtractStackTrace ()
UnityEngine.DebugLogHandler:LogFormat (UnityEngine.LogType,UnityEngine.Object,string,object[])
UnityEngine.Logger:Log (UnityEngine.LogType,object,UnityEngine.Object)
UnityEngine.Debug:LogWarning (object,UnityEngine.Object)
Spine.Unity.Editor.SpineEditorUtilities:IssueWarningsForUnrecommendedTextureSettings (string) (at Assets/Spine/Editor/spine-unity/Editor/Utility/SpineEditorUtilities.cs:270)
Spine.Unity.Editor.SpineEditorUtilities:IssueWarningsForUnrecommendedTextureSettings () (at Assets/Spine/Editor/spine-unity/Editor/Utility/SpineEditorUtilities.cs:185)
Spine.Unity.Editor.SpineEditorUtilities:Initialize () (at Assets/Spine/Editor/spine-unity/Editor/Utility/SpineEditorUtilities.cs:164)
Spine.Unity.Editor.SpineEditorUtilities:.cctor () (at Assets/Spine/Editor/spine-unity/Editor/Utility/SpineEditorUtilities.cs:100)
System.Runtime.CompilerServices.RuntimeHelpers:RunClassConstructor (System.RuntimeTypeHandle)
UnityEditor.EditorAssemblies:ProcessInitializeOnLoadAttributes (System.Type[])

(Filename: Assets/Spine/Editor/spine-unity/Editor/Utility/SpineEditorUtilities.cs Line: 270)

`Assets/Merge Beast/AnimationSpine/Cat Effect/Tsuki fx/tsuki_effect.png` : Problematic Texture Settings found: When enabling `Generate Mip Maps` in Gamma color space, it is recommended to disable `sRGB (Color Texture)` on `Premultiply alpha` textures. Otherwise you will receive white border artifacts on an atlas exported with default `Premultiply alpha` settings.
(You can disable this warning in `Edit - Preferences - Spine`)
UnityEngine.StackTraceUtility:ExtractStackTrace ()
UnityEngine.DebugLogHandler:LogFormat (UnityEngine.LogType,UnityEngine.Object,string,object[])
UnityEngine.Logger:Log (UnityEngine.LogType,object,UnityEngine.Object)
UnityEngine.Debug:LogWarning (object,UnityEngine.Object)
Spine.Unity.Editor.SpineEditorUtilities:IssueWarningsForUnrecommendedTextureSettings (string) (at Assets/Spine/Editor/spine-unity/Editor/Utility/SpineEditorUtilities.cs:270)
Spine.Unity.Editor.SpineEditorUtilities:IssueWarningsForUnrecommendedTextureSettings () (at Assets/Spine/Editor/spine-unity/Editor/Utility/SpineEditorUtilities.cs:185)
Spine.Unity.Editor.SpineEditorUtilities:Initialize () (at Assets/Spine/Editor/spine-unity/Editor/Utility/SpineEditorUtilities.cs:164)
Spine.Unity.Editor.SpineEditorUtilities:.cctor () (at Assets/Spine/Editor/spine-unity/Editor/Utility/SpineEditorUtilities.cs:100)
System.Runtime.CompilerServices.RuntimeHelpers:RunClassConstructor (System.RuntimeTypeHandle)
UnityEditor.EditorAssemblies:ProcessInitializeOnLoadAttributes (System.Type[])

(Filename: Assets/Spine/Editor/spine-unity/Editor/Utility/SpineEditorUtilities.cs Line: 270)

`Assets/Merge Beast/AnimationSpine/Cat Effect/Tsuki wp/tsuki_weapon.png` : Problematic Texture Settings found: When enabling `Generate Mip Maps` in Gamma color space, it is recommended to disable `sRGB (Color Texture)` on `Premultiply alpha` textures. Otherwise you will receive white border artifacts on an atlas exported with default `Premultiply alpha` settings.
(You can disable this warning in `Edit - Preferences - Spine`)
UnityEngine.StackTraceUtility:ExtractStackTrace ()
UnityEngine.DebugLogHandler:LogFormat (UnityEngine.LogType,UnityEngine.Object,string,object[])
UnityEngine.Logger:Log (UnityEngine.LogType,object,UnityEngine.Object)
UnityEngine.Debug:LogWarning (object,UnityEngine.Object)
Spine.Unity.Editor.SpineEditorUtilities:IssueWarningsForUnrecommendedTextureSettings (string) (at Assets/Spine/Editor/spine-unity/Editor/Utility/SpineEditorUtilities.cs:270)
Spine.Unity.Editor.SpineEditorUtilities:IssueWarningsForUnrecommendedTextureSettings () (at Assets/Spine/Editor/spine-unity/Editor/Utility/SpineEditorUtilities.cs:185)
Spine.Unity.Editor.SpineEditorUtilities:Initialize () (at Assets/Spine/Editor/spine-unity/Editor/Utility/SpineEditorUtilities.cs:164)
Spine.Unity.Editor.SpineEditorUtilities:.cctor () (at Assets/Spine/Editor/spine-unity/Editor/Utility/SpineEditorUtilities.cs:100)
System.Runtime.CompilerServices.RuntimeHelpers:RunClassConstructor (System.RuntimeTypeHandle)
UnityEditor.EditorAssemblies:ProcessInitializeOnLoadAttributes (System.Type[])

(Filename: Assets/Spine/Editor/spine-unity/Editor/Utility/SpineEditorUtilities.cs Line: 270)

`Assets/Merge Beast/AnimationSpine/Monster/Hero Cat Empty/hero_cat_empty.png` and material `hero_cat_empty_Material.mat` : IncorrectTexture / Material Settings found: It is strongly recommended to enable `Alpha Is Transparency` on `Straight alpha` textures.
Assuming `Straight alpha` texture because `Straight Alpha Texture` is enabled at material). (You can disable this warning in `Edit - Preferences - Spine`)
UnityEngine.StackTraceUtility:ExtractStackTrace ()
UnityEngine.DebugLogHandler:LogFormat (UnityEngine.LogType,UnityEngine.Object,string,object[])
UnityEngine.Logger:Log (UnityEngine.LogType,object,UnityEngine.Object)
UnityEngine.Debug:LogWarning (object,UnityEngine.Object)
Spine.Unity.Editor.SpineEditorUtilities:IssueWarningsForUnrecommendedTextureSettings (string) (at Assets/Spine/Editor/spine-unity/Editor/Utility/SpineEditorUtilities.cs:270)
Spine.Unity.Editor.SpineEditorUtilities:IssueWarningsForUnrecommendedTextureSettings () (at Assets/Spine/Editor/spine-unity/Editor/Utility/SpineEditorUtilities.cs:185)
Spine.Unity.Editor.SpineEditorUtilities:Initialize () (at Assets/Spine/Editor/spine-unity/Editor/Utility/SpineEditorUtilities.cs:164)
Spine.Unity.Editor.SpineEditorUtilities:.cctor () (at Assets/Spine/Editor/spine-unity/Editor/Utility/SpineEditorUtilities.cs:100)
System.Runtime.CompilerServices.RuntimeHelpers:RunClassConstructor (System.RuntimeTypeHandle)
UnityEditor.EditorAssemblies:ProcessInitializeOnLoadAttributes (System.Type[])

(Filename: Assets/Spine/Editor/spine-unity/Editor/Utility/SpineEditorUtilities.cs Line: 270)

[Package Manager] Server::EnsureServerProcessIsRunning -- launch failed, reason: Unity was launched with the -noUpm command-line argument
[Package Manager] UpmClient::Send -- Unable to send message (not connected to UPM process).
[Package Manager] Cannot connect to Unity Package Manager local server
Mono: successfully reloaded assembly
- Finished resetting the current domain, in  0.920 seconds
Domain Reload Profiling: 1366ms
	BeginReloadAssembly (153ms)
		ExecutionOrderSort (0ms)
		DisableScriptedObjects (5ms)
		BackupInstance (0ms)
		ReleaseScriptingObjects (0ms)
		CreateAndSetChildDomain (30ms)
	RebuildCommonClasses (33ms)
	RebuildNativeTypeToScriptingClass (12ms)
	initialDomainReloadingComplete (27ms)
	LoadAllAssembliesAndSetupDomain (220ms)
		LoadAssemblies (295ms)
		RebuildTransferFunctionScriptingTraits (0ms)
		AnalyzeDomain (15ms)
			TypeCache.Refresh (5ms)
				TypeCache.ScanAssembly (0ms)
			ScanForSourceGeneratedMonoScriptInfo (0ms)
			ResolveRequiredComponents (8ms)
	FinalizeReload (921ms)
		ReleaseScriptCaches (0ms)
		RebuildScriptCaches (0ms)
		SetupLoadedEditorAssemblies (618ms)
			LogAssemblyErrors (0ms)
			InitializePlatformSupportModulesInManaged (7ms)
			SetLoadedEditorAssemblies (7ms)
			RefreshPlugins (0ms)
			BeforeProcessingInitializeOnLoad (74ms)
			ProcessInitializeOnLoadAttributes (491ms)
			ProcessInitializeOnLoadMethodAttributes (36ms)
			AfterProcessingInitializeOnLoad (3ms)
			EditorAssembliesLoaded (0ms)
		ExecutionOrderSort2 (0ms)
		AwakeInstancesAfterBackupRestoration (7ms)
Refreshing native plugins compatible for Editor in 1.87 ms, found 2 plugins.
Preloading 0 native plugins for Editor in 0.00 ms.
Unloading 2492 Unused Serialized files (Serialized files now loaded: 0)
Unloading 335 unused Assets / (1.6 MB). Loaded Objects now: 2889.
Memory consumption went from 222.7 MB to 221.1 MB.
Total: 4.933300 ms (FindLiveObjects: 0.378900 ms CreateObjectMapping: 0.100500 ms MarkObjects: 2.552900 ms  DeleteObjects: 1.899900 ms)

Prepare: number of updated asset objects reloaded= 0
AssetImportParameters requested are different than current active one (requested -> active):
  custom:video-decoder-webm-vp8: 9c59270c3fd7afecdb556c50c9e8de78 -> 
  custom:SearchIndexIgnoredProperties: e643bd26f0fe6173181afceb89e7c659 -> 
  custom:container-demuxer-ogg: 62fdf1f143b41e24485cea50d1cbac27 -> 
  custom:AudioImporter_EditorPlatform: d09bf68614088b80899f8185d706f6e7 -> 
  custom:video-decoder-ogg-theora: a1e56fd34408186e4bbccfd4996cb3dc -> 
  custom:framework-win-MediaFoundation: 216162199b28c13a410421893ffa2e32 -> 
  custom:video-encoder-webm-vp8: eb34c28f22e8b96e1ab97ce403110664 -> 
  custom:audio-decoder-ogg-vorbis: bf7c407c2cedff20999df2af8eb42d56 -> 
  custom:CustomObjectIndexerAttribute: 9a22284fe3817be447336de3de66b15e -> 
  custom:container-demuxer-webm: 4f35f7cbe854078d1ac9338744f61a02 -> 
  custom:audio-encoder-webm-vorbis: bf7c407c2cedff20999df2af8eb42d56 -> 
  custom:container-muxer-webm: aa71ff27fc2769a1b78a27578f13a17b -> 
========================================================================
Received Import Request.
  Time since last request: 88.492769 seconds.
  path: Assets/Merge Beast/Scenes/TileMonster.unity
  artifactKey: Guid(94a8ea2215e43ef43b802e3a5dbbf9cd) Importer(815301076,1909f56bfc062723c751e8b465ee728b)
Start importing Assets/Merge Beast/Scenes/TileMonster.unity using Guid(94a8ea2215e43ef43b802e3a5dbbf9cd) Importer(815301076,1909f56bfc062723c751e8b465ee728b) [PhysX] Initialized MultithreadedTaskDispatcher with 16 workers.
 -> (artifact id: 'e2b73f1dad415639c41d5ddaab980ca0') in 0.006815 seconds
Number of updated asset objects reloaded before import = 0
Number of asset objects unloaded after import = 0
========================================================================
Received Prepare
Caller must complete domain reload
Begin MonoManager ReloadAssembly
Symbol file LoadedFromMemory is not a mono symbol file
- Loaded All Assemblies, in  0.387 seconds
Native extension for WindowsStandalone target not found
Native extension for WebGL target not found
`Assets/Merge Beast/AnimationSpine/Cat Effect/Flash fx/flash_effect.png` : Problematic Texture Settings found: When enabling `Generate Mip Maps` in Gamma color space, it is recommended to disable `sRGB (Color Texture)` on `Premultiply alpha` textures. Otherwise you will receive white border artifacts on an atlas exported with default `Premultiply alpha` settings.
(You can disable this warning in `Edit - Preferences - Spine`)
UnityEngine.StackTraceUtility:ExtractStackTrace ()
UnityEngine.DebugLogHandler:LogFormat (UnityEngine.LogType,UnityEngine.Object,string,object[])
UnityEngine.Logger:Log (UnityEngine.LogType,object,UnityEngine.Object)
UnityEngine.Debug:LogWarning (object,UnityEngine.Object)
Spine.Unity.Editor.SpineEditorUtilities:IssueWarningsForUnrecommendedTextureSettings (string) (at Assets/Spine/Editor/spine-unity/Editor/Utility/SpineEditorUtilities.cs:270)
Spine.Unity.Editor.SpineEditorUtilities:IssueWarningsForUnrecommendedTextureSettings () (at Assets/Spine/Editor/spine-unity/Editor/Utility/SpineEditorUtilities.cs:185)
Spine.Unity.Editor.SpineEditorUtilities:Initialize () (at Assets/Spine/Editor/spine-unity/Editor/Utility/SpineEditorUtilities.cs:164)
Spine.Unity.Editor.SpineEditorUtilities:.cctor () (at Assets/Spine/Editor/spine-unity/Editor/Utility/SpineEditorUtilities.cs:100)
System.Runtime.CompilerServices.RuntimeHelpers:RunClassConstructor (System.RuntimeTypeHandle)
UnityEditor.EditorAssemblies:ProcessInitializeOnLoadAttributes (System.Type[])

(Filename: Assets/Spine/Editor/spine-unity/Editor/Utility/SpineEditorUtilities.cs Line: 270)

`Assets/Merge Beast/AnimationSpine/Cat Effect/Gostie fx/gostie_effect.png` : Problematic Texture Settings found: When enabling `Generate Mip Maps` in Gamma color space, it is recommended to disable `sRGB (Color Texture)` on `Premultiply alpha` textures. Otherwise you will receive white border artifacts on an atlas exported with default `Premultiply alpha` settings.
(You can disable this warning in `Edit - Preferences - Spine`)
UnityEngine.StackTraceUtility:ExtractStackTrace ()
UnityEngine.DebugLogHandler:LogFormat (UnityEngine.LogType,UnityEngine.Object,string,object[])
UnityEngine.Logger:Log (UnityEngine.LogType,object,UnityEngine.Object)
UnityEngine.Debug:LogWarning (object,UnityEngine.Object)
Spine.Unity.Editor.SpineEditorUtilities:IssueWarningsForUnrecommendedTextureSettings (string) (at Assets/Spine/Editor/spine-unity/Editor/Utility/SpineEditorUtilities.cs:270)
Spine.Unity.Editor.SpineEditorUtilities:IssueWarningsForUnrecommendedTextureSettings () (at Assets/Spine/Editor/spine-unity/Editor/Utility/SpineEditorUtilities.cs:185)
Spine.Unity.Editor.SpineEditorUtilities:Initialize () (at Assets/Spine/Editor/spine-unity/Editor/Utility/SpineEditorUtilities.cs:164)
Spine.Unity.Editor.SpineEditorUtilities:.cctor () (at Assets/Spine/Editor/spine-unity/Editor/Utility/SpineEditorUtilities.cs:100)
System.Runtime.CompilerServices.RuntimeHelpers:RunClassConstructor (System.RuntimeTypeHandle)
UnityEditor.EditorAssemblies:ProcessInitializeOnLoadAttributes (System.Type[])

(Filename: Assets/Spine/Editor/spine-unity/Editor/Utility/SpineEditorUtilities.cs Line: 270)

`Assets/Merge Beast/AnimationSpine/Cat Effect/Holi fx/holi_effect.png` : Problematic Texture Settings found: When enabling `Generate Mip Maps` in Gamma color space, it is recommended to disable `sRGB (Color Texture)` on `Premultiply alpha` textures. Otherwise you will receive white border artifacts on an atlas exported with default `Premultiply alpha` settings.
(You can disable this warning in `Edit - Preferences - Spine`)
UnityEngine.StackTraceUtility:ExtractStackTrace ()
UnityEngine.DebugLogHandler:LogFormat (UnityEngine.LogType,UnityEngine.Object,string,object[])
UnityEngine.Logger:Log (UnityEngine.LogType,object,UnityEngine.Object)
UnityEngine.Debug:LogWarning (object,UnityEngine.Object)
Spine.Unity.Editor.SpineEditorUtilities:IssueWarningsForUnrecommendedTextureSettings (string) (at Assets/Spine/Editor/spine-unity/Editor/Utility/SpineEditorUtilities.cs:270)
Spine.Unity.Editor.SpineEditorUtilities:IssueWarningsForUnrecommendedTextureSettings () (at Assets/Spine/Editor/spine-unity/Editor/Utility/SpineEditorUtilities.cs:185)
Spine.Unity.Editor.SpineEditorUtilities:Initialize () (at Assets/Spine/Editor/spine-unity/Editor/Utility/SpineEditorUtilities.cs:164)
Spine.Unity.Editor.SpineEditorUtilities:.cctor () (at Assets/Spine/Editor/spine-unity/Editor/Utility/SpineEditorUtilities.cs:100)
System.Runtime.CompilerServices.RuntimeHelpers:RunClassConstructor (System.RuntimeTypeHandle)
UnityEditor.EditorAssemblies:ProcessInitializeOnLoadAttributes (System.Type[])

(Filename: Assets/Spine/Editor/spine-unity/Editor/Utility/SpineEditorUtilities.cs Line: 270)

`Assets/Merge Beast/AnimationSpine/Cat Effect/Holi wp/holi_weapon.png` : Problematic Texture Settings found: When enabling `Generate Mip Maps` in Gamma color space, it is recommended to disable `sRGB (Color Texture)` on `Premultiply alpha` textures. Otherwise you will receive white border artifacts on an atlas exported with default `Premultiply alpha` settings.
(You can disable this warning in `Edit - Preferences - Spine`)
UnityEngine.StackTraceUtility:ExtractStackTrace ()
UnityEngine.DebugLogHandler:LogFormat (UnityEngine.LogType,UnityEngine.Object,string,object[])
UnityEngine.Logger:Log (UnityEngine.LogType,object,UnityEngine.Object)
UnityEngine.Debug:LogWarning (object,UnityEngine.Object)
Spine.Unity.Editor.SpineEditorUtilities:IssueWarningsForUnrecommendedTextureSettings (string) (at Assets/Spine/Editor/spine-unity/Editor/Utility/SpineEditorUtilities.cs:270)
Spine.Unity.Editor.SpineEditorUtilities:IssueWarningsForUnrecommendedTextureSettings () (at Assets/Spine/Editor/spine-unity/Editor/Utility/SpineEditorUtilities.cs:185)
Spine.Unity.Editor.SpineEditorUtilities:Initialize () (at Assets/Spine/Editor/spine-unity/Editor/Utility/SpineEditorUtilities.cs:164)
Spine.Unity.Editor.SpineEditorUtilities:.cctor () (at Assets/Spine/Editor/spine-unity/Editor/Utility/SpineEditorUtilities.cs:100)
System.Runtime.CompilerServices.RuntimeHelpers:RunClassConstructor (System.RuntimeTypeHandle)
UnityEditor.EditorAssemblies:ProcessInitializeOnLoadAttributes (System.Type[])

(Filename: Assets/Spine/Editor/spine-unity/Editor/Utility/SpineEditorUtilities.cs Line: 270)

`Assets/Merge Beast/AnimationSpine/Cat Effect/Jiao wp/jiao_weapon.png` : Problematic Texture Settings found: When enabling `Generate Mip Maps` in Gamma color space, it is recommended to disable `sRGB (Color Texture)` on `Premultiply alpha` textures. Otherwise you will receive white border artifacts on an atlas exported with default `Premultiply alpha` settings.
(You can disable this warning in `Edit - Preferences - Spine`)
UnityEngine.StackTraceUtility:ExtractStackTrace ()
UnityEngine.DebugLogHandler:LogFormat (UnityEngine.LogType,UnityEngine.Object,string,object[])
UnityEngine.Logger:Log (UnityEngine.LogType,object,UnityEngine.Object)
UnityEngine.Debug:LogWarning (object,UnityEngine.Object)
Spine.Unity.Editor.SpineEditorUtilities:IssueWarningsForUnrecommendedTextureSettings (string) (at Assets/Spine/Editor/spine-unity/Editor/Utility/SpineEditorUtilities.cs:270)
Spine.Unity.Editor.SpineEditorUtilities:IssueWarningsForUnrecommendedTextureSettings () (at Assets/Spine/Editor/spine-unity/Editor/Utility/SpineEditorUtilities.cs:185)
Spine.Unity.Editor.SpineEditorUtilities:Initialize () (at Assets/Spine/Editor/spine-unity/Editor/Utility/SpineEditorUtilities.cs:164)
Spine.Unity.Editor.SpineEditorUtilities:.cctor () (at Assets/Spine/Editor/spine-unity/Editor/Utility/SpineEditorUtilities.cs:100)
System.Runtime.CompilerServices.RuntimeHelpers:RunClassConstructor (System.RuntimeTypeHandle)
UnityEditor.EditorAssemblies:ProcessInitializeOnLoadAttributes (System.Type[])

(Filename: Assets/Spine/Editor/spine-unity/Editor/Utility/SpineEditorUtilities.cs Line: 270)

`Assets/Merge Beast/AnimationSpine/Cat Effect/Kagura fx/kagura_effect.png` : Problematic Texture Settings found: When enabling `Generate Mip Maps` in Gamma color space, it is recommended to disable `sRGB (Color Texture)` on `Premultiply alpha` textures. Otherwise you will receive white border artifacts on an atlas exported with default `Premultiply alpha` settings.
(You can disable this warning in `Edit - Preferences - Spine`)
UnityEngine.StackTraceUtility:ExtractStackTrace ()
UnityEngine.DebugLogHandler:LogFormat (UnityEngine.LogType,UnityEngine.Object,string,object[])
UnityEngine.Logger:Log (UnityEngine.LogType,object,UnityEngine.Object)
UnityEngine.Debug:LogWarning (object,UnityEngine.Object)
Spine.Unity.Editor.SpineEditorUtilities:IssueWarningsForUnrecommendedTextureSettings (string) (at Assets/Spine/Editor/spine-unity/Editor/Utility/SpineEditorUtilities.cs:270)
Spine.Unity.Editor.SpineEditorUtilities:IssueWarningsForUnrecommendedTextureSettings () (at Assets/Spine/Editor/spine-unity/Editor/Utility/SpineEditorUtilities.cs:185)
Spine.Unity.Editor.SpineEditorUtilities:Initialize () (at Assets/Spine/Editor/spine-unity/Editor/Utility/SpineEditorUtilities.cs:164)
Spine.Unity.Editor.SpineEditorUtilities:.cctor () (at Assets/Spine/Editor/spine-unity/Editor/Utility/SpineEditorUtilities.cs:100)
System.Runtime.CompilerServices.RuntimeHelpers:RunClassConstructor (System.RuntimeTypeHandle)
UnityEditor.EditorAssemblies:ProcessInitializeOnLoadAttributes (System.Type[])

(Filename: Assets/Spine/Editor/spine-unity/Editor/Utility/SpineEditorUtilities.cs Line: 270)

`Assets/Merge Beast/AnimationSpine/Cat Effect/Kagura wp/kagura_weapon.png` : Problematic Texture Settings found: When enabling `Generate Mip Maps` in Gamma color space, it is recommended to disable `sRGB (Color Texture)` on `Premultiply alpha` textures. Otherwise you will receive white border artifacts on an atlas exported with default `Premultiply alpha` settings.
(You can disable this warning in `Edit - Preferences - Spine`)
UnityEngine.StackTraceUtility:ExtractStackTrace ()
UnityEngine.DebugLogHandler:LogFormat (UnityEngine.LogType,UnityEngine.Object,string,object[])
UnityEngine.Logger:Log (UnityEngine.LogType,object,UnityEngine.Object)
UnityEngine.Debug:LogWarning (object,UnityEngine.Object)
Spine.Unity.Editor.SpineEditorUtilities:IssueWarningsForUnrecommendedTextureSettings (string) (at Assets/Spine/Editor/spine-unity/Editor/Utility/SpineEditorUtilities.cs:270)
Spine.Unity.Editor.SpineEditorUtilities:IssueWarningsForUnrecommendedTextureSettings () (at Assets/Spine/Editor/spine-unity/Editor/Utility/SpineEditorUtilities.cs:185)
Spine.Unity.Editor.SpineEditorUtilities:Initialize () (at Assets/Spine/Editor/spine-unity/Editor/Utility/SpineEditorUtilities.cs:164)
Spine.Unity.Editor.SpineEditorUtilities:.cctor () (at Assets/Spine/Editor/spine-unity/Editor/Utility/SpineEditorUtilities.cs:100)
System.Runtime.CompilerServices.RuntimeHelpers:RunClassConstructor (System.RuntimeTypeHandle)
UnityEditor.EditorAssemblies:ProcessInitializeOnLoadAttributes (System.Type[])

(Filename: Assets/Spine/Editor/spine-unity/Editor/Utility/SpineEditorUtilities.cs Line: 270)

`Assets/Merge Beast/AnimationSpine/Cat Effect/Kina fx/kina_effect.png` : Problematic Texture Settings found: When enabling `Generate Mip Maps` in Gamma color space, it is recommended to disable `sRGB (Color Texture)` on `Premultiply alpha` textures. Otherwise you will receive white border artifacts on an atlas exported with default `Premultiply alpha` settings.
(You can disable this warning in `Edit - Preferences - Spine`)
UnityEngine.StackTraceUtility:ExtractStackTrace ()
UnityEngine.DebugLogHandler:LogFormat (UnityEngine.LogType,UnityEngine.Object,string,object[])
UnityEngine.Logger:Log (UnityEngine.LogType,object,UnityEngine.Object)
UnityEngine.Debug:LogWarning (object,UnityEngine.Object)
Spine.Unity.Editor.SpineEditorUtilities:IssueWarningsForUnrecommendedTextureSettings (string) (at Assets/Spine/Editor/spine-unity/Editor/Utility/SpineEditorUtilities.cs:270)
Spine.Unity.Editor.SpineEditorUtilities:IssueWarningsForUnrecommendedTextureSettings () (at Assets/Spine/Editor/spine-unity/Editor/Utility/SpineEditorUtilities.cs:185)
Spine.Unity.Editor.SpineEditorUtilities:Initialize () (at Assets/Spine/Editor/spine-unity/Editor/Utility/SpineEditorUtilities.cs:164)
Spine.Unity.Editor.SpineEditorUtilities:.cctor () (at Assets/Spine/Editor/spine-unity/Editor/Utility/SpineEditorUtilities.cs:100)
System.Runtime.CompilerServices.RuntimeHelpers:RunClassConstructor (System.RuntimeTypeHandle)
UnityEditor.EditorAssemblies:ProcessInitializeOnLoadAttributes (System.Type[])

(Filename: Assets/Spine/Editor/spine-unity/Editor/Utility/SpineEditorUtilities.cs Line: 270)

`Assets/Merge Beast/AnimationSpine/Cat Effect/Kina wp/kina_weapon.png` : Problematic Texture Settings found: When enabling `Generate Mip Maps` in Gamma color space, it is recommended to disable `sRGB (Color Texture)` on `Premultiply alpha` textures. Otherwise you will receive white border artifacts on an atlas exported with default `Premultiply alpha` settings.
(You can disable this warning in `Edit - Preferences - Spine`)
UnityEngine.StackTraceUtility:ExtractStackTrace ()
UnityEngine.DebugLogHandler:LogFormat (UnityEngine.LogType,UnityEngine.Object,string,object[])
UnityEngine.Logger:Log (UnityEngine.LogType,object,UnityEngine.Object)
UnityEngine.Debug:LogWarning (object,UnityEngine.Object)
Spine.Unity.Editor.SpineEditorUtilities:IssueWarningsForUnrecommendedTextureSettings (string) (at Assets/Spine/Editor/spine-unity/Editor/Utility/SpineEditorUtilities.cs:270)
Spine.Unity.Editor.SpineEditorUtilities:IssueWarningsForUnrecommendedTextureSettings () (at Assets/Spine/Editor/spine-unity/Editor/Utility/SpineEditorUtilities.cs:185)
Spine.Unity.Editor.SpineEditorUtilities:Initialize () (at Assets/Spine/Editor/spine-unity/Editor/Utility/SpineEditorUtilities.cs:164)
Spine.Unity.Editor.SpineEditorUtilities:.cctor () (at Assets/Spine/Editor/spine-unity/Editor/Utility/SpineEditorUtilities.cs:100)
System.Runtime.CompilerServices.RuntimeHelpers:RunClassConstructor (System.RuntimeTypeHandle)
UnityEditor.EditorAssemblies:ProcessInitializeOnLoadAttributes (System.Type[])

(Filename: Assets/Spine/Editor/spine-unity/Editor/Utility/SpineEditorUtilities.cs Line: 270)

`Assets/Merge Beast/AnimationSpine/Cat Effect/Kyuzo fx/kyuzo_effect.png` : Problematic Texture Settings found: When enabling `Generate Mip Maps` in Gamma color space, it is recommended to disable `sRGB (Color Texture)` on `Premultiply alpha` textures. Otherwise you will receive white border artifacts on an atlas exported with default `Premultiply alpha` settings.
(You can disable this warning in `Edit - Preferences - Spine`)
UnityEngine.StackTraceUtility:ExtractStackTrace ()
UnityEngine.DebugLogHandler:LogFormat (UnityEngine.LogType,UnityEngine.Object,string,object[])
UnityEngine.Logger:Log (UnityEngine.LogType,object,UnityEngine.Object)
UnityEngine.Debug:LogWarning (object,UnityEngine.Object)
Spine.Unity.Editor.SpineEditorUtilities:IssueWarningsForUnrecommendedTextureSettings (string) (at Assets/Spine/Editor/spine-unity/Editor/Utility/SpineEditorUtilities.cs:270)
Spine.Unity.Editor.SpineEditorUtilities:IssueWarningsForUnrecommendedTextureSettings () (at Assets/Spine/Editor/spine-unity/Editor/Utility/SpineEditorUtilities.cs:185)
Spine.Unity.Editor.SpineEditorUtilities:Initialize () (at Assets/Spine/Editor/spine-unity/Editor/Utility/SpineEditorUtilities.cs:164)
Spine.Unity.Editor.SpineEditorUtilities:.cctor () (at Assets/Spine/Editor/spine-unity/Editor/Utility/SpineEditorUtilities.cs:100)
System.Runtime.CompilerServices.RuntimeHelpers:RunClassConstructor (System.RuntimeTypeHandle)
UnityEditor.EditorAssemblies:ProcessInitializeOnLoadAttributes (System.Type[])

(Filename: Assets/Spine/Editor/spine-unity/Editor/Utility/SpineEditorUtilities.cs Line: 270)

`Assets/Merge Beast/AnimationSpine/Cat Effect/Kyuzo wp/kyuzo_weapon.png` : Problematic Texture Settings found: When enabling `Generate Mip Maps` in Gamma color space, it is recommended to disable `sRGB (Color Texture)` on `Premultiply alpha` textures. Otherwise you will receive white border artifacts on an atlas exported with default `Premultiply alpha` settings.
(You can disable this warning in `Edit - Preferences - Spine`)
UnityEngine.StackTraceUtility:ExtractStackTrace ()
UnityEngine.DebugLogHandler:LogFormat (UnityEngine.LogType,UnityEngine.Object,string,object[])
UnityEngine.Logger:Log (UnityEngine.LogType,object,UnityEngine.Object)
UnityEngine.Debug:LogWarning (object,UnityEngine.Object)
Spine.Unity.Editor.SpineEditorUtilities:IssueWarningsForUnrecommendedTextureSettings (string) (at Assets/Spine/Editor/spine-unity/Editor/Utility/SpineEditorUtilities.cs:270)
Spine.Unity.Editor.SpineEditorUtilities:IssueWarningsForUnrecommendedTextureSettings () (at Assets/Spine/Editor/spine-unity/Editor/Utility/SpineEditorUtilities.cs:185)
Spine.Unity.Editor.SpineEditorUtilities:Initialize () (at Assets/Spine/Editor/spine-unity/Editor/Utility/SpineEditorUtilities.cs:164)
Spine.Unity.Editor.SpineEditorUtilities:.cctor () (at Assets/Spine/Editor/spine-unity/Editor/Utility/SpineEditorUtilities.cs:100)
System.Runtime.CompilerServices.RuntimeHelpers:RunClassConstructor (System.RuntimeTypeHandle)
UnityEditor.EditorAssemblies:ProcessInitializeOnLoadAttributes (System.Type[])

(Filename: Assets/Spine/Editor/spine-unity/Editor/Utility/SpineEditorUtilities.cs Line: 270)

`Assets/Merge Beast/AnimationSpine/Cat Effect/Little Miju fx/little_mijus_effect.png` : Problematic Texture Settings found: When enabling `Generate Mip Maps` in Gamma color space, it is recommended to disable `sRGB (Color Texture)` on `Premultiply alpha` textures. Otherwise you will receive white border artifacts on an atlas exported with default `Premultiply alpha` settings.
(You can disable this warning in `Edit - Preferences - Spine`)
UnityEngine.StackTraceUtility:ExtractStackTrace ()
UnityEngine.DebugLogHandler:LogFormat (UnityEngine.LogType,UnityEngine.Object,string,object[])
UnityEngine.Logger:Log (UnityEngine.LogType,object,UnityEngine.Object)
UnityEngine.Debug:LogWarning (object,UnityEngine.Object)
Spine.Unity.Editor.SpineEditorUtilities:IssueWarningsForUnrecommendedTextureSettings (string) (at Assets/Spine/Editor/spine-unity/Editor/Utility/SpineEditorUtilities.cs:270)
Spine.Unity.Editor.SpineEditorUtilities:IssueWarningsForUnrecommendedTextureSettings () (at Assets/Spine/Editor/spine-unity/Editor/Utility/SpineEditorUtilities.cs:185)
Spine.Unity.Editor.SpineEditorUtilities:Initialize () (at Assets/Spine/Editor/spine-unity/Editor/Utility/SpineEditorUtilities.cs:164)
Spine.Unity.Editor.SpineEditorUtilities:.cctor () (at Assets/Spine/Editor/spine-unity/Editor/Utility/SpineEditorUtilities.cs:100)
System.Runtime.CompilerServices.RuntimeHelpers:RunClassConstructor (System.RuntimeTypeHandle)
UnityEditor.EditorAssemblies:ProcessInitializeOnLoadAttributes (System.Type[])

(Filename: Assets/Spine/Editor/spine-unity/Editor/Utility/SpineEditorUtilities.cs Line: 270)

`Assets/Merge Beast/AnimationSpine/Cat Effect/Mijus fx/mijus_effect.png` : Problematic Texture Settings found: When enabling `Generate Mip Maps` in Gamma color space, it is recommended to disable `sRGB (Color Texture)` on `Premultiply alpha` textures. Otherwise you will receive white border artifacts on an atlas exported with default `Premultiply alpha` settings.
(You can disable this warning in `Edit - Preferences - Spine`)
UnityEngine.StackTraceUtility:ExtractStackTrace ()
UnityEngine.DebugLogHandler:LogFormat (UnityEngine.LogType,UnityEngine.Object,string,object[])
UnityEngine.Logger:Log (UnityEngine.LogType,object,UnityEngine.Object)
UnityEngine.Debug:LogWarning (object,UnityEngine.Object)
Spine.Unity.Editor.SpineEditorUtilities:IssueWarningsForUnrecommendedTextureSettings (string) (at Assets/Spine/Editor/spine-unity/Editor/Utility/SpineEditorUtilities.cs:270)
Spine.Unity.Editor.SpineEditorUtilities:IssueWarningsForUnrecommendedTextureSettings () (at Assets/Spine/Editor/spine-unity/Editor/Utility/SpineEditorUtilities.cs:185)
Spine.Unity.Editor.SpineEditorUtilities:Initialize () (at Assets/Spine/Editor/spine-unity/Editor/Utility/SpineEditorUtilities.cs:164)
Spine.Unity.Editor.SpineEditorUtilities:.cctor () (at Assets/Spine/Editor/spine-unity/Editor/Utility/SpineEditorUtilities.cs:100)
System.Runtime.CompilerServices.RuntimeHelpers:RunClassConstructor (System.RuntimeTypeHandle)
UnityEditor.EditorAssemblies:ProcessInitializeOnLoadAttributes (System.Type[])

(Filename: Assets/Spine/Editor/spine-unity/Editor/Utility/SpineEditorUtilities.cs Line: 270)

`Assets/Merge Beast/AnimationSpine/Cat Effect/Miu fx/miu_effect.png` : Problematic Texture Settings found: When enabling `Generate Mip Maps` in Gamma color space, it is recommended to disable `sRGB (Color Texture)` on `Premultiply alpha` textures. Otherwise you will receive white border artifacts on an atlas exported with default `Premultiply alpha` settings.
(You can disable this warning in `Edit - Preferences - Spine`)
UnityEngine.StackTraceUtility:ExtractStackTrace ()
UnityEngine.DebugLogHandler:LogFormat (UnityEngine.LogType,UnityEngine.Object,string,object[])
UnityEngine.Logger:Log (UnityEngine.LogType,object,UnityEngine.Object)
UnityEngine.Debug:LogWarning (object,UnityEngine.Object)
Spine.Unity.Editor.SpineEditorUtilities:IssueWarningsForUnrecommendedTextureSettings (string) (at Assets/Spine/Editor/spine-unity/Editor/Utility/SpineEditorUtilities.cs:270)
Spine.Unity.Editor.SpineEditorUtilities:IssueWarningsForUnrecommendedTextureSettings () (at Assets/Spine/Editor/spine-unity/Editor/Utility/SpineEditorUtilities.cs:185)
Spine.Unity.Editor.SpineEditorUtilities:Initialize () (at Assets/Spine/Editor/spine-unity/Editor/Utility/SpineEditorUtilities.cs:164)
Spine.Unity.Editor.SpineEditorUtilities:.cctor () (at Assets/Spine/Editor/spine-unity/Editor/Utility/SpineEditorUtilities.cs:100)
System.Runtime.CompilerServices.RuntimeHelpers:RunClassConstructor (System.RuntimeTypeHandle)
UnityEditor.EditorAssemblies:ProcessInitializeOnLoadAttributes (System.Type[])

(Filename: Assets/Spine/Editor/spine-unity/Editor/Utility/SpineEditorUtilities.cs Line: 270)

`Assets/Merge Beast/AnimationSpine/Cat Effect/Miu wp/miu_weapon.png` : Problematic Texture Settings found: When enabling `Generate Mip Maps` in Gamma color space, it is recommended to disable `sRGB (Color Texture)` on `Premultiply alpha` textures. Otherwise you will receive white border artifacts on an atlas exported with default `Premultiply alpha` settings.
(You can disable this warning in `Edit - Preferences - Spine`)
UnityEngine.StackTraceUtility:ExtractStackTrace ()
UnityEngine.DebugLogHandler:LogFormat (UnityEngine.LogType,UnityEngine.Object,string,object[])
UnityEngine.Logger:Log (UnityEngine.LogType,object,UnityEngine.Object)
UnityEngine.Debug:LogWarning (object,UnityEngine.Object)
Spine.Unity.Editor.SpineEditorUtilities:IssueWarningsForUnrecommendedTextureSettings (string) (at Assets/Spine/Editor/spine-unity/Editor/Utility/SpineEditorUtilities.cs:270)
Spine.Unity.Editor.SpineEditorUtilities:IssueWarningsForUnrecommendedTextureSettings () (at Assets/Spine/Editor/spine-unity/Editor/Utility/SpineEditorUtilities.cs:185)
Spine.Unity.Editor.SpineEditorUtilities:Initialize () (at Assets/Spine/Editor/spine-unity/Editor/Utility/SpineEditorUtilities.cs:164)
Spine.Unity.Editor.SpineEditorUtilities:.cctor () (at Assets/Spine/Editor/spine-unity/Editor/Utility/SpineEditorUtilities.cs:100)
System.Runtime.CompilerServices.RuntimeHelpers:RunClassConstructor (System.RuntimeTypeHandle)
UnityEditor.EditorAssemblies:ProcessInitializeOnLoadAttributes (System.Type[])

(Filename: Assets/Spine/Editor/spine-unity/Editor/Utility/SpineEditorUtilities.cs Line: 270)

`Assets/Merge Beast/AnimationSpine/Cat Effect/Modie fx/modie_effect.png` : Problematic Texture Settings found: When enabling `Generate Mip Maps` in Gamma color space, it is recommended to disable `sRGB (Color Texture)` on `Premultiply alpha` textures. Otherwise you will receive white border artifacts on an atlas exported with default `Premultiply alpha` settings.
(You can disable this warning in `Edit - Preferences - Spine`)
UnityEngine.StackTraceUtility:ExtractStackTrace ()
UnityEngine.DebugLogHandler:LogFormat (UnityEngine.LogType,UnityEngine.Object,string,object[])
UnityEngine.Logger:Log (UnityEngine.LogType,object,UnityEngine.Object)
UnityEngine.Debug:LogWarning (object,UnityEngine.Object)
Spine.Unity.Editor.SpineEditorUtilities:IssueWarningsForUnrecommendedTextureSettings (string) (at Assets/Spine/Editor/spine-unity/Editor/Utility/SpineEditorUtilities.cs:270)
Spine.Unity.Editor.SpineEditorUtilities:IssueWarningsForUnrecommendedTextureSettings () (at Assets/Spine/Editor/spine-unity/Editor/Utility/SpineEditorUtilities.cs:185)
Spine.Unity.Editor.SpineEditorUtilities:Initialize () (at Assets/Spine/Editor/spine-unity/Editor/Utility/SpineEditorUtilities.cs:164)
Spine.Unity.Editor.SpineEditorUtilities:.cctor () (at Assets/Spine/Editor/spine-unity/Editor/Utility/SpineEditorUtilities.cs:100)
System.Runtime.CompilerServices.RuntimeHelpers:RunClassConstructor (System.RuntimeTypeHandle)
UnityEditor.EditorAssemblies:ProcessInitializeOnLoadAttributes (System.Type[])

(Filename: Assets/Spine/Editor/spine-unity/Editor/Utility/SpineEditorUtilities.cs Line: 270)

`Assets/Merge Beast/AnimationSpine/Cat Effect/Monkey mob fx/monkey_mob_effect.png` : Problematic Texture Settings found: When enabling `Generate Mip Maps` in Gamma color space, it is recommended to disable `sRGB (Color Texture)` on `Premultiply alpha` textures. Otherwise you will receive white border artifacts on an atlas exported with default `Premultiply alpha` settings.
(You can disable this warning in `Edit - Preferences - Spine`)
UnityEngine.StackTraceUtility:ExtractStackTrace ()
UnityEngine.DebugLogHandler:LogFormat (UnityEngine.LogType,UnityEngine.Object,string,object[])
UnityEngine.Logger:Log (UnityEngine.LogType,object,UnityEngine.Object)
UnityEngine.Debug:LogWarning (object,UnityEngine.Object)
Spine.Unity.Editor.SpineEditorUtilities:IssueWarningsForUnrecommendedTextureSettings (string) (at Assets/Spine/Editor/spine-unity/Editor/Utility/SpineEditorUtilities.cs:270)
Spine.Unity.Editor.SpineEditorUtilities:IssueWarningsForUnrecommendedTextureSettings () (at Assets/Spine/Editor/spine-unity/Editor/Utility/SpineEditorUtilities.cs:185)
Spine.Unity.Editor.SpineEditorUtilities:Initialize () (at Assets/Spine/Editor/spine-unity/Editor/Utility/SpineEditorUtilities.cs:164)
Spine.Unity.Editor.SpineEditorUtilities:.cctor () (at Assets/Spine/Editor/spine-unity/Editor/Utility/SpineEditorUtilities.cs:100)
System.Runtime.CompilerServices.RuntimeHelpers:RunClassConstructor (System.RuntimeTypeHandle)
UnityEditor.EditorAssemblies:ProcessInitializeOnLoadAttributes (System.Type[])

(Filename: Assets/Spine/Editor/spine-unity/Editor/Utility/SpineEditorUtilities.cs Line: 270)

`Assets/Merge Beast/AnimationSpine/Cat Effect/Mora fx/mora_effect.png` : Problematic Texture Settings found: When enabling `Generate Mip Maps` in Gamma color space, it is recommended to disable `sRGB (Color Texture)` on `Premultiply alpha` textures. Otherwise you will receive white border artifacts on an atlas exported with default `Premultiply alpha` settings.
(You can disable this warning in `Edit - Preferences - Spine`)
UnityEngine.StackTraceUtility:ExtractStackTrace ()
UnityEngine.DebugLogHandler:LogFormat (UnityEngine.LogType,UnityEngine.Object,string,object[])
UnityEngine.Logger:Log (UnityEngine.LogType,object,UnityEngine.Object)
UnityEngine.Debug:LogWarning (object,UnityEngine.Object)
Spine.Unity.Editor.SpineEditorUtilities:IssueWarningsForUnrecommendedTextureSettings (string) (at Assets/Spine/Editor/spine-unity/Editor/Utility/SpineEditorUtilities.cs:270)
Spine.Unity.Editor.SpineEditorUtilities:IssueWarningsForUnrecommendedTextureSettings () (at Assets/Spine/Editor/spine-unity/Editor/Utility/SpineEditorUtilities.cs:185)
Spine.Unity.Editor.SpineEditorUtilities:Initialize () (at Assets/Spine/Editor/spine-unity/Editor/Utility/SpineEditorUtilities.cs:164)
Spine.Unity.Editor.SpineEditorUtilities:.cctor () (at Assets/Spine/Editor/spine-unity/Editor/Utility/SpineEditorUtilities.cs:100)
System.Runtime.CompilerServices.RuntimeHelpers:RunClassConstructor (System.RuntimeTypeHandle)
UnityEditor.EditorAssemblies:ProcessInitializeOnLoadAttributes (System.Type[])

(Filename: Assets/Spine/Editor/spine-unity/Editor/Utility/SpineEditorUtilities.cs Line: 270)

`Assets/Merge Beast/AnimationSpine/Cat Effect/Mora wp/mora_weapon.png` : Problematic Texture Settings found: When enabling `Generate Mip Maps` in Gamma color space, it is recommended to disable `sRGB (Color Texture)` on `Premultiply alpha` textures. Otherwise you will receive white border artifacts on an atlas exported with default `Premultiply alpha` settings.
(You can disable this warning in `Edit - Preferences - Spine`)
UnityEngine.StackTraceUtility:ExtractStackTrace ()
UnityEngine.DebugLogHandler:LogFormat (UnityEngine.LogType,UnityEngine.Object,string,object[])
UnityEngine.Logger:Log (UnityEngine.LogType,object,UnityEngine.Object)
UnityEngine.Debug:LogWarning (object,UnityEngine.Object)
Spine.Unity.Editor.SpineEditorUtilities:IssueWarningsForUnrecommendedTextureSettings (string) (at Assets/Spine/Editor/spine-unity/Editor/Utility/SpineEditorUtilities.cs:270)
Spine.Unity.Editor.SpineEditorUtilities:IssueWarningsForUnrecommendedTextureSettings () (at Assets/Spine/Editor/spine-unity/Editor/Utility/SpineEditorUtilities.cs:185)
Spine.Unity.Editor.SpineEditorUtilities:Initialize () (at Assets/Spine/Editor/spine-unity/Editor/Utility/SpineEditorUtilities.cs:164)
Spine.Unity.Editor.SpineEditorUtilities:.cctor () (at Assets/Spine/Editor/spine-unity/Editor/Utility/SpineEditorUtilities.cs:100)
System.Runtime.CompilerServices.RuntimeHelpers:RunClassConstructor (System.RuntimeTypeHandle)
UnityEditor.EditorAssemblies:ProcessInitializeOnLoadAttributes (System.Type[])

(Filename: Assets/Spine/Editor/spine-unity/Editor/Utility/SpineEditorUtilities.cs Line: 270)

`Assets/Merge Beast/AnimationSpine/Cat Effect/Naruto fx/naruto_effect.png` : Problematic Texture Settings found: When enabling `Generate Mip Maps` in Gamma color space, it is recommended to disable `sRGB (Color Texture)` on `Premultiply alpha` textures. Otherwise you will receive white border artifacts on an atlas exported with default `Premultiply alpha` settings.
(You can disable this warning in `Edit - Preferences - Spine`)
UnityEngine.StackTraceUtility:ExtractStackTrace ()
UnityEngine.DebugLogHandler:LogFormat (UnityEngine.LogType,UnityEngine.Object,string,object[])
UnityEngine.Logger:Log (UnityEngine.LogType,object,UnityEngine.Object)
UnityEngine.Debug:LogWarning (object,UnityEngine.Object)
Spine.Unity.Editor.SpineEditorUtilities:IssueWarningsForUnrecommendedTextureSettings (string) (at Assets/Spine/Editor/spine-unity/Editor/Utility/SpineEditorUtilities.cs:270)
Spine.Unity.Editor.SpineEditorUtilities:IssueWarningsForUnrecommendedTextureSettings () (at Assets/Spine/Editor/spine-unity/Editor/Utility/SpineEditorUtilities.cs:185)
Spine.Unity.Editor.SpineEditorUtilities:Initialize () (at Assets/Spine/Editor/spine-unity/Editor/Utility/SpineEditorUtilities.cs:164)
Spine.Unity.Editor.SpineEditorUtilities:.cctor () (at Assets/Spine/Editor/spine-unity/Editor/Utility/SpineEditorUtilities.cs:100)
System.Runtime.CompilerServices.RuntimeHelpers:RunClassConstructor (System.RuntimeTypeHandle)
UnityEditor.EditorAssemblies:ProcessInitializeOnLoadAttributes (System.Type[])

(Filename: Assets/Spine/Editor/spine-unity/Editor/Utility/SpineEditorUtilities.cs Line: 270)

`Assets/Merge Beast/AnimationSpine/Cat Effect/Naruto fx 2/naruto_effect2.png` : Problematic Texture Settings found: When enabling `Generate Mip Maps` in Gamma color space, it is recommended to disable `sRGB (Color Texture)` on `Premultiply alpha` textures. Otherwise you will receive white border artifacts on an atlas exported with default `Premultiply alpha` settings.
(You can disable this warning in `Edit - Preferences - Spine`)
UnityEngine.StackTraceUtility:ExtractStackTrace ()
UnityEngine.DebugLogHandler:LogFormat (UnityEngine.LogType,UnityEngine.Object,string,object[])
UnityEngine.Logger:Log (UnityEngine.LogType,object,UnityEngine.Object)
UnityEngine.Debug:LogWarning (object,UnityEngine.Object)
Spine.Unity.Editor.SpineEditorUtilities:IssueWarningsForUnrecommendedTextureSettings (string) (at Assets/Spine/Editor/spine-unity/Editor/Utility/SpineEditorUtilities.cs:270)
Spine.Unity.Editor.SpineEditorUtilities:IssueWarningsForUnrecommendedTextureSettings () (at Assets/Spine/Editor/spine-unity/Editor/Utility/SpineEditorUtilities.cs:185)
Spine.Unity.Editor.SpineEditorUtilities:Initialize () (at Assets/Spine/Editor/spine-unity/Editor/Utility/SpineEditorUtilities.cs:164)
Spine.Unity.Editor.SpineEditorUtilities:.cctor () (at Assets/Spine/Editor/spine-unity/Editor/Utility/SpineEditorUtilities.cs:100)
System.Runtime.CompilerServices.RuntimeHelpers:RunClassConstructor (System.RuntimeTypeHandle)
UnityEditor.EditorAssemblies:ProcessInitializeOnLoadAttributes (System.Type[])

(Filename: Assets/Spine/Editor/spine-unity/Editor/Utility/SpineEditorUtilities.cs Line: 270)

`Assets/Merge Beast/AnimationSpine/Cat Effect/Nemu fx/nemu_effect.png` : Problematic Texture Settings found: When enabling `Generate Mip Maps` in Gamma color space, it is recommended to disable `sRGB (Color Texture)` on `Premultiply alpha` textures. Otherwise you will receive white border artifacts on an atlas exported with default `Premultiply alpha` settings.
(You can disable this warning in `Edit - Preferences - Spine`)
UnityEngine.StackTraceUtility:ExtractStackTrace ()
UnityEngine.DebugLogHandler:LogFormat (UnityEngine.LogType,UnityEngine.Object,string,object[])
UnityEngine.Logger:Log (UnityEngine.LogType,object,UnityEngine.Object)
UnityEngine.Debug:LogWarning (object,UnityEngine.Object)
Spine.Unity.Editor.SpineEditorUtilities:IssueWarningsForUnrecommendedTextureSettings (string) (at Assets/Spine/Editor/spine-unity/Editor/Utility/SpineEditorUtilities.cs:270)
Spine.Unity.Editor.SpineEditorUtilities:IssueWarningsForUnrecommendedTextureSettings () (at Assets/Spine/Editor/spine-unity/Editor/Utility/SpineEditorUtilities.cs:185)
Spine.Unity.Editor.SpineEditorUtilities:Initialize () (at Assets/Spine/Editor/spine-unity/Editor/Utility/SpineEditorUtilities.cs:164)
Spine.Unity.Editor.SpineEditorUtilities:.cctor () (at Assets/Spine/Editor/spine-unity/Editor/Utility/SpineEditorUtilities.cs:100)
System.Runtime.CompilerServices.RuntimeHelpers:RunClassConstructor (System.RuntimeTypeHandle)
UnityEditor.EditorAssemblies:ProcessInitializeOnLoadAttributes (System.Type[])

(Filename: Assets/Spine/Editor/spine-unity/Editor/Utility/SpineEditorUtilities.cs Line: 270)

`Assets/Merge Beast/AnimationSpine/Cat Effect/Pank fx/pank_effect.png` : Problematic Texture Settings found: When enabling `Generate Mip Maps` in Gamma color space, it is recommended to disable `sRGB (Color Texture)` on `Premultiply alpha` textures. Otherwise you will receive white border artifacts on an atlas exported with default `Premultiply alpha` settings.
(You can disable this warning in `Edit - Preferences - Spine`)
UnityEngine.StackTraceUtility:ExtractStackTrace ()
UnityEngine.DebugLogHandler:LogFormat (UnityEngine.LogType,UnityEngine.Object,string,object[])
UnityEngine.Logger:Log (UnityEngine.LogType,object,UnityEngine.Object)
UnityEngine.Debug:LogWarning (object,UnityEngine.Object)
Spine.Unity.Editor.SpineEditorUtilities:IssueWarningsForUnrecommendedTextureSettings (string) (at Assets/Spine/Editor/spine-unity/Editor/Utility/SpineEditorUtilities.cs:270)
Spine.Unity.Editor.SpineEditorUtilities:IssueWarningsForUnrecommendedTextureSettings () (at Assets/Spine/Editor/spine-unity/Editor/Utility/SpineEditorUtilities.cs:185)
Spine.Unity.Editor.SpineEditorUtilities:Initialize () (at Assets/Spine/Editor/spine-unity/Editor/Utility/SpineEditorUtilities.cs:164)
Spine.Unity.Editor.SpineEditorUtilities:.cctor () (at Assets/Spine/Editor/spine-unity/Editor/Utility/SpineEditorUtilities.cs:100)
System.Runtime.CompilerServices.RuntimeHelpers:RunClassConstructor (System.RuntimeTypeHandle)
UnityEditor.EditorAssemblies:ProcessInitializeOnLoadAttributes (System.Type[])

(Filename: Assets/Spine/Editor/spine-unity/Editor/Utility/SpineEditorUtilities.cs Line: 270)

`Assets/Merge Beast/AnimationSpine/Cat Effect/Pomer Slingshot fx/pomer_slingshot_effect.png` : Problematic Texture Settings found: When enabling `Generate Mip Maps` in Gamma color space, it is recommended to disable `sRGB (Color Texture)` on `Premultiply alpha` textures. Otherwise you will receive white border artifacts on an atlas exported with default `Premultiply alpha` settings.
(You can disable this warning in `Edit - Preferences - Spine`)
UnityEngine.StackTraceUtility:ExtractStackTrace ()
UnityEngine.DebugLogHandler:LogFormat (UnityEngine.LogType,UnityEngine.Object,string,object[])
UnityEngine.Logger:Log (UnityEngine.LogType,object,UnityEngine.Object)
UnityEngine.Debug:LogWarning (object,UnityEngine.Object)
Spine.Unity.Editor.SpineEditorUtilities:IssueWarningsForUnrecommendedTextureSettings (string) (at Assets/Spine/Editor/spine-unity/Editor/Utility/SpineEditorUtilities.cs:270)
Spine.Unity.Editor.SpineEditorUtilities:IssueWarningsForUnrecommendedTextureSettings () (at Assets/Spine/Editor/spine-unity/Editor/Utility/SpineEditorUtilities.cs:185)
Spine.Unity.Editor.SpineEditorUtilities:Initialize () (at Assets/Spine/Editor/spine-unity/Editor/Utility/SpineEditorUtilities.cs:164)
Spine.Unity.Editor.SpineEditorUtilities:.cctor () (at Assets/Spine/Editor/spine-unity/Editor/Utility/SpineEditorUtilities.cs:100)
System.Runtime.CompilerServices.RuntimeHelpers:RunClassConstructor (System.RuntimeTypeHandle)
UnityEditor.EditorAssemblies:ProcessInitializeOnLoadAttributes (System.Type[])

(Filename: Assets/Spine/Editor/spine-unity/Editor/Utility/SpineEditorUtilities.cs Line: 270)

`Assets/Merge Beast/AnimationSpine/Cat Effect/Seji wp/seiji_weapon.png` : Problematic Texture Settings found: When enabling `Generate Mip Maps` in Gamma color space, it is recommended to disable `sRGB (Color Texture)` on `Premultiply alpha` textures. Otherwise you will receive white border artifacts on an atlas exported with default `Premultiply alpha` settings.
(You can disable this warning in `Edit - Preferences - Spine`)
UnityEngine.StackTraceUtility:ExtractStackTrace ()
UnityEngine.DebugLogHandler:LogFormat (UnityEngine.LogType,UnityEngine.Object,string,object[])
UnityEngine.Logger:Log (UnityEngine.LogType,object,UnityEngine.Object)
UnityEngine.Debug:LogWarning (object,UnityEngine.Object)
Spine.Unity.Editor.SpineEditorUtilities:IssueWarningsForUnrecommendedTextureSettings (string) (at Assets/Spine/Editor/spine-unity/Editor/Utility/SpineEditorUtilities.cs:270)
Spine.Unity.Editor.SpineEditorUtilities:IssueWarningsForUnrecommendedTextureSettings () (at Assets/Spine/Editor/spine-unity/Editor/Utility/SpineEditorUtilities.cs:185)
Spine.Unity.Editor.SpineEditorUtilities:Initialize () (at Assets/Spine/Editor/spine-unity/Editor/Utility/SpineEditorUtilities.cs:164)
Spine.Unity.Editor.SpineEditorUtilities:.cctor () (at Assets/Spine/Editor/spine-unity/Editor/Utility/SpineEditorUtilities.cs:100)
System.Runtime.CompilerServices.RuntimeHelpers:RunClassConstructor (System.RuntimeTypeHandle)
UnityEditor.EditorAssemblies:ProcessInitializeOnLoadAttributes (System.Type[])

(Filename: Assets/Spine/Editor/spine-unity/Editor/Utility/SpineEditorUtilities.cs Line: 270)

`Assets/Merge Beast/AnimationSpine/Cat Effect/Shiba fire fx/shiba_fire_effect.png` : Problematic Texture Settings found: When enabling `Generate Mip Maps` in Gamma color space, it is recommended to disable `sRGB (Color Texture)` on `Premultiply alpha` textures. Otherwise you will receive white border artifacts on an atlas exported with default `Premultiply alpha` settings.
(You can disable this warning in `Edit - Preferences - Spine`)
UnityEngine.StackTraceUtility:ExtractStackTrace ()
UnityEngine.DebugLogHandler:LogFormat (UnityEngine.LogType,UnityEngine.Object,string,object[])
UnityEngine.Logger:Log (UnityEngine.LogType,object,UnityEngine.Object)
UnityEngine.Debug:LogWarning (object,UnityEngine.Object)
Spine.Unity.Editor.SpineEditorUtilities:IssueWarningsForUnrecommendedTextureSettings (string) (at Assets/Spine/Editor/spine-unity/Editor/Utility/SpineEditorUtilities.cs:270)
Spine.Unity.Editor.SpineEditorUtilities:IssueWarningsForUnrecommendedTextureSettings () (at Assets/Spine/Editor/spine-unity/Editor/Utility/SpineEditorUtilities.cs:185)
Spine.Unity.Editor.SpineEditorUtilities:Initialize () (at Assets/Spine/Editor/spine-unity/Editor/Utility/SpineEditorUtilities.cs:164)
Spine.Unity.Editor.SpineEditorUtilities:.cctor () (at Assets/Spine/Editor/spine-unity/Editor/Utility/SpineEditorUtilities.cs:100)
System.Runtime.CompilerServices.RuntimeHelpers:RunClassConstructor (System.RuntimeTypeHandle)
UnityEditor.EditorAssemblies:ProcessInitializeOnLoadAttributes (System.Type[])

(Filename: Assets/Spine/Editor/spine-unity/Editor/Utility/SpineEditorUtilities.cs Line: 270)

`Assets/Merge Beast/AnimationSpine/Cat Effect/Sun fx/sun_effect.png` : Problematic Texture Settings found: When enabling `Generate Mip Maps` in Gamma color space, it is recommended to disable `sRGB (Color Texture)` on `Premultiply alpha` textures. Otherwise you will receive white border artifacts on an atlas exported with default `Premultiply alpha` settings.
(You can disable this warning in `Edit - Preferences - Spine`)
UnityEngine.StackTraceUtility:ExtractStackTrace ()
UnityEngine.DebugLogHandler:LogFormat (UnityEngine.LogType,UnityEngine.Object,string,object[])
UnityEngine.Logger:Log (UnityEngine.LogType,object,UnityEngine.Object)
UnityEngine.Debug:LogWarning (object,UnityEngine.Object)
Spine.Unity.Editor.SpineEditorUtilities:IssueWarningsForUnrecommendedTextureSettings (string) (at Assets/Spine/Editor/spine-unity/Editor/Utility/SpineEditorUtilities.cs:270)
Spine.Unity.Editor.SpineEditorUtilities:IssueWarningsForUnrecommendedTextureSettings () (at Assets/Spine/Editor/spine-unity/Editor/Utility/SpineEditorUtilities.cs:185)
Spine.Unity.Editor.SpineEditorUtilities:Initialize () (at Assets/Spine/Editor/spine-unity/Editor/Utility/SpineEditorUtilities.cs:164)
Spine.Unity.Editor.SpineEditorUtilities:.cctor () (at Assets/Spine/Editor/spine-unity/Editor/Utility/SpineEditorUtilities.cs:100)
System.Runtime.CompilerServices.RuntimeHelpers:RunClassConstructor (System.RuntimeTypeHandle)
UnityEditor.EditorAssemblies:ProcessInitializeOnLoadAttributes (System.Type[])

(Filename: Assets/Spine/Editor/spine-unity/Editor/Utility/SpineEditorUtilities.cs Line: 270)

`Assets/Merge Beast/AnimationSpine/Cat Effect/Sun wp/sun_weapon.png` : Problematic Texture Settings found: When enabling `Generate Mip Maps` in Gamma color space, it is recommended to disable `sRGB (Color Texture)` on `Premultiply alpha` textures. Otherwise you will receive white border artifacts on an atlas exported with default `Premultiply alpha` settings.
(You can disable this warning in `Edit - Preferences - Spine`)
UnityEngine.StackTraceUtility:ExtractStackTrace ()
UnityEngine.DebugLogHandler:LogFormat (UnityEngine.LogType,UnityEngine.Object,string,object[])
UnityEngine.Logger:Log (UnityEngine.LogType,object,UnityEngine.Object)
UnityEngine.Debug:LogWarning (object,UnityEngine.Object)
Spine.Unity.Editor.SpineEditorUtilities:IssueWarningsForUnrecommendedTextureSettings (string) (at Assets/Spine/Editor/spine-unity/Editor/Utility/SpineEditorUtilities.cs:270)
Spine.Unity.Editor.SpineEditorUtilities:IssueWarningsForUnrecommendedTextureSettings () (at Assets/Spine/Editor/spine-unity/Editor/Utility/SpineEditorUtilities.cs:185)
Spine.Unity.Editor.SpineEditorUtilities:Initialize () (at Assets/Spine/Editor/spine-unity/Editor/Utility/SpineEditorUtilities.cs:164)
Spine.Unity.Editor.SpineEditorUtilities:.cctor () (at Assets/Spine/Editor/spine-unity/Editor/Utility/SpineEditorUtilities.cs:100)
System.Runtime.CompilerServices.RuntimeHelpers:RunClassConstructor (System.RuntimeTypeHandle)
UnityEditor.EditorAssemblies:ProcessInitializeOnLoadAttributes (System.Type[])

(Filename: Assets/Spine/Editor/spine-unity/Editor/Utility/SpineEditorUtilities.cs Line: 270)

`Assets/Merge Beast/AnimationSpine/Cat Effect/The Elder One fx/the_elder_one_effect.png` : Problematic Texture Settings found: When enabling `Generate Mip Maps` in Gamma color space, it is recommended to disable `sRGB (Color Texture)` on `Premultiply alpha` textures. Otherwise you will receive white border artifacts on an atlas exported with default `Premultiply alpha` settings.
(You can disable this warning in `Edit - Preferences - Spine`)
UnityEngine.StackTraceUtility:ExtractStackTrace ()
UnityEngine.DebugLogHandler:LogFormat (UnityEngine.LogType,UnityEngine.Object,string,object[])
UnityEngine.Logger:Log (UnityEngine.LogType,object,UnityEngine.Object)
UnityEngine.Debug:LogWarning (object,UnityEngine.Object)
Spine.Unity.Editor.SpineEditorUtilities:IssueWarningsForUnrecommendedTextureSettings (string) (at Assets/Spine/Editor/spine-unity/Editor/Utility/SpineEditorUtilities.cs:270)
Spine.Unity.Editor.SpineEditorUtilities:IssueWarningsForUnrecommendedTextureSettings () (at Assets/Spine/Editor/spine-unity/Editor/Utility/SpineEditorUtilities.cs:185)
Spine.Unity.Editor.SpineEditorUtilities:Initialize () (at Assets/Spine/Editor/spine-unity/Editor/Utility/SpineEditorUtilities.cs:164)
Spine.Unity.Editor.SpineEditorUtilities:.cctor () (at Assets/Spine/Editor/spine-unity/Editor/Utility/SpineEditorUtilities.cs:100)
System.Runtime.CompilerServices.RuntimeHelpers:RunClassConstructor (System.RuntimeTypeHandle)
UnityEditor.EditorAssemblies:ProcessInitializeOnLoadAttributes (System.Type[])

(Filename: Assets/Spine/Editor/spine-unity/Editor/Utility/SpineEditorUtilities.cs Line: 270)

`Assets/Merge Beast/AnimationSpine/Cat Effect/Tsuki fx/tsuki_effect.png` : Problematic Texture Settings found: When enabling `Generate Mip Maps` in Gamma color space, it is recommended to disable `sRGB (Color Texture)` on `Premultiply alpha` textures. Otherwise you will receive white border artifacts on an atlas exported with default `Premultiply alpha` settings.
(You can disable this warning in `Edit - Preferences - Spine`)
UnityEngine.StackTraceUtility:ExtractStackTrace ()
UnityEngine.DebugLogHandler:LogFormat (UnityEngine.LogType,UnityEngine.Object,string,object[])
UnityEngine.Logger:Log (UnityEngine.LogType,object,UnityEngine.Object)
UnityEngine.Debug:LogWarning (object,UnityEngine.Object)
Spine.Unity.Editor.SpineEditorUtilities:IssueWarningsForUnrecommendedTextureSettings (string) (at Assets/Spine/Editor/spine-unity/Editor/Utility/SpineEditorUtilities.cs:270)
Spine.Unity.Editor.SpineEditorUtilities:IssueWarningsForUnrecommendedTextureSettings () (at Assets/Spine/Editor/spine-unity/Editor/Utility/SpineEditorUtilities.cs:185)
Spine.Unity.Editor.SpineEditorUtilities:Initialize () (at Assets/Spine/Editor/spine-unity/Editor/Utility/SpineEditorUtilities.cs:164)
Spine.Unity.Editor.SpineEditorUtilities:.cctor () (at Assets/Spine/Editor/spine-unity/Editor/Utility/SpineEditorUtilities.cs:100)
System.Runtime.CompilerServices.RuntimeHelpers:RunClassConstructor (System.RuntimeTypeHandle)
UnityEditor.EditorAssemblies:ProcessInitializeOnLoadAttributes (System.Type[])

(Filename: Assets/Spine/Editor/spine-unity/Editor/Utility/SpineEditorUtilities.cs Line: 270)

`Assets/Merge Beast/AnimationSpine/Cat Effect/Tsuki wp/tsuki_weapon.png` : Problematic Texture Settings found: When enabling `Generate Mip Maps` in Gamma color space, it is recommended to disable `sRGB (Color Texture)` on `Premultiply alpha` textures. Otherwise you will receive white border artifacts on an atlas exported with default `Premultiply alpha` settings.
(You can disable this warning in `Edit - Preferences - Spine`)
UnityEngine.StackTraceUtility:ExtractStackTrace ()
UnityEngine.DebugLogHandler:LogFormat (UnityEngine.LogType,UnityEngine.Object,string,object[])
UnityEngine.Logger:Log (UnityEngine.LogType,object,UnityEngine.Object)
UnityEngine.Debug:LogWarning (object,UnityEngine.Object)
Spine.Unity.Editor.SpineEditorUtilities:IssueWarningsForUnrecommendedTextureSettings (string) (at Assets/Spine/Editor/spine-unity/Editor/Utility/SpineEditorUtilities.cs:270)
Spine.Unity.Editor.SpineEditorUtilities:IssueWarningsForUnrecommendedTextureSettings () (at Assets/Spine/Editor/spine-unity/Editor/Utility/SpineEditorUtilities.cs:185)
Spine.Unity.Editor.SpineEditorUtilities:Initialize () (at Assets/Spine/Editor/spine-unity/Editor/Utility/SpineEditorUtilities.cs:164)
Spine.Unity.Editor.SpineEditorUtilities:.cctor () (at Assets/Spine/Editor/spine-unity/Editor/Utility/SpineEditorUtilities.cs:100)
System.Runtime.CompilerServices.RuntimeHelpers:RunClassConstructor (System.RuntimeTypeHandle)
UnityEditor.EditorAssemblies:ProcessInitializeOnLoadAttributes (System.Type[])

(Filename: Assets/Spine/Editor/spine-unity/Editor/Utility/SpineEditorUtilities.cs Line: 270)

`Assets/Merge Beast/AnimationSpine/Monster/Hero Cat Empty/hero_cat_empty.png` and material `hero_cat_empty_Material.mat` : IncorrectTexture / Material Settings found: It is strongly recommended to enable `Alpha Is Transparency` on `Straight alpha` textures.
Assuming `Straight alpha` texture because `Straight Alpha Texture` is enabled at material). (You can disable this warning in `Edit - Preferences - Spine`)
UnityEngine.StackTraceUtility:ExtractStackTrace ()
UnityEngine.DebugLogHandler:LogFormat (UnityEngine.LogType,UnityEngine.Object,string,object[])
UnityEngine.Logger:Log (UnityEngine.LogType,object,UnityEngine.Object)
UnityEngine.Debug:LogWarning (object,UnityEngine.Object)
Spine.Unity.Editor.SpineEditorUtilities:IssueWarningsForUnrecommendedTextureSettings (string) (at Assets/Spine/Editor/spine-unity/Editor/Utility/SpineEditorUtilities.cs:270)
Spine.Unity.Editor.SpineEditorUtilities:IssueWarningsForUnrecommendedTextureSettings () (at Assets/Spine/Editor/spine-unity/Editor/Utility/SpineEditorUtilities.cs:185)
Spine.Unity.Editor.SpineEditorUtilities:Initialize () (at Assets/Spine/Editor/spine-unity/Editor/Utility/SpineEditorUtilities.cs:164)
Spine.Unity.Editor.SpineEditorUtilities:.cctor () (at Assets/Spine/Editor/spine-unity/Editor/Utility/SpineEditorUtilities.cs:100)
System.Runtime.CompilerServices.RuntimeHelpers:RunClassConstructor (System.RuntimeTypeHandle)
UnityEditor.EditorAssemblies:ProcessInitializeOnLoadAttributes (System.Type[])

(Filename: Assets/Spine/Editor/spine-unity/Editor/Utility/SpineEditorUtilities.cs Line: 270)

[Package Manager] Server::EnsureServerProcessIsRunning -- launch failed, reason: Unity was launched with the -noUpm command-line argument
[Package Manager] UpmClient::Send -- Unable to send message (not connected to UPM process).
[Package Manager] Cannot connect to Unity Package Manager local server
Mono: successfully reloaded assembly
- Finished resetting the current domain, in  0.931 seconds
Domain Reload Profiling: 1318ms
	BeginReloadAssembly (110ms)
		ExecutionOrderSort (0ms)
		DisableScriptedObjects (5ms)
		BackupInstance (0ms)
		ReleaseScriptingObjects (0ms)
		CreateAndSetChildDomain (27ms)
	RebuildCommonClasses (20ms)
	RebuildNativeTypeToScriptingClass (12ms)
	initialDomainReloadingComplete (25ms)
	LoadAllAssembliesAndSetupDomain (219ms)
		LoadAssemblies (255ms)
		RebuildTransferFunctionScriptingTraits (0ms)
		AnalyzeDomain (15ms)
			TypeCache.Refresh (5ms)
				TypeCache.ScanAssembly (0ms)
			ScanForSourceGeneratedMonoScriptInfo (0ms)
			ResolveRequiredComponents (8ms)
	FinalizeReload (931ms)
		ReleaseScriptCaches (0ms)
		RebuildScriptCaches (0ms)
		SetupLoadedEditorAssemblies (617ms)
			LogAssemblyErrors (0ms)
			InitializePlatformSupportModulesInManaged (8ms)
			SetLoadedEditorAssemblies (6ms)
			RefreshPlugins (0ms)
			BeforeProcessingInitializeOnLoad (76ms)
			ProcessInitializeOnLoadAttributes (488ms)
			ProcessInitializeOnLoadMethodAttributes (36ms)
			AfterProcessingInitializeOnLoad (3ms)
			EditorAssembliesLoaded (0ms)
		ExecutionOrderSort2 (0ms)
		AwakeInstancesAfterBackupRestoration (7ms)
Refreshing native plugins compatible for Editor in 2.01 ms, found 2 plugins.
Preloading 0 native plugins for Editor in 0.00 ms.
Unloading 2491 Unused Serialized files (Serialized files now loaded: 0)
Unloading 335 unused Assets / (1.6 MB). Loaded Objects now: 2892.
Memory consumption went from 222.6 MB to 220.9 MB.
Total: 4.511400 ms (FindLiveObjects: 0.360600 ms CreateObjectMapping: 0.077200 ms MarkObjects: 2.336600 ms  DeleteObjects: 1.736000 ms)

Prepare: number of updated asset objects reloaded= 0
AssetImportParameters requested are different than current active one (requested -> active):
  custom:video-decoder-webm-vp8: 9c59270c3fd7afecdb556c50c9e8de78 -> 
  custom:SearchIndexIgnoredProperties: e643bd26f0fe6173181afceb89e7c659 -> 
  custom:container-demuxer-ogg: 62fdf1f143b41e24485cea50d1cbac27 -> 
  custom:AudioImporter_EditorPlatform: d09bf68614088b80899f8185d706f6e7 -> 
  custom:video-decoder-ogg-theora: a1e56fd34408186e4bbccfd4996cb3dc -> 
  custom:framework-win-MediaFoundation: 216162199b28c13a410421893ffa2e32 -> 
  custom:video-encoder-webm-vp8: eb34c28f22e8b96e1ab97ce403110664 -> 
  custom:audio-decoder-ogg-vorbis: bf7c407c2cedff20999df2af8eb42d56 -> 
  custom:CustomObjectIndexerAttribute: 9a22284fe3817be447336de3de66b15e -> 
  custom:container-demuxer-webm: 4f35f7cbe854078d1ac9338744f61a02 -> 
  custom:audio-encoder-webm-vorbis: bf7c407c2cedff20999df2af8eb42d56 -> 
  custom:container-muxer-webm: aa71ff27fc2769a1b78a27578f13a17b -> 
========================================================================
Received Prepare
Caller must complete domain reload
Begin MonoManager ReloadAssembly
Symbol file LoadedFromMemory is not a mono symbol file
- Loaded All Assemblies, in  0.454 seconds
Native extension for WindowsStandalone target not found
Native extension for WebGL target not found
`Assets/Merge Beast/AnimationSpine/Cat Effect/Flash fx/flash_effect.png` : Problematic Texture Settings found: When enabling `Generate Mip Maps` in Gamma color space, it is recommended to disable `sRGB (Color Texture)` on `Premultiply alpha` textures. Otherwise you will receive white border artifacts on an atlas exported with default `Premultiply alpha` settings.
(You can disable this warning in `Edit - Preferences - Spine`)
UnityEngine.StackTraceUtility:ExtractStackTrace ()
UnityEngine.DebugLogHandler:LogFormat (UnityEngine.LogType,UnityEngine.Object,string,object[])
UnityEngine.Logger:Log (UnityEngine.LogType,object,UnityEngine.Object)
UnityEngine.Debug:LogWarning (object,UnityEngine.Object)
Spine.Unity.Editor.SpineEditorUtilities:IssueWarningsForUnrecommendedTextureSettings (string) (at Assets/Spine/Editor/spine-unity/Editor/Utility/SpineEditorUtilities.cs:270)
Spine.Unity.Editor.SpineEditorUtilities:IssueWarningsForUnrecommendedTextureSettings () (at Assets/Spine/Editor/spine-unity/Editor/Utility/SpineEditorUtilities.cs:185)
Spine.Unity.Editor.SpineEditorUtilities:Initialize () (at Assets/Spine/Editor/spine-unity/Editor/Utility/SpineEditorUtilities.cs:164)
Spine.Unity.Editor.SpineEditorUtilities:.cctor () (at Assets/Spine/Editor/spine-unity/Editor/Utility/SpineEditorUtilities.cs:100)
System.Runtime.CompilerServices.RuntimeHelpers:RunClassConstructor (System.RuntimeTypeHandle)
UnityEditor.EditorAssemblies:ProcessInitializeOnLoadAttributes (System.Type[])

(Filename: Assets/Spine/Editor/spine-unity/Editor/Utility/SpineEditorUtilities.cs Line: 270)

`Assets/Merge Beast/AnimationSpine/Cat Effect/Gostie fx/gostie_effect.png` : Problematic Texture Settings found: When enabling `Generate Mip Maps` in Gamma color space, it is recommended to disable `sRGB (Color Texture)` on `Premultiply alpha` textures. Otherwise you will receive white border artifacts on an atlas exported with default `Premultiply alpha` settings.
(You can disable this warning in `Edit - Preferences - Spine`)
UnityEngine.StackTraceUtility:ExtractStackTrace ()
UnityEngine.DebugLogHandler:LogFormat (UnityEngine.LogType,UnityEngine.Object,string,object[])
UnityEngine.Logger:Log (UnityEngine.LogType,object,UnityEngine.Object)
UnityEngine.Debug:LogWarning (object,UnityEngine.Object)
Spine.Unity.Editor.SpineEditorUtilities:IssueWarningsForUnrecommendedTextureSettings (string) (at Assets/Spine/Editor/spine-unity/Editor/Utility/SpineEditorUtilities.cs:270)
Spine.Unity.Editor.SpineEditorUtilities:IssueWarningsForUnrecommendedTextureSettings () (at Assets/Spine/Editor/spine-unity/Editor/Utility/SpineEditorUtilities.cs:185)
Spine.Unity.Editor.SpineEditorUtilities:Initialize () (at Assets/Spine/Editor/spine-unity/Editor/Utility/SpineEditorUtilities.cs:164)
Spine.Unity.Editor.SpineEditorUtilities:.cctor () (at Assets/Spine/Editor/spine-unity/Editor/Utility/SpineEditorUtilities.cs:100)
System.Runtime.CompilerServices.RuntimeHelpers:RunClassConstructor (System.RuntimeTypeHandle)
UnityEditor.EditorAssemblies:ProcessInitializeOnLoadAttributes (System.Type[])

(Filename: Assets/Spine/Editor/spine-unity/Editor/Utility/SpineEditorUtilities.cs Line: 270)

`Assets/Merge Beast/AnimationSpine/Cat Effect/Holi fx/holi_effect.png` : Problematic Texture Settings found: When enabling `Generate Mip Maps` in Gamma color space, it is recommended to disable `sRGB (Color Texture)` on `Premultiply alpha` textures. Otherwise you will receive white border artifacts on an atlas exported with default `Premultiply alpha` settings.
(You can disable this warning in `Edit - Preferences - Spine`)
UnityEngine.StackTraceUtility:ExtractStackTrace ()
UnityEngine.DebugLogHandler:LogFormat (UnityEngine.LogType,UnityEngine.Object,string,object[])
UnityEngine.Logger:Log (UnityEngine.LogType,object,UnityEngine.Object)
UnityEngine.Debug:LogWarning (object,UnityEngine.Object)
Spine.Unity.Editor.SpineEditorUtilities:IssueWarningsForUnrecommendedTextureSettings (string) (at Assets/Spine/Editor/spine-unity/Editor/Utility/SpineEditorUtilities.cs:270)
Spine.Unity.Editor.SpineEditorUtilities:IssueWarningsForUnrecommendedTextureSettings () (at Assets/Spine/Editor/spine-unity/Editor/Utility/SpineEditorUtilities.cs:185)
Spine.Unity.Editor.SpineEditorUtilities:Initialize () (at Assets/Spine/Editor/spine-unity/Editor/Utility/SpineEditorUtilities.cs:164)
Spine.Unity.Editor.SpineEditorUtilities:.cctor () (at Assets/Spine/Editor/spine-unity/Editor/Utility/SpineEditorUtilities.cs:100)
System.Runtime.CompilerServices.RuntimeHelpers:RunClassConstructor (System.RuntimeTypeHandle)
UnityEditor.EditorAssemblies:ProcessInitializeOnLoadAttributes (System.Type[])

(Filename: Assets/Spine/Editor/spine-unity/Editor/Utility/SpineEditorUtilities.cs Line: 270)

`Assets/Merge Beast/AnimationSpine/Cat Effect/Holi wp/holi_weapon.png` : Problematic Texture Settings found: When enabling `Generate Mip Maps` in Gamma color space, it is recommended to disable `sRGB (Color Texture)` on `Premultiply alpha` textures. Otherwise you will receive white border artifacts on an atlas exported with default `Premultiply alpha` settings.
(You can disable this warning in `Edit - Preferences - Spine`)
UnityEngine.StackTraceUtility:ExtractStackTrace ()
UnityEngine.DebugLogHandler:LogFormat (UnityEngine.LogType,UnityEngine.Object,string,object[])
UnityEngine.Logger:Log (UnityEngine.LogType,object,UnityEngine.Object)
UnityEngine.Debug:LogWarning (object,UnityEngine.Object)
Spine.Unity.Editor.SpineEditorUtilities:IssueWarningsForUnrecommendedTextureSettings (string) (at Assets/Spine/Editor/spine-unity/Editor/Utility/SpineEditorUtilities.cs:270)
Spine.Unity.Editor.SpineEditorUtilities:IssueWarningsForUnrecommendedTextureSettings () (at Assets/Spine/Editor/spine-unity/Editor/Utility/SpineEditorUtilities.cs:185)
Spine.Unity.Editor.SpineEditorUtilities:Initialize () (at Assets/Spine/Editor/spine-unity/Editor/Utility/SpineEditorUtilities.cs:164)
Spine.Unity.Editor.SpineEditorUtilities:.cctor () (at Assets/Spine/Editor/spine-unity/Editor/Utility/SpineEditorUtilities.cs:100)
System.Runtime.CompilerServices.RuntimeHelpers:RunClassConstructor (System.RuntimeTypeHandle)
UnityEditor.EditorAssemblies:ProcessInitializeOnLoadAttributes (System.Type[])

(Filename: Assets/Spine/Editor/spine-unity/Editor/Utility/SpineEditorUtilities.cs Line: 270)

`Assets/Merge Beast/AnimationSpine/Cat Effect/Jiao wp/jiao_weapon.png` : Problematic Texture Settings found: When enabling `Generate Mip Maps` in Gamma color space, it is recommended to disable `sRGB (Color Texture)` on `Premultiply alpha` textures. Otherwise you will receive white border artifacts on an atlas exported with default `Premultiply alpha` settings.
(You can disable this warning in `Edit - Preferences - Spine`)
UnityEngine.StackTraceUtility:ExtractStackTrace ()
UnityEngine.DebugLogHandler:LogFormat (UnityEngine.LogType,UnityEngine.Object,string,object[])
UnityEngine.Logger:Log (UnityEngine.LogType,object,UnityEngine.Object)
UnityEngine.Debug:LogWarning (object,UnityEngine.Object)
Spine.Unity.Editor.SpineEditorUtilities:IssueWarningsForUnrecommendedTextureSettings (string) (at Assets/Spine/Editor/spine-unity/Editor/Utility/SpineEditorUtilities.cs:270)
Spine.Unity.Editor.SpineEditorUtilities:IssueWarningsForUnrecommendedTextureSettings () (at Assets/Spine/Editor/spine-unity/Editor/Utility/SpineEditorUtilities.cs:185)
Spine.Unity.Editor.SpineEditorUtilities:Initialize () (at Assets/Spine/Editor/spine-unity/Editor/Utility/SpineEditorUtilities.cs:164)
Spine.Unity.Editor.SpineEditorUtilities:.cctor () (at Assets/Spine/Editor/spine-unity/Editor/Utility/SpineEditorUtilities.cs:100)
System.Runtime.CompilerServices.RuntimeHelpers:RunClassConstructor (System.RuntimeTypeHandle)
UnityEditor.EditorAssemblies:ProcessInitializeOnLoadAttributes (System.Type[])

(Filename: Assets/Spine/Editor/spine-unity/Editor/Utility/SpineEditorUtilities.cs Line: 270)

`Assets/Merge Beast/AnimationSpine/Cat Effect/Kagura fx/kagura_effect.png` : Problematic Texture Settings found: When enabling `Generate Mip Maps` in Gamma color space, it is recommended to disable `sRGB (Color Texture)` on `Premultiply alpha` textures. Otherwise you will receive white border artifacts on an atlas exported with default `Premultiply alpha` settings.
(You can disable this warning in `Edit - Preferences - Spine`)
UnityEngine.StackTraceUtility:ExtractStackTrace ()
UnityEngine.DebugLogHandler:LogFormat (UnityEngine.LogType,UnityEngine.Object,string,object[])
UnityEngine.Logger:Log (UnityEngine.LogType,object,UnityEngine.Object)
UnityEngine.Debug:LogWarning (object,UnityEngine.Object)
Spine.Unity.Editor.SpineEditorUtilities:IssueWarningsForUnrecommendedTextureSettings (string) (at Assets/Spine/Editor/spine-unity/Editor/Utility/SpineEditorUtilities.cs:270)
Spine.Unity.Editor.SpineEditorUtilities:IssueWarningsForUnrecommendedTextureSettings () (at Assets/Spine/Editor/spine-unity/Editor/Utility/SpineEditorUtilities.cs:185)
Spine.Unity.Editor.SpineEditorUtilities:Initialize () (at Assets/Spine/Editor/spine-unity/Editor/Utility/SpineEditorUtilities.cs:164)
Spine.Unity.Editor.SpineEditorUtilities:.cctor () (at Assets/Spine/Editor/spine-unity/Editor/Utility/SpineEditorUtilities.cs:100)
System.Runtime.CompilerServices.RuntimeHelpers:RunClassConstructor (System.RuntimeTypeHandle)
UnityEditor.EditorAssemblies:ProcessInitializeOnLoadAttributes (System.Type[])

(Filename: Assets/Spine/Editor/spine-unity/Editor/Utility/SpineEditorUtilities.cs Line: 270)

`Assets/Merge Beast/AnimationSpine/Cat Effect/Kagura wp/kagura_weapon.png` : Problematic Texture Settings found: When enabling `Generate Mip Maps` in Gamma color space, it is recommended to disable `sRGB (Color Texture)` on `Premultiply alpha` textures. Otherwise you will receive white border artifacts on an atlas exported with default `Premultiply alpha` settings.
(You can disable this warning in `Edit - Preferences - Spine`)
UnityEngine.StackTraceUtility:ExtractStackTrace ()
UnityEngine.DebugLogHandler:LogFormat (UnityEngine.LogType,UnityEngine.Object,string,object[])
UnityEngine.Logger:Log (UnityEngine.LogType,object,UnityEngine.Object)
UnityEngine.Debug:LogWarning (object,UnityEngine.Object)
Spine.Unity.Editor.SpineEditorUtilities:IssueWarningsForUnrecommendedTextureSettings (string) (at Assets/Spine/Editor/spine-unity/Editor/Utility/SpineEditorUtilities.cs:270)
Spine.Unity.Editor.SpineEditorUtilities:IssueWarningsForUnrecommendedTextureSettings () (at Assets/Spine/Editor/spine-unity/Editor/Utility/SpineEditorUtilities.cs:185)
Spine.Unity.Editor.SpineEditorUtilities:Initialize () (at Assets/Spine/Editor/spine-unity/Editor/Utility/SpineEditorUtilities.cs:164)
Spine.Unity.Editor.SpineEditorUtilities:.cctor () (at Assets/Spine/Editor/spine-unity/Editor/Utility/SpineEditorUtilities.cs:100)
System.Runtime.CompilerServices.RuntimeHelpers:RunClassConstructor (System.RuntimeTypeHandle)
UnityEditor.EditorAssemblies:ProcessInitializeOnLoadAttributes (System.Type[])

(Filename: Assets/Spine/Editor/spine-unity/Editor/Utility/SpineEditorUtilities.cs Line: 270)

`Assets/Merge Beast/AnimationSpine/Cat Effect/Kina fx/kina_effect.png` : Problematic Texture Settings found: When enabling `Generate Mip Maps` in Gamma color space, it is recommended to disable `sRGB (Color Texture)` on `Premultiply alpha` textures. Otherwise you will receive white border artifacts on an atlas exported with default `Premultiply alpha` settings.
(You can disable this warning in `Edit - Preferences - Spine`)
UnityEngine.StackTraceUtility:ExtractStackTrace ()
UnityEngine.DebugLogHandler:LogFormat (UnityEngine.LogType,UnityEngine.Object,string,object[])
UnityEngine.Logger:Log (UnityEngine.LogType,object,UnityEngine.Object)
UnityEngine.Debug:LogWarning (object,UnityEngine.Object)
Spine.Unity.Editor.SpineEditorUtilities:IssueWarningsForUnrecommendedTextureSettings (string) (at Assets/Spine/Editor/spine-unity/Editor/Utility/SpineEditorUtilities.cs:270)
Spine.Unity.Editor.SpineEditorUtilities:IssueWarningsForUnrecommendedTextureSettings () (at Assets/Spine/Editor/spine-unity/Editor/Utility/SpineEditorUtilities.cs:185)
Spine.Unity.Editor.SpineEditorUtilities:Initialize () (at Assets/Spine/Editor/spine-unity/Editor/Utility/SpineEditorUtilities.cs:164)
Spine.Unity.Editor.SpineEditorUtilities:.cctor () (at Assets/Spine/Editor/spine-unity/Editor/Utility/SpineEditorUtilities.cs:100)
System.Runtime.CompilerServices.RuntimeHelpers:RunClassConstructor (System.RuntimeTypeHandle)
UnityEditor.EditorAssemblies:ProcessInitializeOnLoadAttributes (System.Type[])

(Filename: Assets/Spine/Editor/spine-unity/Editor/Utility/SpineEditorUtilities.cs Line: 270)

`Assets/Merge Beast/AnimationSpine/Cat Effect/Kina wp/kina_weapon.png` : Problematic Texture Settings found: When enabling `Generate Mip Maps` in Gamma color space, it is recommended to disable `sRGB (Color Texture)` on `Premultiply alpha` textures. Otherwise you will receive white border artifacts on an atlas exported with default `Premultiply alpha` settings.
(You can disable this warning in `Edit - Preferences - Spine`)
UnityEngine.StackTraceUtility:ExtractStackTrace ()
UnityEngine.DebugLogHandler:LogFormat (UnityEngine.LogType,UnityEngine.Object,string,object[])
UnityEngine.Logger:Log (UnityEngine.LogType,object,UnityEngine.Object)
UnityEngine.Debug:LogWarning (object,UnityEngine.Object)
Spine.Unity.Editor.SpineEditorUtilities:IssueWarningsForUnrecommendedTextureSettings (string) (at Assets/Spine/Editor/spine-unity/Editor/Utility/SpineEditorUtilities.cs:270)
Spine.Unity.Editor.SpineEditorUtilities:IssueWarningsForUnrecommendedTextureSettings () (at Assets/Spine/Editor/spine-unity/Editor/Utility/SpineEditorUtilities.cs:185)
Spine.Unity.Editor.SpineEditorUtilities:Initialize () (at Assets/Spine/Editor/spine-unity/Editor/Utility/SpineEditorUtilities.cs:164)
Spine.Unity.Editor.SpineEditorUtilities:.cctor () (at Assets/Spine/Editor/spine-unity/Editor/Utility/SpineEditorUtilities.cs:100)
System.Runtime.CompilerServices.RuntimeHelpers:RunClassConstructor (System.RuntimeTypeHandle)
UnityEditor.EditorAssemblies:ProcessInitializeOnLoadAttributes (System.Type[])

(Filename: Assets/Spine/Editor/spine-unity/Editor/Utility/SpineEditorUtilities.cs Line: 270)

`Assets/Merge Beast/AnimationSpine/Cat Effect/Kyuzo fx/kyuzo_effect.png` : Problematic Texture Settings found: When enabling `Generate Mip Maps` in Gamma color space, it is recommended to disable `sRGB (Color Texture)` on `Premultiply alpha` textures. Otherwise you will receive white border artifacts on an atlas exported with default `Premultiply alpha` settings.
(You can disable this warning in `Edit - Preferences - Spine`)
UnityEngine.StackTraceUtility:ExtractStackTrace ()
UnityEngine.DebugLogHandler:LogFormat (UnityEngine.LogType,UnityEngine.Object,string,object[])
UnityEngine.Logger:Log (UnityEngine.LogType,object,UnityEngine.Object)
UnityEngine.Debug:LogWarning (object,UnityEngine.Object)
Spine.Unity.Editor.SpineEditorUtilities:IssueWarningsForUnrecommendedTextureSettings (string) (at Assets/Spine/Editor/spine-unity/Editor/Utility/SpineEditorUtilities.cs:270)
Spine.Unity.Editor.SpineEditorUtilities:IssueWarningsForUnrecommendedTextureSettings () (at Assets/Spine/Editor/spine-unity/Editor/Utility/SpineEditorUtilities.cs:185)
Spine.Unity.Editor.SpineEditorUtilities:Initialize () (at Assets/Spine/Editor/spine-unity/Editor/Utility/SpineEditorUtilities.cs:164)
Spine.Unity.Editor.SpineEditorUtilities:.cctor () (at Assets/Spine/Editor/spine-unity/Editor/Utility/SpineEditorUtilities.cs:100)
System.Runtime.CompilerServices.RuntimeHelpers:RunClassConstructor (System.RuntimeTypeHandle)
UnityEditor.EditorAssemblies:ProcessInitializeOnLoadAttributes (System.Type[])

(Filename: Assets/Spine/Editor/spine-unity/Editor/Utility/SpineEditorUtilities.cs Line: 270)

`Assets/Merge Beast/AnimationSpine/Cat Effect/Kyuzo wp/kyuzo_weapon.png` : Problematic Texture Settings found: When enabling `Generate Mip Maps` in Gamma color space, it is recommended to disable `sRGB (Color Texture)` on `Premultiply alpha` textures. Otherwise you will receive white border artifacts on an atlas exported with default `Premultiply alpha` settings.
(You can disable this warning in `Edit - Preferences - Spine`)
UnityEngine.StackTraceUtility:ExtractStackTrace ()
UnityEngine.DebugLogHandler:LogFormat (UnityEngine.LogType,UnityEngine.Object,string,object[])
UnityEngine.Logger:Log (UnityEngine.LogType,object,UnityEngine.Object)
UnityEngine.Debug:LogWarning (object,UnityEngine.Object)
Spine.Unity.Editor.SpineEditorUtilities:IssueWarningsForUnrecommendedTextureSettings (string) (at Assets/Spine/Editor/spine-unity/Editor/Utility/SpineEditorUtilities.cs:270)
Spine.Unity.Editor.SpineEditorUtilities:IssueWarningsForUnrecommendedTextureSettings () (at Assets/Spine/Editor/spine-unity/Editor/Utility/SpineEditorUtilities.cs:185)
Spine.Unity.Editor.SpineEditorUtilities:Initialize () (at Assets/Spine/Editor/spine-unity/Editor/Utility/SpineEditorUtilities.cs:164)
Spine.Unity.Editor.SpineEditorUtilities:.cctor () (at Assets/Spine/Editor/spine-unity/Editor/Utility/SpineEditorUtilities.cs:100)
System.Runtime.CompilerServices.RuntimeHelpers:RunClassConstructor (System.RuntimeTypeHandle)
UnityEditor.EditorAssemblies:ProcessInitializeOnLoadAttributes (System.Type[])

(Filename: Assets/Spine/Editor/spine-unity/Editor/Utility/SpineEditorUtilities.cs Line: 270)

`Assets/Merge Beast/AnimationSpine/Cat Effect/Little Miju fx/little_mijus_effect.png` : Problematic Texture Settings found: When enabling `Generate Mip Maps` in Gamma color space, it is recommended to disable `sRGB (Color Texture)` on `Premultiply alpha` textures. Otherwise you will receive white border artifacts on an atlas exported with default `Premultiply alpha` settings.
(You can disable this warning in `Edit - Preferences - Spine`)
UnityEngine.StackTraceUtility:ExtractStackTrace ()
UnityEngine.DebugLogHandler:LogFormat (UnityEngine.LogType,UnityEngine.Object,string,object[])
UnityEngine.Logger:Log (UnityEngine.LogType,object,UnityEngine.Object)
UnityEngine.Debug:LogWarning (object,UnityEngine.Object)
Spine.Unity.Editor.SpineEditorUtilities:IssueWarningsForUnrecommendedTextureSettings (string) (at Assets/Spine/Editor/spine-unity/Editor/Utility/SpineEditorUtilities.cs:270)
Spine.Unity.Editor.SpineEditorUtilities:IssueWarningsForUnrecommendedTextureSettings () (at Assets/Spine/Editor/spine-unity/Editor/Utility/SpineEditorUtilities.cs:185)
Spine.Unity.Editor.SpineEditorUtilities:Initialize () (at Assets/Spine/Editor/spine-unity/Editor/Utility/SpineEditorUtilities.cs:164)
Spine.Unity.Editor.SpineEditorUtilities:.cctor () (at Assets/Spine/Editor/spine-unity/Editor/Utility/SpineEditorUtilities.cs:100)
System.Runtime.CompilerServices.RuntimeHelpers:RunClassConstructor (System.RuntimeTypeHandle)
UnityEditor.EditorAssemblies:ProcessInitializeOnLoadAttributes (System.Type[])

(Filename: Assets/Spine/Editor/spine-unity/Editor/Utility/SpineEditorUtilities.cs Line: 270)

`Assets/Merge Beast/AnimationSpine/Cat Effect/Mijus fx/mijus_effect.png` : Problematic Texture Settings found: When enabling `Generate Mip Maps` in Gamma color space, it is recommended to disable `sRGB (Color Texture)` on `Premultiply alpha` textures. Otherwise you will receive white border artifacts on an atlas exported with default `Premultiply alpha` settings.
(You can disable this warning in `Edit - Preferences - Spine`)
UnityEngine.StackTraceUtility:ExtractStackTrace ()
UnityEngine.DebugLogHandler:LogFormat (UnityEngine.LogType,UnityEngine.Object,string,object[])
UnityEngine.Logger:Log (UnityEngine.LogType,object,UnityEngine.Object)
UnityEngine.Debug:LogWarning (object,UnityEngine.Object)
Spine.Unity.Editor.SpineEditorUtilities:IssueWarningsForUnrecommendedTextureSettings (string) (at Assets/Spine/Editor/spine-unity/Editor/Utility/SpineEditorUtilities.cs:270)
Spine.Unity.Editor.SpineEditorUtilities:IssueWarningsForUnrecommendedTextureSettings () (at Assets/Spine/Editor/spine-unity/Editor/Utility/SpineEditorUtilities.cs:185)
Spine.Unity.Editor.SpineEditorUtilities:Initialize () (at Assets/Spine/Editor/spine-unity/Editor/Utility/SpineEditorUtilities.cs:164)
Spine.Unity.Editor.SpineEditorUtilities:.cctor () (at Assets/Spine/Editor/spine-unity/Editor/Utility/SpineEditorUtilities.cs:100)
System.Runtime.CompilerServices.RuntimeHelpers:RunClassConstructor (System.RuntimeTypeHandle)
UnityEditor.EditorAssemblies:ProcessInitializeOnLoadAttributes (System.Type[])

(Filename: Assets/Spine/Editor/spine-unity/Editor/Utility/SpineEditorUtilities.cs Line: 270)

`Assets/Merge Beast/AnimationSpine/Cat Effect/Miu fx/miu_effect.png` : Problematic Texture Settings found: When enabling `Generate Mip Maps` in Gamma color space, it is recommended to disable `sRGB (Color Texture)` on `Premultiply alpha` textures. Otherwise you will receive white border artifacts on an atlas exported with default `Premultiply alpha` settings.
(You can disable this warning in `Edit - Preferences - Spine`)
UnityEngine.StackTraceUtility:ExtractStackTrace ()
UnityEngine.DebugLogHandler:LogFormat (UnityEngine.LogType,UnityEngine.Object,string,object[])
UnityEngine.Logger:Log (UnityEngine.LogType,object,UnityEngine.Object)
UnityEngine.Debug:LogWarning (object,UnityEngine.Object)
Spine.Unity.Editor.SpineEditorUtilities:IssueWarningsForUnrecommendedTextureSettings (string) (at Assets/Spine/Editor/spine-unity/Editor/Utility/SpineEditorUtilities.cs:270)
Spine.Unity.Editor.SpineEditorUtilities:IssueWarningsForUnrecommendedTextureSettings () (at Assets/Spine/Editor/spine-unity/Editor/Utility/SpineEditorUtilities.cs:185)
Spine.Unity.Editor.SpineEditorUtilities:Initialize () (at Assets/Spine/Editor/spine-unity/Editor/Utility/SpineEditorUtilities.cs:164)
Spine.Unity.Editor.SpineEditorUtilities:.cctor () (at Assets/Spine/Editor/spine-unity/Editor/Utility/SpineEditorUtilities.cs:100)
System.Runtime.CompilerServices.RuntimeHelpers:RunClassConstructor (System.RuntimeTypeHandle)
UnityEditor.EditorAssemblies:ProcessInitializeOnLoadAttributes (System.Type[])

(Filename: Assets/Spine/Editor/spine-unity/Editor/Utility/SpineEditorUtilities.cs Line: 270)

`Assets/Merge Beast/AnimationSpine/Cat Effect/Miu wp/miu_weapon.png` : Problematic Texture Settings found: When enabling `Generate Mip Maps` in Gamma color space, it is recommended to disable `sRGB (Color Texture)` on `Premultiply alpha` textures. Otherwise you will receive white border artifacts on an atlas exported with default `Premultiply alpha` settings.
(You can disable this warning in `Edit - Preferences - Spine`)
UnityEngine.StackTraceUtility:ExtractStackTrace ()
UnityEngine.DebugLogHandler:LogFormat (UnityEngine.LogType,UnityEngine.Object,string,object[])
UnityEngine.Logger:Log (UnityEngine.LogType,object,UnityEngine.Object)
UnityEngine.Debug:LogWarning (object,UnityEngine.Object)
Spine.Unity.Editor.SpineEditorUtilities:IssueWarningsForUnrecommendedTextureSettings (string) (at Assets/Spine/Editor/spine-unity/Editor/Utility/SpineEditorUtilities.cs:270)
Spine.Unity.Editor.SpineEditorUtilities:IssueWarningsForUnrecommendedTextureSettings () (at Assets/Spine/Editor/spine-unity/Editor/Utility/SpineEditorUtilities.cs:185)
Spine.Unity.Editor.SpineEditorUtilities:Initialize () (at Assets/Spine/Editor/spine-unity/Editor/Utility/SpineEditorUtilities.cs:164)
Spine.Unity.Editor.SpineEditorUtilities:.cctor () (at Assets/Spine/Editor/spine-unity/Editor/Utility/SpineEditorUtilities.cs:100)
System.Runtime.CompilerServices.RuntimeHelpers:RunClassConstructor (System.RuntimeTypeHandle)
UnityEditor.EditorAssemblies:ProcessInitializeOnLoadAttributes (System.Type[])

(Filename: Assets/Spine/Editor/spine-unity/Editor/Utility/SpineEditorUtilities.cs Line: 270)

`Assets/Merge Beast/AnimationSpine/Cat Effect/Modie fx/modie_effect.png` : Problematic Texture Settings found: When enabling `Generate Mip Maps` in Gamma color space, it is recommended to disable `sRGB (Color Texture)` on `Premultiply alpha` textures. Otherwise you will receive white border artifacts on an atlas exported with default `Premultiply alpha` settings.
(You can disable this warning in `Edit - Preferences - Spine`)
UnityEngine.StackTraceUtility:ExtractStackTrace ()
UnityEngine.DebugLogHandler:LogFormat (UnityEngine.LogType,UnityEngine.Object,string,object[])
UnityEngine.Logger:Log (UnityEngine.LogType,object,UnityEngine.Object)
UnityEngine.Debug:LogWarning (object,UnityEngine.Object)
Spine.Unity.Editor.SpineEditorUtilities:IssueWarningsForUnrecommendedTextureSettings (string) (at Assets/Spine/Editor/spine-unity/Editor/Utility/SpineEditorUtilities.cs:270)
Spine.Unity.Editor.SpineEditorUtilities:IssueWarningsForUnrecommendedTextureSettings () (at Assets/Spine/Editor/spine-unity/Editor/Utility/SpineEditorUtilities.cs:185)
Spine.Unity.Editor.SpineEditorUtilities:Initialize () (at Assets/Spine/Editor/spine-unity/Editor/Utility/SpineEditorUtilities.cs:164)
Spine.Unity.Editor.SpineEditorUtilities:.cctor () (at Assets/Spine/Editor/spine-unity/Editor/Utility/SpineEditorUtilities.cs:100)
System.Runtime.CompilerServices.RuntimeHelpers:RunClassConstructor (System.RuntimeTypeHandle)
UnityEditor.EditorAssemblies:ProcessInitializeOnLoadAttributes (System.Type[])

(Filename: Assets/Spine/Editor/spine-unity/Editor/Utility/SpineEditorUtilities.cs Line: 270)

`Assets/Merge Beast/AnimationSpine/Cat Effect/Monkey mob fx/monkey_mob_effect.png` : Problematic Texture Settings found: When enabling `Generate Mip Maps` in Gamma color space, it is recommended to disable `sRGB (Color Texture)` on `Premultiply alpha` textures. Otherwise you will receive white border artifacts on an atlas exported with default `Premultiply alpha` settings.
(You can disable this warning in `Edit - Preferences - Spine`)
UnityEngine.StackTraceUtility:ExtractStackTrace ()
UnityEngine.DebugLogHandler:LogFormat (UnityEngine.LogType,UnityEngine.Object,string,object[])
UnityEngine.Logger:Log (UnityEngine.LogType,object,UnityEngine.Object)
UnityEngine.Debug:LogWarning (object,UnityEngine.Object)
Spine.Unity.Editor.SpineEditorUtilities:IssueWarningsForUnrecommendedTextureSettings (string) (at Assets/Spine/Editor/spine-unity/Editor/Utility/SpineEditorUtilities.cs:270)
Spine.Unity.Editor.SpineEditorUtilities:IssueWarningsForUnrecommendedTextureSettings () (at Assets/Spine/Editor/spine-unity/Editor/Utility/SpineEditorUtilities.cs:185)
Spine.Unity.Editor.SpineEditorUtilities:Initialize () (at Assets/Spine/Editor/spine-unity/Editor/Utility/SpineEditorUtilities.cs:164)
Spine.Unity.Editor.SpineEditorUtilities:.cctor () (at Assets/Spine/Editor/spine-unity/Editor/Utility/SpineEditorUtilities.cs:100)
System.Runtime.CompilerServices.RuntimeHelpers:RunClassConstructor (System.RuntimeTypeHandle)
UnityEditor.EditorAssemblies:ProcessInitializeOnLoadAttributes (System.Type[])

(Filename: Assets/Spine/Editor/spine-unity/Editor/Utility/SpineEditorUtilities.cs Line: 270)

`Assets/Merge Beast/AnimationSpine/Cat Effect/Mora fx/mora_effect.png` : Problematic Texture Settings found: When enabling `Generate Mip Maps` in Gamma color space, it is recommended to disable `sRGB (Color Texture)` on `Premultiply alpha` textures. Otherwise you will receive white border artifacts on an atlas exported with default `Premultiply alpha` settings.
(You can disable this warning in `Edit - Preferences - Spine`)
UnityEngine.StackTraceUtility:ExtractStackTrace ()
UnityEngine.DebugLogHandler:LogFormat (UnityEngine.LogType,UnityEngine.Object,string,object[])
UnityEngine.Logger:Log (UnityEngine.LogType,object,UnityEngine.Object)
UnityEngine.Debug:LogWarning (object,UnityEngine.Object)
Spine.Unity.Editor.SpineEditorUtilities:IssueWarningsForUnrecommendedTextureSettings (string) (at Assets/Spine/Editor/spine-unity/Editor/Utility/SpineEditorUtilities.cs:270)
Spine.Unity.Editor.SpineEditorUtilities:IssueWarningsForUnrecommendedTextureSettings () (at Assets/Spine/Editor/spine-unity/Editor/Utility/SpineEditorUtilities.cs:185)
Spine.Unity.Editor.SpineEditorUtilities:Initialize () (at Assets/Spine/Editor/spine-unity/Editor/Utility/SpineEditorUtilities.cs:164)
Spine.Unity.Editor.SpineEditorUtilities:.cctor () (at Assets/Spine/Editor/spine-unity/Editor/Utility/SpineEditorUtilities.cs:100)
System.Runtime.CompilerServices.RuntimeHelpers:RunClassConstructor (System.RuntimeTypeHandle)
UnityEditor.EditorAssemblies:ProcessInitializeOnLoadAttributes (System.Type[])

(Filename: Assets/Spine/Editor/spine-unity/Editor/Utility/SpineEditorUtilities.cs Line: 270)

`Assets/Merge Beast/AnimationSpine/Cat Effect/Mora wp/mora_weapon.png` : Problematic Texture Settings found: When enabling `Generate Mip Maps` in Gamma color space, it is recommended to disable `sRGB (Color Texture)` on `Premultiply alpha` textures. Otherwise you will receive white border artifacts on an atlas exported with default `Premultiply alpha` settings.
(You can disable this warning in `Edit - Preferences - Spine`)
UnityEngine.StackTraceUtility:ExtractStackTrace ()
UnityEngine.DebugLogHandler:LogFormat (UnityEngine.LogType,UnityEngine.Object,string,object[])
UnityEngine.Logger:Log (UnityEngine.LogType,object,UnityEngine.Object)
UnityEngine.Debug:LogWarning (object,UnityEngine.Object)
Spine.Unity.Editor.SpineEditorUtilities:IssueWarningsForUnrecommendedTextureSettings (string) (at Assets/Spine/Editor/spine-unity/Editor/Utility/SpineEditorUtilities.cs:270)
Spine.Unity.Editor.SpineEditorUtilities:IssueWarningsForUnrecommendedTextureSettings () (at Assets/Spine/Editor/spine-unity/Editor/Utility/SpineEditorUtilities.cs:185)
Spine.Unity.Editor.SpineEditorUtilities:Initialize () (at Assets/Spine/Editor/spine-unity/Editor/Utility/SpineEditorUtilities.cs:164)
Spine.Unity.Editor.SpineEditorUtilities:.cctor () (at Assets/Spine/Editor/spine-unity/Editor/Utility/SpineEditorUtilities.cs:100)
System.Runtime.CompilerServices.RuntimeHelpers:RunClassConstructor (System.RuntimeTypeHandle)
UnityEditor.EditorAssemblies:ProcessInitializeOnLoadAttributes (System.Type[])

(Filename: Assets/Spine/Editor/spine-unity/Editor/Utility/SpineEditorUtilities.cs Line: 270)

`Assets/Merge Beast/AnimationSpine/Cat Effect/Naruto fx/naruto_effect.png` : Problematic Texture Settings found: When enabling `Generate Mip Maps` in Gamma color space, it is recommended to disable `sRGB (Color Texture)` on `Premultiply alpha` textures. Otherwise you will receive white border artifacts on an atlas exported with default `Premultiply alpha` settings.
(You can disable this warning in `Edit - Preferences - Spine`)
UnityEngine.StackTraceUtility:ExtractStackTrace ()
UnityEngine.DebugLogHandler:LogFormat (UnityEngine.LogType,UnityEngine.Object,string,object[])
UnityEngine.Logger:Log (UnityEngine.LogType,object,UnityEngine.Object)
UnityEngine.Debug:LogWarning (object,UnityEngine.Object)
Spine.Unity.Editor.SpineEditorUtilities:IssueWarningsForUnrecommendedTextureSettings (string) (at Assets/Spine/Editor/spine-unity/Editor/Utility/SpineEditorUtilities.cs:270)
Spine.Unity.Editor.SpineEditorUtilities:IssueWarningsForUnrecommendedTextureSettings () (at Assets/Spine/Editor/spine-unity/Editor/Utility/SpineEditorUtilities.cs:185)
Spine.Unity.Editor.SpineEditorUtilities:Initialize () (at Assets/Spine/Editor/spine-unity/Editor/Utility/SpineEditorUtilities.cs:164)
Spine.Unity.Editor.SpineEditorUtilities:.cctor () (at Assets/Spine/Editor/spine-unity/Editor/Utility/SpineEditorUtilities.cs:100)
System.Runtime.CompilerServices.RuntimeHelpers:RunClassConstructor (System.RuntimeTypeHandle)
UnityEditor.EditorAssemblies:ProcessInitializeOnLoadAttributes (System.Type[])

(Filename: Assets/Spine/Editor/spine-unity/Editor/Utility/SpineEditorUtilities.cs Line: 270)

`Assets/Merge Beast/AnimationSpine/Cat Effect/Naruto fx 2/naruto_effect2.png` : Problematic Texture Settings found: When enabling `Generate Mip Maps` in Gamma color space, it is recommended to disable `sRGB (Color Texture)` on `Premultiply alpha` textures. Otherwise you will receive white border artifacts on an atlas exported with default `Premultiply alpha` settings.
(You can disable this warning in `Edit - Preferences - Spine`)
UnityEngine.StackTraceUtility:ExtractStackTrace ()
UnityEngine.DebugLogHandler:LogFormat (UnityEngine.LogType,UnityEngine.Object,string,object[])
UnityEngine.Logger:Log (UnityEngine.LogType,object,UnityEngine.Object)
UnityEngine.Debug:LogWarning (object,UnityEngine.Object)
Spine.Unity.Editor.SpineEditorUtilities:IssueWarningsForUnrecommendedTextureSettings (string) (at Assets/Spine/Editor/spine-unity/Editor/Utility/SpineEditorUtilities.cs:270)
Spine.Unity.Editor.SpineEditorUtilities:IssueWarningsForUnrecommendedTextureSettings () (at Assets/Spine/Editor/spine-unity/Editor/Utility/SpineEditorUtilities.cs:185)
Spine.Unity.Editor.SpineEditorUtilities:Initialize () (at Assets/Spine/Editor/spine-unity/Editor/Utility/SpineEditorUtilities.cs:164)
Spine.Unity.Editor.SpineEditorUtilities:.cctor () (at Assets/Spine/Editor/spine-unity/Editor/Utility/SpineEditorUtilities.cs:100)
System.Runtime.CompilerServices.RuntimeHelpers:RunClassConstructor (System.RuntimeTypeHandle)
UnityEditor.EditorAssemblies:ProcessInitializeOnLoadAttributes (System.Type[])

(Filename: Assets/Spine/Editor/spine-unity/Editor/Utility/SpineEditorUtilities.cs Line: 270)

`Assets/Merge Beast/AnimationSpine/Cat Effect/Nemu fx/nemu_effect.png` : Problematic Texture Settings found: When enabling `Generate Mip Maps` in Gamma color space, it is recommended to disable `sRGB (Color Texture)` on `Premultiply alpha` textures. Otherwise you will receive white border artifacts on an atlas exported with default `Premultiply alpha` settings.
(You can disable this warning in `Edit - Preferences - Spine`)
UnityEngine.StackTraceUtility:ExtractStackTrace ()
UnityEngine.DebugLogHandler:LogFormat (UnityEngine.LogType,UnityEngine.Object,string,object[])
UnityEngine.Logger:Log (UnityEngine.LogType,object,UnityEngine.Object)
UnityEngine.Debug:LogWarning (object,UnityEngine.Object)
Spine.Unity.Editor.SpineEditorUtilities:IssueWarningsForUnrecommendedTextureSettings (string) (at Assets/Spine/Editor/spine-unity/Editor/Utility/SpineEditorUtilities.cs:270)
Spine.Unity.Editor.SpineEditorUtilities:IssueWarningsForUnrecommendedTextureSettings () (at Assets/Spine/Editor/spine-unity/Editor/Utility/SpineEditorUtilities.cs:185)
Spine.Unity.Editor.SpineEditorUtilities:Initialize () (at Assets/Spine/Editor/spine-unity/Editor/Utility/SpineEditorUtilities.cs:164)
Spine.Unity.Editor.SpineEditorUtilities:.cctor () (at Assets/Spine/Editor/spine-unity/Editor/Utility/SpineEditorUtilities.cs:100)
System.Runtime.CompilerServices.RuntimeHelpers:RunClassConstructor (System.RuntimeTypeHandle)
UnityEditor.EditorAssemblies:ProcessInitializeOnLoadAttributes (System.Type[])

(Filename: Assets/Spine/Editor/spine-unity/Editor/Utility/SpineEditorUtilities.cs Line: 270)

`Assets/Merge Beast/AnimationSpine/Cat Effect/Pank fx/pank_effect.png` : Problematic Texture Settings found: When enabling `Generate Mip Maps` in Gamma color space, it is recommended to disable `sRGB (Color Texture)` on `Premultiply alpha` textures. Otherwise you will receive white border artifacts on an atlas exported with default `Premultiply alpha` settings.
(You can disable this warning in `Edit - Preferences - Spine`)
UnityEngine.StackTraceUtility:ExtractStackTrace ()
UnityEngine.DebugLogHandler:LogFormat (UnityEngine.LogType,UnityEngine.Object,string,object[])
UnityEngine.Logger:Log (UnityEngine.LogType,object,UnityEngine.Object)
UnityEngine.Debug:LogWarning (object,UnityEngine.Object)
Spine.Unity.Editor.SpineEditorUtilities:IssueWarningsForUnrecommendedTextureSettings (string) (at Assets/Spine/Editor/spine-unity/Editor/Utility/SpineEditorUtilities.cs:270)
Spine.Unity.Editor.SpineEditorUtilities:IssueWarningsForUnrecommendedTextureSettings () (at Assets/Spine/Editor/spine-unity/Editor/Utility/SpineEditorUtilities.cs:185)
Spine.Unity.Editor.SpineEditorUtilities:Initialize () (at Assets/Spine/Editor/spine-unity/Editor/Utility/SpineEditorUtilities.cs:164)
Spine.Unity.Editor.SpineEditorUtilities:.cctor () (at Assets/Spine/Editor/spine-unity/Editor/Utility/SpineEditorUtilities.cs:100)
System.Runtime.CompilerServices.RuntimeHelpers:RunClassConstructor (System.RuntimeTypeHandle)
UnityEditor.EditorAssemblies:ProcessInitializeOnLoadAttributes (System.Type[])

(Filename: Assets/Spine/Editor/spine-unity/Editor/Utility/SpineEditorUtilities.cs Line: 270)

`Assets/Merge Beast/AnimationSpine/Cat Effect/Pomer Slingshot fx/pomer_slingshot_effect.png` : Problematic Texture Settings found: When enabling `Generate Mip Maps` in Gamma color space, it is recommended to disable `sRGB (Color Texture)` on `Premultiply alpha` textures. Otherwise you will receive white border artifacts on an atlas exported with default `Premultiply alpha` settings.
(You can disable this warning in `Edit - Preferences - Spine`)
UnityEngine.StackTraceUtility:ExtractStackTrace ()
UnityEngine.DebugLogHandler:LogFormat (UnityEngine.LogType,UnityEngine.Object,string,object[])
UnityEngine.Logger:Log (UnityEngine.LogType,object,UnityEngine.Object)
UnityEngine.Debug:LogWarning (object,UnityEngine.Object)
Spine.Unity.Editor.SpineEditorUtilities:IssueWarningsForUnrecommendedTextureSettings (string) (at Assets/Spine/Editor/spine-unity/Editor/Utility/SpineEditorUtilities.cs:270)
Spine.Unity.Editor.SpineEditorUtilities:IssueWarningsForUnrecommendedTextureSettings () (at Assets/Spine/Editor/spine-unity/Editor/Utility/SpineEditorUtilities.cs:185)
Spine.Unity.Editor.SpineEditorUtilities:Initialize () (at Assets/Spine/Editor/spine-unity/Editor/Utility/SpineEditorUtilities.cs:164)
Spine.Unity.Editor.SpineEditorUtilities:.cctor () (at Assets/Spine/Editor/spine-unity/Editor/Utility/SpineEditorUtilities.cs:100)
System.Runtime.CompilerServices.RuntimeHelpers:RunClassConstructor (System.RuntimeTypeHandle)
UnityEditor.EditorAssemblies:ProcessInitializeOnLoadAttributes (System.Type[])

(Filename: Assets/Spine/Editor/spine-unity/Editor/Utility/SpineEditorUtilities.cs Line: 270)

`Assets/Merge Beast/AnimationSpine/Cat Effect/Seji wp/seiji_weapon.png` : Problematic Texture Settings found: When enabling `Generate Mip Maps` in Gamma color space, it is recommended to disable `sRGB (Color Texture)` on `Premultiply alpha` textures. Otherwise you will receive white border artifacts on an atlas exported with default `Premultiply alpha` settings.
(You can disable this warning in `Edit - Preferences - Spine`)
UnityEngine.StackTraceUtility:ExtractStackTrace ()
UnityEngine.DebugLogHandler:LogFormat (UnityEngine.LogType,UnityEngine.Object,string,object[])
UnityEngine.Logger:Log (UnityEngine.LogType,object,UnityEngine.Object)
UnityEngine.Debug:LogWarning (object,UnityEngine.Object)
Spine.Unity.Editor.SpineEditorUtilities:IssueWarningsForUnrecommendedTextureSettings (string) (at Assets/Spine/Editor/spine-unity/Editor/Utility/SpineEditorUtilities.cs:270)
Spine.Unity.Editor.SpineEditorUtilities:IssueWarningsForUnrecommendedTextureSettings () (at Assets/Spine/Editor/spine-unity/Editor/Utility/SpineEditorUtilities.cs:185)
Spine.Unity.Editor.SpineEditorUtilities:Initialize () (at Assets/Spine/Editor/spine-unity/Editor/Utility/SpineEditorUtilities.cs:164)
Spine.Unity.Editor.SpineEditorUtilities:.cctor () (at Assets/Spine/Editor/spine-unity/Editor/Utility/SpineEditorUtilities.cs:100)
System.Runtime.CompilerServices.RuntimeHelpers:RunClassConstructor (System.RuntimeTypeHandle)
UnityEditor.EditorAssemblies:ProcessInitializeOnLoadAttributes (System.Type[])

(Filename: Assets/Spine/Editor/spine-unity/Editor/Utility/SpineEditorUtilities.cs Line: 270)

`Assets/Merge Beast/AnimationSpine/Cat Effect/Shiba fire fx/shiba_fire_effect.png` : Problematic Texture Settings found: When enabling `Generate Mip Maps` in Gamma color space, it is recommended to disable `sRGB (Color Texture)` on `Premultiply alpha` textures. Otherwise you will receive white border artifacts on an atlas exported with default `Premultiply alpha` settings.
(You can disable this warning in `Edit - Preferences - Spine`)
UnityEngine.StackTraceUtility:ExtractStackTrace ()
UnityEngine.DebugLogHandler:LogFormat (UnityEngine.LogType,UnityEngine.Object,string,object[])
UnityEngine.Logger:Log (UnityEngine.LogType,object,UnityEngine.Object)
UnityEngine.Debug:LogWarning (object,UnityEngine.Object)
Spine.Unity.Editor.SpineEditorUtilities:IssueWarningsForUnrecommendedTextureSettings (string) (at Assets/Spine/Editor/spine-unity/Editor/Utility/SpineEditorUtilities.cs:270)
Spine.Unity.Editor.SpineEditorUtilities:IssueWarningsForUnrecommendedTextureSettings () (at Assets/Spine/Editor/spine-unity/Editor/Utility/SpineEditorUtilities.cs:185)
Spine.Unity.Editor.SpineEditorUtilities:Initialize () (at Assets/Spine/Editor/spine-unity/Editor/Utility/SpineEditorUtilities.cs:164)
Spine.Unity.Editor.SpineEditorUtilities:.cctor () (at Assets/Spine/Editor/spine-unity/Editor/Utility/SpineEditorUtilities.cs:100)
System.Runtime.CompilerServices.RuntimeHelpers:RunClassConstructor (System.RuntimeTypeHandle)
UnityEditor.EditorAssemblies:ProcessInitializeOnLoadAttributes (System.Type[])

(Filename: Assets/Spine/Editor/spine-unity/Editor/Utility/SpineEditorUtilities.cs Line: 270)

`Assets/Merge Beast/AnimationSpine/Cat Effect/Sun fx/sun_effect.png` : Problematic Texture Settings found: When enabling `Generate Mip Maps` in Gamma color space, it is recommended to disable `sRGB (Color Texture)` on `Premultiply alpha` textures. Otherwise you will receive white border artifacts on an atlas exported with default `Premultiply alpha` settings.
(You can disable this warning in `Edit - Preferences - Spine`)
UnityEngine.StackTraceUtility:ExtractStackTrace ()
UnityEngine.DebugLogHandler:LogFormat (UnityEngine.LogType,UnityEngine.Object,string,object[])
UnityEngine.Logger:Log (UnityEngine.LogType,object,UnityEngine.Object)
UnityEngine.Debug:LogWarning (object,UnityEngine.Object)
Spine.Unity.Editor.SpineEditorUtilities:IssueWarningsForUnrecommendedTextureSettings (string) (at Assets/Spine/Editor/spine-unity/Editor/Utility/SpineEditorUtilities.cs:270)
Spine.Unity.Editor.SpineEditorUtilities:IssueWarningsForUnrecommendedTextureSettings () (at Assets/Spine/Editor/spine-unity/Editor/Utility/SpineEditorUtilities.cs:185)
Spine.Unity.Editor.SpineEditorUtilities:Initialize () (at Assets/Spine/Editor/spine-unity/Editor/Utility/SpineEditorUtilities.cs:164)
Spine.Unity.Editor.SpineEditorUtilities:.cctor () (at Assets/Spine/Editor/spine-unity/Editor/Utility/SpineEditorUtilities.cs:100)
System.Runtime.CompilerServices.RuntimeHelpers:RunClassConstructor (System.RuntimeTypeHandle)
UnityEditor.EditorAssemblies:ProcessInitializeOnLoadAttributes (System.Type[])

(Filename: Assets/Spine/Editor/spine-unity/Editor/Utility/SpineEditorUtilities.cs Line: 270)

`Assets/Merge Beast/AnimationSpine/Cat Effect/Sun wp/sun_weapon.png` : Problematic Texture Settings found: When enabling `Generate Mip Maps` in Gamma color space, it is recommended to disable `sRGB (Color Texture)` on `Premultiply alpha` textures. Otherwise you will receive white border artifacts on an atlas exported with default `Premultiply alpha` settings.
(You can disable this warning in `Edit - Preferences - Spine`)
UnityEngine.StackTraceUtility:ExtractStackTrace ()
UnityEngine.DebugLogHandler:LogFormat (UnityEngine.LogType,UnityEngine.Object,string,object[])
UnityEngine.Logger:Log (UnityEngine.LogType,object,UnityEngine.Object)
UnityEngine.Debug:LogWarning (object,UnityEngine.Object)
Spine.Unity.Editor.SpineEditorUtilities:IssueWarningsForUnrecommendedTextureSettings (string) (at Assets/Spine/Editor/spine-unity/Editor/Utility/SpineEditorUtilities.cs:270)
Spine.Unity.Editor.SpineEditorUtilities:IssueWarningsForUnrecommendedTextureSettings () (at Assets/Spine/Editor/spine-unity/Editor/Utility/SpineEditorUtilities.cs:185)
Spine.Unity.Editor.SpineEditorUtilities:Initialize () (at Assets/Spine/Editor/spine-unity/Editor/Utility/SpineEditorUtilities.cs:164)
Spine.Unity.Editor.SpineEditorUtilities:.cctor () (at Assets/Spine/Editor/spine-unity/Editor/Utility/SpineEditorUtilities.cs:100)
System.Runtime.CompilerServices.RuntimeHelpers:RunClassConstructor (System.RuntimeTypeHandle)
UnityEditor.EditorAssemblies:ProcessInitializeOnLoadAttributes (System.Type[])

(Filename: Assets/Spine/Editor/spine-unity/Editor/Utility/SpineEditorUtilities.cs Line: 270)

`Assets/Merge Beast/AnimationSpine/Cat Effect/The Elder One fx/the_elder_one_effect.png` : Problematic Texture Settings found: When enabling `Generate Mip Maps` in Gamma color space, it is recommended to disable `sRGB (Color Texture)` on `Premultiply alpha` textures. Otherwise you will receive white border artifacts on an atlas exported with default `Premultiply alpha` settings.
(You can disable this warning in `Edit - Preferences - Spine`)
UnityEngine.StackTraceUtility:ExtractStackTrace ()
UnityEngine.DebugLogHandler:LogFormat (UnityEngine.LogType,UnityEngine.Object,string,object[])
UnityEngine.Logger:Log (UnityEngine.LogType,object,UnityEngine.Object)
UnityEngine.Debug:LogWarning (object,UnityEngine.Object)
Spine.Unity.Editor.SpineEditorUtilities:IssueWarningsForUnrecommendedTextureSettings (string) (at Assets/Spine/Editor/spine-unity/Editor/Utility/SpineEditorUtilities.cs:270)
Spine.Unity.Editor.SpineEditorUtilities:IssueWarningsForUnrecommendedTextureSettings () (at Assets/Spine/Editor/spine-unity/Editor/Utility/SpineEditorUtilities.cs:185)
Spine.Unity.Editor.SpineEditorUtilities:Initialize () (at Assets/Spine/Editor/spine-unity/Editor/Utility/SpineEditorUtilities.cs:164)
Spine.Unity.Editor.SpineEditorUtilities:.cctor () (at Assets/Spine/Editor/spine-unity/Editor/Utility/SpineEditorUtilities.cs:100)
System.Runtime.CompilerServices.RuntimeHelpers:RunClassConstructor (System.RuntimeTypeHandle)
UnityEditor.EditorAssemblies:ProcessInitializeOnLoadAttributes (System.Type[])

(Filename: Assets/Spine/Editor/spine-unity/Editor/Utility/SpineEditorUtilities.cs Line: 270)

`Assets/Merge Beast/AnimationSpine/Cat Effect/Tsuki fx/tsuki_effect.png` : Problematic Texture Settings found: When enabling `Generate Mip Maps` in Gamma color space, it is recommended to disable `sRGB (Color Texture)` on `Premultiply alpha` textures. Otherwise you will receive white border artifacts on an atlas exported with default `Premultiply alpha` settings.
(You can disable this warning in `Edit - Preferences - Spine`)
UnityEngine.StackTraceUtility:ExtractStackTrace ()
UnityEngine.DebugLogHandler:LogFormat (UnityEngine.LogType,UnityEngine.Object,string,object[])
UnityEngine.Logger:Log (UnityEngine.LogType,object,UnityEngine.Object)
UnityEngine.Debug:LogWarning (object,UnityEngine.Object)
Spine.Unity.Editor.SpineEditorUtilities:IssueWarningsForUnrecommendedTextureSettings (string) (at Assets/Spine/Editor/spine-unity/Editor/Utility/SpineEditorUtilities.cs:270)
Spine.Unity.Editor.SpineEditorUtilities:IssueWarningsForUnrecommendedTextureSettings () (at Assets/Spine/Editor/spine-unity/Editor/Utility/SpineEditorUtilities.cs:185)
Spine.Unity.Editor.SpineEditorUtilities:Initialize () (at Assets/Spine/Editor/spine-unity/Editor/Utility/SpineEditorUtilities.cs:164)
Spine.Unity.Editor.SpineEditorUtilities:.cctor () (at Assets/Spine/Editor/spine-unity/Editor/Utility/SpineEditorUtilities.cs:100)
System.Runtime.CompilerServices.RuntimeHelpers:RunClassConstructor (System.RuntimeTypeHandle)
UnityEditor.EditorAssemblies:ProcessInitializeOnLoadAttributes (System.Type[])

(Filename: Assets/Spine/Editor/spine-unity/Editor/Utility/SpineEditorUtilities.cs Line: 270)

`Assets/Merge Beast/AnimationSpine/Cat Effect/Tsuki wp/tsuki_weapon.png` : Problematic Texture Settings found: When enabling `Generate Mip Maps` in Gamma color space, it is recommended to disable `sRGB (Color Texture)` on `Premultiply alpha` textures. Otherwise you will receive white border artifacts on an atlas exported with default `Premultiply alpha` settings.
(You can disable this warning in `Edit - Preferences - Spine`)
UnityEngine.StackTraceUtility:ExtractStackTrace ()
UnityEngine.DebugLogHandler:LogFormat (UnityEngine.LogType,UnityEngine.Object,string,object[])
UnityEngine.Logger:Log (UnityEngine.LogType,object,UnityEngine.Object)
UnityEngine.Debug:LogWarning (object,UnityEngine.Object)
Spine.Unity.Editor.SpineEditorUtilities:IssueWarningsForUnrecommendedTextureSettings (string) (at Assets/Spine/Editor/spine-unity/Editor/Utility/SpineEditorUtilities.cs:270)
Spine.Unity.Editor.SpineEditorUtilities:IssueWarningsForUnrecommendedTextureSettings () (at Assets/Spine/Editor/spine-unity/Editor/Utility/SpineEditorUtilities.cs:185)
Spine.Unity.Editor.SpineEditorUtilities:Initialize () (at Assets/Spine/Editor/spine-unity/Editor/Utility/SpineEditorUtilities.cs:164)
Spine.Unity.Editor.SpineEditorUtilities:.cctor () (at Assets/Spine/Editor/spine-unity/Editor/Utility/SpineEditorUtilities.cs:100)
System.Runtime.CompilerServices.RuntimeHelpers:RunClassConstructor (System.RuntimeTypeHandle)
UnityEditor.EditorAssemblies:ProcessInitializeOnLoadAttributes (System.Type[])

(Filename: Assets/Spine/Editor/spine-unity/Editor/Utility/SpineEditorUtilities.cs Line: 270)

`Assets/Merge Beast/AnimationSpine/Monster/Hero Cat Empty/hero_cat_empty.png` and material `hero_cat_empty_Material.mat` : IncorrectTexture / Material Settings found: It is strongly recommended to enable `Alpha Is Transparency` on `Straight alpha` textures.
Assuming `Straight alpha` texture because `Straight Alpha Texture` is enabled at material). (You can disable this warning in `Edit - Preferences - Spine`)
UnityEngine.StackTraceUtility:ExtractStackTrace ()
UnityEngine.DebugLogHandler:LogFormat (UnityEngine.LogType,UnityEngine.Object,string,object[])
UnityEngine.Logger:Log (UnityEngine.LogType,object,UnityEngine.Object)
UnityEngine.Debug:LogWarning (object,UnityEngine.Object)
Spine.Unity.Editor.SpineEditorUtilities:IssueWarningsForUnrecommendedTextureSettings (string) (at Assets/Spine/Editor/spine-unity/Editor/Utility/SpineEditorUtilities.cs:270)
Spine.Unity.Editor.SpineEditorUtilities:IssueWarningsForUnrecommendedTextureSettings () (at Assets/Spine/Editor/spine-unity/Editor/Utility/SpineEditorUtilities.cs:185)
Spine.Unity.Editor.SpineEditorUtilities:Initialize () (at Assets/Spine/Editor/spine-unity/Editor/Utility/SpineEditorUtilities.cs:164)
Spine.Unity.Editor.SpineEditorUtilities:.cctor () (at Assets/Spine/Editor/spine-unity/Editor/Utility/SpineEditorUtilities.cs:100)
System.Runtime.CompilerServices.RuntimeHelpers:RunClassConstructor (System.RuntimeTypeHandle)
UnityEditor.EditorAssemblies:ProcessInitializeOnLoadAttributes (System.Type[])

(Filename: Assets/Spine/Editor/spine-unity/Editor/Utility/SpineEditorUtilities.cs Line: 270)

[Package Manager] Server::EnsureServerProcessIsRunning -- launch failed, reason: Unity was launched with the -noUpm command-line argument
[Package Manager] UpmClient::Send -- Unable to send message (not connected to UPM process).
[Package Manager] Cannot connect to Unity Package Manager local server
Mono: successfully reloaded assembly
- Finished resetting the current domain, in  0.908 seconds
Domain Reload Profiling: 1362ms
	BeginReloadAssembly (145ms)
		ExecutionOrderSort (0ms)
		DisableScriptedObjects (5ms)
		BackupInstance (0ms)
		ReleaseScriptingObjects (0ms)
		CreateAndSetChildDomain (27ms)
	RebuildCommonClasses (35ms)
	RebuildNativeTypeToScriptingClass (13ms)
	initialDomainReloadingComplete (27ms)
	LoadAllAssembliesAndSetupDomain (234ms)
		LoadAssemblies (287ms)
		RebuildTransferFunctionScriptingTraits (0ms)
		AnalyzeDomain (32ms)
			TypeCache.Refresh (15ms)
				TypeCache.ScanAssembly (7ms)
			ScanForSourceGeneratedMonoScriptInfo (7ms)
			ResolveRequiredComponents (8ms)
	FinalizeReload (909ms)
		ReleaseScriptCaches (0ms)
		RebuildScriptCaches (0ms)
		SetupLoadedEditorAssemblies (622ms)
			LogAssemblyErrors (0ms)
			InitializePlatformSupportModulesInManaged (7ms)
			SetLoadedEditorAssemblies (6ms)
			RefreshPlugins (0ms)
			BeforeProcessingInitializeOnLoad (71ms)
			ProcessInitializeOnLoadAttributes (495ms)
			ProcessInitializeOnLoadMethodAttributes (39ms)
			AfterProcessingInitializeOnLoad (4ms)
			EditorAssembliesLoaded (0ms)
		ExecutionOrderSort2 (0ms)
		AwakeInstancesAfterBackupRestoration (8ms)
Refreshing native plugins compatible for Editor in 2.12 ms, found 2 plugins.
Preloading 0 native plugins for Editor in 0.00 ms.
Unloading 2492 Unused Serialized files (Serialized files now loaded: 0)
Unloading 335 unused Assets / (1.7 MB). Loaded Objects now: 2895.
Memory consumption went from 222.9 MB to 221.2 MB.
Total: 5.021900 ms (FindLiveObjects: 0.373500 ms CreateObjectMapping: 0.104600 ms MarkObjects: 2.446600 ms  DeleteObjects: 2.095600 ms)

Prepare: number of updated asset objects reloaded= 0
AssetImportParameters requested are different than current active one (requested -> active):
  custom:video-decoder-webm-vp8: 9c59270c3fd7afecdb556c50c9e8de78 -> 
  custom:SearchIndexIgnoredProperties: e643bd26f0fe6173181afceb89e7c659 -> 
  custom:container-demuxer-ogg: 62fdf1f143b41e24485cea50d1cbac27 -> 
  custom:AudioImporter_EditorPlatform: d09bf68614088b80899f8185d706f6e7 -> 
  custom:video-decoder-ogg-theora: a1e56fd34408186e4bbccfd4996cb3dc -> 
  custom:framework-win-MediaFoundation: 216162199b28c13a410421893ffa2e32 -> 
  custom:video-encoder-webm-vp8: eb34c28f22e8b96e1ab97ce403110664 -> 
  custom:audio-decoder-ogg-vorbis: bf7c407c2cedff20999df2af8eb42d56 -> 
  custom:CustomObjectIndexerAttribute: 9a22284fe3817be447336de3de66b15e -> 
  custom:container-demuxer-webm: 4f35f7cbe854078d1ac9338744f61a02 -> 
  custom:audio-encoder-webm-vorbis: bf7c407c2cedff20999df2af8eb42d56 -> 
  custom:container-muxer-webm: aa71ff27fc2769a1b78a27578f13a17b -> 
========================================================================
Received Prepare
Caller must complete domain reload
Begin MonoManager ReloadAssembly
Symbol file LoadedFromMemory is not a mono symbol file
- Loaded All Assemblies, in  0.445 seconds
Native extension for WindowsStandalone target not found
Native extension for WebGL target not found
`Assets/Merge Beast/AnimationSpine/Cat Effect/Flash fx/flash_effect.png` : Problematic Texture Settings found: When enabling `Generate Mip Maps` in Gamma color space, it is recommended to disable `sRGB (Color Texture)` on `Premultiply alpha` textures. Otherwise you will receive white border artifacts on an atlas exported with default `Premultiply alpha` settings.
(You can disable this warning in `Edit - Preferences - Spine`)
UnityEngine.StackTraceUtility:ExtractStackTrace ()
UnityEngine.DebugLogHandler:LogFormat (UnityEngine.LogType,UnityEngine.Object,string,object[])
UnityEngine.Logger:Log (UnityEngine.LogType,object,UnityEngine.Object)
UnityEngine.Debug:LogWarning (object,UnityEngine.Object)
Spine.Unity.Editor.SpineEditorUtilities:IssueWarningsForUnrecommendedTextureSettings (string) (at Assets/Spine/Editor/spine-unity/Editor/Utility/SpineEditorUtilities.cs:270)
Spine.Unity.Editor.SpineEditorUtilities:IssueWarningsForUnrecommendedTextureSettings () (at Assets/Spine/Editor/spine-unity/Editor/Utility/SpineEditorUtilities.cs:185)
Spine.Unity.Editor.SpineEditorUtilities:Initialize () (at Assets/Spine/Editor/spine-unity/Editor/Utility/SpineEditorUtilities.cs:164)
Spine.Unity.Editor.SpineEditorUtilities:.cctor () (at Assets/Spine/Editor/spine-unity/Editor/Utility/SpineEditorUtilities.cs:100)
System.Runtime.CompilerServices.RuntimeHelpers:RunClassConstructor (System.RuntimeTypeHandle)
UnityEditor.EditorAssemblies:ProcessInitializeOnLoadAttributes (System.Type[])

(Filename: Assets/Spine/Editor/spine-unity/Editor/Utility/SpineEditorUtilities.cs Line: 270)

`Assets/Merge Beast/AnimationSpine/Cat Effect/Gostie fx/gostie_effect.png` : Problematic Texture Settings found: When enabling `Generate Mip Maps` in Gamma color space, it is recommended to disable `sRGB (Color Texture)` on `Premultiply alpha` textures. Otherwise you will receive white border artifacts on an atlas exported with default `Premultiply alpha` settings.
(You can disable this warning in `Edit - Preferences - Spine`)
UnityEngine.StackTraceUtility:ExtractStackTrace ()
UnityEngine.DebugLogHandler:LogFormat (UnityEngine.LogType,UnityEngine.Object,string,object[])
UnityEngine.Logger:Log (UnityEngine.LogType,object,UnityEngine.Object)
UnityEngine.Debug:LogWarning (object,UnityEngine.Object)
Spine.Unity.Editor.SpineEditorUtilities:IssueWarningsForUnrecommendedTextureSettings (string) (at Assets/Spine/Editor/spine-unity/Editor/Utility/SpineEditorUtilities.cs:270)
Spine.Unity.Editor.SpineEditorUtilities:IssueWarningsForUnrecommendedTextureSettings () (at Assets/Spine/Editor/spine-unity/Editor/Utility/SpineEditorUtilities.cs:185)
Spine.Unity.Editor.SpineEditorUtilities:Initialize () (at Assets/Spine/Editor/spine-unity/Editor/Utility/SpineEditorUtilities.cs:164)
Spine.Unity.Editor.SpineEditorUtilities:.cctor () (at Assets/Spine/Editor/spine-unity/Editor/Utility/SpineEditorUtilities.cs:100)
System.Runtime.CompilerServices.RuntimeHelpers:RunClassConstructor (System.RuntimeTypeHandle)
UnityEditor.EditorAssemblies:ProcessInitializeOnLoadAttributes (System.Type[])

(Filename: Assets/Spine/Editor/spine-unity/Editor/Utility/SpineEditorUtilities.cs Line: 270)

`Assets/Merge Beast/AnimationSpine/Cat Effect/Holi fx/holi_effect.png` : Problematic Texture Settings found: When enabling `Generate Mip Maps` in Gamma color space, it is recommended to disable `sRGB (Color Texture)` on `Premultiply alpha` textures. Otherwise you will receive white border artifacts on an atlas exported with default `Premultiply alpha` settings.
(You can disable this warning in `Edit - Preferences - Spine`)
UnityEngine.StackTraceUtility:ExtractStackTrace ()
UnityEngine.DebugLogHandler:LogFormat (UnityEngine.LogType,UnityEngine.Object,string,object[])
UnityEngine.Logger:Log (UnityEngine.LogType,object,UnityEngine.Object)
UnityEngine.Debug:LogWarning (object,UnityEngine.Object)
Spine.Unity.Editor.SpineEditorUtilities:IssueWarningsForUnrecommendedTextureSettings (string) (at Assets/Spine/Editor/spine-unity/Editor/Utility/SpineEditorUtilities.cs:270)
Spine.Unity.Editor.SpineEditorUtilities:IssueWarningsForUnrecommendedTextureSettings () (at Assets/Spine/Editor/spine-unity/Editor/Utility/SpineEditorUtilities.cs:185)
Spine.Unity.Editor.SpineEditorUtilities:Initialize () (at Assets/Spine/Editor/spine-unity/Editor/Utility/SpineEditorUtilities.cs:164)
Spine.Unity.Editor.SpineEditorUtilities:.cctor () (at Assets/Spine/Editor/spine-unity/Editor/Utility/SpineEditorUtilities.cs:100)
System.Runtime.CompilerServices.RuntimeHelpers:RunClassConstructor (System.RuntimeTypeHandle)
UnityEditor.EditorAssemblies:ProcessInitializeOnLoadAttributes (System.Type[])

(Filename: Assets/Spine/Editor/spine-unity/Editor/Utility/SpineEditorUtilities.cs Line: 270)

`Assets/Merge Beast/AnimationSpine/Cat Effect/Holi wp/holi_weapon.png` : Problematic Texture Settings found: When enabling `Generate Mip Maps` in Gamma color space, it is recommended to disable `sRGB (Color Texture)` on `Premultiply alpha` textures. Otherwise you will receive white border artifacts on an atlas exported with default `Premultiply alpha` settings.
(You can disable this warning in `Edit - Preferences - Spine`)
UnityEngine.StackTraceUtility:ExtractStackTrace ()
UnityEngine.DebugLogHandler:LogFormat (UnityEngine.LogType,UnityEngine.Object,string,object[])
UnityEngine.Logger:Log (UnityEngine.LogType,object,UnityEngine.Object)
UnityEngine.Debug:LogWarning (object,UnityEngine.Object)
Spine.Unity.Editor.SpineEditorUtilities:IssueWarningsForUnrecommendedTextureSettings (string) (at Assets/Spine/Editor/spine-unity/Editor/Utility/SpineEditorUtilities.cs:270)
Spine.Unity.Editor.SpineEditorUtilities:IssueWarningsForUnrecommendedTextureSettings () (at Assets/Spine/Editor/spine-unity/Editor/Utility/SpineEditorUtilities.cs:185)
Spine.Unity.Editor.SpineEditorUtilities:Initialize () (at Assets/Spine/Editor/spine-unity/Editor/Utility/SpineEditorUtilities.cs:164)
Spine.Unity.Editor.SpineEditorUtilities:.cctor () (at Assets/Spine/Editor/spine-unity/Editor/Utility/SpineEditorUtilities.cs:100)
System.Runtime.CompilerServices.RuntimeHelpers:RunClassConstructor (System.RuntimeTypeHandle)
UnityEditor.EditorAssemblies:ProcessInitializeOnLoadAttributes (System.Type[])

(Filename: Assets/Spine/Editor/spine-unity/Editor/Utility/SpineEditorUtilities.cs Line: 270)

`Assets/Merge Beast/AnimationSpine/Cat Effect/Jiao wp/jiao_weapon.png` : Problematic Texture Settings found: When enabling `Generate Mip Maps` in Gamma color space, it is recommended to disable `sRGB (Color Texture)` on `Premultiply alpha` textures. Otherwise you will receive white border artifacts on an atlas exported with default `Premultiply alpha` settings.
(You can disable this warning in `Edit - Preferences - Spine`)
UnityEngine.StackTraceUtility:ExtractStackTrace ()
UnityEngine.DebugLogHandler:LogFormat (UnityEngine.LogType,UnityEngine.Object,string,object[])
UnityEngine.Logger:Log (UnityEngine.LogType,object,UnityEngine.Object)
UnityEngine.Debug:LogWarning (object,UnityEngine.Object)
Spine.Unity.Editor.SpineEditorUtilities:IssueWarningsForUnrecommendedTextureSettings (string) (at Assets/Spine/Editor/spine-unity/Editor/Utility/SpineEditorUtilities.cs:270)
Spine.Unity.Editor.SpineEditorUtilities:IssueWarningsForUnrecommendedTextureSettings () (at Assets/Spine/Editor/spine-unity/Editor/Utility/SpineEditorUtilities.cs:185)
Spine.Unity.Editor.SpineEditorUtilities:Initialize () (at Assets/Spine/Editor/spine-unity/Editor/Utility/SpineEditorUtilities.cs:164)
Spine.Unity.Editor.SpineEditorUtilities:.cctor () (at Assets/Spine/Editor/spine-unity/Editor/Utility/SpineEditorUtilities.cs:100)
System.Runtime.CompilerServices.RuntimeHelpers:RunClassConstructor (System.RuntimeTypeHandle)
UnityEditor.EditorAssemblies:ProcessInitializeOnLoadAttributes (System.Type[])

(Filename: Assets/Spine/Editor/spine-unity/Editor/Utility/SpineEditorUtilities.cs Line: 270)

`Assets/Merge Beast/AnimationSpine/Cat Effect/Kagura fx/kagura_effect.png` : Problematic Texture Settings found: When enabling `Generate Mip Maps` in Gamma color space, it is recommended to disable `sRGB (Color Texture)` on `Premultiply alpha` textures. Otherwise you will receive white border artifacts on an atlas exported with default `Premultiply alpha` settings.
(You can disable this warning in `Edit - Preferences - Spine`)
UnityEngine.StackTraceUtility:ExtractStackTrace ()
UnityEngine.DebugLogHandler:LogFormat (UnityEngine.LogType,UnityEngine.Object,string,object[])
UnityEngine.Logger:Log (UnityEngine.LogType,object,UnityEngine.Object)
UnityEngine.Debug:LogWarning (object,UnityEngine.Object)
Spine.Unity.Editor.SpineEditorUtilities:IssueWarningsForUnrecommendedTextureSettings (string) (at Assets/Spine/Editor/spine-unity/Editor/Utility/SpineEditorUtilities.cs:270)
Spine.Unity.Editor.SpineEditorUtilities:IssueWarningsForUnrecommendedTextureSettings () (at Assets/Spine/Editor/spine-unity/Editor/Utility/SpineEditorUtilities.cs:185)
Spine.Unity.Editor.SpineEditorUtilities:Initialize () (at Assets/Spine/Editor/spine-unity/Editor/Utility/SpineEditorUtilities.cs:164)
Spine.Unity.Editor.SpineEditorUtilities:.cctor () (at Assets/Spine/Editor/spine-unity/Editor/Utility/SpineEditorUtilities.cs:100)
System.Runtime.CompilerServices.RuntimeHelpers:RunClassConstructor (System.RuntimeTypeHandle)
UnityEditor.EditorAssemblies:ProcessInitializeOnLoadAttributes (System.Type[])

(Filename: Assets/Spine/Editor/spine-unity/Editor/Utility/SpineEditorUtilities.cs Line: 270)

`Assets/Merge Beast/AnimationSpine/Cat Effect/Kagura wp/kagura_weapon.png` : Problematic Texture Settings found: When enabling `Generate Mip Maps` in Gamma color space, it is recommended to disable `sRGB (Color Texture)` on `Premultiply alpha` textures. Otherwise you will receive white border artifacts on an atlas exported with default `Premultiply alpha` settings.
(You can disable this warning in `Edit - Preferences - Spine`)
UnityEngine.StackTraceUtility:ExtractStackTrace ()
UnityEngine.DebugLogHandler:LogFormat (UnityEngine.LogType,UnityEngine.Object,string,object[])
UnityEngine.Logger:Log (UnityEngine.LogType,object,UnityEngine.Object)
UnityEngine.Debug:LogWarning (object,UnityEngine.Object)
Spine.Unity.Editor.SpineEditorUtilities:IssueWarningsForUnrecommendedTextureSettings (string) (at Assets/Spine/Editor/spine-unity/Editor/Utility/SpineEditorUtilities.cs:270)
Spine.Unity.Editor.SpineEditorUtilities:IssueWarningsForUnrecommendedTextureSettings () (at Assets/Spine/Editor/spine-unity/Editor/Utility/SpineEditorUtilities.cs:185)
Spine.Unity.Editor.SpineEditorUtilities:Initialize () (at Assets/Spine/Editor/spine-unity/Editor/Utility/SpineEditorUtilities.cs:164)
Spine.Unity.Editor.SpineEditorUtilities:.cctor () (at Assets/Spine/Editor/spine-unity/Editor/Utility/SpineEditorUtilities.cs:100)
System.Runtime.CompilerServices.RuntimeHelpers:RunClassConstructor (System.RuntimeTypeHandle)
UnityEditor.EditorAssemblies:ProcessInitializeOnLoadAttributes (System.Type[])

(Filename: Assets/Spine/Editor/spine-unity/Editor/Utility/SpineEditorUtilities.cs Line: 270)

`Assets/Merge Beast/AnimationSpine/Cat Effect/Kina fx/kina_effect.png` : Problematic Texture Settings found: When enabling `Generate Mip Maps` in Gamma color space, it is recommended to disable `sRGB (Color Texture)` on `Premultiply alpha` textures. Otherwise you will receive white border artifacts on an atlas exported with default `Premultiply alpha` settings.
(You can disable this warning in `Edit - Preferences - Spine`)
UnityEngine.StackTraceUtility:ExtractStackTrace ()
UnityEngine.DebugLogHandler:LogFormat (UnityEngine.LogType,UnityEngine.Object,string,object[])
UnityEngine.Logger:Log (UnityEngine.LogType,object,UnityEngine.Object)
UnityEngine.Debug:LogWarning (object,UnityEngine.Object)
Spine.Unity.Editor.SpineEditorUtilities:IssueWarningsForUnrecommendedTextureSettings (string) (at Assets/Spine/Editor/spine-unity/Editor/Utility/SpineEditorUtilities.cs:270)
Spine.Unity.Editor.SpineEditorUtilities:IssueWarningsForUnrecommendedTextureSettings () (at Assets/Spine/Editor/spine-unity/Editor/Utility/SpineEditorUtilities.cs:185)
Spine.Unity.Editor.SpineEditorUtilities:Initialize () (at Assets/Spine/Editor/spine-unity/Editor/Utility/SpineEditorUtilities.cs:164)
Spine.Unity.Editor.SpineEditorUtilities:.cctor () (at Assets/Spine/Editor/spine-unity/Editor/Utility/SpineEditorUtilities.cs:100)
System.Runtime.CompilerServices.RuntimeHelpers:RunClassConstructor (System.RuntimeTypeHandle)
UnityEditor.EditorAssemblies:ProcessInitializeOnLoadAttributes (System.Type[])

(Filename: Assets/Spine/Editor/spine-unity/Editor/Utility/SpineEditorUtilities.cs Line: 270)

`Assets/Merge Beast/AnimationSpine/Cat Effect/Kina wp/kina_weapon.png` : Problematic Texture Settings found: When enabling `Generate Mip Maps` in Gamma color space, it is recommended to disable `sRGB (Color Texture)` on `Premultiply alpha` textures. Otherwise you will receive white border artifacts on an atlas exported with default `Premultiply alpha` settings.
(You can disable this warning in `Edit - Preferences - Spine`)
UnityEngine.StackTraceUtility:ExtractStackTrace ()
UnityEngine.DebugLogHandler:LogFormat (UnityEngine.LogType,UnityEngine.Object,string,object[])
UnityEngine.Logger:Log (UnityEngine.LogType,object,UnityEngine.Object)
UnityEngine.Debug:LogWarning (object,UnityEngine.Object)
Spine.Unity.Editor.SpineEditorUtilities:IssueWarningsForUnrecommendedTextureSettings (string) (at Assets/Spine/Editor/spine-unity/Editor/Utility/SpineEditorUtilities.cs:270)
Spine.Unity.Editor.SpineEditorUtilities:IssueWarningsForUnrecommendedTextureSettings () (at Assets/Spine/Editor/spine-unity/Editor/Utility/SpineEditorUtilities.cs:185)
Spine.Unity.Editor.SpineEditorUtilities:Initialize () (at Assets/Spine/Editor/spine-unity/Editor/Utility/SpineEditorUtilities.cs:164)
Spine.Unity.Editor.SpineEditorUtilities:.cctor () (at Assets/Spine/Editor/spine-unity/Editor/Utility/SpineEditorUtilities.cs:100)
System.Runtime.CompilerServices.RuntimeHelpers:RunClassConstructor (System.RuntimeTypeHandle)
UnityEditor.EditorAssemblies:ProcessInitializeOnLoadAttributes (System.Type[])

(Filename: Assets/Spine/Editor/spine-unity/Editor/Utility/SpineEditorUtilities.cs Line: 270)

`Assets/Merge Beast/AnimationSpine/Cat Effect/Kyuzo fx/kyuzo_effect.png` : Problematic Texture Settings found: When enabling `Generate Mip Maps` in Gamma color space, it is recommended to disable `sRGB (Color Texture)` on `Premultiply alpha` textures. Otherwise you will receive white border artifacts on an atlas exported with default `Premultiply alpha` settings.
(You can disable this warning in `Edit - Preferences - Spine`)
UnityEngine.StackTraceUtility:ExtractStackTrace ()
UnityEngine.DebugLogHandler:LogFormat (UnityEngine.LogType,UnityEngine.Object,string,object[])
UnityEngine.Logger:Log (UnityEngine.LogType,object,UnityEngine.Object)
UnityEngine.Debug:LogWarning (object,UnityEngine.Object)
Spine.Unity.Editor.SpineEditorUtilities:IssueWarningsForUnrecommendedTextureSettings (string) (at Assets/Spine/Editor/spine-unity/Editor/Utility/SpineEditorUtilities.cs:270)
Spine.Unity.Editor.SpineEditorUtilities:IssueWarningsForUnrecommendedTextureSettings () (at Assets/Spine/Editor/spine-unity/Editor/Utility/SpineEditorUtilities.cs:185)
Spine.Unity.Editor.SpineEditorUtilities:Initialize () (at Assets/Spine/Editor/spine-unity/Editor/Utility/SpineEditorUtilities.cs:164)
Spine.Unity.Editor.SpineEditorUtilities:.cctor () (at Assets/Spine/Editor/spine-unity/Editor/Utility/SpineEditorUtilities.cs:100)
System.Runtime.CompilerServices.RuntimeHelpers:RunClassConstructor (System.RuntimeTypeHandle)
UnityEditor.EditorAssemblies:ProcessInitializeOnLoadAttributes (System.Type[])

(Filename: Assets/Spine/Editor/spine-unity/Editor/Utility/SpineEditorUtilities.cs Line: 270)

`Assets/Merge Beast/AnimationSpine/Cat Effect/Kyuzo wp/kyuzo_weapon.png` : Problematic Texture Settings found: When enabling `Generate Mip Maps` in Gamma color space, it is recommended to disable `sRGB (Color Texture)` on `Premultiply alpha` textures. Otherwise you will receive white border artifacts on an atlas exported with default `Premultiply alpha` settings.
(You can disable this warning in `Edit - Preferences - Spine`)
UnityEngine.StackTraceUtility:ExtractStackTrace ()
UnityEngine.DebugLogHandler:LogFormat (UnityEngine.LogType,UnityEngine.Object,string,object[])
UnityEngine.Logger:Log (UnityEngine.LogType,object,UnityEngine.Object)
UnityEngine.Debug:LogWarning (object,UnityEngine.Object)
Spine.Unity.Editor.SpineEditorUtilities:IssueWarningsForUnrecommendedTextureSettings (string) (at Assets/Spine/Editor/spine-unity/Editor/Utility/SpineEditorUtilities.cs:270)
Spine.Unity.Editor.SpineEditorUtilities:IssueWarningsForUnrecommendedTextureSettings () (at Assets/Spine/Editor/spine-unity/Editor/Utility/SpineEditorUtilities.cs:185)
Spine.Unity.Editor.SpineEditorUtilities:Initialize () (at Assets/Spine/Editor/spine-unity/Editor/Utility/SpineEditorUtilities.cs:164)
Spine.Unity.Editor.SpineEditorUtilities:.cctor () (at Assets/Spine/Editor/spine-unity/Editor/Utility/SpineEditorUtilities.cs:100)
System.Runtime.CompilerServices.RuntimeHelpers:RunClassConstructor (System.RuntimeTypeHandle)
UnityEditor.EditorAssemblies:ProcessInitializeOnLoadAttributes (System.Type[])

(Filename: Assets/Spine/Editor/spine-unity/Editor/Utility/SpineEditorUtilities.cs Line: 270)

`Assets/Merge Beast/AnimationSpine/Cat Effect/Little Miju fx/little_mijus_effect.png` : Problematic Texture Settings found: When enabling `Generate Mip Maps` in Gamma color space, it is recommended to disable `sRGB (Color Texture)` on `Premultiply alpha` textures. Otherwise you will receive white border artifacts on an atlas exported with default `Premultiply alpha` settings.
(You can disable this warning in `Edit - Preferences - Spine`)
UnityEngine.StackTraceUtility:ExtractStackTrace ()
UnityEngine.DebugLogHandler:LogFormat (UnityEngine.LogType,UnityEngine.Object,string,object[])
UnityEngine.Logger:Log (UnityEngine.LogType,object,UnityEngine.Object)
UnityEngine.Debug:LogWarning (object,UnityEngine.Object)
Spine.Unity.Editor.SpineEditorUtilities:IssueWarningsForUnrecommendedTextureSettings (string) (at Assets/Spine/Editor/spine-unity/Editor/Utility/SpineEditorUtilities.cs:270)
Spine.Unity.Editor.SpineEditorUtilities:IssueWarningsForUnrecommendedTextureSettings () (at Assets/Spine/Editor/spine-unity/Editor/Utility/SpineEditorUtilities.cs:185)
Spine.Unity.Editor.SpineEditorUtilities:Initialize () (at Assets/Spine/Editor/spine-unity/Editor/Utility/SpineEditorUtilities.cs:164)
Spine.Unity.Editor.SpineEditorUtilities:.cctor () (at Assets/Spine/Editor/spine-unity/Editor/Utility/SpineEditorUtilities.cs:100)
System.Runtime.CompilerServices.RuntimeHelpers:RunClassConstructor (System.RuntimeTypeHandle)
UnityEditor.EditorAssemblies:ProcessInitializeOnLoadAttributes (System.Type[])

(Filename: Assets/Spine/Editor/spine-unity/Editor/Utility/SpineEditorUtilities.cs Line: 270)

`Assets/Merge Beast/AnimationSpine/Cat Effect/Mijus fx/mijus_effect.png` : Problematic Texture Settings found: When enabling `Generate Mip Maps` in Gamma color space, it is recommended to disable `sRGB (Color Texture)` on `Premultiply alpha` textures. Otherwise you will receive white border artifacts on an atlas exported with default `Premultiply alpha` settings.
(You can disable this warning in `Edit - Preferences - Spine`)
UnityEngine.StackTraceUtility:ExtractStackTrace ()
UnityEngine.DebugLogHandler:LogFormat (UnityEngine.LogType,UnityEngine.Object,string,object[])
UnityEngine.Logger:Log (UnityEngine.LogType,object,UnityEngine.Object)
UnityEngine.Debug:LogWarning (object,UnityEngine.Object)
Spine.Unity.Editor.SpineEditorUtilities:IssueWarningsForUnrecommendedTextureSettings (string) (at Assets/Spine/Editor/spine-unity/Editor/Utility/SpineEditorUtilities.cs:270)
Spine.Unity.Editor.SpineEditorUtilities:IssueWarningsForUnrecommendedTextureSettings () (at Assets/Spine/Editor/spine-unity/Editor/Utility/SpineEditorUtilities.cs:185)
Spine.Unity.Editor.SpineEditorUtilities:Initialize () (at Assets/Spine/Editor/spine-unity/Editor/Utility/SpineEditorUtilities.cs:164)
Spine.Unity.Editor.SpineEditorUtilities:.cctor () (at Assets/Spine/Editor/spine-unity/Editor/Utility/SpineEditorUtilities.cs:100)
System.Runtime.CompilerServices.RuntimeHelpers:RunClassConstructor (System.RuntimeTypeHandle)
UnityEditor.EditorAssemblies:ProcessInitializeOnLoadAttributes (System.Type[])

(Filename: Assets/Spine/Editor/spine-unity/Editor/Utility/SpineEditorUtilities.cs Line: 270)

`Assets/Merge Beast/AnimationSpine/Cat Effect/Miu fx/miu_effect.png` : Problematic Texture Settings found: When enabling `Generate Mip Maps` in Gamma color space, it is recommended to disable `sRGB (Color Texture)` on `Premultiply alpha` textures. Otherwise you will receive white border artifacts on an atlas exported with default `Premultiply alpha` settings.
(You can disable this warning in `Edit - Preferences - Spine`)
UnityEngine.StackTraceUtility:ExtractStackTrace ()
UnityEngine.DebugLogHandler:LogFormat (UnityEngine.LogType,UnityEngine.Object,string,object[])
UnityEngine.Logger:Log (UnityEngine.LogType,object,UnityEngine.Object)
UnityEngine.Debug:LogWarning (object,UnityEngine.Object)
Spine.Unity.Editor.SpineEditorUtilities:IssueWarningsForUnrecommendedTextureSettings (string) (at Assets/Spine/Editor/spine-unity/Editor/Utility/SpineEditorUtilities.cs:270)
Spine.Unity.Editor.SpineEditorUtilities:IssueWarningsForUnrecommendedTextureSettings () (at Assets/Spine/Editor/spine-unity/Editor/Utility/SpineEditorUtilities.cs:185)
Spine.Unity.Editor.SpineEditorUtilities:Initialize () (at Assets/Spine/Editor/spine-unity/Editor/Utility/SpineEditorUtilities.cs:164)
Spine.Unity.Editor.SpineEditorUtilities:.cctor () (at Assets/Spine/Editor/spine-unity/Editor/Utility/SpineEditorUtilities.cs:100)
System.Runtime.CompilerServices.RuntimeHelpers:RunClassConstructor (System.RuntimeTypeHandle)
UnityEditor.EditorAssemblies:ProcessInitializeOnLoadAttributes (System.Type[])

(Filename: Assets/Spine/Editor/spine-unity/Editor/Utility/SpineEditorUtilities.cs Line: 270)

`Assets/Merge Beast/AnimationSpine/Cat Effect/Miu wp/miu_weapon.png` : Problematic Texture Settings found: When enabling `Generate Mip Maps` in Gamma color space, it is recommended to disable `sRGB (Color Texture)` on `Premultiply alpha` textures. Otherwise you will receive white border artifacts on an atlas exported with default `Premultiply alpha` settings.
(You can disable this warning in `Edit - Preferences - Spine`)
UnityEngine.StackTraceUtility:ExtractStackTrace ()
UnityEngine.DebugLogHandler:LogFormat (UnityEngine.LogType,UnityEngine.Object,string,object[])
UnityEngine.Logger:Log (UnityEngine.LogType,object,UnityEngine.Object)
UnityEngine.Debug:LogWarning (object,UnityEngine.Object)
Spine.Unity.Editor.SpineEditorUtilities:IssueWarningsForUnrecommendedTextureSettings (string) (at Assets/Spine/Editor/spine-unity/Editor/Utility/SpineEditorUtilities.cs:270)
Spine.Unity.Editor.SpineEditorUtilities:IssueWarningsForUnrecommendedTextureSettings () (at Assets/Spine/Editor/spine-unity/Editor/Utility/SpineEditorUtilities.cs:185)
Spine.Unity.Editor.SpineEditorUtilities:Initialize () (at Assets/Spine/Editor/spine-unity/Editor/Utility/SpineEditorUtilities.cs:164)
Spine.Unity.Editor.SpineEditorUtilities:.cctor () (at Assets/Spine/Editor/spine-unity/Editor/Utility/SpineEditorUtilities.cs:100)
System.Runtime.CompilerServices.RuntimeHelpers:RunClassConstructor (System.RuntimeTypeHandle)
UnityEditor.EditorAssemblies:ProcessInitializeOnLoadAttributes (System.Type[])

(Filename: Assets/Spine/Editor/spine-unity/Editor/Utility/SpineEditorUtilities.cs Line: 270)

`Assets/Merge Beast/AnimationSpine/Cat Effect/Modie fx/modie_effect.png` : Problematic Texture Settings found: When enabling `Generate Mip Maps` in Gamma color space, it is recommended to disable `sRGB (Color Texture)` on `Premultiply alpha` textures. Otherwise you will receive white border artifacts on an atlas exported with default `Premultiply alpha` settings.
(You can disable this warning in `Edit - Preferences - Spine`)
UnityEngine.StackTraceUtility:ExtractStackTrace ()
UnityEngine.DebugLogHandler:LogFormat (UnityEngine.LogType,UnityEngine.Object,string,object[])
UnityEngine.Logger:Log (UnityEngine.LogType,object,UnityEngine.Object)
UnityEngine.Debug:LogWarning (object,UnityEngine.Object)
Spine.Unity.Editor.SpineEditorUtilities:IssueWarningsForUnrecommendedTextureSettings (string) (at Assets/Spine/Editor/spine-unity/Editor/Utility/SpineEditorUtilities.cs:270)
Spine.Unity.Editor.SpineEditorUtilities:IssueWarningsForUnrecommendedTextureSettings () (at Assets/Spine/Editor/spine-unity/Editor/Utility/SpineEditorUtilities.cs:185)
Spine.Unity.Editor.SpineEditorUtilities:Initialize () (at Assets/Spine/Editor/spine-unity/Editor/Utility/SpineEditorUtilities.cs:164)
Spine.Unity.Editor.SpineEditorUtilities:.cctor () (at Assets/Spine/Editor/spine-unity/Editor/Utility/SpineEditorUtilities.cs:100)
System.Runtime.CompilerServices.RuntimeHelpers:RunClassConstructor (System.RuntimeTypeHandle)
UnityEditor.EditorAssemblies:ProcessInitializeOnLoadAttributes (System.Type[])

(Filename: Assets/Spine/Editor/spine-unity/Editor/Utility/SpineEditorUtilities.cs Line: 270)

`Assets/Merge Beast/AnimationSpine/Cat Effect/Monkey mob fx/monkey_mob_effect.png` : Problematic Texture Settings found: When enabling `Generate Mip Maps` in Gamma color space, it is recommended to disable `sRGB (Color Texture)` on `Premultiply alpha` textures. Otherwise you will receive white border artifacts on an atlas exported with default `Premultiply alpha` settings.
(You can disable this warning in `Edit - Preferences - Spine`)
UnityEngine.StackTraceUtility:ExtractStackTrace ()
UnityEngine.DebugLogHandler:LogFormat (UnityEngine.LogType,UnityEngine.Object,string,object[])
UnityEngine.Logger:Log (UnityEngine.LogType,object,UnityEngine.Object)
UnityEngine.Debug:LogWarning (object,UnityEngine.Object)
Spine.Unity.Editor.SpineEditorUtilities:IssueWarningsForUnrecommendedTextureSettings (string) (at Assets/Spine/Editor/spine-unity/Editor/Utility/SpineEditorUtilities.cs:270)
Spine.Unity.Editor.SpineEditorUtilities:IssueWarningsForUnrecommendedTextureSettings () (at Assets/Spine/Editor/spine-unity/Editor/Utility/SpineEditorUtilities.cs:185)
Spine.Unity.Editor.SpineEditorUtilities:Initialize () (at Assets/Spine/Editor/spine-unity/Editor/Utility/SpineEditorUtilities.cs:164)
Spine.Unity.Editor.SpineEditorUtilities:.cctor () (at Assets/Spine/Editor/spine-unity/Editor/Utility/SpineEditorUtilities.cs:100)
System.Runtime.CompilerServices.RuntimeHelpers:RunClassConstructor (System.RuntimeTypeHandle)
UnityEditor.EditorAssemblies:ProcessInitializeOnLoadAttributes (System.Type[])

(Filename: Assets/Spine/Editor/spine-unity/Editor/Utility/SpineEditorUtilities.cs Line: 270)

`Assets/Merge Beast/AnimationSpine/Cat Effect/Mora fx/mora_effect.png` : Problematic Texture Settings found: When enabling `Generate Mip Maps` in Gamma color space, it is recommended to disable `sRGB (Color Texture)` on `Premultiply alpha` textures. Otherwise you will receive white border artifacts on an atlas exported with default `Premultiply alpha` settings.
(You can disable this warning in `Edit - Preferences - Spine`)
UnityEngine.StackTraceUtility:ExtractStackTrace ()
UnityEngine.DebugLogHandler:LogFormat (UnityEngine.LogType,UnityEngine.Object,string,object[])
UnityEngine.Logger:Log (UnityEngine.LogType,object,UnityEngine.Object)
UnityEngine.Debug:LogWarning (object,UnityEngine.Object)
Spine.Unity.Editor.SpineEditorUtilities:IssueWarningsForUnrecommendedTextureSettings (string) (at Assets/Spine/Editor/spine-unity/Editor/Utility/SpineEditorUtilities.cs:270)
Spine.Unity.Editor.SpineEditorUtilities:IssueWarningsForUnrecommendedTextureSettings () (at Assets/Spine/Editor/spine-unity/Editor/Utility/SpineEditorUtilities.cs:185)
Spine.Unity.Editor.SpineEditorUtilities:Initialize () (at Assets/Spine/Editor/spine-unity/Editor/Utility/SpineEditorUtilities.cs:164)
Spine.Unity.Editor.SpineEditorUtilities:.cctor () (at Assets/Spine/Editor/spine-unity/Editor/Utility/SpineEditorUtilities.cs:100)
System.Runtime.CompilerServices.RuntimeHelpers:RunClassConstructor (System.RuntimeTypeHandle)
UnityEditor.EditorAssemblies:ProcessInitializeOnLoadAttributes (System.Type[])

(Filename: Assets/Spine/Editor/spine-unity/Editor/Utility/SpineEditorUtilities.cs Line: 270)

`Assets/Merge Beast/AnimationSpine/Cat Effect/Mora wp/mora_weapon.png` : Problematic Texture Settings found: When enabling `Generate Mip Maps` in Gamma color space, it is recommended to disable `sRGB (Color Texture)` on `Premultiply alpha` textures. Otherwise you will receive white border artifacts on an atlas exported with default `Premultiply alpha` settings.
(You can disable this warning in `Edit - Preferences - Spine`)
UnityEngine.StackTraceUtility:ExtractStackTrace ()
UnityEngine.DebugLogHandler:LogFormat (UnityEngine.LogType,UnityEngine.Object,string,object[])
UnityEngine.Logger:Log (UnityEngine.LogType,object,UnityEngine.Object)
UnityEngine.Debug:LogWarning (object,UnityEngine.Object)
Spine.Unity.Editor.SpineEditorUtilities:IssueWarningsForUnrecommendedTextureSettings (string) (at Assets/Spine/Editor/spine-unity/Editor/Utility/SpineEditorUtilities.cs:270)
Spine.Unity.Editor.SpineEditorUtilities:IssueWarningsForUnrecommendedTextureSettings () (at Assets/Spine/Editor/spine-unity/Editor/Utility/SpineEditorUtilities.cs:185)
Spine.Unity.Editor.SpineEditorUtilities:Initialize () (at Assets/Spine/Editor/spine-unity/Editor/Utility/SpineEditorUtilities.cs:164)
Spine.Unity.Editor.SpineEditorUtilities:.cctor () (at Assets/Spine/Editor/spine-unity/Editor/Utility/SpineEditorUtilities.cs:100)
System.Runtime.CompilerServices.RuntimeHelpers:RunClassConstructor (System.RuntimeTypeHandle)
UnityEditor.EditorAssemblies:ProcessInitializeOnLoadAttributes (System.Type[])

(Filename: Assets/Spine/Editor/spine-unity/Editor/Utility/SpineEditorUtilities.cs Line: 270)

`Assets/Merge Beast/AnimationSpine/Cat Effect/Naruto fx/naruto_effect.png` : Problematic Texture Settings found: When enabling `Generate Mip Maps` in Gamma color space, it is recommended to disable `sRGB (Color Texture)` on `Premultiply alpha` textures. Otherwise you will receive white border artifacts on an atlas exported with default `Premultiply alpha` settings.
(You can disable this warning in `Edit - Preferences - Spine`)
UnityEngine.StackTraceUtility:ExtractStackTrace ()
UnityEngine.DebugLogHandler:LogFormat (UnityEngine.LogType,UnityEngine.Object,string,object[])
UnityEngine.Logger:Log (UnityEngine.LogType,object,UnityEngine.Object)
UnityEngine.Debug:LogWarning (object,UnityEngine.Object)
Spine.Unity.Editor.SpineEditorUtilities:IssueWarningsForUnrecommendedTextureSettings (string) (at Assets/Spine/Editor/spine-unity/Editor/Utility/SpineEditorUtilities.cs:270)
Spine.Unity.Editor.SpineEditorUtilities:IssueWarningsForUnrecommendedTextureSettings () (at Assets/Spine/Editor/spine-unity/Editor/Utility/SpineEditorUtilities.cs:185)
Spine.Unity.Editor.SpineEditorUtilities:Initialize () (at Assets/Spine/Editor/spine-unity/Editor/Utility/SpineEditorUtilities.cs:164)
Spine.Unity.Editor.SpineEditorUtilities:.cctor () (at Assets/Spine/Editor/spine-unity/Editor/Utility/SpineEditorUtilities.cs:100)
System.Runtime.CompilerServices.RuntimeHelpers:RunClassConstructor (System.RuntimeTypeHandle)
UnityEditor.EditorAssemblies:ProcessInitializeOnLoadAttributes (System.Type[])

(Filename: Assets/Spine/Editor/spine-unity/Editor/Utility/SpineEditorUtilities.cs Line: 270)

`Assets/Merge Beast/AnimationSpine/Cat Effect/Naruto fx 2/naruto_effect2.png` : Problematic Texture Settings found: When enabling `Generate Mip Maps` in Gamma color space, it is recommended to disable `sRGB (Color Texture)` on `Premultiply alpha` textures. Otherwise you will receive white border artifacts on an atlas exported with default `Premultiply alpha` settings.
(You can disable this warning in `Edit - Preferences - Spine`)
UnityEngine.StackTraceUtility:ExtractStackTrace ()
UnityEngine.DebugLogHandler:LogFormat (UnityEngine.LogType,UnityEngine.Object,string,object[])
UnityEngine.Logger:Log (UnityEngine.LogType,object,UnityEngine.Object)
UnityEngine.Debug:LogWarning (object,UnityEngine.Object)
Spine.Unity.Editor.SpineEditorUtilities:IssueWarningsForUnrecommendedTextureSettings (string) (at Assets/Spine/Editor/spine-unity/Editor/Utility/SpineEditorUtilities.cs:270)
Spine.Unity.Editor.SpineEditorUtilities:IssueWarningsForUnrecommendedTextureSettings () (at Assets/Spine/Editor/spine-unity/Editor/Utility/SpineEditorUtilities.cs:185)
Spine.Unity.Editor.SpineEditorUtilities:Initialize () (at Assets/Spine/Editor/spine-unity/Editor/Utility/SpineEditorUtilities.cs:164)
Spine.Unity.Editor.SpineEditorUtilities:.cctor () (at Assets/Spine/Editor/spine-unity/Editor/Utility/SpineEditorUtilities.cs:100)
System.Runtime.CompilerServices.RuntimeHelpers:RunClassConstructor (System.RuntimeTypeHandle)
UnityEditor.EditorAssemblies:ProcessInitializeOnLoadAttributes (System.Type[])

(Filename: Assets/Spine/Editor/spine-unity/Editor/Utility/SpineEditorUtilities.cs Line: 270)

`Assets/Merge Beast/AnimationSpine/Cat Effect/Nemu fx/nemu_effect.png` : Problematic Texture Settings found: When enabling `Generate Mip Maps` in Gamma color space, it is recommended to disable `sRGB (Color Texture)` on `Premultiply alpha` textures. Otherwise you will receive white border artifacts on an atlas exported with default `Premultiply alpha` settings.
(You can disable this warning in `Edit - Preferences - Spine`)
UnityEngine.StackTraceUtility:ExtractStackTrace ()
UnityEngine.DebugLogHandler:LogFormat (UnityEngine.LogType,UnityEngine.Object,string,object[])
UnityEngine.Logger:Log (UnityEngine.LogType,object,UnityEngine.Object)
UnityEngine.Debug:LogWarning (object,UnityEngine.Object)
Spine.Unity.Editor.SpineEditorUtilities:IssueWarningsForUnrecommendedTextureSettings (string) (at Assets/Spine/Editor/spine-unity/Editor/Utility/SpineEditorUtilities.cs:270)
Spine.Unity.Editor.SpineEditorUtilities:IssueWarningsForUnrecommendedTextureSettings () (at Assets/Spine/Editor/spine-unity/Editor/Utility/SpineEditorUtilities.cs:185)
Spine.Unity.Editor.SpineEditorUtilities:Initialize () (at Assets/Spine/Editor/spine-unity/Editor/Utility/SpineEditorUtilities.cs:164)
Spine.Unity.Editor.SpineEditorUtilities:.cctor () (at Assets/Spine/Editor/spine-unity/Editor/Utility/SpineEditorUtilities.cs:100)
System.Runtime.CompilerServices.RuntimeHelpers:RunClassConstructor (System.RuntimeTypeHandle)
UnityEditor.EditorAssemblies:ProcessInitializeOnLoadAttributes (System.Type[])

(Filename: Assets/Spine/Editor/spine-unity/Editor/Utility/SpineEditorUtilities.cs Line: 270)

`Assets/Merge Beast/AnimationSpine/Cat Effect/Pank fx/pank_effect.png` : Problematic Texture Settings found: When enabling `Generate Mip Maps` in Gamma color space, it is recommended to disable `sRGB (Color Texture)` on `Premultiply alpha` textures. Otherwise you will receive white border artifacts on an atlas exported with default `Premultiply alpha` settings.
(You can disable this warning in `Edit - Preferences - Spine`)
UnityEngine.StackTraceUtility:ExtractStackTrace ()
UnityEngine.DebugLogHandler:LogFormat (UnityEngine.LogType,UnityEngine.Object,string,object[])
UnityEngine.Logger:Log (UnityEngine.LogType,object,UnityEngine.Object)
UnityEngine.Debug:LogWarning (object,UnityEngine.Object)
Spine.Unity.Editor.SpineEditorUtilities:IssueWarningsForUnrecommendedTextureSettings (string) (at Assets/Spine/Editor/spine-unity/Editor/Utility/SpineEditorUtilities.cs:270)
Spine.Unity.Editor.SpineEditorUtilities:IssueWarningsForUnrecommendedTextureSettings () (at Assets/Spine/Editor/spine-unity/Editor/Utility/SpineEditorUtilities.cs:185)
Spine.Unity.Editor.SpineEditorUtilities:Initialize () (at Assets/Spine/Editor/spine-unity/Editor/Utility/SpineEditorUtilities.cs:164)
Spine.Unity.Editor.SpineEditorUtilities:.cctor () (at Assets/Spine/Editor/spine-unity/Editor/Utility/SpineEditorUtilities.cs:100)
System.Runtime.CompilerServices.RuntimeHelpers:RunClassConstructor (System.RuntimeTypeHandle)
UnityEditor.EditorAssemblies:ProcessInitializeOnLoadAttributes (System.Type[])

(Filename: Assets/Spine/Editor/spine-unity/Editor/Utility/SpineEditorUtilities.cs Line: 270)

`Assets/Merge Beast/AnimationSpine/Cat Effect/Pomer Slingshot fx/pomer_slingshot_effect.png` : Problematic Texture Settings found: When enabling `Generate Mip Maps` in Gamma color space, it is recommended to disable `sRGB (Color Texture)` on `Premultiply alpha` textures. Otherwise you will receive white border artifacts on an atlas exported with default `Premultiply alpha` settings.
(You can disable this warning in `Edit - Preferences - Spine`)
UnityEngine.StackTraceUtility:ExtractStackTrace ()
UnityEngine.DebugLogHandler:LogFormat (UnityEngine.LogType,UnityEngine.Object,string,object[])
UnityEngine.Logger:Log (UnityEngine.LogType,object,UnityEngine.Object)
UnityEngine.Debug:LogWarning (object,UnityEngine.Object)
Spine.Unity.Editor.SpineEditorUtilities:IssueWarningsForUnrecommendedTextureSettings (string) (at Assets/Spine/Editor/spine-unity/Editor/Utility/SpineEditorUtilities.cs:270)
Spine.Unity.Editor.SpineEditorUtilities:IssueWarningsForUnrecommendedTextureSettings () (at Assets/Spine/Editor/spine-unity/Editor/Utility/SpineEditorUtilities.cs:185)
Spine.Unity.Editor.SpineEditorUtilities:Initialize () (at Assets/Spine/Editor/spine-unity/Editor/Utility/SpineEditorUtilities.cs:164)
Spine.Unity.Editor.SpineEditorUtilities:.cctor () (at Assets/Spine/Editor/spine-unity/Editor/Utility/SpineEditorUtilities.cs:100)
System.Runtime.CompilerServices.RuntimeHelpers:RunClassConstructor (System.RuntimeTypeHandle)
UnityEditor.EditorAssemblies:ProcessInitializeOnLoadAttributes (System.Type[])

(Filename: Assets/Spine/Editor/spine-unity/Editor/Utility/SpineEditorUtilities.cs Line: 270)

`Assets/Merge Beast/AnimationSpine/Cat Effect/Seji wp/seiji_weapon.png` : Problematic Texture Settings found: When enabling `Generate Mip Maps` in Gamma color space, it is recommended to disable `sRGB (Color Texture)` on `Premultiply alpha` textures. Otherwise you will receive white border artifacts on an atlas exported with default `Premultiply alpha` settings.
(You can disable this warning in `Edit - Preferences - Spine`)
UnityEngine.StackTraceUtility:ExtractStackTrace ()
UnityEngine.DebugLogHandler:LogFormat (UnityEngine.LogType,UnityEngine.Object,string,object[])
UnityEngine.Logger:Log (UnityEngine.LogType,object,UnityEngine.Object)
UnityEngine.Debug:LogWarning (object,UnityEngine.Object)
Spine.Unity.Editor.SpineEditorUtilities:IssueWarningsForUnrecommendedTextureSettings (string) (at Assets/Spine/Editor/spine-unity/Editor/Utility/SpineEditorUtilities.cs:270)
Spine.Unity.Editor.SpineEditorUtilities:IssueWarningsForUnrecommendedTextureSettings () (at Assets/Spine/Editor/spine-unity/Editor/Utility/SpineEditorUtilities.cs:185)
Spine.Unity.Editor.SpineEditorUtilities:Initialize () (at Assets/Spine/Editor/spine-unity/Editor/Utility/SpineEditorUtilities.cs:164)
Spine.Unity.Editor.SpineEditorUtilities:.cctor () (at Assets/Spine/Editor/spine-unity/Editor/Utility/SpineEditorUtilities.cs:100)
System.Runtime.CompilerServices.RuntimeHelpers:RunClassConstructor (System.RuntimeTypeHandle)
UnityEditor.EditorAssemblies:ProcessInitializeOnLoadAttributes (System.Type[])

(Filename: Assets/Spine/Editor/spine-unity/Editor/Utility/SpineEditorUtilities.cs Line: 270)

`Assets/Merge Beast/AnimationSpine/Cat Effect/Shiba fire fx/shiba_fire_effect.png` : Problematic Texture Settings found: When enabling `Generate Mip Maps` in Gamma color space, it is recommended to disable `sRGB (Color Texture)` on `Premultiply alpha` textures. Otherwise you will receive white border artifacts on an atlas exported with default `Premultiply alpha` settings.
(You can disable this warning in `Edit - Preferences - Spine`)
UnityEngine.StackTraceUtility:ExtractStackTrace ()
UnityEngine.DebugLogHandler:LogFormat (UnityEngine.LogType,UnityEngine.Object,string,object[])
UnityEngine.Logger:Log (UnityEngine.LogType,object,UnityEngine.Object)
UnityEngine.Debug:LogWarning (object,UnityEngine.Object)
Spine.Unity.Editor.SpineEditorUtilities:IssueWarningsForUnrecommendedTextureSettings (string) (at Assets/Spine/Editor/spine-unity/Editor/Utility/SpineEditorUtilities.cs:270)
Spine.Unity.Editor.SpineEditorUtilities:IssueWarningsForUnrecommendedTextureSettings () (at Assets/Spine/Editor/spine-unity/Editor/Utility/SpineEditorUtilities.cs:185)
Spine.Unity.Editor.SpineEditorUtilities:Initialize () (at Assets/Spine/Editor/spine-unity/Editor/Utility/SpineEditorUtilities.cs:164)
Spine.Unity.Editor.SpineEditorUtilities:.cctor () (at Assets/Spine/Editor/spine-unity/Editor/Utility/SpineEditorUtilities.cs:100)
System.Runtime.CompilerServices.RuntimeHelpers:RunClassConstructor (System.RuntimeTypeHandle)
UnityEditor.EditorAssemblies:ProcessInitializeOnLoadAttributes (System.Type[])

(Filename: Assets/Spine/Editor/spine-unity/Editor/Utility/SpineEditorUtilities.cs Line: 270)

`Assets/Merge Beast/AnimationSpine/Cat Effect/Sun fx/sun_effect.png` : Problematic Texture Settings found: When enabling `Generate Mip Maps` in Gamma color space, it is recommended to disable `sRGB (Color Texture)` on `Premultiply alpha` textures. Otherwise you will receive white border artifacts on an atlas exported with default `Premultiply alpha` settings.
(You can disable this warning in `Edit - Preferences - Spine`)
UnityEngine.StackTraceUtility:ExtractStackTrace ()
UnityEngine.DebugLogHandler:LogFormat (UnityEngine.LogType,UnityEngine.Object,string,object[])
UnityEngine.Logger:Log (UnityEngine.LogType,object,UnityEngine.Object)
UnityEngine.Debug:LogWarning (object,UnityEngine.Object)
Spine.Unity.Editor.SpineEditorUtilities:IssueWarningsForUnrecommendedTextureSettings (string) (at Assets/Spine/Editor/spine-unity/Editor/Utility/SpineEditorUtilities.cs:270)
Spine.Unity.Editor.SpineEditorUtilities:IssueWarningsForUnrecommendedTextureSettings () (at Assets/Spine/Editor/spine-unity/Editor/Utility/SpineEditorUtilities.cs:185)
Spine.Unity.Editor.SpineEditorUtilities:Initialize () (at Assets/Spine/Editor/spine-unity/Editor/Utility/SpineEditorUtilities.cs:164)
Spine.Unity.Editor.SpineEditorUtilities:.cctor () (at Assets/Spine/Editor/spine-unity/Editor/Utility/SpineEditorUtilities.cs:100)
System.Runtime.CompilerServices.RuntimeHelpers:RunClassConstructor (System.RuntimeTypeHandle)
UnityEditor.EditorAssemblies:ProcessInitializeOnLoadAttributes (System.Type[])

(Filename: Assets/Spine/Editor/spine-unity/Editor/Utility/SpineEditorUtilities.cs Line: 270)

`Assets/Merge Beast/AnimationSpine/Cat Effect/Sun wp/sun_weapon.png` : Problematic Texture Settings found: When enabling `Generate Mip Maps` in Gamma color space, it is recommended to disable `sRGB (Color Texture)` on `Premultiply alpha` textures. Otherwise you will receive white border artifacts on an atlas exported with default `Premultiply alpha` settings.
(You can disable this warning in `Edit - Preferences - Spine`)
UnityEngine.StackTraceUtility:ExtractStackTrace ()
UnityEngine.DebugLogHandler:LogFormat (UnityEngine.LogType,UnityEngine.Object,string,object[])
UnityEngine.Logger:Log (UnityEngine.LogType,object,UnityEngine.Object)
UnityEngine.Debug:LogWarning (object,UnityEngine.Object)
Spine.Unity.Editor.SpineEditorUtilities:IssueWarningsForUnrecommendedTextureSettings (string) (at Assets/Spine/Editor/spine-unity/Editor/Utility/SpineEditorUtilities.cs:270)
Spine.Unity.Editor.SpineEditorUtilities:IssueWarningsForUnrecommendedTextureSettings () (at Assets/Spine/Editor/spine-unity/Editor/Utility/SpineEditorUtilities.cs:185)
Spine.Unity.Editor.SpineEditorUtilities:Initialize () (at Assets/Spine/Editor/spine-unity/Editor/Utility/SpineEditorUtilities.cs:164)
Spine.Unity.Editor.SpineEditorUtilities:.cctor () (at Assets/Spine/Editor/spine-unity/Editor/Utility/SpineEditorUtilities.cs:100)
System.Runtime.CompilerServices.RuntimeHelpers:RunClassConstructor (System.RuntimeTypeHandle)
UnityEditor.EditorAssemblies:ProcessInitializeOnLoadAttributes (System.Type[])

(Filename: Assets/Spine/Editor/spine-unity/Editor/Utility/SpineEditorUtilities.cs Line: 270)

`Assets/Merge Beast/AnimationSpine/Cat Effect/The Elder One fx/the_elder_one_effect.png` : Problematic Texture Settings found: When enabling `Generate Mip Maps` in Gamma color space, it is recommended to disable `sRGB (Color Texture)` on `Premultiply alpha` textures. Otherwise you will receive white border artifacts on an atlas exported with default `Premultiply alpha` settings.
(You can disable this warning in `Edit - Preferences - Spine`)
UnityEngine.StackTraceUtility:ExtractStackTrace ()
UnityEngine.DebugLogHandler:LogFormat (UnityEngine.LogType,UnityEngine.Object,string,object[])
UnityEngine.Logger:Log (UnityEngine.LogType,object,UnityEngine.Object)
UnityEngine.Debug:LogWarning (object,UnityEngine.Object)
Spine.Unity.Editor.SpineEditorUtilities:IssueWarningsForUnrecommendedTextureSettings (string) (at Assets/Spine/Editor/spine-unity/Editor/Utility/SpineEditorUtilities.cs:270)
Spine.Unity.Editor.SpineEditorUtilities:IssueWarningsForUnrecommendedTextureSettings () (at Assets/Spine/Editor/spine-unity/Editor/Utility/SpineEditorUtilities.cs:185)
Spine.Unity.Editor.SpineEditorUtilities:Initialize () (at Assets/Spine/Editor/spine-unity/Editor/Utility/SpineEditorUtilities.cs:164)
Spine.Unity.Editor.SpineEditorUtilities:.cctor () (at Assets/Spine/Editor/spine-unity/Editor/Utility/SpineEditorUtilities.cs:100)
System.Runtime.CompilerServices.RuntimeHelpers:RunClassConstructor (System.RuntimeTypeHandle)
UnityEditor.EditorAssemblies:ProcessInitializeOnLoadAttributes (System.Type[])

(Filename: Assets/Spine/Editor/spine-unity/Editor/Utility/SpineEditorUtilities.cs Line: 270)

`Assets/Merge Beast/AnimationSpine/Cat Effect/Tsuki fx/tsuki_effect.png` : Problematic Texture Settings found: When enabling `Generate Mip Maps` in Gamma color space, it is recommended to disable `sRGB (Color Texture)` on `Premultiply alpha` textures. Otherwise you will receive white border artifacts on an atlas exported with default `Premultiply alpha` settings.
(You can disable this warning in `Edit - Preferences - Spine`)
UnityEngine.StackTraceUtility:ExtractStackTrace ()
UnityEngine.DebugLogHandler:LogFormat (UnityEngine.LogType,UnityEngine.Object,string,object[])
UnityEngine.Logger:Log (UnityEngine.LogType,object,UnityEngine.Object)
UnityEngine.Debug:LogWarning (object,UnityEngine.Object)
Spine.Unity.Editor.SpineEditorUtilities:IssueWarningsForUnrecommendedTextureSettings (string) (at Assets/Spine/Editor/spine-unity/Editor/Utility/SpineEditorUtilities.cs:270)
Spine.Unity.Editor.SpineEditorUtilities:IssueWarningsForUnrecommendedTextureSettings () (at Assets/Spine/Editor/spine-unity/Editor/Utility/SpineEditorUtilities.cs:185)
Spine.Unity.Editor.SpineEditorUtilities:Initialize () (at Assets/Spine/Editor/spine-unity/Editor/Utility/SpineEditorUtilities.cs:164)
Spine.Unity.Editor.SpineEditorUtilities:.cctor () (at Assets/Spine/Editor/spine-unity/Editor/Utility/SpineEditorUtilities.cs:100)
System.Runtime.CompilerServices.RuntimeHelpers:RunClassConstructor (System.RuntimeTypeHandle)
UnityEditor.EditorAssemblies:ProcessInitializeOnLoadAttributes (System.Type[])

(Filename: Assets/Spine/Editor/spine-unity/Editor/Utility/SpineEditorUtilities.cs Line: 270)

`Assets/Merge Beast/AnimationSpine/Cat Effect/Tsuki wp/tsuki_weapon.png` : Problematic Texture Settings found: When enabling `Generate Mip Maps` in Gamma color space, it is recommended to disable `sRGB (Color Texture)` on `Premultiply alpha` textures. Otherwise you will receive white border artifacts on an atlas exported with default `Premultiply alpha` settings.
(You can disable this warning in `Edit - Preferences - Spine`)
UnityEngine.StackTraceUtility:ExtractStackTrace ()
UnityEngine.DebugLogHandler:LogFormat (UnityEngine.LogType,UnityEngine.Object,string,object[])
UnityEngine.Logger:Log (UnityEngine.LogType,object,UnityEngine.Object)
UnityEngine.Debug:LogWarning (object,UnityEngine.Object)
Spine.Unity.Editor.SpineEditorUtilities:IssueWarningsForUnrecommendedTextureSettings (string) (at Assets/Spine/Editor/spine-unity/Editor/Utility/SpineEditorUtilities.cs:270)
Spine.Unity.Editor.SpineEditorUtilities:IssueWarningsForUnrecommendedTextureSettings () (at Assets/Spine/Editor/spine-unity/Editor/Utility/SpineEditorUtilities.cs:185)
Spine.Unity.Editor.SpineEditorUtilities:Initialize () (at Assets/Spine/Editor/spine-unity/Editor/Utility/SpineEditorUtilities.cs:164)
Spine.Unity.Editor.SpineEditorUtilities:.cctor () (at Assets/Spine/Editor/spine-unity/Editor/Utility/SpineEditorUtilities.cs:100)
System.Runtime.CompilerServices.RuntimeHelpers:RunClassConstructor (System.RuntimeTypeHandle)
UnityEditor.EditorAssemblies:ProcessInitializeOnLoadAttributes (System.Type[])

(Filename: Assets/Spine/Editor/spine-unity/Editor/Utility/SpineEditorUtilities.cs Line: 270)

`Assets/Merge Beast/AnimationSpine/Monster/Hero Cat Empty/hero_cat_empty.png` and material `hero_cat_empty_Material.mat` : IncorrectTexture / Material Settings found: It is strongly recommended to enable `Alpha Is Transparency` on `Straight alpha` textures.
Assuming `Straight alpha` texture because `Straight Alpha Texture` is enabled at material). (You can disable this warning in `Edit - Preferences - Spine`)
UnityEngine.StackTraceUtility:ExtractStackTrace ()
UnityEngine.DebugLogHandler:LogFormat (UnityEngine.LogType,UnityEngine.Object,string,object[])
UnityEngine.Logger:Log (UnityEngine.LogType,object,UnityEngine.Object)
UnityEngine.Debug:LogWarning (object,UnityEngine.Object)
Spine.Unity.Editor.SpineEditorUtilities:IssueWarningsForUnrecommendedTextureSettings (string) (at Assets/Spine/Editor/spine-unity/Editor/Utility/SpineEditorUtilities.cs:270)
Spine.Unity.Editor.SpineEditorUtilities:IssueWarningsForUnrecommendedTextureSettings () (at Assets/Spine/Editor/spine-unity/Editor/Utility/SpineEditorUtilities.cs:185)
Spine.Unity.Editor.SpineEditorUtilities:Initialize () (at Assets/Spine/Editor/spine-unity/Editor/Utility/SpineEditorUtilities.cs:164)
Spine.Unity.Editor.SpineEditorUtilities:.cctor () (at Assets/Spine/Editor/spine-unity/Editor/Utility/SpineEditorUtilities.cs:100)
System.Runtime.CompilerServices.RuntimeHelpers:RunClassConstructor (System.RuntimeTypeHandle)
UnityEditor.EditorAssemblies:ProcessInitializeOnLoadAttributes (System.Type[])

(Filename: Assets/Spine/Editor/spine-unity/Editor/Utility/SpineEditorUtilities.cs Line: 270)

[Package Manager] Server::EnsureServerProcessIsRunning -- launch failed, reason: Unity was launched with the -noUpm command-line argument
[Package Manager] UpmClient::Send -- Unable to send message (not connected to UPM process).
[Package Manager] Cannot connect to Unity Package Manager local server
Mono: successfully reloaded assembly
- Finished resetting the current domain, in  0.961 seconds
Domain Reload Profiling: 1406ms
	BeginReloadAssembly (148ms)
		ExecutionOrderSort (0ms)
		DisableScriptedObjects (5ms)
		BackupInstance (0ms)
		ReleaseScriptingObjects (0ms)
		CreateAndSetChildDomain (28ms)
	RebuildCommonClasses (35ms)
	RebuildNativeTypeToScriptingClass (13ms)
	initialDomainReloadingComplete (27ms)
	LoadAllAssembliesAndSetupDomain (221ms)
		LoadAssemblies (294ms)
		RebuildTransferFunctionScriptingTraits (0ms)
		AnalyzeDomain (14ms)
			TypeCache.Refresh (5ms)
				TypeCache.ScanAssembly (0ms)
			ScanForSourceGeneratedMonoScriptInfo (0ms)
			ResolveRequiredComponents (8ms)
	FinalizeReload (962ms)
		ReleaseScriptCaches (0ms)
		RebuildScriptCaches (0ms)
		SetupLoadedEditorAssemblies (642ms)
			LogAssemblyErrors (0ms)
			InitializePlatformSupportModulesInManaged (8ms)
			SetLoadedEditorAssemblies (6ms)
			RefreshPlugins (0ms)
			BeforeProcessingInitializeOnLoad (79ms)
			ProcessInitializeOnLoadAttributes (509ms)
			ProcessInitializeOnLoadMethodAttributes (36ms)
			AfterProcessingInitializeOnLoad (4ms)
			EditorAssembliesLoaded (0ms)
		ExecutionOrderSort2 (0ms)
		AwakeInstancesAfterBackupRestoration (8ms)
Refreshing native plugins compatible for Editor in 1.60 ms, found 2 plugins.
Preloading 0 native plugins for Editor in 0.00 ms.
Unloading 2492 Unused Serialized files (Serialized files now loaded: 0)
Unloading 335 unused Assets / (1.7 MB). Loaded Objects now: 2898.
Memory consumption went from 223.0 MB to 221.3 MB.
Total: 4.495800 ms (FindLiveObjects: 0.347700 ms CreateObjectMapping: 0.074900 ms MarkObjects: 2.336000 ms  DeleteObjects: 1.735900 ms)

Prepare: number of updated asset objects reloaded= 0
AssetImportParameters requested are different than current active one (requested -> active):
  custom:video-decoder-webm-vp8: 9c59270c3fd7afecdb556c50c9e8de78 -> 
  custom:SearchIndexIgnoredProperties: e643bd26f0fe6173181afceb89e7c659 -> 
  custom:container-demuxer-ogg: 62fdf1f143b41e24485cea50d1cbac27 -> 
  custom:AudioImporter_EditorPlatform: d09bf68614088b80899f8185d706f6e7 -> 
  custom:video-decoder-ogg-theora: a1e56fd34408186e4bbccfd4996cb3dc -> 
  custom:framework-win-MediaFoundation: 216162199b28c13a410421893ffa2e32 -> 
  custom:video-encoder-webm-vp8: eb34c28f22e8b96e1ab97ce403110664 -> 
  custom:audio-decoder-ogg-vorbis: bf7c407c2cedff20999df2af8eb42d56 -> 
  custom:CustomObjectIndexerAttribute: 9a22284fe3817be447336de3de66b15e -> 
  custom:container-demuxer-webm: 4f35f7cbe854078d1ac9338744f61a02 -> 
  custom:audio-encoder-webm-vorbis: bf7c407c2cedff20999df2af8eb42d56 -> 
  custom:container-muxer-webm: aa71ff27fc2769a1b78a27578f13a17b -> 
