Using pre-set license
Built from '2022.3/staging' branch; Version is '2022.3.41f1 (0f988161febf) revision 1022081'; Using compiler version '192829333'; Build Type 'Release'
OS: 'Windows 10  (10.0.19045) 64bit Professional' Language: 'zh' Physical Memory: 32577 MB
BatchMode: 1, IsHumanControllingUs: 0, StartBugReporterOnCrash: 0, Is64bit: 1, IsPro: 1

COMMAND LINE ARGUMENTS:
D:\UnityHub\UnityEditors\Install\2022.3.41f1\Editor\Unity.exe
-adb2
-batchMode
-noUpm
-name
AssetImportWorker4
-projectPath
D:/UnityHub/UnityProjects/UltimateDefense
-logFile
Logs/AssetImportWorker4.log
-srvPort
3199
Successfully changed project path to: D:/UnityHub/UnityProjects/UltimateDefense
D:/UnityHub/UnityProjects/UltimateDefense
[UnityMemory] Configuration Parameters - Can be set up in boot.config
    "memorysetup-bucket-allocator-granularity=16"
    "memorysetup-bucket-allocator-bucket-count=8"
    "memorysetup-bucket-allocator-block-size=33554432"
    "memorysetup-bucket-allocator-block-count=8"
    "memorysetup-main-allocator-block-size=16777216"
    "memorysetup-thread-allocator-block-size=16777216"
    "memorysetup-gfx-main-allocator-block-size=16777216"
    "memorysetup-gfx-thread-allocator-block-size=16777216"
    "memorysetup-cache-allocator-block-size=4194304"
    "memorysetup-typetree-allocator-block-size=2097152"
    "memorysetup-profiler-bucket-allocator-granularity=16"
    "memorysetup-profiler-bucket-allocator-bucket-count=8"
    "memorysetup-profiler-bucket-allocator-block-size=33554432"
    "memorysetup-profiler-bucket-allocator-block-count=8"
    "memorysetup-profiler-allocator-block-size=16777216"
    "memorysetup-profiler-editor-allocator-block-size=1048576"
    "memorysetup-temp-allocator-size-main=16777216"
    "memorysetup-job-temp-allocator-block-size=2097152"
    "memorysetup-job-temp-allocator-block-size-background=1048576"
    "memorysetup-job-temp-allocator-reduction-small-platforms=262144"
    "memorysetup-allocator-temp-initial-block-size-main=262144"
    "memorysetup-allocator-temp-initial-block-size-worker=262144"
    "memorysetup-temp-allocator-size-background-worker=32768"
    "memorysetup-temp-allocator-size-job-worker=262144"
    "memorysetup-temp-allocator-size-preload-manager=33554432"
    "memorysetup-temp-allocator-size-nav-mesh-worker=65536"
    "memorysetup-temp-allocator-size-audio-worker=65536"
    "memorysetup-temp-allocator-size-cloud-worker=32768"
    "memorysetup-temp-allocator-size-gi-baking-worker=262144"
    "memorysetup-temp-allocator-size-gfx=262144"
Player connection [18760]  Target information:

Player connection [18760]  * "[IP] 192.168.31.224 [Port] 0 [Flags] 2 [Guid] 3817939987 [EditorId] 3817939987 [Version] 1048832 [Id] WindowsEditor(7,DESKTOP-DBTF552) [Debug] 1 [PackageName] WindowsEditor [ProjectName] Editor" 

Player connection [18760] Host joined multi-casting on [225.0.0.222:54997]...
Player connection [18760] Host joined alternative multi-casting on [225.0.0.222:34997]...
[PhysX] Initialized MultithreadedTaskDispatcher with 16 workers.
Refreshing native plugins compatible for Editor in 29.91 ms, found 12 plugins.
Preloading 0 native plugins for Editor in 0.00 ms.
Initialize engine version: 2022.3.41f1 (0f988161febf)
[Subsystems] Discovering subsystems at path D:/UnityHub/UnityEditors/Install/2022.3.41f1/Editor/Data/Resources/UnitySubsystems
[Subsystems] Discovering subsystems at path D:/UnityHub/UnityProjects/UltimateDefense/Assets
GfxDevice: creating device client; threaded=0; jobified=0
Direct3D:
    Version:  Direct3D 11.0 [level 11.1]
    Renderer: NVIDIA GeForce RTX 4060 Ti (ID=0x2803)
    Vendor:   NVIDIA
    VRAM:     7949 MB
    Driver:   32.0.15.6094
Initialize mono
Mono path[0] = 'D:/UnityHub/UnityEditors/Install/2022.3.41f1/Editor/Data/Managed'
Mono path[1] = 'D:/UnityHub/UnityEditors/Install/2022.3.41f1/Editor/Data/MonoBleedingEdge/lib/mono/unityjit-win32'
Mono config path = 'D:/UnityHub/UnityEditors/Install/2022.3.41f1/Editor/Data/MonoBleedingEdge/etc'
Using monoOptions --debugger-agent=transport=dt_socket,embedding=1,server=y,suspend=n,address=127.0.0.1:56216
Begin MonoManager ReloadAssembly
Registering precompiled unity dll's ...
Register platform support module: D:/UnityHub/UnityEditors/Install/2022.3.41f1/Editor/Data/PlaybackEngines/WebGLSupport/UnityEditor.WebGL.Extensions.dll
Register platform support module: D:/UnityHub/UnityEditors/Install/2022.3.41f1/Editor/Data/PlaybackEngines/WindowsStandaloneSupport/UnityEditor.WindowsStandalone.Extensions.dll
Registered in 0.003077 seconds.
- Loaded All Assemblies, in  0.264 seconds
Native extension for WindowsStandalone target not found
Native extension for WebGL target not found
Mono: successfully reloaded assembly
- Finished resetting the current domain, in  0.326 seconds
Domain Reload Profiling: 591ms
	BeginReloadAssembly (73ms)
		ExecutionOrderSort (0ms)
		DisableScriptedObjects (0ms)
		BackupInstance (0ms)
		ReleaseScriptingObjects (0ms)
		CreateAndSetChildDomain (1ms)
	RebuildCommonClasses (21ms)
	RebuildNativeTypeToScriptingClass (7ms)
	initialDomainReloadingComplete (31ms)
	LoadAllAssembliesAndSetupDomain (132ms)
		LoadAssemblies (72ms)
		RebuildTransferFunctionScriptingTraits (0ms)
		AnalyzeDomain (130ms)
			TypeCache.Refresh (128ms)
				TypeCache.ScanAssembly (116ms)
			ScanForSourceGeneratedMonoScriptInfo (0ms)
			ResolveRequiredComponents (1ms)
	FinalizeReload (327ms)
		ReleaseScriptCaches (0ms)
		RebuildScriptCaches (0ms)
		SetupLoadedEditorAssemblies (273ms)
			LogAssemblyErrors (0ms)
			InitializePlatformSupportModulesInManaged (11ms)
			SetLoadedEditorAssemblies (7ms)
			RefreshPlugins (0ms)
			BeforeProcessingInitializeOnLoad (3ms)
			ProcessInitializeOnLoadAttributes (189ms)
			ProcessInitializeOnLoadMethodAttributes (63ms)
			AfterProcessingInitializeOnLoad (0ms)
			EditorAssembliesLoaded (0ms)
		ExecutionOrderSort2 (0ms)
		AwakeInstancesAfterBackupRestoration (0ms)
========================================================================
Worker process is ready to serve import requests
Caller must complete domain reload
Begin MonoManager ReloadAssembly
- Loaded All Assemblies, in  0.770 seconds
Native extension for WindowsStandalone target not found
Native extension for WebGL target not found
Mono: successfully reloaded assembly
- Finished resetting the current domain, in  0.849 seconds
Domain Reload Profiling: 1619ms
	BeginReloadAssembly (131ms)
		ExecutionOrderSort (0ms)
		DisableScriptedObjects (6ms)
		BackupInstance (0ms)
		ReleaseScriptingObjects (0ms)
		CreateAndSetChildDomain (21ms)
	RebuildCommonClasses (26ms)
	RebuildNativeTypeToScriptingClass (12ms)
	initialDomainReloadingComplete (51ms)
	LoadAllAssembliesAndSetupDomain (549ms)
		LoadAssemblies (397ms)
		RebuildTransferFunctionScriptingTraits (0ms)
		AnalyzeDomain (213ms)
			TypeCache.Refresh (174ms)
				TypeCache.ScanAssembly (157ms)
			ScanForSourceGeneratedMonoScriptInfo (27ms)
			ResolveRequiredComponents (11ms)
	FinalizeReload (850ms)
		ReleaseScriptCaches (0ms)
		RebuildScriptCaches (0ms)
		SetupLoadedEditorAssemblies (666ms)
			LogAssemblyErrors (0ms)
			InitializePlatformSupportModulesInManaged (7ms)
			SetLoadedEditorAssemblies (5ms)
			RefreshPlugins (0ms)
			BeforeProcessingInitializeOnLoad (117ms)
			ProcessInitializeOnLoadAttributes (492ms)
			ProcessInitializeOnLoadMethodAttributes (41ms)
			AfterProcessingInitializeOnLoad (3ms)
			EditorAssembliesLoaded (0ms)
		ExecutionOrderSort2 (0ms)
		AwakeInstancesAfterBackupRestoration (13ms)
Launched and connected shader compiler UnityShaderCompiler.exe after 0.08 seconds
Refreshing native plugins compatible for Editor in 6.14 ms, found 12 plugins.
Preloading 0 native plugins for Editor in 0.00 ms.
Unloading 4527 Unused Serialized files (Serialized files now loaded: 0)
Unloading 40 unused Assets / (58.7 KB). Loaded Objects now: 5008.
Memory consumption went from 155.3 MB to 155.2 MB.
Total: 2.260800 ms (FindLiveObjects: 0.192100 ms CreateObjectMapping: 0.092500 ms MarkObjects: 1.854700 ms  DeleteObjects: 0.120200 ms)

AssetImportParameters requested are different than current active one (requested -> active):
  custom:container-demuxer-ogg: 62fdf1f143b41e24485cea50d1cbac27 -> 
  custom:video-decoder-ogg-theora: a1e56fd34408186e4bbccfd4996cb3dc -> 
  custom:framework-win-MediaFoundation: 216162199b28c13a410421893ffa2e32 -> 
  custom:CustomObjectIndexerAttribute: 9a22284fe3817be447336de3de66b15e -> 
  custom:container-demuxer-webm: 4f35f7cbe854078d1ac9338744f61a02 -> 
  custom:container-muxer-webm: aa71ff27fc2769a1b78a27578f13a17b -> 
  custom:video-decoder-webm-vp8: 9c59270c3fd7afecdb556c50c9e8de78 -> 
  custom:SearchIndexIgnoredProperties: e643bd26f0fe6173181afceb89e7c659 -> 
  custom:AudioImporter_EditorPlatform: d09bf68614088b80899f8185d706f6e7 -> 
  custom:video-encoder-webm-vp8: eb34c28f22e8b96e1ab97ce403110664 -> 
  custom:audio-decoder-ogg-vorbis: bf7c407c2cedff20999df2af8eb42d56 -> 
  custom:audio-encoder-webm-vorbis: bf7c407c2cedff20999df2af8eb42d56 -> 
========================================================================
Received Import Request.
  Time since last request: 1481672.956526 seconds.
  path: Assets/Sprites/皮肤/炮塔底座皮肤/火焰炮塔底座
  artifactKey: Guid(391310c98b72a1148b4959c35dd4d303) Importer(815301076,1909f56bfc062723c751e8b465ee728b)
Start importing Assets/Sprites/皮肤/炮塔底座皮肤/火焰炮塔底座 using Guid(391310c98b72a1148b4959c35dd4d303) Importer(815301076,1909f56bfc062723c751e8b465ee728b) [PhysX] Initialized MultithreadedTaskDispatcher with 16 workers.
 -> (artifact id: 'd142e89efead98fd6307f596c5c592fa') in 0.002736 seconds
Number of updated asset objects reloaded before import = 0
Number of asset objects unloaded after import = 0
========================================================================
Received Import Request.
  Time since last request: 0.944228 seconds.
  path: Assets/Sprites/皮肤/炮塔底座皮肤/火焰炮塔底座
  artifactKey: Guid(391310c98b72a1148b4959c35dd4d303) Importer(2089858483,0ecaa5967403d082aa24f35e1b516d23)
Start importing Assets/Sprites/皮肤/炮塔底座皮肤/火焰炮塔底座 using Guid(391310c98b72a1148b4959c35dd4d303) Importer(2089858483,0ecaa5967403d082aa24f35e1b516d23) [PhysX] Initialized MultithreadedTaskDispatcher with 16 workers.
 -> (artifact id: 'a66b3fe545fb3c3a8fe7d17eb786875a') in 0.057842 seconds
Number of updated asset objects reloaded before import = 0
Number of asset objects unloaded after import = 1
========================================================================
Received Import Request.
  Time since last request: 8.998975 seconds.
  path: Assets/Sprites/皮肤/炮塔底座皮肤/火焰炮塔底座/function_icon_volume_mute.png
  artifactKey: Guid(ec557906897703748bf17c37977d92a9) Importer(2089858483,0ecaa5967403d082aa24f35e1b516d23)
Start importing Assets/Sprites/皮肤/炮塔底座皮肤/火焰炮塔底座/function_icon_volume_mute.png using Guid(ec557906897703748bf17c37977d92a9) Importer(2089858483,0ecaa5967403d082aa24f35e1b516d23) [PhysX] Initialized MultithreadedTaskDispatcher with 16 workers.
 -> (artifact id: '334c74e07fe2b588974262645e2f38a0') in 0.135614 seconds
Number of updated asset objects reloaded before import = 0
Number of asset objects unloaded after import = 3
========================================================================
Received Import Request.
  Time since last request: 6.641841 seconds.
  path: Assets/Sprites/皮肤/炮塔底座皮肤/寒冰炮塔底座
  artifactKey: Guid(521ee879f33ec8a4889a00b8fa9ad477) Importer(815301076,1909f56bfc062723c751e8b465ee728b)
Start importing Assets/Sprites/皮肤/炮塔底座皮肤/寒冰炮塔底座 using Guid(521ee879f33ec8a4889a00b8fa9ad477) Importer(815301076,1909f56bfc062723c751e8b465ee728b) [PhysX] Initialized MultithreadedTaskDispatcher with 16 workers.
 -> (artifact id: '3aaa681266e30788294cefcc905c5aa2') in 0.000909 seconds
Number of updated asset objects reloaded before import = 0
Number of asset objects unloaded after import = 0
========================================================================
Received Import Request.
  Time since last request: 0.899707 seconds.
  path: Assets/Sprites/皮肤/炮塔底座皮肤/寒冰炮塔底座
  artifactKey: Guid(521ee879f33ec8a4889a00b8fa9ad477) Importer(2089858483,0ecaa5967403d082aa24f35e1b516d23)
Start importing Assets/Sprites/皮肤/炮塔底座皮肤/寒冰炮塔底座 using Guid(521ee879f33ec8a4889a00b8fa9ad477) Importer(2089858483,0ecaa5967403d082aa24f35e1b516d23) [PhysX] Initialized MultithreadedTaskDispatcher with 16 workers.
 -> (artifact id: 'f362a23470c7c4f904ddbcb9a32df691') in 0.005290 seconds
Number of updated asset objects reloaded before import = 0
Number of asset objects unloaded after import = 1
========================================================================
Received Import Request.
  Time since last request: 10.100684 seconds.
  path: Assets/Sprites/皮肤/炮塔底座皮肤/寒冰炮塔底座/function_icon_view_1.png
  artifactKey: Guid(b87cdcd2088bf554ba3730813591d2ff) Importer(815301076,1909f56bfc062723c751e8b465ee728b)
Start importing Assets/Sprites/皮肤/炮塔底座皮肤/寒冰炮塔底座/function_icon_view_1.png using Guid(b87cdcd2088bf554ba3730813591d2ff) Importer(815301076,1909f56bfc062723c751e8b465ee728b) [PhysX] Initialized MultithreadedTaskDispatcher with 16 workers.
[PhysX] Initialized MultithreadedTaskDispatcher with 16 workers.
 -> (artifact id: '47ab4ced2a0071ebe336810f8564bbac') in 0.100097 seconds
Number of updated asset objects reloaded before import = 0
Number of asset objects unloaded after import = 3
========================================================================
Received Import Request.
  Time since last request: 0.660664 seconds.
  path: Assets/Sprites/皮肤/炮塔底座皮肤/寒冰炮塔底座/function_icon_user_1.png
  artifactKey: Guid(a66a165cb9f3d7f4ab2bfb517f622d9d) Importer(2089858483,0ecaa5967403d082aa24f35e1b516d23)
Start importing Assets/Sprites/皮肤/炮塔底座皮肤/寒冰炮塔底座/function_icon_user_1.png using Guid(a66a165cb9f3d7f4ab2bfb517f622d9d) Importer(2089858483,0ecaa5967403d082aa24f35e1b516d23) [PhysX] Initialized MultithreadedTaskDispatcher with 16 workers.
 -> (artifact id: 'f6e6f0d7101627acaf901563c6396178') in 0.028163 seconds
Number of updated asset objects reloaded before import = 0
Number of asset objects unloaded after import = 3
========================================================================
Received Import Request.
  Time since last request: 0.000019 seconds.
  path: Assets/Sprites/皮肤/炮塔底座皮肤/寒冰炮塔底座/function_icon_user_3.png
  artifactKey: Guid(373285d209dbde84d916ef0d8956184e) Importer(2089858483,0ecaa5967403d082aa24f35e1b516d23)
Start importing Assets/Sprites/皮肤/炮塔底座皮肤/寒冰炮塔底座/function_icon_user_3.png using Guid(373285d209dbde84d916ef0d8956184e) Importer(2089858483,0ecaa5967403d082aa24f35e1b516d23) [PhysX] Initialized MultithreadedTaskDispatcher with 16 workers.
 -> (artifact id: 'f2b3af9cafdabebe85b388cd03103515') in 0.023723 seconds
Number of updated asset objects reloaded before import = 0
Number of asset objects unloaded after import = 3
========================================================================
Received Import Request.
  Time since last request: 0.000247 seconds.
  path: Assets/Sprites/皮肤/炮塔底座皮肤/寒冰炮塔底座/function_icon_video.png
  artifactKey: Guid(21124dc906a65ec4487aaf7d6e1605c3) Importer(2089858483,0ecaa5967403d082aa24f35e1b516d23)
Start importing Assets/Sprites/皮肤/炮塔底座皮肤/寒冰炮塔底座/function_icon_video.png using Guid(21124dc906a65ec4487aaf7d6e1605c3) Importer(2089858483,0ecaa5967403d082aa24f35e1b516d23) [PhysX] Initialized MultithreadedTaskDispatcher with 16 workers.
 -> (artifact id: '79b36a1e44a25f987c024daf71cc3b81') in 0.023569 seconds
Number of updated asset objects reloaded before import = 0
Number of asset objects unloaded after import = 3
========================================================================
Received Import Request.
  Time since last request: 7.023963 seconds.
  path: Assets/Sprites/皮肤/炮塔底座皮肤/电击炮塔底座
  artifactKey: Guid(6f1674ecf9f0dd54baea0caaebdb32cb) Importer(815301076,1909f56bfc062723c751e8b465ee728b)
Start importing Assets/Sprites/皮肤/炮塔底座皮肤/电击炮塔底座 using Guid(6f1674ecf9f0dd54baea0caaebdb32cb) Importer(815301076,1909f56bfc062723c751e8b465ee728b) [PhysX] Initialized MultithreadedTaskDispatcher with 16 workers.
 -> (artifact id: '6ac9d1336af8d54ed0e3711dee675588') in 0.000979 seconds
Number of updated asset objects reloaded before import = 0
Number of asset objects unloaded after import = 0
========================================================================
Received Import Request.
  Time since last request: 0.937147 seconds.
  path: Assets/Sprites/皮肤/炮塔底座皮肤/电击炮塔底座
  artifactKey: Guid(6f1674ecf9f0dd54baea0caaebdb32cb) Importer(2089858483,0ecaa5967403d082aa24f35e1b516d23)
Start importing Assets/Sprites/皮肤/炮塔底座皮肤/电击炮塔底座 using Guid(6f1674ecf9f0dd54baea0caaebdb32cb) Importer(2089858483,0ecaa5967403d082aa24f35e1b516d23) [PhysX] Initialized MultithreadedTaskDispatcher with 16 workers.
 -> (artifact id: '6ea0d8d52ec1582460879c824429efa6') in 0.004673 seconds
Number of updated asset objects reloaded before import = 0
Number of asset objects unloaded after import = 1
========================================================================
Received Import Request.
  Time since last request: 10.052018 seconds.
  path: Assets/Sprites/皮肤/炮塔底座皮肤/电击炮塔底座/function_icon_tool_3.png
  artifactKey: Guid(c07d5d57e9439974b8826438637ae91f) Importer(2089858483,0ecaa5967403d082aa24f35e1b516d23)
Start importing Assets/Sprites/皮肤/炮塔底座皮肤/电击炮塔底座/function_icon_tool_3.png using Guid(c07d5d57e9439974b8826438637ae91f) Importer(2089858483,0ecaa5967403d082aa24f35e1b516d23) [PhysX] Initialized MultithreadedTaskDispatcher with 16 workers.
 -> (artifact id: '28870a88f0f26579d316078f689b41a2') in 0.032523 seconds
Number of updated asset objects reloaded before import = 0
Number of asset objects unloaded after import = 3
========================================================================
Received Import Request.
  Time since last request: 0.000252 seconds.
  path: Assets/Sprites/皮肤/炮塔底座皮肤/电击炮塔底座/function_icon_tranfer_1.png
  artifactKey: Guid(2e73a13f096b2814293f7ea1e40797f6) Importer(2089858483,0ecaa5967403d082aa24f35e1b516d23)
Start importing Assets/Sprites/皮肤/炮塔底座皮肤/电击炮塔底座/function_icon_tranfer_1.png using Guid(2e73a13f096b2814293f7ea1e40797f6) Importer(2089858483,0ecaa5967403d082aa24f35e1b516d23) [PhysX] Initialized MultithreadedTaskDispatcher with 16 workers.
 -> (artifact id: '794646841ce8f08b8121b7796c60fd5f') in 0.021397 seconds
Number of updated asset objects reloaded before import = 0
Number of asset objects unloaded after import = 3
========================================================================
Received Import Request.
  Time since last request: 24.882515 seconds.
  path: Assets/Scripts/皮肤/塔座皮肤/基础炮塔底座皮肤.asset
  artifactKey: Guid(ac8a93fe1a1108a4fb7e8cdecb14faa6) Importer(2089858483,0ecaa5967403d082aa24f35e1b516d23)
Start importing Assets/Scripts/皮肤/塔座皮肤/基础炮塔底座皮肤.asset using Guid(ac8a93fe1a1108a4fb7e8cdecb14faa6) Importer(2089858483,0ecaa5967403d082aa24f35e1b516d23) [PhysX] Initialized MultithreadedTaskDispatcher with 16 workers.
 -> (artifact id: '1cf82a3a0199379a5d2eacd7ea7133a0') in 0.010642 seconds
Number of updated asset objects reloaded before import = 0
Number of asset objects unloaded after import = 1
========================================================================
Received Import Request.
  Time since last request: 3.238109 seconds.
  path: Assets/Scripts/炮塔底座/炮塔底座/基础炮塔底座.asset
  artifactKey: Guid(889e97e8a2b28ac46aef2f687bb85273) Importer(815301076,1909f56bfc062723c751e8b465ee728b)
Start importing Assets/Scripts/炮塔底座/炮塔底座/基础炮塔底座.asset using Guid(889e97e8a2b28ac46aef2f687bb85273) Importer(815301076,1909f56bfc062723c751e8b465ee728b) [PhysX] Initialized MultithreadedTaskDispatcher with 16 workers.
 -> (artifact id: '206e776259c9c800d45ccfca068fd7d0') in 0.001512 seconds
Number of updated asset objects reloaded before import = 0
Number of asset objects unloaded after import = 2
========================================================================
Received Import Request.
  Time since last request: 70.158940 seconds.
  path: Assets/Scripts/皮肤/塔座皮肤/基础炮塔底座皮肤.asset
  artifactKey: Guid(ac8a93fe1a1108a4fb7e8cdecb14faa6) Importer(815301076,1909f56bfc062723c751e8b465ee728b)
Start importing Assets/Scripts/皮肤/塔座皮肤/基础炮塔底座皮肤.asset using Guid(ac8a93fe1a1108a4fb7e8cdecb14faa6) Importer(815301076,1909f56bfc062723c751e8b465ee728b) [PhysX] Initialized MultithreadedTaskDispatcher with 16 workers.
 -> (artifact id: '523cb137c80b19b6dcf4954e4bf79c18') in 0.001099 seconds
Number of updated asset objects reloaded before import = 0
Number of asset objects unloaded after import = 1
========================================================================
Received Import Request.
  Time since last request: 0.970310 seconds.
  path: Assets/Scripts/皮肤/塔座皮肤/基础炮塔底座皮肤.asset
  artifactKey: Guid(ac8a93fe1a1108a4fb7e8cdecb14faa6) Importer(2089858483,0ecaa5967403d082aa24f35e1b516d23)
Start importing Assets/Scripts/皮肤/塔座皮肤/基础炮塔底座皮肤.asset using Guid(ac8a93fe1a1108a4fb7e8cdecb14faa6) Importer(2089858483,0ecaa5967403d082aa24f35e1b516d23) [PhysX] Initialized MultithreadedTaskDispatcher with 16 workers.
 -> (artifact id: 'f00b13f167dd7471dbb3eede46135eab') in 0.007374 seconds
Number of updated asset objects reloaded before import = 0
Number of asset objects unloaded after import = 1
========================================================================
Received Import Request.
  Time since last request: 22.371738 seconds.
  path: Assets/Scripts/皮肤/塔座皮肤/基础炮塔底座皮肤.asset
  artifactKey: Guid(ac8a93fe1a1108a4fb7e8cdecb14faa6) Importer(815301076,1909f56bfc062723c751e8b465ee728b)
Start importing Assets/Scripts/皮肤/塔座皮肤/基础炮塔底座皮肤.asset using Guid(ac8a93fe1a1108a4fb7e8cdecb14faa6) Importer(815301076,1909f56bfc062723c751e8b465ee728b) [PhysX] Initialized MultithreadedTaskDispatcher with 16 workers.
 -> (artifact id: 'ddeb4a0d082a6548ff9e8dd796557354') in 0.002509 seconds
Number of updated asset objects reloaded before import = 0
Number of asset objects unloaded after import = 6
========================================================================
Received Import Request.
  Time since last request: 0.952800 seconds.
  path: Assets/Scripts/皮肤/塔座皮肤/基础炮塔底座皮肤.asset
  artifactKey: Guid(ac8a93fe1a1108a4fb7e8cdecb14faa6) Importer(2089858483,0ecaa5967403d082aa24f35e1b516d23)
Start importing Assets/Scripts/皮肤/塔座皮肤/基础炮塔底座皮肤.asset using Guid(ac8a93fe1a1108a4fb7e8cdecb14faa6) Importer(2089858483,0ecaa5967403d082aa24f35e1b516d23) [PhysX] Initialized MultithreadedTaskDispatcher with 16 workers.
 -> (artifact id: 'c71df4c1ce6971d7149bb4668bd23e5f') in 0.007143 seconds
Number of updated asset objects reloaded before import = 0
Number of asset objects unloaded after import = 6
========================================================================
Received Import Request.
  Time since last request: 5.718416 seconds.
  path: Assets/Scripts/皮肤/塔座皮肤/基础炮塔底座皮肤 1.asset
  artifactKey: Guid(81a668a022f56ad4bb57d4b2ed9040ea) Importer(815301076,1909f56bfc062723c751e8b465ee728b)
Start importing Assets/Scripts/皮肤/塔座皮肤/基础炮塔底座皮肤 1.asset using Guid(81a668a022f56ad4bb57d4b2ed9040ea) Importer(815301076,1909f56bfc062723c751e8b465ee728b) [PhysX] Initialized MultithreadedTaskDispatcher with 16 workers.
 -> (artifact id: '9b9a9c638647de03ea81ca5f75312f8c') in 0.002478 seconds
Number of updated asset objects reloaded before import = 0
Number of asset objects unloaded after import = 6
========================================================================
Received Import Request.
  Time since last request: 0.190636 seconds.
  path: Assets/Scripts/皮肤/塔座皮肤/基础炮塔底座皮肤 2.asset
  artifactKey: Guid(0ef2a47a6e7c06b40911497dd77168f8) Importer(815301076,1909f56bfc062723c751e8b465ee728b)
Start importing Assets/Scripts/皮肤/塔座皮肤/基础炮塔底座皮肤 2.asset using Guid(0ef2a47a6e7c06b40911497dd77168f8) Importer(815301076,1909f56bfc062723c751e8b465ee728b) [PhysX] Initialized MultithreadedTaskDispatcher with 16 workers.
 -> (artifact id: '7330874cd88adeebb23e5b2bb20ba4e6') in 0.002455 seconds
Number of updated asset objects reloaded before import = 0
Number of asset objects unloaded after import = 6
========================================================================
Received Import Request.
  Time since last request: 0.239704 seconds.
  path: Assets/Scripts/皮肤/塔座皮肤/基础炮塔底座皮肤 3.asset
  artifactKey: Guid(a0be9570f4095f64a9e913b01238d647) Importer(815301076,1909f56bfc062723c751e8b465ee728b)
Start importing Assets/Scripts/皮肤/塔座皮肤/基础炮塔底座皮肤 3.asset using Guid(a0be9570f4095f64a9e913b01238d647) Importer(815301076,1909f56bfc062723c751e8b465ee728b) [PhysX] Initialized MultithreadedTaskDispatcher with 16 workers.
 -> (artifact id: '76cac30e356a53e59b5aa3220b2bff09') in 0.002343 seconds
Number of updated asset objects reloaded before import = 0
Number of asset objects unloaded after import = 6
========================================================================
Received Import Request.
  Time since last request: 0.377950 seconds.
  path: Assets/Scripts/皮肤/塔座皮肤/基础炮塔底座皮肤 4.asset
  artifactKey: Guid(52adfadca82e90445a72c7d8cec8de7d) Importer(815301076,1909f56bfc062723c751e8b465ee728b)
Start importing Assets/Scripts/皮肤/塔座皮肤/基础炮塔底座皮肤 4.asset using Guid(52adfadca82e90445a72c7d8cec8de7d) Importer(815301076,1909f56bfc062723c751e8b465ee728b) [PhysX] Initialized MultithreadedTaskDispatcher with 16 workers.
 -> (artifact id: '87a3099340773a490d7b3ae3234fff43') in 0.002376 seconds
Number of updated asset objects reloaded before import = 0
Number of asset objects unloaded after import = 6
========================================================================
Received Import Request.
  Time since last request: 0.947659 seconds.
  path: Assets/Scripts/皮肤/塔座皮肤/基础炮塔底座皮肤 1.asset
  artifactKey: Guid(81a668a022f56ad4bb57d4b2ed9040ea) Importer(2089858483,0ecaa5967403d082aa24f35e1b516d23)
Start importing Assets/Scripts/皮肤/塔座皮肤/基础炮塔底座皮肤 1.asset using Guid(81a668a022f56ad4bb57d4b2ed9040ea) Importer(2089858483,0ecaa5967403d082aa24f35e1b516d23) [PhysX] Initialized MultithreadedTaskDispatcher with 16 workers.
 -> (artifact id: 'eb2ce3a77b68f54199076c63d7a63615') in 0.010424 seconds
Number of updated asset objects reloaded before import = 0
Number of asset objects unloaded after import = 6
========================================================================
Received Import Request.
  Time since last request: 0.000017 seconds.
  path: Assets/Scripts/皮肤/塔座皮肤/基础炮塔底座皮肤 4.asset
  artifactKey: Guid(52adfadca82e90445a72c7d8cec8de7d) Importer(2089858483,0ecaa5967403d082aa24f35e1b516d23)
Start importing Assets/Scripts/皮肤/塔座皮肤/基础炮塔底座皮肤 4.asset using Guid(52adfadca82e90445a72c7d8cec8de7d) Importer(2089858483,0ecaa5967403d082aa24f35e1b516d23) [PhysX] Initialized MultithreadedTaskDispatcher with 16 workers.
 -> (artifact id: '66e3c747081743e18a5c93466cfd2583') in 0.008029 seconds
Number of updated asset objects reloaded before import = 0
Number of asset objects unloaded after import = 6
========================================================================
Received Import Request.
  Time since last request: 7.998866 seconds.
  path: Assets/Scripts/皮肤/塔座皮肤/寒冰炮塔底座皮肤.asset
  artifactKey: Guid(81a668a022f56ad4bb57d4b2ed9040ea) Importer(815301076,1909f56bfc062723c751e8b465ee728b)
Start importing Assets/Scripts/皮肤/塔座皮肤/寒冰炮塔底座皮肤.asset using Guid(81a668a022f56ad4bb57d4b2ed9040ea) Importer(815301076,1909f56bfc062723c751e8b465ee728b) [PhysX] Initialized MultithreadedTaskDispatcher with 16 workers.
 -> (artifact id: '8632acd85f7a16eca519bcf04391ba80') in 0.002732 seconds
Number of updated asset objects reloaded before import = 0
Number of asset objects unloaded after import = 6
========================================================================
Received Import Request.
  Time since last request: 0.944128 seconds.
  path: Assets/Scripts/皮肤/塔座皮肤/寒冰炮塔底座皮肤.asset
  artifactKey: Guid(81a668a022f56ad4bb57d4b2ed9040ea) Importer(2089858483,0ecaa5967403d082aa24f35e1b516d23)
Start importing Assets/Scripts/皮肤/塔座皮肤/寒冰炮塔底座皮肤.asset using Guid(81a668a022f56ad4bb57d4b2ed9040ea) Importer(2089858483,0ecaa5967403d082aa24f35e1b516d23) [PhysX] Initialized MultithreadedTaskDispatcher with 16 workers.
 -> (artifact id: '2625d886cec35a2066a44b6c690ded8f') in 0.007452 seconds
Number of updated asset objects reloaded before import = 0
Number of asset objects unloaded after import = 6
========================================================================
Received Import Request.
  Time since last request: 2.891204 seconds.
  path: Assets/Scripts/皮肤/塔座皮肤/火焰炮塔底座皮肤 2.asset
  artifactKey: Guid(0ef2a47a6e7c06b40911497dd77168f8) Importer(815301076,1909f56bfc062723c751e8b465ee728b)
Start importing Assets/Scripts/皮肤/塔座皮肤/火焰炮塔底座皮肤 2.asset using Guid(0ef2a47a6e7c06b40911497dd77168f8) Importer(815301076,1909f56bfc062723c751e8b465ee728b) [PhysX] Initialized MultithreadedTaskDispatcher with 16 workers.
 -> (artifact id: '5a67616a62f66342911163f879e73629') in 0.002720 seconds
Number of updated asset objects reloaded before import = 0
Number of asset objects unloaded after import = 6
========================================================================
Received Import Request.
  Time since last request: 0.959230 seconds.
  path: Assets/Scripts/皮肤/塔座皮肤/火焰炮塔底座皮肤 2.asset
  artifactKey: Guid(0ef2a47a6e7c06b40911497dd77168f8) Importer(2089858483,0ecaa5967403d082aa24f35e1b516d23)
Start importing Assets/Scripts/皮肤/塔座皮肤/火焰炮塔底座皮肤 2.asset using Guid(0ef2a47a6e7c06b40911497dd77168f8) Importer(2089858483,0ecaa5967403d082aa24f35e1b516d23) [PhysX] Initialized MultithreadedTaskDispatcher with 16 workers.
 -> (artifact id: 'ceacf5b3ba9293c913d8a68cab072ca9') in 0.008181 seconds
Number of updated asset objects reloaded before import = 0
Number of asset objects unloaded after import = 6
========================================================================
Received Import Request.
  Time since last request: 3.863936 seconds.
  path: Assets/Scripts/皮肤/塔座皮肤/电击炮塔底座皮肤 3.asset
  artifactKey: Guid(a0be9570f4095f64a9e913b01238d647) Importer(815301076,1909f56bfc062723c751e8b465ee728b)
Start importing Assets/Scripts/皮肤/塔座皮肤/电击炮塔底座皮肤 3.asset using Guid(a0be9570f4095f64a9e913b01238d647) Importer(815301076,1909f56bfc062723c751e8b465ee728b) [PhysX] Initialized MultithreadedTaskDispatcher with 16 workers.
 -> (artifact id: '1e073e2754add869be3e1748ccb8ccc9') in 0.002652 seconds
Number of updated asset objects reloaded before import = 0
Number of asset objects unloaded after import = 6
========================================================================
Received Import Request.
  Time since last request: 0.926806 seconds.
  path: Assets/Scripts/皮肤/塔座皮肤/电击炮塔底座皮肤 3.asset
  artifactKey: Guid(a0be9570f4095f64a9e913b01238d647) Importer(2089858483,0ecaa5967403d082aa24f35e1b516d23)
Start importing Assets/Scripts/皮肤/塔座皮肤/电击炮塔底座皮肤 3.asset using Guid(a0be9570f4095f64a9e913b01238d647) Importer(2089858483,0ecaa5967403d082aa24f35e1b516d23) [PhysX] Initialized MultithreadedTaskDispatcher with 16 workers.
 -> (artifact id: '04b992cb4069b4d4a56e94cab46b4259') in 0.009948 seconds
Number of updated asset objects reloaded before import = 0
Number of asset objects unloaded after import = 6
========================================================================
Received Import Request.
  Time since last request: 5.897613 seconds.
  path: Assets/Scripts/皮肤/塔座皮肤/火焰炮塔底座皮肤.asset
  artifactKey: Guid(0ef2a47a6e7c06b40911497dd77168f8) Importer(815301076,1909f56bfc062723c751e8b465ee728b)
Start importing Assets/Scripts/皮肤/塔座皮肤/火焰炮塔底座皮肤.asset using Guid(0ef2a47a6e7c06b40911497dd77168f8) Importer(815301076,1909f56bfc062723c751e8b465ee728b) [PhysX] Initialized MultithreadedTaskDispatcher with 16 workers.
 -> (artifact id: '0a21cba23f352887b52d18297e2a9072') in 0.002569 seconds
Number of updated asset objects reloaded before import = 0
Number of asset objects unloaded after import = 6
========================================================================
Received Import Request.
  Time since last request: 0.967572 seconds.
  path: Assets/Scripts/皮肤/塔座皮肤/火焰炮塔底座皮肤.asset
  artifactKey: Guid(0ef2a47a6e7c06b40911497dd77168f8) Importer(2089858483,0ecaa5967403d082aa24f35e1b516d23)
Start importing Assets/Scripts/皮肤/塔座皮肤/火焰炮塔底座皮肤.asset using Guid(0ef2a47a6e7c06b40911497dd77168f8) Importer(2089858483,0ecaa5967403d082aa24f35e1b516d23) [PhysX] Initialized MultithreadedTaskDispatcher with 16 workers.
 -> (artifact id: 'df24ccdf4cb220a8e03e541871ccfd83') in 0.007455 seconds
Number of updated asset objects reloaded before import = 0
Number of asset objects unloaded after import = 6
========================================================================
Received Import Request.
  Time since last request: 1.728039 seconds.
  path: Assets/Scripts/皮肤/塔座皮肤/电击炮塔底座皮肤.asset
  artifactKey: Guid(a0be9570f4095f64a9e913b01238d647) Importer(815301076,1909f56bfc062723c751e8b465ee728b)
Start importing Assets/Scripts/皮肤/塔座皮肤/电击炮塔底座皮肤.asset using Guid(a0be9570f4095f64a9e913b01238d647) Importer(815301076,1909f56bfc062723c751e8b465ee728b) [PhysX] Initialized MultithreadedTaskDispatcher with 16 workers.
 -> (artifact id: '6340ea1ad4e97a689859e12264862e5f') in 0.002501 seconds
Number of updated asset objects reloaded before import = 0
Number of asset objects unloaded after import = 6
========================================================================
Received Import Request.
  Time since last request: 0.962423 seconds.
  path: Assets/Scripts/皮肤/塔座皮肤/电击炮塔底座皮肤.asset
  artifactKey: Guid(a0be9570f4095f64a9e913b01238d647) Importer(2089858483,0ecaa5967403d082aa24f35e1b516d23)
Start importing Assets/Scripts/皮肤/塔座皮肤/电击炮塔底座皮肤.asset using Guid(a0be9570f4095f64a9e913b01238d647) Importer(2089858483,0ecaa5967403d082aa24f35e1b516d23) [PhysX] Initialized MultithreadedTaskDispatcher with 16 workers.
 -> (artifact id: 'adffdf9596839965317f29720e9e8284') in 0.007363 seconds
Number of updated asset objects reloaded before import = 0
Number of asset objects unloaded after import = 6
========================================================================
Received Import Request.
  Time since last request: 40.171596 seconds.
  path: Assets/Scripts/皮肤/塔座皮肤/寒冰炮塔底座皮肤.asset
  artifactKey: Guid(81a668a022f56ad4bb57d4b2ed9040ea) Importer(815301076,1909f56bfc062723c751e8b465ee728b)
Start importing Assets/Scripts/皮肤/塔座皮肤/寒冰炮塔底座皮肤.asset using Guid(81a668a022f56ad4bb57d4b2ed9040ea) Importer(815301076,1909f56bfc062723c751e8b465ee728b) [PhysX] Initialized MultithreadedTaskDispatcher with 16 workers.
 -> (artifact id: '739463ab85ef7a708901ac339fefcd57') in 0.003633 seconds
Number of updated asset objects reloaded before import = 0
Number of asset objects unloaded after import = 10
========================================================================
Received Import Request.
  Time since last request: 0.958348 seconds.
  path: Assets/Scripts/皮肤/塔座皮肤/寒冰炮塔底座皮肤.asset
  artifactKey: Guid(81a668a022f56ad4bb57d4b2ed9040ea) Importer(2089858483,0ecaa5967403d082aa24f35e1b516d23)
Start importing Assets/Scripts/皮肤/塔座皮肤/寒冰炮塔底座皮肤.asset using Guid(81a668a022f56ad4bb57d4b2ed9040ea) Importer(2089858483,0ecaa5967403d082aa24f35e1b516d23) [PhysX] Initialized MultithreadedTaskDispatcher with 16 workers.
 -> (artifact id: 'e8fff4f417d9012ae9d1d6076965c1e0') in 0.007587 seconds
Number of updated asset objects reloaded before import = 0
Number of asset objects unloaded after import = 10
========================================================================
Received Import Request.
  Time since last request: 22.339903 seconds.
  path: Assets/Scripts/皮肤/塔座皮肤/火焰炮塔底座皮肤.asset
  artifactKey: Guid(0ef2a47a6e7c06b40911497dd77168f8) Importer(815301076,1909f56bfc062723c751e8b465ee728b)
Start importing Assets/Scripts/皮肤/塔座皮肤/火焰炮塔底座皮肤.asset using Guid(0ef2a47a6e7c06b40911497dd77168f8) Importer(815301076,1909f56bfc062723c751e8b465ee728b) [PhysX] Initialized MultithreadedTaskDispatcher with 16 workers.
 -> (artifact id: '70e7233f210a5eaa552a2076704f6a9d') in 0.003278 seconds
Number of updated asset objects reloaded before import = 0
Number of asset objects unloaded after import = 8
========================================================================
Received Import Request.
  Time since last request: 0.943300 seconds.
  path: Assets/Scripts/皮肤/塔座皮肤/火焰炮塔底座皮肤.asset
  artifactKey: Guid(0ef2a47a6e7c06b40911497dd77168f8) Importer(2089858483,0ecaa5967403d082aa24f35e1b516d23)
Start importing Assets/Scripts/皮肤/塔座皮肤/火焰炮塔底座皮肤.asset using Guid(0ef2a47a6e7c06b40911497dd77168f8) Importer(2089858483,0ecaa5967403d082aa24f35e1b516d23) [PhysX] Initialized MultithreadedTaskDispatcher with 16 workers.
 -> (artifact id: 'e8d38455ba99be600cf0e2b96d5625ab') in 0.007260 seconds
Number of updated asset objects reloaded before import = 0
Number of asset objects unloaded after import = 8
========================================================================
Received Import Request.
  Time since last request: 27.447132 seconds.
  path: Assets/Scripts/皮肤/塔座皮肤/电击炮塔底座皮肤.asset
  artifactKey: Guid(a0be9570f4095f64a9e913b01238d647) Importer(815301076,1909f56bfc062723c751e8b465ee728b)
Start importing Assets/Scripts/皮肤/塔座皮肤/电击炮塔底座皮肤.asset using Guid(a0be9570f4095f64a9e913b01238d647) Importer(815301076,1909f56bfc062723c751e8b465ee728b) [PhysX] Initialized MultithreadedTaskDispatcher with 16 workers.
 -> (artifact id: '0b5c8c798dcf1a2acf9dbd8e0298e7c8') in 0.003832 seconds
Number of updated asset objects reloaded before import = 0
Number of asset objects unloaded after import = 11
========================================================================
Received Import Request.
  Time since last request: 0.950004 seconds.
  path: Assets/Scripts/皮肤/塔座皮肤/电击炮塔底座皮肤.asset
  artifactKey: Guid(a0be9570f4095f64a9e913b01238d647) Importer(2089858483,0ecaa5967403d082aa24f35e1b516d23)
Start importing Assets/Scripts/皮肤/塔座皮肤/电击炮塔底座皮肤.asset using Guid(a0be9570f4095f64a9e913b01238d647) Importer(2089858483,0ecaa5967403d082aa24f35e1b516d23) [PhysX] Initialized MultithreadedTaskDispatcher with 16 workers.
 -> (artifact id: 'd6498725ceea09bf79b6e1b819d5ba4d') in 0.009622 seconds
Number of updated asset objects reloaded before import = 0
Number of asset objects unloaded after import = 11
========================================================================
Received Import Request.
  Time since last request: 21.042670 seconds.
  path: Assets/Scripts/皮肤/塔座皮肤/寒冰炮塔底座皮肤.asset
  artifactKey: Guid(81a668a022f56ad4bb57d4b2ed9040ea) Importer(815301076,1909f56bfc062723c751e8b465ee728b)
Start importing Assets/Scripts/皮肤/塔座皮肤/寒冰炮塔底座皮肤.asset using Guid(81a668a022f56ad4bb57d4b2ed9040ea) Importer(815301076,1909f56bfc062723c751e8b465ee728b) [PhysX] Initialized MultithreadedTaskDispatcher with 16 workers.
 -> (artifact id: '8eba510f2ad21a0d75b5d9897930d0a8') in 0.003590 seconds
Number of updated asset objects reloaded before import = 0
Number of asset objects unloaded after import = 10
========================================================================
Received Import Request.
  Time since last request: 0.971770 seconds.
  path: Assets/Scripts/皮肤/塔座皮肤/寒冰炮塔底座皮肤.asset
  artifactKey: Guid(81a668a022f56ad4bb57d4b2ed9040ea) Importer(2089858483,0ecaa5967403d082aa24f35e1b516d23)
Start importing Assets/Scripts/皮肤/塔座皮肤/寒冰炮塔底座皮肤.asset using Guid(81a668a022f56ad4bb57d4b2ed9040ea) Importer(2089858483,0ecaa5967403d082aa24f35e1b516d23) [PhysX] Initialized MultithreadedTaskDispatcher with 16 workers.
 -> (artifact id: 'd786d13df215bc6e0683a458ad2a303e') in 0.009331 seconds
Number of updated asset objects reloaded before import = 0
Number of asset objects unloaded after import = 10
========================================================================
Received Import Request.
  Time since last request: 6.106603 seconds.
  path: Assets/Scripts/皮肤/塔座皮肤/火焰炮塔底座皮肤.asset
  artifactKey: Guid(0ef2a47a6e7c06b40911497dd77168f8) Importer(815301076,1909f56bfc062723c751e8b465ee728b)
Start importing Assets/Scripts/皮肤/塔座皮肤/火焰炮塔底座皮肤.asset using Guid(0ef2a47a6e7c06b40911497dd77168f8) Importer(815301076,1909f56bfc062723c751e8b465ee728b) [PhysX] Initialized MultithreadedTaskDispatcher with 16 workers.
 -> (artifact id: '33e7117b73eac3ca9d9b78b635845371') in 0.005311 seconds
Number of updated asset objects reloaded before import = 0
Number of asset objects unloaded after import = 8
========================================================================
Received Import Request.
  Time since last request: 0.947313 seconds.
  path: Assets/Scripts/皮肤/塔座皮肤/火焰炮塔底座皮肤.asset
  artifactKey: Guid(0ef2a47a6e7c06b40911497dd77168f8) Importer(2089858483,0ecaa5967403d082aa24f35e1b516d23)
Start importing Assets/Scripts/皮肤/塔座皮肤/火焰炮塔底座皮肤.asset using Guid(0ef2a47a6e7c06b40911497dd77168f8) Importer(2089858483,0ecaa5967403d082aa24f35e1b516d23) [PhysX] Initialized MultithreadedTaskDispatcher with 16 workers.
 -> (artifact id: 'eea976e045e8d0bb25a59a4e9d18fdc8') in 0.007153 seconds
Number of updated asset objects reloaded before import = 0
Number of asset objects unloaded after import = 8
========================================================================
Received Import Request.
  Time since last request: 36.711269 seconds.
  path: Assets/Scripts/炮塔底座/炮塔底座/基础炮塔底座 1.asset
  artifactKey: Guid(a20d45ff2b79e9b429e173ba98db1799) Importer(815301076,1909f56bfc062723c751e8b465ee728b)
Start importing Assets/Scripts/炮塔底座/炮塔底座/基础炮塔底座 1.asset using Guid(a20d45ff2b79e9b429e173ba98db1799) Importer(815301076,1909f56bfc062723c751e8b465ee728b) [PhysX] Initialized MultithreadedTaskDispatcher with 16 workers.
 -> (artifact id: '2078cc6e52bb0e866fbdde527d82c18e') in 0.003014 seconds
Number of updated asset objects reloaded before import = 0
Number of asset objects unloaded after import = 7
========================================================================
Received Import Request.
  Time since last request: 0.490456 seconds.
  path: Assets/Scripts/炮塔底座/炮塔底座/基础炮塔底座 2.asset
  artifactKey: Guid(90d66e26d3171754cae5f8ddd863e3f6) Importer(815301076,1909f56bfc062723c751e8b465ee728b)
Start importing Assets/Scripts/炮塔底座/炮塔底座/基础炮塔底座 2.asset using Guid(90d66e26d3171754cae5f8ddd863e3f6) Importer(815301076,1909f56bfc062723c751e8b465ee728b) [PhysX] Initialized MultithreadedTaskDispatcher with 16 workers.
 -> (artifact id: 'cf04f660562a5866d920f7e3b2cb709f') in 0.002567 seconds
Number of updated asset objects reloaded before import = 0
Number of asset objects unloaded after import = 7
========================================================================
Received Import Request.
  Time since last request: 0.555972 seconds.
  path: Assets/Scripts/炮塔底座/炮塔底座/基础炮塔底座 3.asset
  artifactKey: Guid(993227482ffa45d4d902bfc8cf3bf266) Importer(815301076,1909f56bfc062723c751e8b465ee728b)
Start importing Assets/Scripts/炮塔底座/炮塔底座/基础炮塔底座 3.asset using Guid(993227482ffa45d4d902bfc8cf3bf266) Importer(815301076,1909f56bfc062723c751e8b465ee728b) [PhysX] Initialized MultithreadedTaskDispatcher with 16 workers.
 -> (artifact id: '9142c04794ff4414696cac1de3a540ac') in 0.002593 seconds
Number of updated asset objects reloaded before import = 0
Number of asset objects unloaded after import = 7
========================================================================
Received Import Request.
  Time since last request: 0.957715 seconds.
  path: Assets/Scripts/炮塔底座/炮塔底座/基础炮塔底座 1.asset
  artifactKey: Guid(a20d45ff2b79e9b429e173ba98db1799) Importer(2089858483,0ecaa5967403d082aa24f35e1b516d23)
Start importing Assets/Scripts/炮塔底座/炮塔底座/基础炮塔底座 1.asset using Guid(a20d45ff2b79e9b429e173ba98db1799) Importer(2089858483,0ecaa5967403d082aa24f35e1b516d23) [PhysX] Initialized MultithreadedTaskDispatcher with 16 workers.
 -> (artifact id: 'e7d7ffe7c7befd0797017e52348fb152') in 0.025591 seconds
Number of updated asset objects reloaded before import = 0
Number of asset objects unloaded after import = 7
========================================================================
Received Import Request.
  Time since last request: 4.159020 seconds.
  path: Assets/Scripts/炮塔底座/炮塔底座/火焰炮塔底座.asset
  artifactKey: Guid(a20d45ff2b79e9b429e173ba98db1799) Importer(815301076,1909f56bfc062723c751e8b465ee728b)
Start importing Assets/Scripts/炮塔底座/炮塔底座/火焰炮塔底座.asset using Guid(a20d45ff2b79e9b429e173ba98db1799) Importer(815301076,1909f56bfc062723c751e8b465ee728b) [PhysX] Initialized MultithreadedTaskDispatcher with 16 workers.
 -> (artifact id: 'f33fcdc46184c1fe78ef52355b66fc22') in 0.002605 seconds
Number of updated asset objects reloaded before import = 0
Number of asset objects unloaded after import = 7
========================================================================
Received Import Request.
  Time since last request: 0.963375 seconds.
  path: Assets/Scripts/炮塔底座/炮塔底座/火焰炮塔底座.asset
  artifactKey: Guid(a20d45ff2b79e9b429e173ba98db1799) Importer(2089858483,0ecaa5967403d082aa24f35e1b516d23)
Start importing Assets/Scripts/炮塔底座/炮塔底座/火焰炮塔底座.asset using Guid(a20d45ff2b79e9b429e173ba98db1799) Importer(2089858483,0ecaa5967403d082aa24f35e1b516d23) [PhysX] Initialized MultithreadedTaskDispatcher with 16 workers.
 -> (artifact id: '6977cebd7a133cf802695cbb617eea06') in 0.009003 seconds
Number of updated asset objects reloaded before import = 0
Number of asset objects unloaded after import = 7
========================================================================
Received Import Request.
  Time since last request: 5.687853 seconds.
  path: Assets/Scripts/炮塔底座/炮塔底座/寒冰炮塔底座.asset
  artifactKey: Guid(90d66e26d3171754cae5f8ddd863e3f6) Importer(815301076,1909f56bfc062723c751e8b465ee728b)
Start importing Assets/Scripts/炮塔底座/炮塔底座/寒冰炮塔底座.asset using Guid(90d66e26d3171754cae5f8ddd863e3f6) Importer(815301076,1909f56bfc062723c751e8b465ee728b) [PhysX] Initialized MultithreadedTaskDispatcher with 16 workers.
 -> (artifact id: '1cc63e8088278c38535f476eacb9c9c0') in 0.003030 seconds
Number of updated asset objects reloaded before import = 0
Number of asset objects unloaded after import = 7
========================================================================
Received Import Request.
  Time since last request: 0.968119 seconds.
  path: Assets/Scripts/炮塔底座/炮塔底座/寒冰炮塔底座.asset
  artifactKey: Guid(90d66e26d3171754cae5f8ddd863e3f6) Importer(2089858483,0ecaa5967403d082aa24f35e1b516d23)
Start importing Assets/Scripts/炮塔底座/炮塔底座/寒冰炮塔底座.asset using Guid(90d66e26d3171754cae5f8ddd863e3f6) Importer(2089858483,0ecaa5967403d082aa24f35e1b516d23) [PhysX] Initialized MultithreadedTaskDispatcher with 16 workers.
 -> (artifact id: '8e82f2857d5325ead1495fdfbab0d3ad') in 0.008027 seconds
Number of updated asset objects reloaded before import = 0
Number of asset objects unloaded after import = 7
========================================================================
Received Import Request.
  Time since last request: 2.934730 seconds.
  path: Assets/Scripts/炮塔底座/炮塔底座/电击炮塔底座 3.asset
  artifactKey: Guid(993227482ffa45d4d902bfc8cf3bf266) Importer(815301076,1909f56bfc062723c751e8b465ee728b)
Start importing Assets/Scripts/炮塔底座/炮塔底座/电击炮塔底座 3.asset using Guid(993227482ffa45d4d902bfc8cf3bf266) Importer(815301076,1909f56bfc062723c751e8b465ee728b) [PhysX] Initialized MultithreadedTaskDispatcher with 16 workers.
 -> (artifact id: 'a3ec18bf215b9a816df40e242f6af88a') in 0.002679 seconds
Number of updated asset objects reloaded before import = 0
Number of asset objects unloaded after import = 7
========================================================================
Received Import Request.
  Time since last request: 0.783232 seconds.
  path: Assets/Scripts/炮塔底座/炮塔底座/电击炮塔底座 3.asset
  artifactKey: Guid(993227482ffa45d4d902bfc8cf3bf266) Importer(2089858483,0ecaa5967403d082aa24f35e1b516d23)
Start importing Assets/Scripts/炮塔底座/炮塔底座/电击炮塔底座 3.asset using Guid(993227482ffa45d4d902bfc8cf3bf266) Importer(2089858483,0ecaa5967403d082aa24f35e1b516d23) [PhysX] Initialized MultithreadedTaskDispatcher with 16 workers.
 -> (artifact id: '8ccd6c1af05ada194b7955d5df05f67e') in 0.009845 seconds
Number of updated asset objects reloaded before import = 0
Number of asset objects unloaded after import = 7
========================================================================
Received Import Request.
  Time since last request: 1.468697 seconds.
  path: Assets/Scripts/炮塔底座/炮塔底座/电击炮塔底座.asset
  artifactKey: Guid(993227482ffa45d4d902bfc8cf3bf266) Importer(815301076,1909f56bfc062723c751e8b465ee728b)
Start importing Assets/Scripts/炮塔底座/炮塔底座/电击炮塔底座.asset using Guid(993227482ffa45d4d902bfc8cf3bf266) Importer(815301076,1909f56bfc062723c751e8b465ee728b) [PhysX] Initialized MultithreadedTaskDispatcher with 16 workers.
 -> (artifact id: 'cc619d868ef253e421f73c7260e49633') in 0.002600 seconds
Number of updated asset objects reloaded before import = 0
Number of asset objects unloaded after import = 7
========================================================================
Received Import Request.
  Time since last request: 0.978433 seconds.
  path: Assets/Scripts/炮塔底座/炮塔底座/电击炮塔底座.asset
  artifactKey: Guid(993227482ffa45d4d902bfc8cf3bf266) Importer(2089858483,0ecaa5967403d082aa24f35e1b516d23)
Start importing Assets/Scripts/炮塔底座/炮塔底座/电击炮塔底座.asset using Guid(993227482ffa45d4d902bfc8cf3bf266) Importer(2089858483,0ecaa5967403d082aa24f35e1b516d23) [PhysX] Initialized MultithreadedTaskDispatcher with 16 workers.
 -> (artifact id: '28f7219d159116b452780681ec21c65f') in 0.008336 seconds
Number of updated asset objects reloaded before import = 0
Number of asset objects unloaded after import = 7
========================================================================
Received Import Request.
  Time since last request: 3.234502 seconds.
  path: Assets/Scripts/皮肤/塔座皮肤/基础炮塔底座皮肤.asset
  artifactKey: Guid(ac8a93fe1a1108a4fb7e8cdecb14faa6) Importer(815301076,1909f56bfc062723c751e8b465ee728b)
Start importing Assets/Scripts/皮肤/塔座皮肤/基础炮塔底座皮肤.asset using Guid(ac8a93fe1a1108a4fb7e8cdecb14faa6) Importer(815301076,1909f56bfc062723c751e8b465ee728b) [PhysX] Initialized MultithreadedTaskDispatcher with 16 workers.
 -> (artifact id: '74569f4cafa4b5227d83bfe3854ceed3') in 0.003137 seconds
Number of updated asset objects reloaded before import = 0
Number of asset objects unloaded after import = 6
========================================================================
Received Import Request.
  Time since last request: 41.585604 seconds.
  path: Assets/Scripts/炮塔底座/炮塔底座/电击炮塔底座.asset
  artifactKey: Guid(993227482ffa45d4d902bfc8cf3bf266) Importer(815301076,1909f56bfc062723c751e8b465ee728b)
Start importing Assets/Scripts/炮塔底座/炮塔底座/电击炮塔底座.asset using Guid(993227482ffa45d4d902bfc8cf3bf266) Importer(815301076,1909f56bfc062723c751e8b465ee728b) [PhysX] Initialized MultithreadedTaskDispatcher with 16 workers.
 -> (artifact id: '69a3ffe4c5ff90377c25878c9bdaaf94') in 0.004176 seconds
Number of updated asset objects reloaded before import = 0
Number of asset objects unloaded after import = 12
========================================================================
Received Import Request.
  Time since last request: 0.969533 seconds.
  path: Assets/Scripts/炮塔底座/炮塔底座/电击炮塔底座.asset
  artifactKey: Guid(993227482ffa45d4d902bfc8cf3bf266) Importer(2089858483,0ecaa5967403d082aa24f35e1b516d23)
Start importing Assets/Scripts/炮塔底座/炮塔底座/电击炮塔底座.asset using Guid(993227482ffa45d4d902bfc8cf3bf266) Importer(2089858483,0ecaa5967403d082aa24f35e1b516d23) [PhysX] Initialized MultithreadedTaskDispatcher with 16 workers.
 -> (artifact id: 'a8d9697ecf3deab23a505cb1b7f68511') in 0.008866 seconds
Number of updated asset objects reloaded before import = 0
Number of asset objects unloaded after import = 12
========================================================================
Received Import Request.
  Time since last request: 0.000019 seconds.
  path: Assets/Scripts/炮塔底座/炮塔底座/寒冰炮塔底座.asset
  artifactKey: Guid(90d66e26d3171754cae5f8ddd863e3f6) Importer(2089858483,0ecaa5967403d082aa24f35e1b516d23)
Start importing Assets/Scripts/炮塔底座/炮塔底座/寒冰炮塔底座.asset using Guid(90d66e26d3171754cae5f8ddd863e3f6) Importer(2089858483,0ecaa5967403d082aa24f35e1b516d23) [PhysX] Initialized MultithreadedTaskDispatcher with 16 workers.
 -> (artifact id: 'fb19385dda99449e449615fb90ec2847') in 0.035070 seconds
Number of updated asset objects reloaded before import = 0
Number of asset objects unloaded after import = 11
========================================================================
Received Import Request.
  Time since last request: 6.490541 seconds.
  path: Assets/Scenes/GameScene.unity
  artifactKey: Guid(ff964dba3eaf3e041a4958439db1ba5b) Importer(2089858483,0ecaa5967403d082aa24f35e1b516d23)
Start importing Assets/Scenes/GameScene.unity using Guid(ff964dba3eaf3e041a4958439db1ba5b) Importer(2089858483,0ecaa5967403d082aa24f35e1b516d23) [PhysX] Initialized MultithreadedTaskDispatcher with 16 workers.
 -> (artifact id: '2ea81ec17833b80824610804f5226323') in 0.007821 seconds
Number of updated asset objects reloaded before import = 0
Number of asset objects unloaded after import = 1
========================================================================
Received Prepare
Caller must complete domain reload
Begin MonoManager ReloadAssembly
- Loaded All Assemblies, in  1.115 seconds
Native extension for WindowsStandalone target not found
Native extension for WebGL target not found
Mono: successfully reloaded assembly
- Finished resetting the current domain, in  0.861 seconds
Domain Reload Profiling: 1976ms
	BeginReloadAssembly (663ms)
		ExecutionOrderSort (0ms)
		DisableScriptedObjects (467ms)
		BackupInstance (0ms)
		ReleaseScriptingObjects (0ms)
		CreateAndSetChildDomain (48ms)
	RebuildCommonClasses (40ms)
	RebuildNativeTypeToScriptingClass (15ms)
	initialDomainReloadingComplete (41ms)
	LoadAllAssembliesAndSetupDomain (356ms)
		LoadAssemblies (449ms)
		RebuildTransferFunctionScriptingTraits (0ms)
		AnalyzeDomain (22ms)
			TypeCache.Refresh (7ms)
				TypeCache.ScanAssembly (0ms)
			ScanForSourceGeneratedMonoScriptInfo (0ms)
			ResolveRequiredComponents (13ms)
	FinalizeReload (861ms)
		ReleaseScriptCaches (0ms)
		RebuildScriptCaches (0ms)
		SetupLoadedEditorAssemblies (631ms)
			LogAssemblyErrors (0ms)
			InitializePlatformSupportModulesInManaged (8ms)
			SetLoadedEditorAssemblies (6ms)
			RefreshPlugins (0ms)
			BeforeProcessingInitializeOnLoad (125ms)
			ProcessInitializeOnLoadAttributes (442ms)
			ProcessInitializeOnLoadMethodAttributes (46ms)
			AfterProcessingInitializeOnLoad (4ms)
			EditorAssembliesLoaded (0ms)
		ExecutionOrderSort2 (0ms)
		AwakeInstancesAfterBackupRestoration (25ms)
Refreshing native plugins compatible for Editor in 17.77 ms, found 12 plugins.
Preloading 0 native plugins for Editor in 0.00 ms.
Unloading 4501 Unused Serialized files (Serialized files now loaded: 0)
Unloading 27 unused Assets / (32.8 KB). Loaded Objects now: 5019.
Memory consumption went from 154.0 MB to 154.0 MB.
Total: 3.747700 ms (FindLiveObjects: 0.464600 ms CreateObjectMapping: 0.164300 ms MarkObjects: 3.055300 ms  DeleteObjects: 0.062200 ms)

Prepare: number of updated asset objects reloaded= 0
AssetImportParameters requested are different than current active one (requested -> active):
  custom:container-demuxer-ogg: 62fdf1f143b41e24485cea50d1cbac27 -> 
  custom:video-decoder-ogg-theora: a1e56fd34408186e4bbccfd4996cb3dc -> 
  custom:framework-win-MediaFoundation: 216162199b28c13a410421893ffa2e32 -> 
  custom:CustomObjectIndexerAttribute: 9a22284fe3817be447336de3de66b15e -> 
  custom:container-demuxer-webm: 4f35f7cbe854078d1ac9338744f61a02 -> 
  custom:container-muxer-webm: aa71ff27fc2769a1b78a27578f13a17b -> 
  custom:video-decoder-webm-vp8: 9c59270c3fd7afecdb556c50c9e8de78 -> 
  custom:SearchIndexIgnoredProperties: e643bd26f0fe6173181afceb89e7c659 -> 
  custom:AudioImporter_EditorPlatform: d09bf68614088b80899f8185d706f6e7 -> 
  custom:video-encoder-webm-vp8: eb34c28f22e8b96e1ab97ce403110664 -> 
  custom:audio-decoder-ogg-vorbis: bf7c407c2cedff20999df2af8eb42d56 -> 
  custom:audio-encoder-webm-vorbis: bf7c407c2cedff20999df2af8eb42d56 -> 
========================================================================
Received Import Request.
  Time since last request: 44.754831 seconds.
  path: Assets/Scenes/GameScene.unity
  artifactKey: Guid(ff964dba3eaf3e041a4958439db1ba5b) Importer(815301076,1909f56bfc062723c751e8b465ee728b)
Start importing Assets/Scenes/GameScene.unity using Guid(ff964dba3eaf3e041a4958439db1ba5b) Importer(815301076,1909f56bfc062723c751e8b465ee728b) [PhysX] Initialized MultithreadedTaskDispatcher with 16 workers.
 -> (artifact id: '62e140b56278a1496da68b036f711d73') in 0.002702 seconds
Number of updated asset objects reloaded before import = 0
Number of asset objects unloaded after import = 0
========================================================================
Received Prepare
Caller must complete domain reload
Begin MonoManager ReloadAssembly
- Loaded All Assemblies, in  0.631 seconds
Native extension for WindowsStandalone target not found
Native extension for WebGL target not found
Mono: successfully reloaded assembly
- Finished resetting the current domain, in  1.285 seconds
Domain Reload Profiling: 1915ms
	BeginReloadAssembly (179ms)
		ExecutionOrderSort (0ms)
		DisableScriptedObjects (14ms)
		BackupInstance (0ms)
		ReleaseScriptingObjects (0ms)
		CreateAndSetChildDomain (33ms)
	RebuildCommonClasses (34ms)
	RebuildNativeTypeToScriptingClass (13ms)
	initialDomainReloadingComplete (35ms)
	LoadAllAssembliesAndSetupDomain (369ms)
		LoadAssemblies (429ms)
		RebuildTransferFunctionScriptingTraits (0ms)
		AnalyzeDomain (44ms)
			TypeCache.Refresh (18ms)
				TypeCache.ScanAssembly (6ms)
			ScanForSourceGeneratedMonoScriptInfo (12ms)
			ResolveRequiredComponents (13ms)
	FinalizeReload (1286ms)
		ReleaseScriptCaches (0ms)
		RebuildScriptCaches (0ms)
		SetupLoadedEditorAssemblies (600ms)
			LogAssemblyErrors (0ms)
			InitializePlatformSupportModulesInManaged (8ms)
			SetLoadedEditorAssemblies (5ms)
			RefreshPlugins (0ms)
			BeforeProcessingInitializeOnLoad (122ms)
			ProcessInitializeOnLoadAttributes (420ms)
			ProcessInitializeOnLoadMethodAttributes (41ms)
			AfterProcessingInitializeOnLoad (4ms)
			EditorAssembliesLoaded (0ms)
		ExecutionOrderSort2 (0ms)
		AwakeInstancesAfterBackupRestoration (22ms)
Refreshing native plugins compatible for Editor in 15.64 ms, found 12 plugins.
Preloading 0 native plugins for Editor in 0.00 ms.
Unloading 4501 Unused Serialized files (Serialized files now loaded: 0)
Unloading 27 unused Assets / (32.6 KB). Loaded Objects now: 5023.
Memory consumption went from 154.0 MB to 154.0 MB.
Total: 3.545500 ms (FindLiveObjects: 0.501000 ms CreateObjectMapping: 0.166000 ms MarkObjects: 2.821700 ms  DeleteObjects: 0.055800 ms)

Prepare: number of updated asset objects reloaded= 0
AssetImportParameters requested are different than current active one (requested -> active):
  custom:container-demuxer-ogg: 62fdf1f143b41e24485cea50d1cbac27 -> 
  custom:video-decoder-ogg-theora: a1e56fd34408186e4bbccfd4996cb3dc -> 
  custom:framework-win-MediaFoundation: 216162199b28c13a410421893ffa2e32 -> 
  custom:CustomObjectIndexerAttribute: 9a22284fe3817be447336de3de66b15e -> 
  custom:container-demuxer-webm: 4f35f7cbe854078d1ac9338744f61a02 -> 
  custom:container-muxer-webm: aa71ff27fc2769a1b78a27578f13a17b -> 
  custom:video-decoder-webm-vp8: 9c59270c3fd7afecdb556c50c9e8de78 -> 
  custom:SearchIndexIgnoredProperties: e643bd26f0fe6173181afceb89e7c659 -> 
  custom:AudioImporter_EditorPlatform: d09bf68614088b80899f8185d706f6e7 -> 
  custom:video-encoder-webm-vp8: eb34c28f22e8b96e1ab97ce403110664 -> 
  custom:audio-decoder-ogg-vorbis: bf7c407c2cedff20999df2af8eb42d56 -> 
  custom:audio-encoder-webm-vorbis: bf7c407c2cedff20999df2af8eb42d56 -> 
========================================================================
Received Prepare
Caller must complete domain reload
Begin MonoManager ReloadAssembly
- Loaded All Assemblies, in  0.645 seconds
Native extension for WindowsStandalone target not found
Native extension for WebGL target not found
Mono: successfully reloaded assembly
- Finished resetting the current domain, in  1.375 seconds
Domain Reload Profiling: 2020ms
	BeginReloadAssembly (184ms)
		ExecutionOrderSort (0ms)
		DisableScriptedObjects (14ms)
		BackupInstance (0ms)
		ReleaseScriptingObjects (0ms)
		CreateAndSetChildDomain (35ms)
	RebuildCommonClasses (35ms)
	RebuildNativeTypeToScriptingClass (13ms)
	initialDomainReloadingComplete (36ms)
	LoadAllAssembliesAndSetupDomain (375ms)
		LoadAssemblies (457ms)
		RebuildTransferFunctionScriptingTraits (0ms)
		AnalyzeDomain (24ms)
			TypeCache.Refresh (8ms)
				TypeCache.ScanAssembly (0ms)
			ScanForSourceGeneratedMonoScriptInfo (0ms)
			ResolveRequiredComponents (14ms)
	FinalizeReload (1376ms)
		ReleaseScriptCaches (0ms)
		RebuildScriptCaches (0ms)
		SetupLoadedEditorAssemblies (637ms)
			LogAssemblyErrors (0ms)
			InitializePlatformSupportModulesInManaged (8ms)
			SetLoadedEditorAssemblies (6ms)
			RefreshPlugins (0ms)
			BeforeProcessingInitializeOnLoad (125ms)
			ProcessInitializeOnLoadAttributes (448ms)
			ProcessInitializeOnLoadMethodAttributes (46ms)
			AfterProcessingInitializeOnLoad (4ms)
			EditorAssembliesLoaded (0ms)
		ExecutionOrderSort2 (0ms)
		AwakeInstancesAfterBackupRestoration (27ms)
Refreshing native plugins compatible for Editor in 18.08 ms, found 12 plugins.
Preloading 0 native plugins for Editor in 0.00 ms.
Unloading 4502 Unused Serialized files (Serialized files now loaded: 0)
Unloading 27 unused Assets / (32.7 KB). Loaded Objects now: 5027.
Memory consumption went from 154.3 MB to 154.2 MB.
Total: 3.735800 ms (FindLiveObjects: 0.458700 ms CreateObjectMapping: 0.177200 ms MarkObjects: 3.038000 ms  DeleteObjects: 0.060800 ms)

Prepare: number of updated asset objects reloaded= 0
AssetImportParameters requested are different than current active one (requested -> active):
  custom:container-demuxer-ogg: 62fdf1f143b41e24485cea50d1cbac27 -> 
  custom:video-decoder-ogg-theora: a1e56fd34408186e4bbccfd4996cb3dc -> 
  custom:framework-win-MediaFoundation: 216162199b28c13a410421893ffa2e32 -> 
  custom:CustomObjectIndexerAttribute: 9a22284fe3817be447336de3de66b15e -> 
  custom:container-demuxer-webm: 4f35f7cbe854078d1ac9338744f61a02 -> 
  custom:container-muxer-webm: aa71ff27fc2769a1b78a27578f13a17b -> 
  custom:video-decoder-webm-vp8: 9c59270c3fd7afecdb556c50c9e8de78 -> 
  custom:SearchIndexIgnoredProperties: e643bd26f0fe6173181afceb89e7c659 -> 
  custom:AudioImporter_EditorPlatform: d09bf68614088b80899f8185d706f6e7 -> 
  custom:video-encoder-webm-vp8: eb34c28f22e8b96e1ab97ce403110664 -> 
  custom:audio-decoder-ogg-vorbis: bf7c407c2cedff20999df2af8eb42d56 -> 
  custom:audio-encoder-webm-vorbis: bf7c407c2cedff20999df2af8eb42d56 -> 
========================================================================
Received Prepare
Caller must complete domain reload
Begin MonoManager ReloadAssembly
- Loaded All Assemblies, in  0.670 seconds
Native extension for WindowsStandalone target not found
Native extension for WebGL target not found
Mono: successfully reloaded assembly
- Finished resetting the current domain, in  1.275 seconds
Domain Reload Profiling: 1944ms
	BeginReloadAssembly (200ms)
		ExecutionOrderSort (0ms)
		DisableScriptedObjects (15ms)
		BackupInstance (0ms)
		ReleaseScriptingObjects (0ms)
		CreateAndSetChildDomain (39ms)
	RebuildCommonClasses (37ms)
	RebuildNativeTypeToScriptingClass (14ms)
	initialDomainReloadingComplete (37ms)
	LoadAllAssembliesAndSetupDomain (381ms)
		LoadAssemblies (454ms)
		RebuildTransferFunctionScriptingTraits (0ms)
		AnalyzeDomain (42ms)
			TypeCache.Refresh (17ms)
				TypeCache.ScanAssembly (6ms)
			ScanForSourceGeneratedMonoScriptInfo (12ms)
			ResolveRequiredComponents (12ms)
	FinalizeReload (1276ms)
		ReleaseScriptCaches (0ms)
		RebuildScriptCaches (0ms)
		SetupLoadedEditorAssemblies (619ms)
			LogAssemblyErrors (0ms)
			InitializePlatformSupportModulesInManaged (8ms)
			SetLoadedEditorAssemblies (6ms)
			RefreshPlugins (0ms)
			BeforeProcessingInitializeOnLoad (125ms)
			ProcessInitializeOnLoadAttributes (438ms)
			ProcessInitializeOnLoadMethodAttributes (38ms)
			AfterProcessingInitializeOnLoad (3ms)
			EditorAssembliesLoaded (0ms)
		ExecutionOrderSort2 (0ms)
		AwakeInstancesAfterBackupRestoration (22ms)
Refreshing native plugins compatible for Editor in 16.22 ms, found 12 plugins.
Preloading 0 native plugins for Editor in 0.00 ms.
Unloading 4502 Unused Serialized files (Serialized files now loaded: 0)
Unloading 27 unused Assets / (32.7 KB). Loaded Objects now: 5031.
Memory consumption went from 154.4 MB to 154.3 MB.
Total: 3.599400 ms (FindLiveObjects: 0.455000 ms CreateObjectMapping: 0.178200 ms MarkObjects: 2.912200 ms  DeleteObjects: 0.052500 ms)

Prepare: number of updated asset objects reloaded= 0
AssetImportParameters requested are different than current active one (requested -> active):
  custom:container-demuxer-ogg: 62fdf1f143b41e24485cea50d1cbac27 -> 
  custom:video-decoder-ogg-theora: a1e56fd34408186e4bbccfd4996cb3dc -> 
  custom:framework-win-MediaFoundation: 216162199b28c13a410421893ffa2e32 -> 
  custom:CustomObjectIndexerAttribute: 9a22284fe3817be447336de3de66b15e -> 
  custom:container-demuxer-webm: 4f35f7cbe854078d1ac9338744f61a02 -> 
  custom:container-muxer-webm: aa71ff27fc2769a1b78a27578f13a17b -> 
  custom:video-decoder-webm-vp8: 9c59270c3fd7afecdb556c50c9e8de78 -> 
  custom:SearchIndexIgnoredProperties: e643bd26f0fe6173181afceb89e7c659 -> 
  custom:AudioImporter_EditorPlatform: d09bf68614088b80899f8185d706f6e7 -> 
  custom:video-encoder-webm-vp8: eb34c28f22e8b96e1ab97ce403110664 -> 
  custom:audio-decoder-ogg-vorbis: bf7c407c2cedff20999df2af8eb42d56 -> 
  custom:audio-encoder-webm-vorbis: bf7c407c2cedff20999df2af8eb42d56 -> 
  custom:scripting/precompiled-assembly-types:Assembly-CSharp: 22c5263838b7d5436550466499237939 -> b30da08c0707e693a5faa73d64a81371
========================================================================
Received Prepare
Caller must complete domain reload
Begin MonoManager ReloadAssembly
- Loaded All Assemblies, in  0.634 seconds
Native extension for WindowsStandalone target not found
Native extension for WebGL target not found
Mono: successfully reloaded assembly
- Finished resetting the current domain, in  1.255 seconds
Domain Reload Profiling: 1888ms
	BeginReloadAssembly (185ms)
		ExecutionOrderSort (0ms)
		DisableScriptedObjects (14ms)
		BackupInstance (0ms)
		ReleaseScriptingObjects (0ms)
		CreateAndSetChildDomain (36ms)
	RebuildCommonClasses (35ms)
	RebuildNativeTypeToScriptingClass (14ms)
	initialDomainReloadingComplete (34ms)
	LoadAllAssembliesAndSetupDomain (365ms)
		LoadAssemblies (426ms)
		RebuildTransferFunctionScriptingTraits (0ms)
		AnalyzeDomain (44ms)
			TypeCache.Refresh (18ms)
				TypeCache.ScanAssembly (6ms)
			ScanForSourceGeneratedMonoScriptInfo (12ms)
			ResolveRequiredComponents (13ms)
	FinalizeReload (1256ms)
		ReleaseScriptCaches (0ms)
		RebuildScriptCaches (0ms)
		SetupLoadedEditorAssemblies (594ms)
			LogAssemblyErrors (0ms)
			InitializePlatformSupportModulesInManaged (8ms)
			SetLoadedEditorAssemblies (5ms)
			RefreshPlugins (0ms)
			BeforeProcessingInitializeOnLoad (120ms)
			ProcessInitializeOnLoadAttributes (415ms)
			ProcessInitializeOnLoadMethodAttributes (41ms)
			AfterProcessingInitializeOnLoad (4ms)
			EditorAssembliesLoaded (0ms)
		ExecutionOrderSort2 (0ms)
		AwakeInstancesAfterBackupRestoration (24ms)
Refreshing native plugins compatible for Editor in 14.75 ms, found 12 plugins.
Preloading 0 native plugins for Editor in 0.00 ms.
Unloading 4502 Unused Serialized files (Serialized files now loaded: 0)
Unloading 27 unused Assets / (32.7 KB). Loaded Objects now: 5035.
Memory consumption went from 154.4 MB to 154.3 MB.
Total: 5.703500 ms (FindLiveObjects: 0.517700 ms CreateObjectMapping: 0.186500 ms MarkObjects: 4.935400 ms  DeleteObjects: 0.063100 ms)

Prepare: number of updated asset objects reloaded= 0
AssetImportParameters requested are different than current active one (requested -> active):
  custom:container-demuxer-ogg: 62fdf1f143b41e24485cea50d1cbac27 -> 
  custom:video-decoder-ogg-theora: a1e56fd34408186e4bbccfd4996cb3dc -> 
  custom:framework-win-MediaFoundation: 216162199b28c13a410421893ffa2e32 -> 
  custom:CustomObjectIndexerAttribute: 9a22284fe3817be447336de3de66b15e -> 
  custom:container-demuxer-webm: 4f35f7cbe854078d1ac9338744f61a02 -> 
  custom:container-muxer-webm: aa71ff27fc2769a1b78a27578f13a17b -> 
  custom:video-decoder-webm-vp8: 9c59270c3fd7afecdb556c50c9e8de78 -> 
  custom:SearchIndexIgnoredProperties: e643bd26f0fe6173181afceb89e7c659 -> 
  custom:AudioImporter_EditorPlatform: d09bf68614088b80899f8185d706f6e7 -> 
  custom:video-encoder-webm-vp8: eb34c28f22e8b96e1ab97ce403110664 -> 
  custom:audio-decoder-ogg-vorbis: bf7c407c2cedff20999df2af8eb42d56 -> 
  custom:audio-encoder-webm-vorbis: bf7c407c2cedff20999df2af8eb42d56 -> 
  custom:scripting/precompiled-assembly-types:Assembly-CSharp: 22c5263838b7d5436550466499237939 -> b30da08c0707e693a5faa73d64a81371
========================================================================
Received Prepare
Caller must complete domain reload
Begin MonoManager ReloadAssembly
- Loaded All Assemblies, in  0.615 seconds
Native extension for WindowsStandalone target not found
Native extension for WebGL target not found
Mono: successfully reloaded assembly
- Finished resetting the current domain, in  1.369 seconds
Domain Reload Profiling: 1983ms
	BeginReloadAssembly (183ms)
		ExecutionOrderSort (0ms)
		DisableScriptedObjects (14ms)
		BackupInstance (0ms)
		ReleaseScriptingObjects (0ms)
		CreateAndSetChildDomain (36ms)
	RebuildCommonClasses (34ms)
	RebuildNativeTypeToScriptingClass (13ms)
	initialDomainReloadingComplete (35ms)
	LoadAllAssembliesAndSetupDomain (348ms)
		LoadAssemblies (430ms)
		RebuildTransferFunctionScriptingTraits (0ms)
		AnalyzeDomain (22ms)
			TypeCache.Refresh (7ms)
				TypeCache.ScanAssembly (0ms)
			ScanForSourceGeneratedMonoScriptInfo (0ms)
			ResolveRequiredComponents (13ms)
	FinalizeReload (1369ms)
		ReleaseScriptCaches (0ms)
		RebuildScriptCaches (0ms)
		SetupLoadedEditorAssemblies (612ms)
			LogAssemblyErrors (0ms)
			InitializePlatformSupportModulesInManaged (8ms)
			SetLoadedEditorAssemblies (6ms)
			RefreshPlugins (0ms)
			BeforeProcessingInitializeOnLoad (124ms)
			ProcessInitializeOnLoadAttributes (426ms)
			ProcessInitializeOnLoadMethodAttributes (43ms)
			AfterProcessingInitializeOnLoad (4ms)
			EditorAssembliesLoaded (0ms)
		ExecutionOrderSort2 (0ms)
		AwakeInstancesAfterBackupRestoration (25ms)
Refreshing native plugins compatible for Editor in 18.09 ms, found 12 plugins.
Preloading 0 native plugins for Editor in 0.00 ms.
Unloading 4502 Unused Serialized files (Serialized files now loaded: 0)
Unloading 27 unused Assets / (32.8 KB). Loaded Objects now: 5039.
Memory consumption went from 154.4 MB to 154.3 MB.
Total: 3.660900 ms (FindLiveObjects: 0.489400 ms CreateObjectMapping: 0.166500 ms MarkObjects: 2.946300 ms  DeleteObjects: 0.057700 ms)

Prepare: number of updated asset objects reloaded= 0
AssetImportParameters requested are different than current active one (requested -> active):
  custom:container-demuxer-ogg: 62fdf1f143b41e24485cea50d1cbac27 -> 
  custom:video-decoder-ogg-theora: a1e56fd34408186e4bbccfd4996cb3dc -> 
  custom:framework-win-MediaFoundation: 216162199b28c13a410421893ffa2e32 -> 
  custom:CustomObjectIndexerAttribute: 9a22284fe3817be447336de3de66b15e -> 
  custom:container-demuxer-webm: 4f35f7cbe854078d1ac9338744f61a02 -> 
  custom:container-muxer-webm: aa71ff27fc2769a1b78a27578f13a17b -> 
  custom:video-decoder-webm-vp8: 9c59270c3fd7afecdb556c50c9e8de78 -> 
  custom:SearchIndexIgnoredProperties: e643bd26f0fe6173181afceb89e7c659 -> 
  custom:AudioImporter_EditorPlatform: d09bf68614088b80899f8185d706f6e7 -> 
  custom:video-encoder-webm-vp8: eb34c28f22e8b96e1ab97ce403110664 -> 
  custom:audio-decoder-ogg-vorbis: bf7c407c2cedff20999df2af8eb42d56 -> 
  custom:audio-encoder-webm-vorbis: bf7c407c2cedff20999df2af8eb42d56 -> 
  custom:scripting/precompiled-assembly-types:Assembly-CSharp: 22c5263838b7d5436550466499237939 -> b30da08c0707e693a5faa73d64a81371
========================================================================
Received Import Request.
  Time since last request: 1076.980171 seconds.
  path: Assets/Scenes/GameScene.unity
  artifactKey: Guid(ff964dba3eaf3e041a4958439db1ba5b) Importer(815301076,1909f56bfc062723c751e8b465ee728b)
Start importing Assets/Scenes/GameScene.unity using Guid(ff964dba3eaf3e041a4958439db1ba5b) Importer(815301076,1909f56bfc062723c751e8b465ee728b) [PhysX] Initialized MultithreadedTaskDispatcher with 16 workers.
 -> (artifact id: '2d89ebaa9d1415e0ce0689c8082563e2') in 0.002291 seconds
Number of updated asset objects reloaded before import = 0
Number of asset objects unloaded after import = 0
========================================================================
Received Import Request.
  Time since last request: 44.561652 seconds.
  path: Assets/Scripts/Tower/TowerManager.cs
  artifactKey: Guid(f275fad9289425c4e8eaf027b1e7ca09) Importer(815301076,1909f56bfc062723c751e8b465ee728b)
Start importing Assets/Scripts/Tower/TowerManager.cs using Guid(f275fad9289425c4e8eaf027b1e7ca09) Importer(815301076,1909f56bfc062723c751e8b465ee728b) [PhysX] Initialized MultithreadedTaskDispatcher with 16 workers.
 -> (artifact id: 'a1dab6a246f7e2e6cd8d107bd0595b6e') in 0.000590 seconds
Number of updated asset objects reloaded before import = 0
Number of asset objects unloaded after import = 0
========================================================================
Received Prepare
Caller must complete domain reload
Begin MonoManager ReloadAssembly
- Loaded All Assemblies, in  0.642 seconds
Native extension for WindowsStandalone target not found
Native extension for WebGL target not found
Mono: successfully reloaded assembly
- Finished resetting the current domain, in  1.401 seconds
Domain Reload Profiling: 2042ms
	BeginReloadAssembly (186ms)
		ExecutionOrderSort (0ms)
		DisableScriptedObjects (15ms)
		BackupInstance (0ms)
		ReleaseScriptingObjects (0ms)
		CreateAndSetChildDomain (36ms)
	RebuildCommonClasses (36ms)
	RebuildNativeTypeToScriptingClass (14ms)
	initialDomainReloadingComplete (35ms)
	LoadAllAssembliesAndSetupDomain (371ms)
		LoadAssemblies (431ms)
		RebuildTransferFunctionScriptingTraits (0ms)
		AnalyzeDomain (44ms)
			TypeCache.Refresh (18ms)
				TypeCache.ScanAssembly (7ms)
			ScanForSourceGeneratedMonoScriptInfo (12ms)
			ResolveRequiredComponents (13ms)
	FinalizeReload (1402ms)
		ReleaseScriptCaches (0ms)
		RebuildScriptCaches (0ms)
		SetupLoadedEditorAssemblies (633ms)
			LogAssemblyErrors (0ms)
			InitializePlatformSupportModulesInManaged (8ms)
			SetLoadedEditorAssemblies (5ms)
			RefreshPlugins (0ms)
			BeforeProcessingInitializeOnLoad (148ms)
			ProcessInitializeOnLoadAttributes (430ms)
			ProcessInitializeOnLoadMethodAttributes (38ms)
			AfterProcessingInitializeOnLoad (4ms)
			EditorAssembliesLoaded (0ms)
		ExecutionOrderSort2 (0ms)
		AwakeInstancesAfterBackupRestoration (23ms)
Refreshing native plugins compatible for Editor in 16.76 ms, found 12 plugins.
Preloading 0 native plugins for Editor in 0.00 ms.
Unloading 4501 Unused Serialized files (Serialized files now loaded: 0)
Unloading 27 unused Assets / (32.8 KB). Loaded Objects now: 5043.
Memory consumption went from 154.1 MB to 154.1 MB.
Total: 4.865200 ms (FindLiveObjects: 0.475900 ms CreateObjectMapping: 0.167300 ms MarkObjects: 4.157600 ms  DeleteObjects: 0.063100 ms)

Prepare: number of updated asset objects reloaded= 0
AssetImportParameters requested are different than current active one (requested -> active):
  custom:container-demuxer-ogg: 62fdf1f143b41e24485cea50d1cbac27 -> 
  custom:video-decoder-ogg-theora: a1e56fd34408186e4bbccfd4996cb3dc -> 
  custom:framework-win-MediaFoundation: 216162199b28c13a410421893ffa2e32 -> 
  custom:CustomObjectIndexerAttribute: 9a22284fe3817be447336de3de66b15e -> 
  custom:container-demuxer-webm: 4f35f7cbe854078d1ac9338744f61a02 -> 
  custom:container-muxer-webm: aa71ff27fc2769a1b78a27578f13a17b -> 
  custom:video-decoder-webm-vp8: 9c59270c3fd7afecdb556c50c9e8de78 -> 
  custom:SearchIndexIgnoredProperties: e643bd26f0fe6173181afceb89e7c659 -> 
  custom:AudioImporter_EditorPlatform: d09bf68614088b80899f8185d706f6e7 -> 
  custom:video-encoder-webm-vp8: eb34c28f22e8b96e1ab97ce403110664 -> 
  custom:audio-decoder-ogg-vorbis: bf7c407c2cedff20999df2af8eb42d56 -> 
  custom:audio-encoder-webm-vorbis: bf7c407c2cedff20999df2af8eb42d56 -> 
  custom:scripting/precompiled-assembly-types:Assembly-CSharp: 9f926b9588fbc25090b607ff694de71b -> b30da08c0707e693a5faa73d64a81371
========================================================================
Received Prepare
Caller must complete domain reload
Begin MonoManager ReloadAssembly
- Loaded All Assemblies, in  0.692 seconds
Native extension for WindowsStandalone target not found
Native extension for WebGL target not found
Mono: successfully reloaded assembly
- Finished resetting the current domain, in  1.303 seconds
Domain Reload Profiling: 1993ms
	BeginReloadAssembly (210ms)
		ExecutionOrderSort (0ms)
		DisableScriptedObjects (17ms)
		BackupInstance (0ms)
		ReleaseScriptingObjects (0ms)
		CreateAndSetChildDomain (39ms)
	RebuildCommonClasses (38ms)
	RebuildNativeTypeToScriptingClass (14ms)
	initialDomainReloadingComplete (41ms)
	LoadAllAssembliesAndSetupDomain (386ms)
		LoadAssemblies (464ms)
		RebuildTransferFunctionScriptingTraits (0ms)
		AnalyzeDomain (43ms)
			TypeCache.Refresh (17ms)
				TypeCache.ScanAssembly (6ms)
			ScanForSourceGeneratedMonoScriptInfo (11ms)
			ResolveRequiredComponents (13ms)
	FinalizeReload (1303ms)
		ReleaseScriptCaches (0ms)
		RebuildScriptCaches (0ms)
		SetupLoadedEditorAssemblies (602ms)
			LogAssemblyErrors (0ms)
			InitializePlatformSupportModulesInManaged (8ms)
			SetLoadedEditorAssemblies (6ms)
			RefreshPlugins (0ms)
			BeforeProcessingInitializeOnLoad (126ms)
			ProcessInitializeOnLoadAttributes (418ms)
			ProcessInitializeOnLoadMethodAttributes (41ms)
			AfterProcessingInitializeOnLoad (3ms)
			EditorAssembliesLoaded (0ms)
		ExecutionOrderSort2 (0ms)
		AwakeInstancesAfterBackupRestoration (22ms)
Refreshing native plugins compatible for Editor in 18.20 ms, found 12 plugins.
Preloading 0 native plugins for Editor in 0.00 ms.
Unloading 4502 Unused Serialized files (Serialized files now loaded: 0)
Unloading 27 unused Assets / (32.8 KB). Loaded Objects now: 5047.
Memory consumption went from 154.4 MB to 154.3 MB.
Total: 4.894100 ms (FindLiveObjects: 0.477300 ms CreateObjectMapping: 0.168800 ms MarkObjects: 4.183700 ms  DeleteObjects: 0.063000 ms)

Prepare: number of updated asset objects reloaded= 0
AssetImportParameters requested are different than current active one (requested -> active):
  custom:container-demuxer-ogg: 62fdf1f143b41e24485cea50d1cbac27 -> 
  custom:video-decoder-ogg-theora: a1e56fd34408186e4bbccfd4996cb3dc -> 
  custom:framework-win-MediaFoundation: 216162199b28c13a410421893ffa2e32 -> 
  custom:CustomObjectIndexerAttribute: 9a22284fe3817be447336de3de66b15e -> 
  custom:container-demuxer-webm: 4f35f7cbe854078d1ac9338744f61a02 -> 
  custom:container-muxer-webm: aa71ff27fc2769a1b78a27578f13a17b -> 
  custom:video-decoder-webm-vp8: 9c59270c3fd7afecdb556c50c9e8de78 -> 
  custom:SearchIndexIgnoredProperties: e643bd26f0fe6173181afceb89e7c659 -> 
  custom:AudioImporter_EditorPlatform: d09bf68614088b80899f8185d706f6e7 -> 
  custom:video-encoder-webm-vp8: eb34c28f22e8b96e1ab97ce403110664 -> 
  custom:audio-decoder-ogg-vorbis: bf7c407c2cedff20999df2af8eb42d56 -> 
  custom:audio-encoder-webm-vorbis: bf7c407c2cedff20999df2af8eb42d56 -> 
  custom:scripting/precompiled-assembly-types:Assembly-CSharp: 9f926b9588fbc25090b607ff694de71b -> b30da08c0707e693a5faa73d64a81371
========================================================================
Received Import Request.
  Time since last request: 676.652182 seconds.
  path: Assets/Scripts/炮塔炮管/TowerGunPanel.cs
  artifactKey: Guid(d862f7327096b9947b2e16988c399021) Importer(815301076,1909f56bfc062723c751e8b465ee728b)
Start importing Assets/Scripts/炮塔炮管/TowerGunPanel.cs using Guid(d862f7327096b9947b2e16988c399021) Importer(815301076,1909f56bfc062723c751e8b465ee728b) [PhysX] Initialized MultithreadedTaskDispatcher with 16 workers.
 -> (artifact id: '8808f0ff985cbc56873ab379229e2f89') in 0.002963 seconds
Number of updated asset objects reloaded before import = 0
Number of asset objects unloaded after import = 0
========================================================================
Received Import Request.
  Time since last request: 0.542138 seconds.
  path: Assets/Scripts/炮塔炮管/TowerGunSkinItem.cs
  artifactKey: Guid(e2f48ac757d2436419d3eb4c44218dc7) Importer(815301076,1909f56bfc062723c751e8b465ee728b)
Start importing Assets/Scripts/炮塔炮管/TowerGunSkinItem.cs using Guid(e2f48ac757d2436419d3eb4c44218dc7) Importer(815301076,1909f56bfc062723c751e8b465ee728b) [PhysX] Initialized MultithreadedTaskDispatcher with 16 workers.
 -> (artifact id: 'a8ec48bae22454329dfbf6a28cc55f7e') in 0.000685 seconds
Number of updated asset objects reloaded before import = 0
Number of asset objects unloaded after import = 0
========================================================================
Received Import Request.
  Time since last request: 28.349724 seconds.
  path: Assets/Prefabs/炮塔/基础炮塔.prefab
  artifactKey: Guid(44a5b1baf0b997c49a539842a492b44f) Importer(815301076,1909f56bfc062723c751e8b465ee728b)
Start importing Assets/Prefabs/炮塔/基础炮塔.prefab using Guid(44a5b1baf0b997c49a539842a492b44f) Importer(815301076,1909f56bfc062723c751e8b465ee728b) [PhysX] Initialized MultithreadedTaskDispatcher with 16 workers.
 -> (artifact id: '82c6ccb16daa3b65c650d63d09d25a42') in 0.000888 seconds
Number of updated asset objects reloaded before import = 0
Number of asset objects unloaded after import = 0
========================================================================
Received Import Request.
  Time since last request: 49.350576 seconds.
  path: Assets/Prefabs/炮塔/皮肤item.prefab
  artifactKey: Guid(63738e1adeebb6d4e9436471f65f28b7) Importer(815301076,1909f56bfc062723c751e8b465ee728b)
Start importing Assets/Prefabs/炮塔/皮肤item.prefab using Guid(63738e1adeebb6d4e9436471f65f28b7) Importer(815301076,1909f56bfc062723c751e8b465ee728b) [PhysX] Initialized MultithreadedTaskDispatcher with 16 workers.
 -> (artifact id: '5aa64718b358714ee5253adfaa643de2') in 0.000526 seconds
Number of updated asset objects reloaded before import = 0
Number of asset objects unloaded after import = 0
========================================================================
Received Import Request.
  Time since last request: 14.271784 seconds.
  path: Assets/Prefabs/炮塔/炮塔皮肤
  artifactKey: Guid(a8c06a1627863b14c9576354959a2e57) Importer(815301076,1909f56bfc062723c751e8b465ee728b)
Start importing Assets/Prefabs/炮塔/炮塔皮肤 using Guid(a8c06a1627863b14c9576354959a2e57) Importer(815301076,1909f56bfc062723c751e8b465ee728b) [PhysX] Initialized MultithreadedTaskDispatcher with 16 workers.
 -> (artifact id: '3fbe4d4f5d301665ecdf1bf63d70e344') in 0.000804 seconds
Number of updated asset objects reloaded before import = 0
Number of asset objects unloaded after import = 0
========================================================================
Received Import Request.
  Time since last request: 2.537720 seconds.
  path: Assets/Prefabs/炮塔/基础炮塔.prefab
  artifactKey: Guid(44a5b1baf0b997c49a539842a492b44f) Importer(815301076,1909f56bfc062723c751e8b465ee728b)
Start importing Assets/Prefabs/炮塔/基础炮塔.prefab using Guid(44a5b1baf0b997c49a539842a492b44f) Importer(815301076,1909f56bfc062723c751e8b465ee728b) [PhysX] Initialized MultithreadedTaskDispatcher with 16 workers.
 -> (artifact id: '82c6ccb16daa3b65c650d63d09d25a42') in 0.000517 seconds
Number of updated asset objects reloaded before import = 0
Number of asset objects unloaded after import = 0
========================================================================
Received Import Request.
  Time since last request: 96.735632 seconds.
  path: Assets/Prefabs/炮塔/炮管
  artifactKey: Guid(fdb52d41d660e84438ec47386920bbf3) Importer(815301076,1909f56bfc062723c751e8b465ee728b)
Start importing Assets/Prefabs/炮塔/炮管 using Guid(fdb52d41d660e84438ec47386920bbf3) Importer(815301076,1909f56bfc062723c751e8b465ee728b) [PhysX] Initialized MultithreadedTaskDispatcher with 16 workers.
 -> (artifact id: '3f233b5ee38924a8a8ca367e99d71acc') in 0.000803 seconds
Number of updated asset objects reloaded before import = 0
Number of asset objects unloaded after import = 0
========================================================================
Received Import Request.
  Time since last request: 4.674240 seconds.
  path: Assets/Prefabs/炮塔/底座
  artifactKey: Guid(b292ac78aeaa536488695b4761ea2770) Importer(815301076,1909f56bfc062723c751e8b465ee728b)
Start importing Assets/Prefabs/炮塔/底座 using Guid(b292ac78aeaa536488695b4761ea2770) Importer(815301076,1909f56bfc062723c751e8b465ee728b) [PhysX] Initialized MultithreadedTaskDispatcher with 16 workers.
 -> (artifact id: 'e3e25b9fd875829f119d7c55bdeace28') in 0.000777 seconds
Number of updated asset objects reloaded before import = 0
Number of asset objects unloaded after import = 0
========================================================================
Received Import Request.
  Time since last request: 4.224758 seconds.
  path: Assets/Prefabs/炮塔/子弹
  artifactKey: Guid(96cafba72b8bb46488cb82f41d96b9a9) Importer(815301076,1909f56bfc062723c751e8b465ee728b)
Start importing Assets/Prefabs/炮塔/子弹 using Guid(96cafba72b8bb46488cb82f41d96b9a9) Importer(815301076,1909f56bfc062723c751e8b465ee728b) [PhysX] Initialized MultithreadedTaskDispatcher with 16 workers.
 -> (artifact id: '186737da43b84dfa3d64bc82d783c125') in 0.000853 seconds
Number of updated asset objects reloaded before import = 0
Number of asset objects unloaded after import = 0
========================================================================
Received Import Request.
  Time since last request: 9.013485 seconds.
  path: Assets/Prefabs/炮塔/炮管/基础炮塔.prefab
  artifactKey: Guid(44a5b1baf0b997c49a539842a492b44f) Importer(815301076,1909f56bfc062723c751e8b465ee728b)
Start importing Assets/Prefabs/炮塔/炮管/基础炮塔.prefab using Guid(44a5b1baf0b997c49a539842a492b44f) Importer(815301076,1909f56bfc062723c751e8b465ee728b) [PhysX] Initialized MultithreadedTaskDispatcher with 16 workers.
 -> (artifact id: 'ad263a6465d9ccfe6fb6e422131d053d') in 0.000505 seconds
Number of updated asset objects reloaded before import = 0
Number of asset objects unloaded after import = 0
========================================================================
Received Import Request.
  Time since last request: 4.265029 seconds.
  path: Assets/Prefabs/炮塔/炮管/基础炮管.prefab
  artifactKey: Guid(44a5b1baf0b997c49a539842a492b44f) Importer(815301076,1909f56bfc062723c751e8b465ee728b)
Start importing Assets/Prefabs/炮塔/炮管/基础炮管.prefab using Guid(44a5b1baf0b997c49a539842a492b44f) Importer(815301076,1909f56bfc062723c751e8b465ee728b) [PhysX] Initialized MultithreadedTaskDispatcher with 16 workers.
 -> (artifact id: '6d36858698e5a1c40f4a8b73e09bad72') in 0.000544 seconds
Number of updated asset objects reloaded before import = 0
Number of asset objects unloaded after import = 0
========================================================================
Received Import Request.
  Time since last request: 9.594109 seconds.
  path: Assets/Prefabs/炮塔/炮管/基础炮管 1.prefab
  artifactKey: Guid(8cc84087fed36c440b911cc8d7d4540e) Importer(815301076,1909f56bfc062723c751e8b465ee728b)
Start importing Assets/Prefabs/炮塔/炮管/基础炮管 1.prefab using Guid(8cc84087fed36c440b911cc8d7d4540e) Importer(815301076,1909f56bfc062723c751e8b465ee728b) [PhysX] Initialized MultithreadedTaskDispatcher with 16 workers.
 -> (artifact id: '2389566b0ae4669fa9fa73c3e0bd88f3') in 0.000497 seconds
Number of updated asset objects reloaded before import = 0
Number of asset objects unloaded after import = 0
========================================================================
Received Import Request.
  Time since last request: 0.264476 seconds.
  path: Assets/Prefabs/炮塔/炮管/基础炮管 2.prefab
  artifactKey: Guid(903f5ff9ee7ed124a93816306ba0b768) Importer(815301076,1909f56bfc062723c751e8b465ee728b)
Start importing Assets/Prefabs/炮塔/炮管/基础炮管 2.prefab using Guid(903f5ff9ee7ed124a93816306ba0b768) Importer(815301076,1909f56bfc062723c751e8b465ee728b) [PhysX] Initialized MultithreadedTaskDispatcher with 16 workers.
 -> (artifact id: '48923a75774de5f308151ebffa60033c') in 0.000486 seconds
Number of updated asset objects reloaded before import = 0
Number of asset objects unloaded after import = 0
========================================================================
Received Import Request.
  Time since last request: 0.300567 seconds.
  path: Assets/Prefabs/炮塔/炮管/基础炮管 3.prefab
  artifactKey: Guid(adbc537fc79afaf4b8ed6057b337c9a3) Importer(815301076,1909f56bfc062723c751e8b465ee728b)
Start importing Assets/Prefabs/炮塔/炮管/基础炮管 3.prefab using Guid(adbc537fc79afaf4b8ed6057b337c9a3) Importer(815301076,1909f56bfc062723c751e8b465ee728b) [PhysX] Initialized MultithreadedTaskDispatcher with 16 workers.
 -> (artifact id: 'b9f93ba999fa9e3a7ddf57e8f070e467') in 0.000562 seconds
Number of updated asset objects reloaded before import = 0
Number of asset objects unloaded after import = 0
========================================================================
Received Import Request.
  Time since last request: 0.514463 seconds.
  path: Assets/Prefabs/炮塔/炮管/基础炮管 4.prefab
  artifactKey: Guid(6f0a613487e6c504c808caa3e1073e92) Importer(815301076,1909f56bfc062723c751e8b465ee728b)
Start importing Assets/Prefabs/炮塔/炮管/基础炮管 4.prefab using Guid(6f0a613487e6c504c808caa3e1073e92) Importer(815301076,1909f56bfc062723c751e8b465ee728b) [PhysX] Initialized MultithreadedTaskDispatcher with 16 workers.
 -> (artifact id: 'b314e2de1134d439b1a2ab7a39026713') in 0.000498 seconds
Number of updated asset objects reloaded before import = 0
Number of asset objects unloaded after import = 0
========================================================================
Received Import Request.
  Time since last request: 31.311763 seconds.
  path: Assets/Prefabs/炮塔/炮管/基础炮管 1.prefab
  artifactKey: Guid(8cc84087fed36c440b911cc8d7d4540e) Importer(815301076,1909f56bfc062723c751e8b465ee728b)
Start importing Assets/Prefabs/炮塔/炮管/基础炮管 1.prefab using Guid(8cc84087fed36c440b911cc8d7d4540e) Importer(815301076,1909f56bfc062723c751e8b465ee728b) [PhysX] Initialized MultithreadedTaskDispatcher with 16 workers.
 -> (artifact id: '2389566b0ae4669fa9fa73c3e0bd88f3') in 0.000479 seconds
Number of updated asset objects reloaded before import = 0
Number of asset objects unloaded after import = 0
========================================================================
Received Import Request.
  Time since last request: 5.938943 seconds.
  path: Assets/Prefabs/炮塔/炮管/弹射炮管.prefab
  artifactKey: Guid(8cc84087fed36c440b911cc8d7d4540e) Importer(815301076,1909f56bfc062723c751e8b465ee728b)
Start importing Assets/Prefabs/炮塔/炮管/弹射炮管.prefab using Guid(8cc84087fed36c440b911cc8d7d4540e) Importer(815301076,1909f56bfc062723c751e8b465ee728b) [PhysX] Initialized MultithreadedTaskDispatcher with 16 workers.
 -> (artifact id: 'ae458b3d0eab99263e47d8fd4d1163f5') in 0.000478 seconds
Number of updated asset objects reloaded before import = 0
Number of asset objects unloaded after import = 0
========================================================================
Received Import Request.
  Time since last request: 1.065625 seconds.
  path: Assets/Prefabs/炮塔/炮管/基础炮管 2.prefab
  artifactKey: Guid(903f5ff9ee7ed124a93816306ba0b768) Importer(815301076,1909f56bfc062723c751e8b465ee728b)
Start importing Assets/Prefabs/炮塔/炮管/基础炮管 2.prefab using Guid(903f5ff9ee7ed124a93816306ba0b768) Importer(815301076,1909f56bfc062723c751e8b465ee728b) [PhysX] Initialized MultithreadedTaskDispatcher with 16 workers.
 -> (artifact id: '48923a75774de5f308151ebffa60033c') in 0.000478 seconds
Number of updated asset objects reloaded before import = 0
Number of asset objects unloaded after import = 0
========================================================================
Received Import Request.
  Time since last request: 2.718627 seconds.
  path: Assets/Prefabs/炮塔/炮管/散射炮管 2.prefab
  artifactKey: Guid(903f5ff9ee7ed124a93816306ba0b768) Importer(815301076,1909f56bfc062723c751e8b465ee728b)
Start importing Assets/Prefabs/炮塔/炮管/散射炮管 2.prefab using Guid(903f5ff9ee7ed124a93816306ba0b768) Importer(815301076,1909f56bfc062723c751e8b465ee728b) [PhysX] Initialized MultithreadedTaskDispatcher with 16 workers.
 -> (artifact id: '81180fb91e40c2e1b678846919c0dc58') in 0.000532 seconds
Number of updated asset objects reloaded before import = 0
Number of asset objects unloaded after import = 0
========================================================================
Received Import Request.
  Time since last request: 1.135473 seconds.
  path: Assets/Prefabs/炮塔/炮管/弹射炮管.prefab
  artifactKey: Guid(8cc84087fed36c440b911cc8d7d4540e) Importer(815301076,1909f56bfc062723c751e8b465ee728b)
Start importing Assets/Prefabs/炮塔/炮管/弹射炮管.prefab using Guid(8cc84087fed36c440b911cc8d7d4540e) Importer(815301076,1909f56bfc062723c751e8b465ee728b) [PhysX] Initialized MultithreadedTaskDispatcher with 16 workers.
 -> (artifact id: 'ae458b3d0eab99263e47d8fd4d1163f5') in 0.000497 seconds
Number of updated asset objects reloaded before import = 0
Number of asset objects unloaded after import = 0
========================================================================
Received Import Request.
  Time since last request: 2.162417 seconds.
  path: Assets/Prefabs/炮塔/炮管/散射炮管.prefab
  artifactKey: Guid(903f5ff9ee7ed124a93816306ba0b768) Importer(815301076,1909f56bfc062723c751e8b465ee728b)
Start importing Assets/Prefabs/炮塔/炮管/散射炮管.prefab using Guid(903f5ff9ee7ed124a93816306ba0b768) Importer(815301076,1909f56bfc062723c751e8b465ee728b) [PhysX] Initialized MultithreadedTaskDispatcher with 16 workers.
 -> (artifact id: '4521ad57b289441d6513a536a6273631') in 0.000720 seconds
Number of updated asset objects reloaded before import = 0
Number of asset objects unloaded after import = 0
========================================================================
Received Import Request.
  Time since last request: 0.512081 seconds.
  path: Assets/Prefabs/炮塔/炮管/基础炮管 3.prefab
  artifactKey: Guid(adbc537fc79afaf4b8ed6057b337c9a3) Importer(815301076,1909f56bfc062723c751e8b465ee728b)
Start importing Assets/Prefabs/炮塔/炮管/基础炮管 3.prefab using Guid(adbc537fc79afaf4b8ed6057b337c9a3) Importer(815301076,1909f56bfc062723c751e8b465ee728b) [PhysX] Initialized MultithreadedTaskDispatcher with 16 workers.
 -> (artifact id: 'b9f93ba999fa9e3a7ddf57e8f070e467') in 0.000483 seconds
Number of updated asset objects reloaded before import = 0
Number of asset objects unloaded after import = 0
========================================================================
Received Import Request.
  Time since last request: 6.260574 seconds.
  path: Assets/Prefabs/炮塔/炮管/狙击炮管.prefab
  artifactKey: Guid(adbc537fc79afaf4b8ed6057b337c9a3) Importer(815301076,1909f56bfc062723c751e8b465ee728b)
Start importing Assets/Prefabs/炮塔/炮管/狙击炮管.prefab using Guid(adbc537fc79afaf4b8ed6057b337c9a3) Importer(815301076,1909f56bfc062723c751e8b465ee728b) [PhysX] Initialized MultithreadedTaskDispatcher with 16 workers.
 -> (artifact id: 'b5d8a1af6e2c95c104e5d5da8da68294') in 0.000478 seconds
Number of updated asset objects reloaded before import = 0
Number of asset objects unloaded after import = 0
========================================================================
Received Import Request.
  Time since last request: 0.559879 seconds.
  path: Assets/Prefabs/炮塔/炮管/基础炮管 4.prefab
  artifactKey: Guid(6f0a613487e6c504c808caa3e1073e92) Importer(815301076,1909f56bfc062723c751e8b465ee728b)
Start importing Assets/Prefabs/炮塔/炮管/基础炮管 4.prefab using Guid(6f0a613487e6c504c808caa3e1073e92) Importer(815301076,1909f56bfc062723c751e8b465ee728b) [PhysX] Initialized MultithreadedTaskDispatcher with 16 workers.
 -> (artifact id: 'b314e2de1134d439b1a2ab7a39026713') in 0.000500 seconds
Number of updated asset objects reloaded before import = 0
Number of asset objects unloaded after import = 0
========================================================================
Received Import Request.
  Time since last request: 3.642444 seconds.
  path: Assets/Prefabs/炮塔/炮管/穿透炮管 4.prefab
  artifactKey: Guid(6f0a613487e6c504c808caa3e1073e92) Importer(815301076,1909f56bfc062723c751e8b465ee728b)
Start importing Assets/Prefabs/炮塔/炮管/穿透炮管 4.prefab using Guid(6f0a613487e6c504c808caa3e1073e92) Importer(815301076,1909f56bfc062723c751e8b465ee728b) [PhysX] Initialized MultithreadedTaskDispatcher with 16 workers.
 -> (artifact id: '179f8679d7e995b5ee59565918659033') in 0.000500 seconds
Number of updated asset objects reloaded before import = 0
Number of asset objects unloaded after import = 0
========================================================================
Received Import Request.
  Time since last request: 2.979367 seconds.
  path: Assets/Prefabs/炮塔/炮管/穿透炮管.prefab
  artifactKey: Guid(6f0a613487e6c504c808caa3e1073e92) Importer(815301076,1909f56bfc062723c751e8b465ee728b)
Start importing Assets/Prefabs/炮塔/炮管/穿透炮管.prefab using Guid(6f0a613487e6c504c808caa3e1073e92) Importer(815301076,1909f56bfc062723c751e8b465ee728b) [PhysX] Initialized MultithreadedTaskDispatcher with 16 workers.
 -> (artifact id: 'a1a10b246d7d168982a9b43ce1bcff1b') in 0.000513 seconds
Number of updated asset objects reloaded before import = 0
Number of asset objects unloaded after import = 0
========================================================================
Received Import Request.
  Time since last request: 0.897893 seconds.
  path: Assets/Prefabs/炮塔/炮管/穿透炮管 1.prefab
  artifactKey: Guid(bfce20fbebf999344abdb71b558571d6) Importer(815301076,1909f56bfc062723c751e8b465ee728b)
Start importing Assets/Prefabs/炮塔/炮管/穿透炮管 1.prefab using Guid(bfce20fbebf999344abdb71b558571d6) Importer(815301076,1909f56bfc062723c751e8b465ee728b) [PhysX] Initialized MultithreadedTaskDispatcher with 16 workers.
 -> (artifact id: '7e924455a7a0176fc69e273f2e5761ca') in 0.000507 seconds
Number of updated asset objects reloaded before import = 0
Number of asset objects unloaded after import = 0
========================================================================
Received Import Request.
  Time since last request: 5.992989 seconds.
  path: Assets/Prefabs/炮塔/炮管/连发炮管.prefab
  artifactKey: Guid(bfce20fbebf999344abdb71b558571d6) Importer(815301076,1909f56bfc062723c751e8b465ee728b)
Start importing Assets/Prefabs/炮塔/炮管/连发炮管.prefab using Guid(bfce20fbebf999344abdb71b558571d6) Importer(815301076,1909f56bfc062723c751e8b465ee728b) [PhysX] Initialized MultithreadedTaskDispatcher with 16 workers.
 -> (artifact id: 'a92efe1bffb05d8795435ee762225e64') in 0.000479 seconds
Number of updated asset objects reloaded before import = 0
Number of asset objects unloaded after import = 0
========================================================================
Received Import Request.
  Time since last request: 2.924451 seconds.
  path: Assets/Prefabs/炮塔/炮管/弹射炮管.prefab
  artifactKey: Guid(8cc84087fed36c440b911cc8d7d4540e) Importer(815301076,1909f56bfc062723c751e8b465ee728b)
Start importing Assets/Prefabs/炮塔/炮管/弹射炮管.prefab using Guid(8cc84087fed36c440b911cc8d7d4540e) Importer(815301076,1909f56bfc062723c751e8b465ee728b) [PhysX] Initialized MultithreadedTaskDispatcher with 16 workers.
 -> (artifact id: 'ae458b3d0eab99263e47d8fd4d1163f5') in 0.000492 seconds
Number of updated asset objects reloaded before import = 0
Number of asset objects unloaded after import = 0
========================================================================
Received Import Request.
  Time since last request: 0.975412 seconds.
  path: Assets/Prefabs/炮塔/炮管/基础炮管.prefab
  artifactKey: Guid(44a5b1baf0b997c49a539842a492b44f) Importer(815301076,1909f56bfc062723c751e8b465ee728b)
Start importing Assets/Prefabs/炮塔/炮管/基础炮管.prefab using Guid(44a5b1baf0b997c49a539842a492b44f) Importer(815301076,1909f56bfc062723c751e8b465ee728b) [PhysX] Initialized MultithreadedTaskDispatcher with 16 workers.
 -> (artifact id: '6d36858698e5a1c40f4a8b73e09bad72') in 0.000698 seconds
Number of updated asset objects reloaded before import = 0
Number of asset objects unloaded after import = 0
========================================================================
Received Import Request.
  Time since last request: 1.009489 seconds.
  path: Assets/Prefabs/炮塔/炮管/散射炮管.prefab
  artifactKey: Guid(903f5ff9ee7ed124a93816306ba0b768) Importer(815301076,1909f56bfc062723c751e8b465ee728b)
Start importing Assets/Prefabs/炮塔/炮管/散射炮管.prefab using Guid(903f5ff9ee7ed124a93816306ba0b768) Importer(815301076,1909f56bfc062723c751e8b465ee728b) [PhysX] Initialized MultithreadedTaskDispatcher with 16 workers.
 -> (artifact id: '4521ad57b289441d6513a536a6273631') in 0.000474 seconds
Number of updated asset objects reloaded before import = 0
Number of asset objects unloaded after import = 0
========================================================================
Received Import Request.
  Time since last request: 15.656060 seconds.
  path: Assets/Scripts/Tower/PierceTower.cs
  artifactKey: Guid(72f3327eb5731cd4a9c468d53486a700) Importer(815301076,1909f56bfc062723c751e8b465ee728b)
Start importing Assets/Scripts/Tower/PierceTower.cs using Guid(72f3327eb5731cd4a9c468d53486a700) Importer(815301076,1909f56bfc062723c751e8b465ee728b) [PhysX] Initialized MultithreadedTaskDispatcher with 16 workers.
 -> (artifact id: '92b4da1ea80c6f6ccce34ede837b811d') in 0.000540 seconds
Number of updated asset objects reloaded before import = 0
Number of asset objects unloaded after import = 0
========================================================================
Received Import Request.
  Time since last request: 3.622963 seconds.
  path: Assets/Scripts/Tower/RapidTower.cs
  artifactKey: Guid(cd677471d4332934a960dcbcd6e6d073) Importer(815301076,1909f56bfc062723c751e8b465ee728b)
Start importing Assets/Scripts/Tower/RapidTower.cs using Guid(cd677471d4332934a960dcbcd6e6d073) Importer(815301076,1909f56bfc062723c751e8b465ee728b) [PhysX] Initialized MultithreadedTaskDispatcher with 16 workers.
 -> (artifact id: '83f041beb377904cf9e112d8bf4b9ff0') in 0.000549 seconds
Number of updated asset objects reloaded before import = 0
Number of asset objects unloaded after import = 0
========================================================================
Received Import Request.
  Time since last request: 1.842773 seconds.
  path: Assets/Scripts/Tower/RicochetTower.cs
  artifactKey: Guid(91693135b2bbd044c8898e32eca14683) Importer(815301076,1909f56bfc062723c751e8b465ee728b)
Start importing Assets/Scripts/Tower/RicochetTower.cs using Guid(91693135b2bbd044c8898e32eca14683) Importer(815301076,1909f56bfc062723c751e8b465ee728b) [PhysX] Initialized MultithreadedTaskDispatcher with 16 workers.
 -> (artifact id: '08bcf290716abdbfe19c7f3870c4e6a9') in 0.000568 seconds
Number of updated asset objects reloaded before import = 0
Number of asset objects unloaded after import = 0
========================================================================
Received Import Request.
  Time since last request: 33.612379 seconds.
  path: Assets/Prefabs/炮塔/炮管/弹射炮管.prefab
  artifactKey: Guid(8cc84087fed36c440b911cc8d7d4540e) Importer(815301076,1909f56bfc062723c751e8b465ee728b)
Start importing Assets/Prefabs/炮塔/炮管/弹射炮管.prefab using Guid(8cc84087fed36c440b911cc8d7d4540e) Importer(815301076,1909f56bfc062723c751e8b465ee728b) [PhysX] Initialized MultithreadedTaskDispatcher with 16 workers.
 -> (artifact id: '91d333a79ab7cd094cfd7a6e338dcf16') in 0.000538 seconds
Number of updated asset objects reloaded before import = 0
Number of asset objects unloaded after import = 0
========================================================================
Received Import Request.
  Time since last request: 17.368367 seconds.
  path: Assets/Prefabs/炮塔/炮管/弹射炮管.prefab
  artifactKey: Guid(8cc84087fed36c440b911cc8d7d4540e) Importer(815301076,1909f56bfc062723c751e8b465ee728b)
Start importing Assets/Prefabs/炮塔/炮管/弹射炮管.prefab using Guid(8cc84087fed36c440b911cc8d7d4540e) Importer(815301076,1909f56bfc062723c751e8b465ee728b) [PhysX] Initialized MultithreadedTaskDispatcher with 16 workers.
 -> (artifact id: 'ae458b3d0eab99263e47d8fd4d1163f5') in 0.000509 seconds
Number of updated asset objects reloaded before import = 0
Number of asset objects unloaded after import = 0
========================================================================
Received Import Request.
  Time since last request: 7.099258 seconds.
  path: Assets/Prefabs/炮塔/炮管/弹射炮管.prefab
  artifactKey: Guid(8cc84087fed36c440b911cc8d7d4540e) Importer(815301076,1909f56bfc062723c751e8b465ee728b)
Start importing Assets/Prefabs/炮塔/炮管/弹射炮管.prefab using Guid(8cc84087fed36c440b911cc8d7d4540e) Importer(815301076,1909f56bfc062723c751e8b465ee728b) [PhysX] Initialized MultithreadedTaskDispatcher with 16 workers.
 -> (artifact id: 'fb4f049d05b876f829a1ec780a830c62') in 0.000539 seconds
Number of updated asset objects reloaded before import = 0
Number of asset objects unloaded after import = 0
========================================================================
Received Import Request.
  Time since last request: 32.593502 seconds.
  path: Assets/Prefabs/炮塔/炮管/散射炮管.prefab
  artifactKey: Guid(903f5ff9ee7ed124a93816306ba0b768) Importer(815301076,1909f56bfc062723c751e8b465ee728b)
Start importing Assets/Prefabs/炮塔/炮管/散射炮管.prefab using Guid(903f5ff9ee7ed124a93816306ba0b768) Importer(815301076,1909f56bfc062723c751e8b465ee728b) [PhysX] Initialized MultithreadedTaskDispatcher with 16 workers.
 -> (artifact id: '4521ad57b289441d6513a536a6273631') in 0.000520 seconds
Number of updated asset objects reloaded before import = 0
Number of asset objects unloaded after import = 0
========================================================================
Received Import Request.
  Time since last request: 9.530908 seconds.
  path: Assets/Prefabs/炮塔/炮管/散射炮管.prefab
  artifactKey: Guid(903f5ff9ee7ed124a93816306ba0b768) Importer(815301076,1909f56bfc062723c751e8b465ee728b)
Start importing Assets/Prefabs/炮塔/炮管/散射炮管.prefab using Guid(903f5ff9ee7ed124a93816306ba0b768) Importer(815301076,1909f56bfc062723c751e8b465ee728b) [PhysX] Initialized MultithreadedTaskDispatcher with 16 workers.
 -> (artifact id: '0b0bd7982ff7e9cf3a0623181af3f31f') in 0.000525 seconds
Number of updated asset objects reloaded before import = 0
Number of asset objects unloaded after import = 0
========================================================================
Received Import Request.
  Time since last request: 15.970818 seconds.
  path: Assets/Prefabs/炮塔/炮管/弹射炮管.prefab
  artifactKey: Guid(8cc84087fed36c440b911cc8d7d4540e) Importer(815301076,1909f56bfc062723c751e8b465ee728b)
Start importing Assets/Prefabs/炮塔/炮管/弹射炮管.prefab using Guid(8cc84087fed36c440b911cc8d7d4540e) Importer(815301076,1909f56bfc062723c751e8b465ee728b) [PhysX] Initialized MultithreadedTaskDispatcher with 16 workers.
 -> (artifact id: 'dc023f8f53b9e236fdbca93b3ccc7210') in 0.000540 seconds
Number of updated asset objects reloaded before import = 0
Number of asset objects unloaded after import = 0
========================================================================
Received Import Request.
  Time since last request: 0.809674 seconds.
  path: Assets/Prefabs/炮塔/炮管/狙击炮管.prefab
  artifactKey: Guid(adbc537fc79afaf4b8ed6057b337c9a3) Importer(815301076,1909f56bfc062723c751e8b465ee728b)
Start importing Assets/Prefabs/炮塔/炮管/狙击炮管.prefab using Guid(adbc537fc79afaf4b8ed6057b337c9a3) Importer(815301076,1909f56bfc062723c751e8b465ee728b) [PhysX] Initialized MultithreadedTaskDispatcher with 16 workers.
 -> (artifact id: 'b5d8a1af6e2c95c104e5d5da8da68294') in 0.000491 seconds
Number of updated asset objects reloaded before import = 0
Number of asset objects unloaded after import = 0
========================================================================
Received Import Request.
  Time since last request: 34.306087 seconds.
  path: Assets/Prefabs/炮塔/炮管/狙击炮管.prefab
  artifactKey: Guid(adbc537fc79afaf4b8ed6057b337c9a3) Importer(815301076,1909f56bfc062723c751e8b465ee728b)
Start importing Assets/Prefabs/炮塔/炮管/狙击炮管.prefab using Guid(adbc537fc79afaf4b8ed6057b337c9a3) Importer(815301076,1909f56bfc062723c751e8b465ee728b) [PhysX] Initialized MultithreadedTaskDispatcher with 16 workers.
 -> (artifact id: '7a68cf3a1a5cbe1aeb2f3e0fd5fdac6c') in 0.000544 seconds
Number of updated asset objects reloaded before import = 0
Number of asset objects unloaded after import = 0
========================================================================
Received Import Request.
  Time since last request: 0.825494 seconds.
  path: Assets/Prefabs/炮塔/炮管/穿透炮管.prefab
  artifactKey: Guid(6f0a613487e6c504c808caa3e1073e92) Importer(815301076,1909f56bfc062723c751e8b465ee728b)
Start importing Assets/Prefabs/炮塔/炮管/穿透炮管.prefab using Guid(6f0a613487e6c504c808caa3e1073e92) Importer(815301076,1909f56bfc062723c751e8b465ee728b) [PhysX] Initialized MultithreadedTaskDispatcher with 16 workers.
 -> (artifact id: 'a1a10b246d7d168982a9b43ce1bcff1b') in 0.000555 seconds
Number of updated asset objects reloaded before import = 0
Number of asset objects unloaded after import = 0
========================================================================
Received Import Request.
  Time since last request: 22.060821 seconds.
  path: Assets/Prefabs/炮塔/炮管/连发炮管.prefab
  artifactKey: Guid(bfce20fbebf999344abdb71b558571d6) Importer(815301076,1909f56bfc062723c751e8b465ee728b)
Start importing Assets/Prefabs/炮塔/炮管/连发炮管.prefab using Guid(bfce20fbebf999344abdb71b558571d6) Importer(815301076,1909f56bfc062723c751e8b465ee728b) [PhysX] Initialized MultithreadedTaskDispatcher with 16 workers.
 -> (artifact id: 'a92efe1bffb05d8795435ee762225e64') in 0.000529 seconds
Number of updated asset objects reloaded before import = 0
Number of asset objects unloaded after import = 0
========================================================================
Received Import Request.
  Time since last request: 21.723087 seconds.
  path: Assets/Prefabs/炮塔/炮管/基础炮管.prefab
  artifactKey: Guid(44a5b1baf0b997c49a539842a492b44f) Importer(815301076,1909f56bfc062723c751e8b465ee728b)
Start importing Assets/Prefabs/炮塔/炮管/基础炮管.prefab using Guid(44a5b1baf0b997c49a539842a492b44f) Importer(815301076,1909f56bfc062723c751e8b465ee728b) [PhysX] Initialized MultithreadedTaskDispatcher with 16 workers.
 -> (artifact id: '6d36858698e5a1c40f4a8b73e09bad72') in 0.000480 seconds
Number of updated asset objects reloaded before import = 0
Number of asset objects unloaded after import = 0
========================================================================
Received Import Request.
  Time since last request: 2.392576 seconds.
  path: Assets/Prefabs/炮塔/炮管/弹射炮管.prefab
  artifactKey: Guid(8cc84087fed36c440b911cc8d7d4540e) Importer(815301076,1909f56bfc062723c751e8b465ee728b)
Start importing Assets/Prefabs/炮塔/炮管/弹射炮管.prefab using Guid(8cc84087fed36c440b911cc8d7d4540e) Importer(815301076,1909f56bfc062723c751e8b465ee728b) [PhysX] Initialized MultithreadedTaskDispatcher with 16 workers.
 -> (artifact id: 'dc023f8f53b9e236fdbca93b3ccc7210') in 0.000487 seconds
Number of updated asset objects reloaded before import = 0
Number of asset objects unloaded after import = 0
========================================================================
Received Import Request.
  Time since last request: 0.865361 seconds.
  path: Assets/Prefabs/炮塔/炮管/散射炮管.prefab
  artifactKey: Guid(903f5ff9ee7ed124a93816306ba0b768) Importer(815301076,1909f56bfc062723c751e8b465ee728b)
Start importing Assets/Prefabs/炮塔/炮管/散射炮管.prefab using Guid(903f5ff9ee7ed124a93816306ba0b768) Importer(815301076,1909f56bfc062723c751e8b465ee728b) [PhysX] Initialized MultithreadedTaskDispatcher with 16 workers.
 -> (artifact id: '556d1e40a70ef0adf32cae41e23cef4a') in 0.000479 seconds
Number of updated asset objects reloaded before import = 0
Number of asset objects unloaded after import = 0
========================================================================
Received Import Request.
  Time since last request: 0.388973 seconds.
  path: Assets/Prefabs/炮塔/炮管/狙击炮管.prefab
  artifactKey: Guid(adbc537fc79afaf4b8ed6057b337c9a3) Importer(815301076,1909f56bfc062723c751e8b465ee728b)
Start importing Assets/Prefabs/炮塔/炮管/狙击炮管.prefab using Guid(adbc537fc79afaf4b8ed6057b337c9a3) Importer(815301076,1909f56bfc062723c751e8b465ee728b) [PhysX] Initialized MultithreadedTaskDispatcher with 16 workers.
 -> (artifact id: '7a68cf3a1a5cbe1aeb2f3e0fd5fdac6c') in 0.000488 seconds
Number of updated asset objects reloaded before import = 0
Number of asset objects unloaded after import = 0
========================================================================
Received Import Request.
  Time since last request: 0.313998 seconds.
  path: Assets/Prefabs/炮塔/炮管/穿透炮管.prefab
  artifactKey: Guid(6f0a613487e6c504c808caa3e1073e92) Importer(815301076,1909f56bfc062723c751e8b465ee728b)
Start importing Assets/Prefabs/炮塔/炮管/穿透炮管.prefab using Guid(6f0a613487e6c504c808caa3e1073e92) Importer(815301076,1909f56bfc062723c751e8b465ee728b) [PhysX] Initialized MultithreadedTaskDispatcher with 16 workers.
 -> (artifact id: '4b2da209d5e034c30b03f0100bc9c7ad') in 0.000504 seconds
Number of updated asset objects reloaded before import = 0
Number of asset objects unloaded after import = 0
========================================================================
Received Import Request.
  Time since last request: 0.331457 seconds.
  path: Assets/Prefabs/炮塔/炮管/连发炮管.prefab
  artifactKey: Guid(bfce20fbebf999344abdb71b558571d6) Importer(815301076,1909f56bfc062723c751e8b465ee728b)
Start importing Assets/Prefabs/炮塔/炮管/连发炮管.prefab using Guid(bfce20fbebf999344abdb71b558571d6) Importer(815301076,1909f56bfc062723c751e8b465ee728b) [PhysX] Initialized MultithreadedTaskDispatcher with 16 workers.
 -> (artifact id: '2a06beff09a970742f227680ab23a69c') in 0.000519 seconds
Number of updated asset objects reloaded before import = 0
Number of asset objects unloaded after import = 0
========================================================================
Received Prepare
Caller must complete domain reload
Begin MonoManager ReloadAssembly
- Loaded All Assemblies, in  0.634 seconds
Native extension for WindowsStandalone target not found
Native extension for WebGL target not found
Mono: successfully reloaded assembly
- Finished resetting the current domain, in  1.292 seconds
Domain Reload Profiling: 1925ms
	BeginReloadAssembly (175ms)
		ExecutionOrderSort (0ms)
		DisableScriptedObjects (14ms)
		BackupInstance (0ms)
		ReleaseScriptingObjects (0ms)
		CreateAndSetChildDomain (35ms)
	RebuildCommonClasses (34ms)
	RebuildNativeTypeToScriptingClass (13ms)
	initialDomainReloadingComplete (35ms)
	LoadAllAssembliesAndSetupDomain (375ms)
		LoadAssemblies (429ms)
		RebuildTransferFunctionScriptingTraits (0ms)
		AnalyzeDomain (45ms)
			TypeCache.Refresh (18ms)
				TypeCache.ScanAssembly (6ms)
			ScanForSourceGeneratedMonoScriptInfo (13ms)
			ResolveRequiredComponents (13ms)
	FinalizeReload (1293ms)
		ReleaseScriptCaches (0ms)
		RebuildScriptCaches (0ms)
		SetupLoadedEditorAssemblies (614ms)
			LogAssemblyErrors (0ms)
			InitializePlatformSupportModulesInManaged (8ms)
			SetLoadedEditorAssemblies (6ms)
			RefreshPlugins (0ms)
			BeforeProcessingInitializeOnLoad (130ms)
			ProcessInitializeOnLoadAttributes (424ms)
			ProcessInitializeOnLoadMethodAttributes (42ms)
			AfterProcessingInitializeOnLoad (4ms)
			EditorAssembliesLoaded (0ms)
		ExecutionOrderSort2 (0ms)
		AwakeInstancesAfterBackupRestoration (22ms)
Refreshing native plugins compatible for Editor in 17.21 ms, found 12 plugins.
Preloading 0 native plugins for Editor in 0.00 ms.
Unloading 4501 Unused Serialized files (Serialized files now loaded: 0)
Unloading 27 unused Assets / (32.8 KB). Loaded Objects now: 5051.
Memory consumption went from 154.1 MB to 154.1 MB.
Total: 3.725000 ms (FindLiveObjects: 0.463000 ms CreateObjectMapping: 0.158600 ms MarkObjects: 3.040800 ms  DeleteObjects: 0.061300 ms)

Prepare: number of updated asset objects reloaded= 0
AssetImportParameters requested are different than current active one (requested -> active):
  custom:container-demuxer-ogg: 62fdf1f143b41e24485cea50d1cbac27 -> 
  custom:video-decoder-ogg-theora: a1e56fd34408186e4bbccfd4996cb3dc -> 
  custom:framework-win-MediaFoundation: 216162199b28c13a410421893ffa2e32 -> 
  custom:CustomObjectIndexerAttribute: 9a22284fe3817be447336de3de66b15e -> 
  custom:container-demuxer-webm: 4f35f7cbe854078d1ac9338744f61a02 -> 
  custom:container-muxer-webm: aa71ff27fc2769a1b78a27578f13a17b -> 
  custom:video-decoder-webm-vp8: 9c59270c3fd7afecdb556c50c9e8de78 -> 
  custom:SearchIndexIgnoredProperties: e643bd26f0fe6173181afceb89e7c659 -> 
  custom:AudioImporter_EditorPlatform: d09bf68614088b80899f8185d706f6e7 -> 
  custom:video-encoder-webm-vp8: eb34c28f22e8b96e1ab97ce403110664 -> 
  custom:audio-decoder-ogg-vorbis: bf7c407c2cedff20999df2af8eb42d56 -> 
  custom:audio-encoder-webm-vorbis: bf7c407c2cedff20999df2af8eb42d56 -> 
  custom:scripting/precompiled-assembly-types:Assembly-CSharp: 9f926b9588fbc25090b607ff694de71b -> b30da08c0707e693a5faa73d64a81371
========================================================================
Received Import Request.
  Time since last request: 855.754556 seconds.
  path: Assets/Scripts/Tower/炮塔数据/弹射炮塔.asset
  artifactKey: Guid(6404318945813f247ae9c258d4a65ce4) Importer(815301076,1909f56bfc062723c751e8b465ee728b)
Start importing Assets/Scripts/Tower/炮塔数据/弹射炮塔.asset using Guid(6404318945813f247ae9c258d4a65ce4) Importer(815301076,1909f56bfc062723c751e8b465ee728b) [PhysX] Initialized MultithreadedTaskDispatcher with 16 workers.
 -> (artifact id: 'd117900a8e19dc0a8955198f1fae4840') in 0.020675 seconds
Number of updated asset objects reloaded before import = 0
Number of asset objects unloaded after import = 12
========================================================================
Received Import Request.
  Time since last request: 14.346063 seconds.
  path: Assets/Scripts/Tower/炮塔数据/散射炮塔.asset
  artifactKey: Guid(da089f907281a1848a4d6afacf01102c) Importer(815301076,1909f56bfc062723c751e8b465ee728b)
Start importing Assets/Scripts/Tower/炮塔数据/散射炮塔.asset using Guid(da089f907281a1848a4d6afacf01102c) Importer(815301076,1909f56bfc062723c751e8b465ee728b) [PhysX] Initialized MultithreadedTaskDispatcher with 16 workers.
 -> (artifact id: '1e76363a37bae8d99dc3d70e8bcde5a5') in 0.007490 seconds
Number of updated asset objects reloaded before import = 0
Number of asset objects unloaded after import = 13
========================================================================
Received Import Request.
  Time since last request: 8.558991 seconds.
  path: Assets/Scripts/Tower/炮塔数据/狙击炮塔.asset
  artifactKey: Guid(44794c164d2c7f84386df4d5419fffdf) Importer(815301076,1909f56bfc062723c751e8b465ee728b)
Start importing Assets/Scripts/Tower/炮塔数据/狙击炮塔.asset using Guid(44794c164d2c7f84386df4d5419fffdf) Importer(815301076,1909f56bfc062723c751e8b465ee728b) [PhysX] Initialized MultithreadedTaskDispatcher with 16 workers.
 -> (artifact id: '1ed532bab7c18fede51af8a5ce9a007d') in 0.006619 seconds
Number of updated asset objects reloaded before import = 0
Number of asset objects unloaded after import = 13
========================================================================
Received Import Request.
  Time since last request: 10.250825 seconds.
  path: Assets/Scripts/Tower/炮塔数据/穿透炮塔.asset
  artifactKey: Guid(af68d750289e30a4a9c912c73738b39d) Importer(815301076,1909f56bfc062723c751e8b465ee728b)
Start importing Assets/Scripts/Tower/炮塔数据/穿透炮塔.asset using Guid(af68d750289e30a4a9c912c73738b39d) Importer(815301076,1909f56bfc062723c751e8b465ee728b) [PhysX] Initialized MultithreadedTaskDispatcher with 16 workers.
 -> (artifact id: '38982e944aca86f0cfe3daffa207c493') in 0.006396 seconds
Number of updated asset objects reloaded before import = 0
Number of asset objects unloaded after import = 13
========================================================================
Received Import Request.
  Time since last request: 13.086263 seconds.
  path: Assets/Scripts/Tower/炮塔数据/穿透炮塔.asset
  artifactKey: Guid(af68d750289e30a4a9c912c73738b39d) Importer(815301076,1909f56bfc062723c751e8b465ee728b)
Start importing Assets/Scripts/Tower/炮塔数据/穿透炮塔.asset using Guid(af68d750289e30a4a9c912c73738b39d) Importer(815301076,1909f56bfc062723c751e8b465ee728b) [PhysX] Initialized MultithreadedTaskDispatcher with 16 workers.
 -> (artifact id: '919a1748b37939c2fec78bc3aee419f1') in 0.005593 seconds
Number of updated asset objects reloaded before import = 0
Number of asset objects unloaded after import = 13
========================================================================
Received Import Request.
  Time since last request: 7.636102 seconds.
  path: Assets/Scripts/Tower/炮塔数据/连发炮塔.asset
  artifactKey: Guid(4e45636b4ecf7e745a33ff05e39d01f5) Importer(815301076,1909f56bfc062723c751e8b465ee728b)
Start importing Assets/Scripts/Tower/炮塔数据/连发炮塔.asset using Guid(4e45636b4ecf7e745a33ff05e39d01f5) Importer(815301076,1909f56bfc062723c751e8b465ee728b) [PhysX] Initialized MultithreadedTaskDispatcher with 16 workers.
 -> (artifact id: '83999d8636914a905e05bb69016c29e3') in 0.005661 seconds
Number of updated asset objects reloaded before import = 0
Number of asset objects unloaded after import = 13
========================================================================
Received Import Request.
  Time since last request: 14.289281 seconds.
  path: Assets/Scripts/Tower/炮塔数据/基础炮塔.asset
  artifactKey: Guid(c2438a71f75ee7949aebec19db7f2dba) Importer(815301076,1909f56bfc062723c751e8b465ee728b)
Start importing Assets/Scripts/Tower/炮塔数据/基础炮塔.asset using Guid(c2438a71f75ee7949aebec19db7f2dba) Importer(815301076,1909f56bfc062723c751e8b465ee728b) [PhysX] Initialized MultithreadedTaskDispatcher with 16 workers.
 -> (artifact id: '83a664ef5d0c6a3d9bd4f3a0ee05f50f') in 0.003931 seconds
Number of updated asset objects reloaded before import = 0
Number of asset objects unloaded after import = 10
========================================================================
Received Prepare
Caller must complete domain reload
Begin MonoManager ReloadAssembly
- Loaded All Assemblies, in  0.651 seconds
Native extension for WindowsStandalone target not found
Native extension for WebGL target not found
Mono: successfully reloaded assembly
- Finished resetting the current domain, in  1.300 seconds
Domain Reload Profiling: 1951ms
	BeginReloadAssembly (199ms)
		ExecutionOrderSort (0ms)
		DisableScriptedObjects (16ms)
		BackupInstance (0ms)
		ReleaseScriptingObjects (0ms)
		CreateAndSetChildDomain (39ms)
	RebuildCommonClasses (37ms)
	RebuildNativeTypeToScriptingClass (14ms)
	initialDomainReloadingComplete (38ms)
	LoadAllAssembliesAndSetupDomain (362ms)
		LoadAssemblies (433ms)
		RebuildTransferFunctionScriptingTraits (0ms)
		AnalyzeDomain (43ms)
			TypeCache.Refresh (17ms)
				TypeCache.ScanAssembly (6ms)
			ScanForSourceGeneratedMonoScriptInfo (12ms)
			ResolveRequiredComponents (13ms)
	FinalizeReload (1301ms)
		ReleaseScriptCaches (0ms)
		RebuildScriptCaches (0ms)
		SetupLoadedEditorAssemblies (609ms)
			LogAssemblyErrors (0ms)
			InitializePlatformSupportModulesInManaged (9ms)
			SetLoadedEditorAssemblies (6ms)
			RefreshPlugins (0ms)
			BeforeProcessingInitializeOnLoad (131ms)
			ProcessInitializeOnLoadAttributes (422ms)
			ProcessInitializeOnLoadMethodAttributes (37ms)
			AfterProcessingInitializeOnLoad (3ms)
			EditorAssembliesLoaded (0ms)
		ExecutionOrderSort2 (0ms)
		AwakeInstancesAfterBackupRestoration (20ms)
Refreshing native plugins compatible for Editor in 15.95 ms, found 12 plugins.
Preloading 0 native plugins for Editor in 0.00 ms.
Unloading 4501 Unused Serialized files (Serialized files now loaded: 0)
Unloading 27 unused Assets / (32.8 KB). Loaded Objects now: 5055.
Memory consumption went from 154.1 MB to 154.1 MB.
Total: 10.729700 ms (FindLiveObjects: 0.457500 ms CreateObjectMapping: 0.161700 ms MarkObjects: 10.052700 ms  DeleteObjects: 0.056400 ms)

Prepare: number of updated asset objects reloaded= 0
AssetImportParameters requested are different than current active one (requested -> active):
  custom:container-demuxer-ogg: 62fdf1f143b41e24485cea50d1cbac27 -> 
  custom:video-decoder-ogg-theora: a1e56fd34408186e4bbccfd4996cb3dc -> 
  custom:framework-win-MediaFoundation: 216162199b28c13a410421893ffa2e32 -> 
  custom:CustomObjectIndexerAttribute: 9a22284fe3817be447336de3de66b15e -> 
  custom:container-demuxer-webm: 4f35f7cbe854078d1ac9338744f61a02 -> 
  custom:container-muxer-webm: aa71ff27fc2769a1b78a27578f13a17b -> 
  custom:video-decoder-webm-vp8: 9c59270c3fd7afecdb556c50c9e8de78 -> 
  custom:SearchIndexIgnoredProperties: e643bd26f0fe6173181afceb89e7c659 -> 
  custom:AudioImporter_EditorPlatform: d09bf68614088b80899f8185d706f6e7 -> 
  custom:video-encoder-webm-vp8: eb34c28f22e8b96e1ab97ce403110664 -> 
  custom:audio-decoder-ogg-vorbis: bf7c407c2cedff20999df2af8eb42d56 -> 
  custom:audio-encoder-webm-vorbis: bf7c407c2cedff20999df2af8eb42d56 -> 
  custom:scripting/precompiled-assembly-types:Assembly-CSharp: e3528dcf257445edbe8e537c1e9e8069 -> b30da08c0707e693a5faa73d64a81371
========================================================================
Received Prepare
Caller must complete domain reload
Begin MonoManager ReloadAssembly
- Loaded All Assemblies, in  0.682 seconds
Native extension for WindowsStandalone target not found
Native extension for WebGL target not found
Mono: successfully reloaded assembly
- Finished resetting the current domain, in  1.322 seconds
Domain Reload Profiling: 2004ms
	BeginReloadAssembly (187ms)
		ExecutionOrderSort (0ms)
		DisableScriptedObjects (14ms)
		BackupInstance (0ms)
		ReleaseScriptingObjects (0ms)
		CreateAndSetChildDomain (37ms)
	RebuildCommonClasses (36ms)
	RebuildNativeTypeToScriptingClass (14ms)
	initialDomainReloadingComplete (37ms)
	LoadAllAssembliesAndSetupDomain (406ms)
		LoadAssemblies (462ms)
		RebuildTransferFunctionScriptingTraits (0ms)
		AnalyzeDomain (49ms)
			TypeCache.Refresh (19ms)
				TypeCache.ScanAssembly (6ms)
			ScanForSourceGeneratedMonoScriptInfo (15ms)
			ResolveRequiredComponents (14ms)
	FinalizeReload (1323ms)
		ReleaseScriptCaches (0ms)
		RebuildScriptCaches (0ms)
		SetupLoadedEditorAssemblies (633ms)
			LogAssemblyErrors (0ms)
			InitializePlatformSupportModulesInManaged (8ms)
			SetLoadedEditorAssemblies (6ms)
			RefreshPlugins (0ms)
			BeforeProcessingInitializeOnLoad (123ms)
			ProcessInitializeOnLoadAttributes (452ms)
			ProcessInitializeOnLoadMethodAttributes (41ms)
			AfterProcessingInitializeOnLoad (4ms)
			EditorAssembliesLoaded (0ms)
		ExecutionOrderSort2 (0ms)
		AwakeInstancesAfterBackupRestoration (22ms)
Refreshing native plugins compatible for Editor in 16.32 ms, found 12 plugins.
Preloading 0 native plugins for Editor in 0.00 ms.
Unloading 4502 Unused Serialized files (Serialized files now loaded: 0)
Unloading 27 unused Assets / (32.7 KB). Loaded Objects now: 5059.
Memory consumption went from 154.4 MB to 154.3 MB.
Total: 3.614200 ms (FindLiveObjects: 0.458900 ms CreateObjectMapping: 0.178400 ms MarkObjects: 2.919600 ms  DeleteObjects: 0.056200 ms)

Prepare: number of updated asset objects reloaded= 0
AssetImportParameters requested are different than current active one (requested -> active):
  custom:container-demuxer-ogg: 62fdf1f143b41e24485cea50d1cbac27 -> 
  custom:video-decoder-ogg-theora: a1e56fd34408186e4bbccfd4996cb3dc -> 
  custom:framework-win-MediaFoundation: 216162199b28c13a410421893ffa2e32 -> 
  custom:CustomObjectIndexerAttribute: 9a22284fe3817be447336de3de66b15e -> 
  custom:container-demuxer-webm: 4f35f7cbe854078d1ac9338744f61a02 -> 
  custom:container-muxer-webm: aa71ff27fc2769a1b78a27578f13a17b -> 
  custom:video-decoder-webm-vp8: 9c59270c3fd7afecdb556c50c9e8de78 -> 
  custom:SearchIndexIgnoredProperties: e643bd26f0fe6173181afceb89e7c659 -> 
  custom:AudioImporter_EditorPlatform: d09bf68614088b80899f8185d706f6e7 -> 
  custom:video-encoder-webm-vp8: eb34c28f22e8b96e1ab97ce403110664 -> 
  custom:audio-decoder-ogg-vorbis: bf7c407c2cedff20999df2af8eb42d56 -> 
  custom:audio-encoder-webm-vorbis: bf7c407c2cedff20999df2af8eb42d56 -> 
  custom:scripting/precompiled-assembly-types:Assembly-CSharp: e3528dcf257445edbe8e537c1e9e8069 -> b30da08c0707e693a5faa73d64a81371
========================================================================
Received Import Request.
  Time since last request: 164.041522 seconds.
  path: Assets/Scenes/GameScene.unity
  artifactKey: Guid(ff964dba3eaf3e041a4958439db1ba5b) Importer(815301076,1909f56bfc062723c751e8b465ee728b)
Start importing Assets/Scenes/GameScene.unity using Guid(ff964dba3eaf3e041a4958439db1ba5b) Importer(815301076,1909f56bfc062723c751e8b465ee728b) [PhysX] Initialized MultithreadedTaskDispatcher with 16 workers.
 -> (artifact id: '5d271c88f97e612aaf268ca9a91eb418') in 0.003192 seconds
Number of updated asset objects reloaded before import = 0
Number of asset objects unloaded after import = 0
========================================================================
Received Prepare
Caller must complete domain reload
Begin MonoManager ReloadAssembly
- Loaded All Assemblies, in  0.623 seconds
Native extension for WindowsStandalone target not found
Native extension for WebGL target not found
Mono: successfully reloaded assembly
- Finished resetting the current domain, in  1.333 seconds
Domain Reload Profiling: 1956ms
	BeginReloadAssembly (191ms)
		ExecutionOrderSort (0ms)
		DisableScriptedObjects (15ms)
		BackupInstance (0ms)
		ReleaseScriptingObjects (0ms)
		CreateAndSetChildDomain (39ms)
	RebuildCommonClasses (36ms)
	RebuildNativeTypeToScriptingClass (16ms)
	initialDomainReloadingComplete (37ms)
	LoadAllAssembliesAndSetupDomain (342ms)
		LoadAssemblies (435ms)
		RebuildTransferFunctionScriptingTraits (0ms)
		AnalyzeDomain (14ms)
			TypeCache.Refresh (5ms)
				TypeCache.ScanAssembly (0ms)
			ScanForSourceGeneratedMonoScriptInfo (0ms)
			ResolveRequiredComponents (8ms)
	FinalizeReload (1334ms)
		ReleaseScriptCaches (0ms)
		RebuildScriptCaches (0ms)
		SetupLoadedEditorAssemblies (655ms)
			LogAssemblyErrors (0ms)
			InitializePlatformSupportModulesInManaged (9ms)
			SetLoadedEditorAssemblies (7ms)
			RefreshPlugins (0ms)
			BeforeProcessingInitializeOnLoad (142ms)
			ProcessInitializeOnLoadAttributes (449ms)
			ProcessInitializeOnLoadMethodAttributes (44ms)
			AfterProcessingInitializeOnLoad (4ms)
			EditorAssembliesLoaded (0ms)
		ExecutionOrderSort2 (0ms)
		AwakeInstancesAfterBackupRestoration (23ms)
Refreshing native plugins compatible for Editor in 18.55 ms, found 12 plugins.
Preloading 0 native plugins for Editor in 0.00 ms.
Unloading 4501 Unused Serialized files (Serialized files now loaded: 0)
Unloading 27 unused Assets / (32.8 KB). Loaded Objects now: 5063.
Memory consumption went from 154.1 MB to 154.1 MB.
Total: 3.854300 ms (FindLiveObjects: 0.496000 ms CreateObjectMapping: 0.200600 ms MarkObjects: 3.072900 ms  DeleteObjects: 0.082600 ms)

Prepare: number of updated asset objects reloaded= 0
AssetImportParameters requested are different than current active one (requested -> active):
  custom:container-demuxer-ogg: 62fdf1f143b41e24485cea50d1cbac27 -> 
  custom:video-decoder-ogg-theora: a1e56fd34408186e4bbccfd4996cb3dc -> 
  custom:framework-win-MediaFoundation: 216162199b28c13a410421893ffa2e32 -> 
  custom:CustomObjectIndexerAttribute: 9a22284fe3817be447336de3de66b15e -> 
  custom:container-demuxer-webm: 4f35f7cbe854078d1ac9338744f61a02 -> 
  custom:container-muxer-webm: aa71ff27fc2769a1b78a27578f13a17b -> 
  custom:video-decoder-webm-vp8: 9c59270c3fd7afecdb556c50c9e8de78 -> 
  custom:SearchIndexIgnoredProperties: e643bd26f0fe6173181afceb89e7c659 -> 
  custom:AudioImporter_EditorPlatform: d09bf68614088b80899f8185d706f6e7 -> 
  custom:video-encoder-webm-vp8: eb34c28f22e8b96e1ab97ce403110664 -> 
  custom:audio-decoder-ogg-vorbis: bf7c407c2cedff20999df2af8eb42d56 -> 
  custom:audio-encoder-webm-vorbis: bf7c407c2cedff20999df2af8eb42d56 -> 
  custom:scripting/precompiled-assembly-types:Assembly-CSharp: e3528dcf257445edbe8e537c1e9e8069 -> b30da08c0707e693a5faa73d64a81371
========================================================================
Received Import Request.
  Time since last request: 14.042812 seconds.
  path: Assets/Scenes/GameScene.unity
  artifactKey: Guid(ff964dba3eaf3e041a4958439db1ba5b) Importer(815301076,1909f56bfc062723c751e8b465ee728b)
Start importing Assets/Scenes/GameScene.unity using Guid(ff964dba3eaf3e041a4958439db1ba5b) Importer(815301076,1909f56bfc062723c751e8b465ee728b) [PhysX] Initialized MultithreadedTaskDispatcher with 16 workers.
 -> (artifact id: '0136f4f8c975981f6a570b2e01c479df') in 0.002465 seconds
Number of updated asset objects reloaded before import = 0
Number of asset objects unloaded after import = 0
========================================================================
Received Prepare
Caller must complete domain reload
Begin MonoManager ReloadAssembly
- Loaded All Assemblies, in  0.642 seconds
Native extension for WindowsStandalone target not found
Native extension for WebGL target not found
Mono: successfully reloaded assembly
- Finished resetting the current domain, in  1.245 seconds
Domain Reload Profiling: 1887ms
	BeginReloadAssembly (198ms)
		ExecutionOrderSort (0ms)
		DisableScriptedObjects (16ms)
		BackupInstance (0ms)
		ReleaseScriptingObjects (0ms)
		CreateAndSetChildDomain (38ms)
	RebuildCommonClasses (37ms)
	RebuildNativeTypeToScriptingClass (14ms)
	initialDomainReloadingComplete (37ms)
	LoadAllAssembliesAndSetupDomain (355ms)
		LoadAssemblies (425ms)
		RebuildTransferFunctionScriptingTraits (0ms)
		AnalyzeDomain (43ms)
			TypeCache.Refresh (17ms)
				TypeCache.ScanAssembly (6ms)
			ScanForSourceGeneratedMonoScriptInfo (12ms)
			ResolveRequiredComponents (13ms)
	FinalizeReload (1246ms)
		ReleaseScriptCaches (0ms)
		RebuildScriptCaches (0ms)
		SetupLoadedEditorAssemblies (608ms)
			LogAssemblyErrors (0ms)
			InitializePlatformSupportModulesInManaged (8ms)
			SetLoadedEditorAssemblies (6ms)
			RefreshPlugins (0ms)
			BeforeProcessingInitializeOnLoad (129ms)
			ProcessInitializeOnLoadAttributes (424ms)
			ProcessInitializeOnLoadMethodAttributes (38ms)
			AfterProcessingInitializeOnLoad (4ms)
			EditorAssembliesLoaded (0ms)
		ExecutionOrderSort2 (0ms)
		AwakeInstancesAfterBackupRestoration (22ms)
Refreshing native plugins compatible for Editor in 15.51 ms, found 12 plugins.
Preloading 0 native plugins for Editor in 0.00 ms.
Unloading 4501 Unused Serialized files (Serialized files now loaded: 0)
Unloading 27 unused Assets / (32.7 KB). Loaded Objects now: 5067.
Memory consumption went from 154.1 MB to 154.1 MB.
Total: 5.460900 ms (FindLiveObjects: 0.504800 ms CreateObjectMapping: 0.180500 ms MarkObjects: 4.713000 ms  DeleteObjects: 0.061200 ms)

Prepare: number of updated asset objects reloaded= 0
AssetImportParameters requested are different than current active one (requested -> active):
  custom:container-demuxer-ogg: 62fdf1f143b41e24485cea50d1cbac27 -> 
  custom:video-decoder-ogg-theora: a1e56fd34408186e4bbccfd4996cb3dc -> 
  custom:framework-win-MediaFoundation: 216162199b28c13a410421893ffa2e32 -> 
  custom:CustomObjectIndexerAttribute: 9a22284fe3817be447336de3de66b15e -> 
  custom:container-demuxer-webm: 4f35f7cbe854078d1ac9338744f61a02 -> 
  custom:container-muxer-webm: aa71ff27fc2769a1b78a27578f13a17b -> 
  custom:video-decoder-webm-vp8: 9c59270c3fd7afecdb556c50c9e8de78 -> 
  custom:SearchIndexIgnoredProperties: e643bd26f0fe6173181afceb89e7c659 -> 
  custom:AudioImporter_EditorPlatform: d09bf68614088b80899f8185d706f6e7 -> 
  custom:video-encoder-webm-vp8: eb34c28f22e8b96e1ab97ce403110664 -> 
  custom:audio-decoder-ogg-vorbis: bf7c407c2cedff20999df2af8eb42d56 -> 
  custom:audio-encoder-webm-vorbis: bf7c407c2cedff20999df2af8eb42d56 -> 
  custom:scripting/precompiled-assembly-types:Assembly-CSharp: 92ec1d4059905e0a35d8d8b679398909 -> b30da08c0707e693a5faa73d64a81371
========================================================================
Received Prepare
Caller must complete domain reload
Begin MonoManager ReloadAssembly
- Loaded All Assemblies, in  0.627 seconds
Native extension for WindowsStandalone target not found
Native extension for WebGL target not found
Mono: successfully reloaded assembly
- Finished resetting the current domain, in  1.405 seconds
Domain Reload Profiling: 2031ms
	BeginReloadAssembly (186ms)
		ExecutionOrderSort (0ms)
		DisableScriptedObjects (14ms)
		BackupInstance (0ms)
		ReleaseScriptingObjects (0ms)
		CreateAndSetChildDomain (36ms)
	RebuildCommonClasses (36ms)
	RebuildNativeTypeToScriptingClass (15ms)
	initialDomainReloadingComplete (35ms)
	LoadAllAssembliesAndSetupDomain (354ms)
		LoadAssemblies (436ms)
		RebuildTransferFunctionScriptingTraits (0ms)
		AnalyzeDomain (25ms)
			TypeCache.Refresh (9ms)
				TypeCache.ScanAssembly (0ms)
			ScanForSourceGeneratedMonoScriptInfo (0ms)
			ResolveRequiredComponents (14ms)
	FinalizeReload (1405ms)
		ReleaseScriptCaches (0ms)
		RebuildScriptCaches (0ms)
		SetupLoadedEditorAssemblies (629ms)
			LogAssemblyErrors (0ms)
			InitializePlatformSupportModulesInManaged (9ms)
			SetLoadedEditorAssemblies (8ms)
			RefreshPlugins (0ms)
			BeforeProcessingInitializeOnLoad (132ms)
			ProcessInitializeOnLoadAttributes (430ms)
			ProcessInitializeOnLoadMethodAttributes (46ms)
			AfterProcessingInitializeOnLoad (4ms)
			EditorAssembliesLoaded (0ms)
		ExecutionOrderSort2 (0ms)
		AwakeInstancesAfterBackupRestoration (25ms)
Refreshing native plugins compatible for Editor in 17.98 ms, found 12 plugins.
Preloading 0 native plugins for Editor in 0.00 ms.
Unloading 4502 Unused Serialized files (Serialized files now loaded: 0)
Unloading 27 unused Assets / (32.6 KB). Loaded Objects now: 5071.
Memory consumption went from 154.4 MB to 154.4 MB.
Total: 4.535500 ms (FindLiveObjects: 0.468700 ms CreateObjectMapping: 0.249900 ms MarkObjects: 3.749600 ms  DeleteObjects: 0.065700 ms)

Prepare: number of updated asset objects reloaded= 0
AssetImportParameters requested are different than current active one (requested -> active):
  custom:container-demuxer-ogg: 62fdf1f143b41e24485cea50d1cbac27 -> 
  custom:video-decoder-ogg-theora: a1e56fd34408186e4bbccfd4996cb3dc -> 
  custom:framework-win-MediaFoundation: 216162199b28c13a410421893ffa2e32 -> 
  custom:CustomObjectIndexerAttribute: 9a22284fe3817be447336de3de66b15e -> 
  custom:container-demuxer-webm: 4f35f7cbe854078d1ac9338744f61a02 -> 
  custom:container-muxer-webm: aa71ff27fc2769a1b78a27578f13a17b -> 
  custom:video-decoder-webm-vp8: 9c59270c3fd7afecdb556c50c9e8de78 -> 
  custom:SearchIndexIgnoredProperties: e643bd26f0fe6173181afceb89e7c659 -> 
  custom:AudioImporter_EditorPlatform: d09bf68614088b80899f8185d706f6e7 -> 
  custom:video-encoder-webm-vp8: eb34c28f22e8b96e1ab97ce403110664 -> 
  custom:audio-decoder-ogg-vorbis: bf7c407c2cedff20999df2af8eb42d56 -> 
  custom:audio-encoder-webm-vorbis: bf7c407c2cedff20999df2af8eb42d56 -> 
  custom:scripting/precompiled-assembly-types:Assembly-CSharp: 92ec1d4059905e0a35d8d8b679398909 -> b30da08c0707e693a5faa73d64a81371
========================================================================
Received Prepare
Caller must complete domain reload
Begin MonoManager ReloadAssembly
- Loaded All Assemblies, in  0.671 seconds
Native extension for WindowsStandalone target not found
Native extension for WebGL target not found
Mono: successfully reloaded assembly
- Finished resetting the current domain, in  1.294 seconds
Domain Reload Profiling: 1964ms
	BeginReloadAssembly (189ms)
		ExecutionOrderSort (0ms)
		DisableScriptedObjects (14ms)
		BackupInstance (0ms)
		ReleaseScriptingObjects (0ms)
		CreateAndSetChildDomain (37ms)
	RebuildCommonClasses (37ms)
	RebuildNativeTypeToScriptingClass (13ms)
	initialDomainReloadingComplete (37ms)
	LoadAllAssembliesAndSetupDomain (393ms)
		LoadAssemblies (459ms)
		RebuildTransferFunctionScriptingTraits (0ms)
		AnalyzeDomain (43ms)
			TypeCache.Refresh (17ms)
				TypeCache.ScanAssembly (6ms)
			ScanForSourceGeneratedMonoScriptInfo (12ms)
			ResolveRequiredComponents (13ms)
	FinalizeReload (1295ms)
		ReleaseScriptCaches (0ms)
		RebuildScriptCaches (0ms)
		SetupLoadedEditorAssemblies (629ms)
			LogAssemblyErrors (0ms)
			InitializePlatformSupportModulesInManaged (8ms)
			SetLoadedEditorAssemblies (5ms)
			RefreshPlugins (0ms)
			BeforeProcessingInitializeOnLoad (132ms)
			ProcessInitializeOnLoadAttributes (442ms)
			ProcessInitializeOnLoadMethodAttributes (38ms)
			AfterProcessingInitializeOnLoad (3ms)
			EditorAssembliesLoaded (0ms)
		ExecutionOrderSort2 (0ms)
		AwakeInstancesAfterBackupRestoration (20ms)
Refreshing native plugins compatible for Editor in 18.06 ms, found 12 plugins.
Preloading 0 native plugins for Editor in 0.00 ms.
Unloading 4502 Unused Serialized files (Serialized files now loaded: 0)
Unloading 27 unused Assets / (32.7 KB). Loaded Objects now: 5075.
Memory consumption went from 154.4 MB to 154.4 MB.
Total: 3.548600 ms (FindLiveObjects: 0.465200 ms CreateObjectMapping: 0.157600 ms MarkObjects: 2.865700 ms  DeleteObjects: 0.058500 ms)

Prepare: number of updated asset objects reloaded= 0
AssetImportParameters requested are different than current active one (requested -> active):
  custom:container-demuxer-ogg: 62fdf1f143b41e24485cea50d1cbac27 -> 
  custom:video-decoder-ogg-theora: a1e56fd34408186e4bbccfd4996cb3dc -> 
  custom:framework-win-MediaFoundation: 216162199b28c13a410421893ffa2e32 -> 
  custom:CustomObjectIndexerAttribute: 9a22284fe3817be447336de3de66b15e -> 
  custom:container-demuxer-webm: 4f35f7cbe854078d1ac9338744f61a02 -> 
  custom:container-muxer-webm: aa71ff27fc2769a1b78a27578f13a17b -> 
  custom:video-decoder-webm-vp8: 9c59270c3fd7afecdb556c50c9e8de78 -> 
  custom:SearchIndexIgnoredProperties: e643bd26f0fe6173181afceb89e7c659 -> 
  custom:AudioImporter_EditorPlatform: d09bf68614088b80899f8185d706f6e7 -> 
  custom:video-encoder-webm-vp8: eb34c28f22e8b96e1ab97ce403110664 -> 
  custom:audio-decoder-ogg-vorbis: bf7c407c2cedff20999df2af8eb42d56 -> 
  custom:audio-encoder-webm-vorbis: bf7c407c2cedff20999df2af8eb42d56 -> 
  custom:scripting/precompiled-assembly-types:Assembly-CSharp: 0c5398a9a41617ce327cc2a237f1acba -> b30da08c0707e693a5faa73d64a81371
========================================================================
Received Prepare
Caller must complete domain reload
Begin MonoManager ReloadAssembly
- Loaded All Assemblies, in  0.551 seconds
Native extension for WindowsStandalone target not found
Native extension for WebGL target not found
Mono: successfully reloaded assembly
- Finished resetting the current domain, in  1.338 seconds
Domain Reload Profiling: 1888ms
	BeginReloadAssembly (138ms)
		ExecutionOrderSort (0ms)
		DisableScriptedObjects (14ms)
		BackupInstance (0ms)
		ReleaseScriptingObjects (0ms)
		CreateAndSetChildDomain (35ms)
	RebuildCommonClasses (26ms)
	RebuildNativeTypeToScriptingClass (13ms)
	initialDomainReloadingComplete (34ms)
	LoadAllAssembliesAndSetupDomain (339ms)
		LoadAssemblies (375ms)
		RebuildTransferFunctionScriptingTraits (0ms)
		AnalyzeDomain (24ms)
			TypeCache.Refresh (8ms)
				TypeCache.ScanAssembly (0ms)
			ScanForSourceGeneratedMonoScriptInfo (0ms)
			ResolveRequiredComponents (15ms)
	FinalizeReload (1338ms)
		ReleaseScriptCaches (0ms)
		RebuildScriptCaches (0ms)
		SetupLoadedEditorAssemblies (612ms)
			LogAssemblyErrors (0ms)
			InitializePlatformSupportModulesInManaged (8ms)
			SetLoadedEditorAssemblies (6ms)
			RefreshPlugins (0ms)
			BeforeProcessingInitializeOnLoad (134ms)
			ProcessInitializeOnLoadAttributes (417ms)
			ProcessInitializeOnLoadMethodAttributes (43ms)
			AfterProcessingInitializeOnLoad (4ms)
			EditorAssembliesLoaded (0ms)
		ExecutionOrderSort2 (0ms)
		AwakeInstancesAfterBackupRestoration (22ms)
Refreshing native plugins compatible for Editor in 18.07 ms, found 12 plugins.
Preloading 0 native plugins for Editor in 0.00 ms.
Unloading 4502 Unused Serialized files (Serialized files now loaded: 0)
Unloading 27 unused Assets / (32.8 KB). Loaded Objects now: 5079.
Memory consumption went from 154.4 MB to 154.4 MB.
Total: 3.820000 ms (FindLiveObjects: 0.551800 ms CreateObjectMapping: 0.195600 ms MarkObjects: 3.011300 ms  DeleteObjects: 0.060100 ms)

Prepare: number of updated asset objects reloaded= 0
AssetImportParameters requested are different than current active one (requested -> active):
  custom:container-demuxer-ogg: 62fdf1f143b41e24485cea50d1cbac27 -> 
  custom:video-decoder-ogg-theora: a1e56fd34408186e4bbccfd4996cb3dc -> 
  custom:framework-win-MediaFoundation: 216162199b28c13a410421893ffa2e32 -> 
  custom:CustomObjectIndexerAttribute: 9a22284fe3817be447336de3de66b15e -> 
  custom:container-demuxer-webm: 4f35f7cbe854078d1ac9338744f61a02 -> 
  custom:container-muxer-webm: aa71ff27fc2769a1b78a27578f13a17b -> 
  custom:video-decoder-webm-vp8: 9c59270c3fd7afecdb556c50c9e8de78 -> 
  custom:SearchIndexIgnoredProperties: e643bd26f0fe6173181afceb89e7c659 -> 
  custom:AudioImporter_EditorPlatform: d09bf68614088b80899f8185d706f6e7 -> 
  custom:video-encoder-webm-vp8: eb34c28f22e8b96e1ab97ce403110664 -> 
  custom:audio-decoder-ogg-vorbis: bf7c407c2cedff20999df2af8eb42d56 -> 
  custom:audio-encoder-webm-vorbis: bf7c407c2cedff20999df2af8eb42d56 -> 
  custom:scripting/precompiled-assembly-types:Assembly-CSharp: 0c5398a9a41617ce327cc2a237f1acba -> b30da08c0707e693a5faa73d64a81371
========================================================================
Received Prepare
Caller must complete domain reload
Begin MonoManager ReloadAssembly
- Loaded All Assemblies, in  0.672 seconds
Native extension for WindowsStandalone target not found
Native extension for WebGL target not found
Mono: successfully reloaded assembly
- Finished resetting the current domain, in  1.301 seconds
Domain Reload Profiling: 1971ms
	BeginReloadAssembly (191ms)
		ExecutionOrderSort (0ms)
		DisableScriptedObjects (14ms)
		BackupInstance (0ms)
		ReleaseScriptingObjects (0ms)
		CreateAndSetChildDomain (35ms)
	RebuildCommonClasses (38ms)
	RebuildNativeTypeToScriptingClass (14ms)
	initialDomainReloadingComplete (37ms)
	LoadAllAssembliesAndSetupDomain (391ms)
		LoadAssemblies (455ms)
		RebuildTransferFunctionScriptingTraits (0ms)
		AnalyzeDomain (48ms)
			TypeCache.Refresh (20ms)
				TypeCache.ScanAssembly (6ms)
			ScanForSourceGeneratedMonoScriptInfo (12ms)
			ResolveRequiredComponents (14ms)
	FinalizeReload (1302ms)
		ReleaseScriptCaches (0ms)
		RebuildScriptCaches (0ms)
		SetupLoadedEditorAssemblies (618ms)
			LogAssemblyErrors (0ms)
			InitializePlatformSupportModulesInManaged (8ms)
			SetLoadedEditorAssemblies (6ms)
			RefreshPlugins (0ms)
			BeforeProcessingInitializeOnLoad (126ms)
			ProcessInitializeOnLoadAttributes (435ms)
			ProcessInitializeOnLoadMethodAttributes (40ms)
			AfterProcessingInitializeOnLoad (3ms)
			EditorAssembliesLoaded (0ms)
		ExecutionOrderSort2 (0ms)
		AwakeInstancesAfterBackupRestoration (21ms)
Refreshing native plugins compatible for Editor in 17.66 ms, found 12 plugins.
Preloading 0 native plugins for Editor in 0.00 ms.
Unloading 4502 Unused Serialized files (Serialized files now loaded: 0)
Unloading 27 unused Assets / (32.7 KB). Loaded Objects now: 5083.
Memory consumption went from 154.4 MB to 154.4 MB.
Total: 3.783100 ms (FindLiveObjects: 0.534200 ms CreateObjectMapping: 0.170600 ms MarkObjects: 3.012500 ms  DeleteObjects: 0.064700 ms)

Prepare: number of updated asset objects reloaded= 0
AssetImportParameters requested are different than current active one (requested -> active):
  custom:container-demuxer-ogg: 62fdf1f143b41e24485cea50d1cbac27 -> 
  custom:video-decoder-ogg-theora: a1e56fd34408186e4bbccfd4996cb3dc -> 
  custom:framework-win-MediaFoundation: 216162199b28c13a410421893ffa2e32 -> 
  custom:CustomObjectIndexerAttribute: 9a22284fe3817be447336de3de66b15e -> 
  custom:container-demuxer-webm: 4f35f7cbe854078d1ac9338744f61a02 -> 
  custom:container-muxer-webm: aa71ff27fc2769a1b78a27578f13a17b -> 
  custom:video-decoder-webm-vp8: 9c59270c3fd7afecdb556c50c9e8de78 -> 
  custom:SearchIndexIgnoredProperties: e643bd26f0fe6173181afceb89e7c659 -> 
  custom:AudioImporter_EditorPlatform: d09bf68614088b80899f8185d706f6e7 -> 
  custom:video-encoder-webm-vp8: eb34c28f22e8b96e1ab97ce403110664 -> 
  custom:audio-decoder-ogg-vorbis: bf7c407c2cedff20999df2af8eb42d56 -> 
  custom:audio-encoder-webm-vorbis: bf7c407c2cedff20999df2af8eb42d56 -> 
  custom:scripting/precompiled-assembly-types:Assembly-CSharp: 0c5398a9a41617ce327cc2a237f1acba -> b30da08c0707e693a5faa73d64a81371
========================================================================
Received Prepare
Caller must complete domain reload
Begin MonoManager ReloadAssembly
- Loaded All Assemblies, in  0.647 seconds
Native extension for WindowsStandalone target not found
Native extension for WebGL target not found
Mono: successfully reloaded assembly
- Finished resetting the current domain, in  1.383 seconds
Domain Reload Profiling: 2029ms
	BeginReloadAssembly (187ms)
		ExecutionOrderSort (0ms)
		DisableScriptedObjects (14ms)
		BackupInstance (0ms)
		ReleaseScriptingObjects (0ms)
		CreateAndSetChildDomain (36ms)
	RebuildCommonClasses (38ms)
	RebuildNativeTypeToScriptingClass (13ms)
	initialDomainReloadingComplete (36ms)
	LoadAllAssembliesAndSetupDomain (372ms)
		LoadAssemblies (455ms)
		RebuildTransferFunctionScriptingTraits (0ms)
		AnalyzeDomain (24ms)
			TypeCache.Refresh (8ms)
				TypeCache.ScanAssembly (0ms)
			ScanForSourceGeneratedMonoScriptInfo (0ms)
			ResolveRequiredComponents (14ms)
	FinalizeReload (1383ms)
		ReleaseScriptCaches (0ms)
		RebuildScriptCaches (0ms)
		SetupLoadedEditorAssemblies (628ms)
			LogAssemblyErrors (0ms)
			InitializePlatformSupportModulesInManaged (8ms)
			SetLoadedEditorAssemblies (6ms)
			RefreshPlugins (0ms)
			BeforeProcessingInitializeOnLoad (131ms)
			ProcessInitializeOnLoadAttributes (433ms)
			ProcessInitializeOnLoadMethodAttributes (46ms)
			AfterProcessingInitializeOnLoad (4ms)
			EditorAssembliesLoaded (0ms)
		ExecutionOrderSort2 (0ms)
		AwakeInstancesAfterBackupRestoration (24ms)
Refreshing native plugins compatible for Editor in 18.20 ms, found 12 plugins.
Preloading 0 native plugins for Editor in 0.00 ms.
Unloading 4502 Unused Serialized files (Serialized files now loaded: 0)
Unloading 27 unused Assets / (33.8 KB). Loaded Objects now: 5087.
Memory consumption went from 154.4 MB to 154.4 MB.
Total: 3.953200 ms (FindLiveObjects: 0.535000 ms CreateObjectMapping: 0.171900 ms MarkObjects: 3.173100 ms  DeleteObjects: 0.071400 ms)

Prepare: number of updated asset objects reloaded= 0
AssetImportParameters requested are different than current active one (requested -> active):
  custom:container-demuxer-ogg: 62fdf1f143b41e24485cea50d1cbac27 -> 
  custom:video-decoder-ogg-theora: a1e56fd34408186e4bbccfd4996cb3dc -> 
  custom:framework-win-MediaFoundation: 216162199b28c13a410421893ffa2e32 -> 
  custom:CustomObjectIndexerAttribute: 9a22284fe3817be447336de3de66b15e -> 
  custom:container-demuxer-webm: 4f35f7cbe854078d1ac9338744f61a02 -> 
  custom:container-muxer-webm: aa71ff27fc2769a1b78a27578f13a17b -> 
  custom:video-decoder-webm-vp8: 9c59270c3fd7afecdb556c50c9e8de78 -> 
  custom:SearchIndexIgnoredProperties: e643bd26f0fe6173181afceb89e7c659 -> 
  custom:AudioImporter_EditorPlatform: d09bf68614088b80899f8185d706f6e7 -> 
  custom:video-encoder-webm-vp8: eb34c28f22e8b96e1ab97ce403110664 -> 
  custom:audio-decoder-ogg-vorbis: bf7c407c2cedff20999df2af8eb42d56 -> 
  custom:audio-encoder-webm-vorbis: bf7c407c2cedff20999df2af8eb42d56 -> 
  custom:scripting/precompiled-assembly-types:Assembly-CSharp: 0c5398a9a41617ce327cc2a237f1acba -> b30da08c0707e693a5faa73d64a81371
========================================================================
Received Prepare
Caller must complete domain reload
Begin MonoManager ReloadAssembly
- Loaded All Assemblies, in  0.637 seconds
Native extension for WindowsStandalone target not found
Native extension for WebGL target not found
Mono: successfully reloaded assembly
- Finished resetting the current domain, in  1.264 seconds
Domain Reload Profiling: 1901ms
	BeginReloadAssembly (188ms)
		ExecutionOrderSort (0ms)
		DisableScriptedObjects (14ms)
		BackupInstance (0ms)
		ReleaseScriptingObjects (0ms)
		CreateAndSetChildDomain (36ms)
	RebuildCommonClasses (36ms)
	RebuildNativeTypeToScriptingClass (14ms)
	initialDomainReloadingComplete (38ms)
	LoadAllAssembliesAndSetupDomain (360ms)
		LoadAssemblies (421ms)
		RebuildTransferFunctionScriptingTraits (0ms)
		AnalyzeDomain (47ms)
			TypeCache.Refresh (19ms)
				TypeCache.ScanAssembly (7ms)
			ScanForSourceGeneratedMonoScriptInfo (13ms)
			ResolveRequiredComponents (14ms)
	FinalizeReload (1265ms)
		ReleaseScriptCaches (0ms)
		RebuildScriptCaches (0ms)
		SetupLoadedEditorAssemblies (597ms)
			LogAssemblyErrors (0ms)
			InitializePlatformSupportModulesInManaged (8ms)
			SetLoadedEditorAssemblies (6ms)
			RefreshPlugins (0ms)
			BeforeProcessingInitializeOnLoad (122ms)
			ProcessInitializeOnLoadAttributes (415ms)
			ProcessInitializeOnLoadMethodAttributes (42ms)
			AfterProcessingInitializeOnLoad (4ms)
			EditorAssembliesLoaded (0ms)
		ExecutionOrderSort2 (0ms)
		AwakeInstancesAfterBackupRestoration (23ms)
Refreshing native plugins compatible for Editor in 16.70 ms, found 12 plugins.
Preloading 0 native plugins for Editor in 0.00 ms.
Unloading 4502 Unused Serialized files (Serialized files now loaded: 0)
Unloading 27 unused Assets / (32.8 KB). Loaded Objects now: 5091.
Memory consumption went from 154.4 MB to 154.4 MB.
Total: 3.639000 ms (FindLiveObjects: 0.477100 ms CreateObjectMapping: 0.181900 ms MarkObjects: 2.921500 ms  DeleteObjects: 0.057300 ms)

Prepare: number of updated asset objects reloaded= 0
AssetImportParameters requested are different than current active one (requested -> active):
  custom:container-demuxer-ogg: 62fdf1f143b41e24485cea50d1cbac27 -> 
  custom:video-decoder-ogg-theora: a1e56fd34408186e4bbccfd4996cb3dc -> 
  custom:framework-win-MediaFoundation: 216162199b28c13a410421893ffa2e32 -> 
  custom:CustomObjectIndexerAttribute: 9a22284fe3817be447336de3de66b15e -> 
  custom:container-demuxer-webm: 4f35f7cbe854078d1ac9338744f61a02 -> 
  custom:container-muxer-webm: aa71ff27fc2769a1b78a27578f13a17b -> 
  custom:video-decoder-webm-vp8: 9c59270c3fd7afecdb556c50c9e8de78 -> 
  custom:SearchIndexIgnoredProperties: e643bd26f0fe6173181afceb89e7c659 -> 
  custom:AudioImporter_EditorPlatform: d09bf68614088b80899f8185d706f6e7 -> 
  custom:video-encoder-webm-vp8: eb34c28f22e8b96e1ab97ce403110664 -> 
  custom:audio-decoder-ogg-vorbis: bf7c407c2cedff20999df2af8eb42d56 -> 
  custom:audio-encoder-webm-vorbis: bf7c407c2cedff20999df2af8eb42d56 -> 
  custom:scripting/precompiled-assembly-types:Assembly-CSharp: 0c5398a9a41617ce327cc2a237f1acba -> b30da08c0707e693a5faa73d64a81371
========================================================================
Received Prepare
Caller must complete domain reload
Begin MonoManager ReloadAssembly
- Loaded All Assemblies, in  0.604 seconds
Native extension for WindowsStandalone target not found
Native extension for WebGL target not found
Mono: successfully reloaded assembly
- Finished resetting the current domain, in  1.384 seconds
Domain Reload Profiling: 1987ms
	BeginReloadAssembly (140ms)
		ExecutionOrderSort (0ms)
		DisableScriptedObjects (15ms)
		BackupInstance (0ms)
		ReleaseScriptingObjects (0ms)
		CreateAndSetChildDomain (32ms)
	RebuildCommonClasses (38ms)
	RebuildNativeTypeToScriptingClass (15ms)
	initialDomainReloadingComplete (42ms)
	LoadAllAssembliesAndSetupDomain (367ms)
		LoadAssemblies (406ms)
		RebuildTransferFunctionScriptingTraits (0ms)
		AnalyzeDomain (24ms)
			TypeCache.Refresh (8ms)
				TypeCache.ScanAssembly (0ms)
			ScanForSourceGeneratedMonoScriptInfo (0ms)
			ResolveRequiredComponents (15ms)
	FinalizeReload (1385ms)
		ReleaseScriptCaches (0ms)
		RebuildScriptCaches (0ms)
		SetupLoadedEditorAssemblies (684ms)
			LogAssemblyErrors (0ms)
			InitializePlatformSupportModulesInManaged (9ms)
			SetLoadedEditorAssemblies (7ms)
			RefreshPlugins (0ms)
			BeforeProcessingInitializeOnLoad (133ms)
			ProcessInitializeOnLoadAttributes (489ms)
			ProcessInitializeOnLoadMethodAttributes (42ms)
			AfterProcessingInitializeOnLoad (4ms)
			EditorAssembliesLoaded (0ms)
		ExecutionOrderSort2 (0ms)
		AwakeInstancesAfterBackupRestoration (23ms)
Refreshing native plugins compatible for Editor in 17.19 ms, found 12 plugins.
Preloading 0 native plugins for Editor in 0.00 ms.
Unloading 4502 Unused Serialized files (Serialized files now loaded: 0)
Unloading 27 unused Assets / (32.8 KB). Loaded Objects now: 5095.
Memory consumption went from 154.4 MB to 154.4 MB.
Total: 3.856900 ms (FindLiveObjects: 0.463700 ms CreateObjectMapping: 0.208300 ms MarkObjects: 3.121900 ms  DeleteObjects: 0.061100 ms)

Prepare: number of updated asset objects reloaded= 0
AssetImportParameters requested are different than current active one (requested -> active):
  custom:container-demuxer-ogg: 62fdf1f143b41e24485cea50d1cbac27 -> 
  custom:video-decoder-ogg-theora: a1e56fd34408186e4bbccfd4996cb3dc -> 
  custom:framework-win-MediaFoundation: 216162199b28c13a410421893ffa2e32 -> 
  custom:CustomObjectIndexerAttribute: 9a22284fe3817be447336de3de66b15e -> 
  custom:container-demuxer-webm: 4f35f7cbe854078d1ac9338744f61a02 -> 
  custom:container-muxer-webm: aa71ff27fc2769a1b78a27578f13a17b -> 
  custom:video-decoder-webm-vp8: 9c59270c3fd7afecdb556c50c9e8de78 -> 
  custom:SearchIndexIgnoredProperties: e643bd26f0fe6173181afceb89e7c659 -> 
  custom:AudioImporter_EditorPlatform: d09bf68614088b80899f8185d706f6e7 -> 
  custom:video-encoder-webm-vp8: eb34c28f22e8b96e1ab97ce403110664 -> 
  custom:audio-decoder-ogg-vorbis: bf7c407c2cedff20999df2af8eb42d56 -> 
  custom:audio-encoder-webm-vorbis: bf7c407c2cedff20999df2af8eb42d56 -> 
  custom:scripting/precompiled-assembly-types:Assembly-CSharp: 0c5398a9a41617ce327cc2a237f1acba -> b30da08c0707e693a5faa73d64a81371
========================================================================
Received Prepare
Caller must complete domain reload
Begin MonoManager ReloadAssembly
- Loaded All Assemblies, in  0.629 seconds
Native extension for WindowsStandalone target not found
Native extension for WebGL target not found
Mono: successfully reloaded assembly
- Finished resetting the current domain, in  1.315 seconds
Domain Reload Profiling: 1943ms
	BeginReloadAssembly (191ms)
		ExecutionOrderSort (0ms)
		DisableScriptedObjects (15ms)
		BackupInstance (0ms)
		ReleaseScriptingObjects (0ms)
		CreateAndSetChildDomain (36ms)
	RebuildCommonClasses (37ms)
	RebuildNativeTypeToScriptingClass (14ms)
	initialDomainReloadingComplete (38ms)
	LoadAllAssembliesAndSetupDomain (347ms)
		LoadAssemblies (412ms)
		RebuildTransferFunctionScriptingTraits (0ms)
		AnalyzeDomain (44ms)
			TypeCache.Refresh (18ms)
				TypeCache.ScanAssembly (6ms)
			ScanForSourceGeneratedMonoScriptInfo (12ms)
			ResolveRequiredComponents (13ms)
	FinalizeReload (1315ms)
		ReleaseScriptCaches (0ms)
		RebuildScriptCaches (0ms)
		SetupLoadedEditorAssemblies (632ms)
			LogAssemblyErrors (0ms)
			InitializePlatformSupportModulesInManaged (8ms)
			SetLoadedEditorAssemblies (6ms)
			RefreshPlugins (0ms)
			BeforeProcessingInitializeOnLoad (130ms)
			ProcessInitializeOnLoadAttributes (445ms)
			ProcessInitializeOnLoadMethodAttributes (38ms)
			AfterProcessingInitializeOnLoad (3ms)
			EditorAssembliesLoaded (0ms)
		ExecutionOrderSort2 (0ms)
		AwakeInstancesAfterBackupRestoration (21ms)
Refreshing native plugins compatible for Editor in 15.61 ms, found 12 plugins.
Preloading 0 native plugins for Editor in 0.00 ms.
Unloading 4502 Unused Serialized files (Serialized files now loaded: 0)
Unloading 27 unused Assets / (32.8 KB). Loaded Objects now: 5099.
Memory consumption went from 154.4 MB to 154.4 MB.
Total: 3.900900 ms (FindLiveObjects: 0.558600 ms CreateObjectMapping: 0.200100 ms MarkObjects: 3.081500 ms  DeleteObjects: 0.059200 ms)

Prepare: number of updated asset objects reloaded= 0
AssetImportParameters requested are different than current active one (requested -> active):
  custom:container-demuxer-ogg: 62fdf1f143b41e24485cea50d1cbac27 -> 
  custom:video-decoder-ogg-theora: a1e56fd34408186e4bbccfd4996cb3dc -> 
  custom:framework-win-MediaFoundation: 216162199b28c13a410421893ffa2e32 -> 
  custom:CustomObjectIndexerAttribute: 9a22284fe3817be447336de3de66b15e -> 
  custom:container-demuxer-webm: 4f35f7cbe854078d1ac9338744f61a02 -> 
  custom:container-muxer-webm: aa71ff27fc2769a1b78a27578f13a17b -> 
  custom:video-decoder-webm-vp8: 9c59270c3fd7afecdb556c50c9e8de78 -> 
  custom:SearchIndexIgnoredProperties: e643bd26f0fe6173181afceb89e7c659 -> 
  custom:AudioImporter_EditorPlatform: d09bf68614088b80899f8185d706f6e7 -> 
  custom:video-encoder-webm-vp8: eb34c28f22e8b96e1ab97ce403110664 -> 
  custom:audio-decoder-ogg-vorbis: bf7c407c2cedff20999df2af8eb42d56 -> 
  custom:audio-encoder-webm-vorbis: bf7c407c2cedff20999df2af8eb42d56 -> 
  custom:scripting/precompiled-assembly-types:Assembly-CSharp: 004b7fa97448ac3a4119b7b5920494a9 -> b30da08c0707e693a5faa73d64a81371
========================================================================
Received Prepare
Caller must complete domain reload
Begin MonoManager ReloadAssembly
- Loaded All Assemblies, in  0.638 seconds
Native extension for WindowsStandalone target not found
Native extension for WebGL target not found
Mono: successfully reloaded assembly
- Finished resetting the current domain, in  1.369 seconds
Domain Reload Profiling: 2007ms
	BeginReloadAssembly (181ms)
		ExecutionOrderSort (0ms)
		DisableScriptedObjects (14ms)
		BackupInstance (0ms)
		ReleaseScriptingObjects (0ms)
		CreateAndSetChildDomain (33ms)
	RebuildCommonClasses (37ms)
	RebuildNativeTypeToScriptingClass (14ms)
	initialDomainReloadingComplete (36ms)
	LoadAllAssembliesAndSetupDomain (369ms)
		LoadAssemblies (449ms)
		RebuildTransferFunctionScriptingTraits (0ms)
		AnalyzeDomain (25ms)
			TypeCache.Refresh (8ms)
				TypeCache.ScanAssembly (0ms)
			ScanForSourceGeneratedMonoScriptInfo (0ms)
			ResolveRequiredComponents (16ms)
	FinalizeReload (1370ms)
		ReleaseScriptCaches (0ms)
		RebuildScriptCaches (0ms)
		SetupLoadedEditorAssemblies (664ms)
			LogAssemblyErrors (0ms)
			InitializePlatformSupportModulesInManaged (9ms)
			SetLoadedEditorAssemblies (6ms)
			RefreshPlugins (0ms)
			BeforeProcessingInitializeOnLoad (136ms)
			ProcessInitializeOnLoadAttributes (463ms)
			ProcessInitializeOnLoadMethodAttributes (45ms)
			AfterProcessingInitializeOnLoad (5ms)
			EditorAssembliesLoaded (0ms)
		ExecutionOrderSort2 (0ms)
		AwakeInstancesAfterBackupRestoration (23ms)
Refreshing native plugins compatible for Editor in 17.35 ms, found 12 plugins.
Preloading 0 native plugins for Editor in 0.00 ms.
Unloading 4502 Unused Serialized files (Serialized files now loaded: 0)
Unloading 27 unused Assets / (32.8 KB). Loaded Objects now: 5103.
Memory consumption went from 154.4 MB to 154.4 MB.
Total: 4.006500 ms (FindLiveObjects: 0.573600 ms CreateObjectMapping: 0.215600 ms MarkObjects: 3.151000 ms  DeleteObjects: 0.065200 ms)

Prepare: number of updated asset objects reloaded= 0
AssetImportParameters requested are different than current active one (requested -> active):
  custom:container-demuxer-ogg: 62fdf1f143b41e24485cea50d1cbac27 -> 
  custom:video-decoder-ogg-theora: a1e56fd34408186e4bbccfd4996cb3dc -> 
  custom:framework-win-MediaFoundation: 216162199b28c13a410421893ffa2e32 -> 
  custom:CustomObjectIndexerAttribute: 9a22284fe3817be447336de3de66b15e -> 
  custom:container-demuxer-webm: 4f35f7cbe854078d1ac9338744f61a02 -> 
  custom:container-muxer-webm: aa71ff27fc2769a1b78a27578f13a17b -> 
  custom:video-decoder-webm-vp8: 9c59270c3fd7afecdb556c50c9e8de78 -> 
  custom:SearchIndexIgnoredProperties: e643bd26f0fe6173181afceb89e7c659 -> 
  custom:AudioImporter_EditorPlatform: d09bf68614088b80899f8185d706f6e7 -> 
  custom:video-encoder-webm-vp8: eb34c28f22e8b96e1ab97ce403110664 -> 
  custom:audio-decoder-ogg-vorbis: bf7c407c2cedff20999df2af8eb42d56 -> 
  custom:audio-encoder-webm-vorbis: bf7c407c2cedff20999df2af8eb42d56 -> 
  custom:scripting/precompiled-assembly-types:Assembly-CSharp: 004b7fa97448ac3a4119b7b5920494a9 -> b30da08c0707e693a5faa73d64a81371
========================================================================
Received Prepare
Caller must complete domain reload
Begin MonoManager ReloadAssembly
- Loaded All Assemblies, in  0.646 seconds
Native extension for WindowsStandalone target not found
Native extension for WebGL target not found
Mono: successfully reloaded assembly
- Finished resetting the current domain, in  1.284 seconds
Domain Reload Profiling: 1930ms
	BeginReloadAssembly (190ms)
		ExecutionOrderSort (0ms)
		DisableScriptedObjects (17ms)
		BackupInstance (0ms)
		ReleaseScriptingObjects (0ms)
		CreateAndSetChildDomain (38ms)
	RebuildCommonClasses (35ms)
	RebuildNativeTypeToScriptingClass (13ms)
	initialDomainReloadingComplete (37ms)
	LoadAllAssembliesAndSetupDomain (370ms)
		LoadAssemblies (430ms)
		RebuildTransferFunctionScriptingTraits (0ms)
		AnalyzeDomain (44ms)
			TypeCache.Refresh (18ms)
				TypeCache.ScanAssembly (6ms)
			ScanForSourceGeneratedMonoScriptInfo (12ms)
			ResolveRequiredComponents (13ms)
	FinalizeReload (1285ms)
		ReleaseScriptCaches (0ms)
		RebuildScriptCaches (0ms)
		SetupLoadedEditorAssemblies (606ms)
			LogAssemblyErrors (0ms)
			InitializePlatformSupportModulesInManaged (8ms)
			SetLoadedEditorAssemblies (6ms)
			RefreshPlugins (0ms)
			BeforeProcessingInitializeOnLoad (126ms)
			ProcessInitializeOnLoadAttributes (423ms)
			ProcessInitializeOnLoadMethodAttributes (39ms)
			AfterProcessingInitializeOnLoad (3ms)
			EditorAssembliesLoaded (0ms)
		ExecutionOrderSort2 (0ms)
		AwakeInstancesAfterBackupRestoration (20ms)
Refreshing native plugins compatible for Editor in 15.89 ms, found 12 plugins.
Preloading 0 native plugins for Editor in 0.00 ms.
Unloading 4502 Unused Serialized files (Serialized files now loaded: 0)
Unloading 27 unused Assets / (32.8 KB). Loaded Objects now: 5107.
Memory consumption went from 154.4 MB to 154.4 MB.
Total: 3.583500 ms (FindLiveObjects: 0.484300 ms CreateObjectMapping: 0.160700 ms MarkObjects: 2.879000 ms  DeleteObjects: 0.058500 ms)

Prepare: number of updated asset objects reloaded= 0
AssetImportParameters requested are different than current active one (requested -> active):
  custom:container-demuxer-ogg: 62fdf1f143b41e24485cea50d1cbac27 -> 
  custom:video-decoder-ogg-theora: a1e56fd34408186e4bbccfd4996cb3dc -> 
  custom:framework-win-MediaFoundation: 216162199b28c13a410421893ffa2e32 -> 
  custom:CustomObjectIndexerAttribute: 9a22284fe3817be447336de3de66b15e -> 
  custom:container-demuxer-webm: 4f35f7cbe854078d1ac9338744f61a02 -> 
  custom:container-muxer-webm: aa71ff27fc2769a1b78a27578f13a17b -> 
  custom:video-decoder-webm-vp8: 9c59270c3fd7afecdb556c50c9e8de78 -> 
  custom:SearchIndexIgnoredProperties: e643bd26f0fe6173181afceb89e7c659 -> 
  custom:AudioImporter_EditorPlatform: d09bf68614088b80899f8185d706f6e7 -> 
  custom:video-encoder-webm-vp8: eb34c28f22e8b96e1ab97ce403110664 -> 
  custom:audio-decoder-ogg-vorbis: bf7c407c2cedff20999df2af8eb42d56 -> 
  custom:audio-encoder-webm-vorbis: bf7c407c2cedff20999df2af8eb42d56 -> 
  custom:scripting/precompiled-assembly-types:Assembly-CSharp: 004b7fa97448ac3a4119b7b5920494a9 -> b30da08c0707e693a5faa73d64a81371
========================================================================
Received Prepare
Caller must complete domain reload
Begin MonoManager ReloadAssembly
- Loaded All Assemblies, in  0.641 seconds
Native extension for WindowsStandalone target not found
Native extension for WebGL target not found
Mono: successfully reloaded assembly
- Finished resetting the current domain, in  1.381 seconds
Domain Reload Profiling: 2021ms
	BeginReloadAssembly (181ms)
		ExecutionOrderSort (0ms)
		DisableScriptedObjects (15ms)
		BackupInstance (0ms)
		ReleaseScriptingObjects (0ms)
		CreateAndSetChildDomain (35ms)
	RebuildCommonClasses (40ms)
	RebuildNativeTypeToScriptingClass (14ms)
	initialDomainReloadingComplete (40ms)
	LoadAllAssembliesAndSetupDomain (364ms)
		LoadAssemblies (441ms)
		RebuildTransferFunctionScriptingTraits (0ms)
		AnalyzeDomain (23ms)
			TypeCache.Refresh (8ms)
				TypeCache.ScanAssembly (0ms)
			ScanForSourceGeneratedMonoScriptInfo (0ms)
			ResolveRequiredComponents (14ms)
	FinalizeReload (1381ms)
		ReleaseScriptCaches (0ms)
		RebuildScriptCaches (0ms)
		SetupLoadedEditorAssemblies (683ms)
			LogAssemblyErrors (0ms)
			InitializePlatformSupportModulesInManaged (9ms)
			SetLoadedEditorAssemblies (9ms)
			RefreshPlugins (0ms)
			BeforeProcessingInitializeOnLoad (148ms)
			ProcessInitializeOnLoadAttributes (472ms)
			ProcessInitializeOnLoadMethodAttributes (41ms)
			AfterProcessingInitializeOnLoad (4ms)
			EditorAssembliesLoaded (0ms)
		ExecutionOrderSort2 (0ms)
		AwakeInstancesAfterBackupRestoration (26ms)
Refreshing native plugins compatible for Editor in 18.71 ms, found 12 plugins.
Preloading 0 native plugins for Editor in 0.00 ms.
Unloading 4502 Unused Serialized files (Serialized files now loaded: 0)
Unloading 27 unused Assets / (32.7 KB). Loaded Objects now: 5111.
Memory consumption went from 154.4 MB to 154.4 MB.
Total: 3.975700 ms (FindLiveObjects: 0.539400 ms CreateObjectMapping: 0.230500 ms MarkObjects: 3.144400 ms  DeleteObjects: 0.060200 ms)

Prepare: number of updated asset objects reloaded= 0
AssetImportParameters requested are different than current active one (requested -> active):
  custom:container-demuxer-ogg: 62fdf1f143b41e24485cea50d1cbac27 -> 
  custom:video-decoder-ogg-theora: a1e56fd34408186e4bbccfd4996cb3dc -> 
  custom:framework-win-MediaFoundation: 216162199b28c13a410421893ffa2e32 -> 
  custom:CustomObjectIndexerAttribute: 9a22284fe3817be447336de3de66b15e -> 
  custom:container-demuxer-webm: 4f35f7cbe854078d1ac9338744f61a02 -> 
  custom:container-muxer-webm: aa71ff27fc2769a1b78a27578f13a17b -> 
  custom:video-decoder-webm-vp8: 9c59270c3fd7afecdb556c50c9e8de78 -> 
  custom:SearchIndexIgnoredProperties: e643bd26f0fe6173181afceb89e7c659 -> 
  custom:AudioImporter_EditorPlatform: d09bf68614088b80899f8185d706f6e7 -> 
  custom:video-encoder-webm-vp8: eb34c28f22e8b96e1ab97ce403110664 -> 
  custom:audio-decoder-ogg-vorbis: bf7c407c2cedff20999df2af8eb42d56 -> 
  custom:audio-encoder-webm-vorbis: bf7c407c2cedff20999df2af8eb42d56 -> 
  custom:scripting/precompiled-assembly-types:Assembly-CSharp: 004b7fa97448ac3a4119b7b5920494a9 -> b30da08c0707e693a5faa73d64a81371
========================================================================
Received Import Request.
  Time since last request: 501.672947 seconds.
  path: Assets/Prefabs/炮塔/炮管/基础炮管.prefab
  artifactKey: Guid(44a5b1baf0b997c49a539842a492b44f) Importer(815301076,1909f56bfc062723c751e8b465ee728b)
Start importing Assets/Prefabs/炮塔/炮管/基础炮管.prefab using Guid(44a5b1baf0b997c49a539842a492b44f) Importer(815301076,1909f56bfc062723c751e8b465ee728b) [PhysX] Initialized MultithreadedTaskDispatcher with 16 workers.
 -> (artifact id: '6d36858698e5a1c40f4a8b73e09bad72') in 0.004001 seconds
Number of updated asset objects reloaded before import = 0
Number of asset objects unloaded after import = 0
========================================================================
Received Import Request.
  Time since last request: 3.110210 seconds.
  path: Assets/Prefabs/炮塔/炮管/基础炮管.prefab
  artifactKey: Guid(44a5b1baf0b997c49a539842a492b44f) Importer(815301076,1909f56bfc062723c751e8b465ee728b)
Start importing Assets/Prefabs/炮塔/炮管/基础炮管.prefab using Guid(44a5b1baf0b997c49a539842a492b44f) Importer(815301076,1909f56bfc062723c751e8b465ee728b) [PhysX] Initialized MultithreadedTaskDispatcher with 16 workers.
 -> (artifact id: '2d4742e01ffac6e9dbad2ecd6298c42a') in 0.000501 seconds
Number of updated asset objects reloaded before import = 0
Number of asset objects unloaded after import = 0
========================================================================
Received Prepare
Caller must complete domain reload
Begin MonoManager ReloadAssembly
- Loaded All Assemblies, in  0.621 seconds
Native extension for WindowsStandalone target not found
Native extension for WebGL target not found
Mono: successfully reloaded assembly
- Finished resetting the current domain, in  1.325 seconds
Domain Reload Profiling: 1945ms
	BeginReloadAssembly (181ms)
		ExecutionOrderSort (0ms)
		DisableScriptedObjects (14ms)
		BackupInstance (0ms)
		ReleaseScriptingObjects (0ms)
		CreateAndSetChildDomain (32ms)
	RebuildCommonClasses (36ms)
	RebuildNativeTypeToScriptingClass (14ms)
	initialDomainReloadingComplete (38ms)
	LoadAllAssembliesAndSetupDomain (351ms)
		LoadAssemblies (434ms)
		RebuildTransferFunctionScriptingTraits (0ms)
		AnalyzeDomain (23ms)
			TypeCache.Refresh (8ms)
				TypeCache.ScanAssembly (0ms)
			ScanForSourceGeneratedMonoScriptInfo (0ms)
			ResolveRequiredComponents (14ms)
	FinalizeReload (1326ms)
		ReleaseScriptCaches (0ms)
		RebuildScriptCaches (0ms)
		SetupLoadedEditorAssemblies (653ms)
			LogAssemblyErrors (0ms)
			InitializePlatformSupportModulesInManaged (9ms)
			SetLoadedEditorAssemblies (8ms)
			RefreshPlugins (0ms)
			BeforeProcessingInitializeOnLoad (139ms)
			ProcessInitializeOnLoadAttributes (454ms)
			ProcessInitializeOnLoadMethodAttributes (40ms)
			AfterProcessingInitializeOnLoad (4ms)
			EditorAssembliesLoaded (0ms)
		ExecutionOrderSort2 (0ms)
		AwakeInstancesAfterBackupRestoration (26ms)
Refreshing native plugins compatible for Editor in 16.71 ms, found 12 plugins.
Preloading 0 native plugins for Editor in 0.00 ms.
Unloading 4501 Unused Serialized files (Serialized files now loaded: 0)
Unloading 27 unused Assets / (33.8 KB). Loaded Objects now: 5115.
Memory consumption went from 154.2 MB to 154.1 MB.
Total: 3.820400 ms (FindLiveObjects: 0.490700 ms CreateObjectMapping: 0.181100 ms MarkObjects: 3.080300 ms  DeleteObjects: 0.067000 ms)

Prepare: number of updated asset objects reloaded= 0
AssetImportParameters requested are different than current active one (requested -> active):
  custom:container-demuxer-ogg: 62fdf1f143b41e24485cea50d1cbac27 -> 
  custom:video-decoder-ogg-theora: a1e56fd34408186e4bbccfd4996cb3dc -> 
  custom:framework-win-MediaFoundation: 216162199b28c13a410421893ffa2e32 -> 
  custom:CustomObjectIndexerAttribute: 9a22284fe3817be447336de3de66b15e -> 
  custom:container-demuxer-webm: 4f35f7cbe854078d1ac9338744f61a02 -> 
  custom:container-muxer-webm: aa71ff27fc2769a1b78a27578f13a17b -> 
  custom:video-decoder-webm-vp8: 9c59270c3fd7afecdb556c50c9e8de78 -> 
  custom:SearchIndexIgnoredProperties: e643bd26f0fe6173181afceb89e7c659 -> 
  custom:AudioImporter_EditorPlatform: d09bf68614088b80899f8185d706f6e7 -> 
  custom:video-encoder-webm-vp8: eb34c28f22e8b96e1ab97ce403110664 -> 
  custom:audio-decoder-ogg-vorbis: bf7c407c2cedff20999df2af8eb42d56 -> 
  custom:audio-encoder-webm-vorbis: bf7c407c2cedff20999df2af8eb42d56 -> 
  custom:scripting/precompiled-assembly-types:Assembly-CSharp: 004b7fa97448ac3a4119b7b5920494a9 -> b30da08c0707e693a5faa73d64a81371
========================================================================
Received Import Request.
  Time since last request: 6.289989 seconds.
  path: Assets/Prefabs/炮塔/炮管/基础炮管.prefab
  artifactKey: Guid(44a5b1baf0b997c49a539842a492b44f) Importer(815301076,1909f56bfc062723c751e8b465ee728b)
Start importing Assets/Prefabs/炮塔/炮管/基础炮管.prefab using Guid(44a5b1baf0b997c49a539842a492b44f) Importer(815301076,1909f56bfc062723c751e8b465ee728b) [PhysX] Initialized MultithreadedTaskDispatcher with 16 workers.
 -> (artifact id: '2d4742e01ffac6e9dbad2ecd6298c42a') in 0.002843 seconds
Number of updated asset objects reloaded before import = 0
Number of asset objects unloaded after import = 0
========================================================================
Received Prepare
Caller must complete domain reload
Begin MonoManager ReloadAssembly
- Loaded All Assemblies, in  0.663 seconds
Native extension for WindowsStandalone target not found
Native extension for WebGL target not found
Mono: successfully reloaded assembly
- Finished resetting the current domain, in  1.291 seconds
Domain Reload Profiling: 1952ms
	BeginReloadAssembly (192ms)
		ExecutionOrderSort (0ms)
		DisableScriptedObjects (15ms)
		BackupInstance (0ms)
		ReleaseScriptingObjects (0ms)
		CreateAndSetChildDomain (38ms)
	RebuildCommonClasses (36ms)
	RebuildNativeTypeToScriptingClass (14ms)
	initialDomainReloadingComplete (36ms)
	LoadAllAssembliesAndSetupDomain (382ms)
		LoadAssemblies (445ms)
		RebuildTransferFunctionScriptingTraits (0ms)
		AnalyzeDomain (46ms)
			TypeCache.Refresh (17ms)
				TypeCache.ScanAssembly (6ms)
			ScanForSourceGeneratedMonoScriptInfo (13ms)
			ResolveRequiredComponents (14ms)
	FinalizeReload (1291ms)
		ReleaseScriptCaches (0ms)
		RebuildScriptCaches (0ms)
		SetupLoadedEditorAssemblies (624ms)
			LogAssemblyErrors (0ms)
			InitializePlatformSupportModulesInManaged (8ms)
			SetLoadedEditorAssemblies (7ms)
			RefreshPlugins (0ms)
			BeforeProcessingInitializeOnLoad (131ms)
			ProcessInitializeOnLoadAttributes (436ms)
			ProcessInitializeOnLoadMethodAttributes (38ms)
			AfterProcessingInitializeOnLoad (4ms)
			EditorAssembliesLoaded (0ms)
		ExecutionOrderSort2 (0ms)
		AwakeInstancesAfterBackupRestoration (22ms)
Refreshing native plugins compatible for Editor in 18.29 ms, found 12 plugins.
Preloading 0 native plugins for Editor in 0.00 ms.
Unloading 4501 Unused Serialized files (Serialized files now loaded: 0)
Unloading 27 unused Assets / (32.8 KB). Loaded Objects now: 5119.
Memory consumption went from 154.2 MB to 154.2 MB.
Total: 3.570400 ms (FindLiveObjects: 0.478800 ms CreateObjectMapping: 0.180200 ms MarkObjects: 2.855300 ms  DeleteObjects: 0.055100 ms)

Prepare: number of updated asset objects reloaded= 0
AssetImportParameters requested are different than current active one (requested -> active):
  custom:container-demuxer-ogg: 62fdf1f143b41e24485cea50d1cbac27 -> 
  custom:video-decoder-ogg-theora: a1e56fd34408186e4bbccfd4996cb3dc -> 
  custom:framework-win-MediaFoundation: 216162199b28c13a410421893ffa2e32 -> 
  custom:CustomObjectIndexerAttribute: 9a22284fe3817be447336de3de66b15e -> 
  custom:container-demuxer-webm: 4f35f7cbe854078d1ac9338744f61a02 -> 
  custom:container-muxer-webm: aa71ff27fc2769a1b78a27578f13a17b -> 
  custom:video-decoder-webm-vp8: 9c59270c3fd7afecdb556c50c9e8de78 -> 
  custom:SearchIndexIgnoredProperties: e643bd26f0fe6173181afceb89e7c659 -> 
  custom:AudioImporter_EditorPlatform: d09bf68614088b80899f8185d706f6e7 -> 
  custom:video-encoder-webm-vp8: eb34c28f22e8b96e1ab97ce403110664 -> 
  custom:audio-decoder-ogg-vorbis: bf7c407c2cedff20999df2af8eb42d56 -> 
  custom:audio-encoder-webm-vorbis: bf7c407c2cedff20999df2af8eb42d56 -> 
  custom:scripting/precompiled-assembly-types:Assembly-CSharp: 2c4e9645c2b7f7647e470d7beac75c64 -> b30da08c0707e693a5faa73d64a81371
========================================================================
Received Import Request.
  Time since last request: 656.456300 seconds.
  path: Assets/Prefabs/炮塔/炮管/基础炮管.prefab
  artifactKey: Guid(44a5b1baf0b997c49a539842a492b44f) Importer(815301076,1909f56bfc062723c751e8b465ee728b)
Start importing Assets/Prefabs/炮塔/炮管/基础炮管.prefab using Guid(44a5b1baf0b997c49a539842a492b44f) Importer(815301076,1909f56bfc062723c751e8b465ee728b) [PhysX] Initialized MultithreadedTaskDispatcher with 16 workers.
 -> (artifact id: '2d4742e01ffac6e9dbad2ecd6298c42a') in 0.002964 seconds
Number of updated asset objects reloaded before import = 0
Number of asset objects unloaded after import = 0
========================================================================
Received Prepare
Caller must complete domain reload
Begin MonoManager ReloadAssembly
- Loaded All Assemblies, in  0.658 seconds
Native extension for WindowsStandalone target not found
Native extension for WebGL target not found
Mono: successfully reloaded assembly
- Finished resetting the current domain, in  1.296 seconds
Domain Reload Profiling: 1953ms
	BeginReloadAssembly (188ms)
		ExecutionOrderSort (0ms)
		DisableScriptedObjects (14ms)
		BackupInstance (0ms)
		ReleaseScriptingObjects (0ms)
		CreateAndSetChildDomain (37ms)
	RebuildCommonClasses (35ms)
	RebuildNativeTypeToScriptingClass (13ms)
	initialDomainReloadingComplete (35ms)
	LoadAllAssembliesAndSetupDomain (384ms)
		LoadAssemblies (446ms)
		RebuildTransferFunctionScriptingTraits (0ms)
		AnalyzeDomain (46ms)
			TypeCache.Refresh (18ms)
				TypeCache.ScanAssembly (6ms)
			ScanForSourceGeneratedMonoScriptInfo (13ms)
			ResolveRequiredComponents (14ms)
	FinalizeReload (1297ms)
		ReleaseScriptCaches (0ms)
		RebuildScriptCaches (0ms)
		SetupLoadedEditorAssemblies (618ms)
			LogAssemblyErrors (0ms)
			InitializePlatformSupportModulesInManaged (8ms)
			SetLoadedEditorAssemblies (7ms)
			RefreshPlugins (0ms)
			BeforeProcessingInitializeOnLoad (125ms)
			ProcessInitializeOnLoadAttributes (434ms)
			ProcessInitializeOnLoadMethodAttributes (41ms)
			AfterProcessingInitializeOnLoad (4ms)
			EditorAssembliesLoaded (0ms)
		ExecutionOrderSort2 (0ms)
		AwakeInstancesAfterBackupRestoration (26ms)
Refreshing native plugins compatible for Editor in 24.50 ms, found 12 plugins.
Preloading 0 native plugins for Editor in 0.00 ms.
Unloading 4501 Unused Serialized files (Serialized files now loaded: 0)
Unloading 27 unused Assets / (33.8 KB). Loaded Objects now: 5123.
Memory consumption went from 154.2 MB to 154.2 MB.
Total: 4.668500 ms (FindLiveObjects: 0.507800 ms CreateObjectMapping: 0.161300 ms MarkObjects: 3.934000 ms  DeleteObjects: 0.064000 ms)

Prepare: number of updated asset objects reloaded= 0
AssetImportParameters requested are different than current active one (requested -> active):
  custom:container-demuxer-ogg: 62fdf1f143b41e24485cea50d1cbac27 -> 
  custom:video-decoder-ogg-theora: a1e56fd34408186e4bbccfd4996cb3dc -> 
  custom:framework-win-MediaFoundation: 216162199b28c13a410421893ffa2e32 -> 
  custom:CustomObjectIndexerAttribute: 9a22284fe3817be447336de3de66b15e -> 
  custom:container-demuxer-webm: 4f35f7cbe854078d1ac9338744f61a02 -> 
  custom:container-muxer-webm: aa71ff27fc2769a1b78a27578f13a17b -> 
  custom:video-decoder-webm-vp8: 9c59270c3fd7afecdb556c50c9e8de78 -> 
  custom:SearchIndexIgnoredProperties: e643bd26f0fe6173181afceb89e7c659 -> 
  custom:AudioImporter_EditorPlatform: d09bf68614088b80899f8185d706f6e7 -> 
  custom:video-encoder-webm-vp8: eb34c28f22e8b96e1ab97ce403110664 -> 
  custom:audio-decoder-ogg-vorbis: bf7c407c2cedff20999df2af8eb42d56 -> 
  custom:audio-encoder-webm-vorbis: bf7c407c2cedff20999df2af8eb42d56 -> 
  custom:scripting/precompiled-assembly-types:Assembly-CSharp: 2c4e9645c2b7f7647e470d7beac75c64 -> b30da08c0707e693a5faa73d64a81371
========================================================================
Received Prepare
Caller must complete domain reload
Begin MonoManager ReloadAssembly
- Loaded All Assemblies, in  0.605 seconds
Native extension for WindowsStandalone target not found
Native extension for WebGL target not found
Mono: successfully reloaded assembly
- Finished resetting the current domain, in  1.362 seconds
Domain Reload Profiling: 1965ms
	BeginReloadAssembly (177ms)
		ExecutionOrderSort (0ms)
		DisableScriptedObjects (16ms)
		BackupInstance (0ms)
		ReleaseScriptingObjects (0ms)
		CreateAndSetChildDomain (33ms)
	RebuildCommonClasses (36ms)
	RebuildNativeTypeToScriptingClass (13ms)
	initialDomainReloadingComplete (35ms)
	LoadAllAssembliesAndSetupDomain (343ms)
		LoadAssemblies (415ms)
		RebuildTransferFunctionScriptingTraits (0ms)
		AnalyzeDomain (24ms)
			TypeCache.Refresh (8ms)
				TypeCache.ScanAssembly (0ms)
			ScanForSourceGeneratedMonoScriptInfo (0ms)
			ResolveRequiredComponents (15ms)
	FinalizeReload (1362ms)
		ReleaseScriptCaches (0ms)
		RebuildScriptCaches (0ms)
		SetupLoadedEditorAssemblies (633ms)
			LogAssemblyErrors (0ms)
			InitializePlatformSupportModulesInManaged (9ms)
			SetLoadedEditorAssemblies (6ms)
			RefreshPlugins (0ms)
			BeforeProcessingInitializeOnLoad (137ms)
			ProcessInitializeOnLoadAttributes (434ms)
			ProcessInitializeOnLoadMethodAttributes (43ms)
			AfterProcessingInitializeOnLoad (4ms)
			EditorAssembliesLoaded (0ms)
		ExecutionOrderSort2 (0ms)
		AwakeInstancesAfterBackupRestoration (24ms)
Refreshing native plugins compatible for Editor in 17.57 ms, found 12 plugins.
Preloading 0 native plugins for Editor in 0.00 ms.
Unloading 4502 Unused Serialized files (Serialized files now loaded: 0)
Unloading 27 unused Assets / (32.8 KB). Loaded Objects now: 5127.
Memory consumption went from 154.4 MB to 154.4 MB.
Total: 3.738400 ms (FindLiveObjects: 0.507400 ms CreateObjectMapping: 0.221800 ms MarkObjects: 2.949100 ms  DeleteObjects: 0.058900 ms)

Prepare: number of updated asset objects reloaded= 0
AssetImportParameters requested are different than current active one (requested -> active):
  custom:container-demuxer-ogg: 62fdf1f143b41e24485cea50d1cbac27 -> 
  custom:video-decoder-ogg-theora: a1e56fd34408186e4bbccfd4996cb3dc -> 
  custom:framework-win-MediaFoundation: 216162199b28c13a410421893ffa2e32 -> 
  custom:CustomObjectIndexerAttribute: 9a22284fe3817be447336de3de66b15e -> 
  custom:container-demuxer-webm: 4f35f7cbe854078d1ac9338744f61a02 -> 
  custom:container-muxer-webm: aa71ff27fc2769a1b78a27578f13a17b -> 
  custom:video-decoder-webm-vp8: 9c59270c3fd7afecdb556c50c9e8de78 -> 
  custom:SearchIndexIgnoredProperties: e643bd26f0fe6173181afceb89e7c659 -> 
  custom:AudioImporter_EditorPlatform: d09bf68614088b80899f8185d706f6e7 -> 
  custom:video-encoder-webm-vp8: eb34c28f22e8b96e1ab97ce403110664 -> 
  custom:audio-decoder-ogg-vorbis: bf7c407c2cedff20999df2af8eb42d56 -> 
  custom:audio-encoder-webm-vorbis: bf7c407c2cedff20999df2af8eb42d56 -> 
  custom:scripting/precompiled-assembly-types:Assembly-CSharp: 2c4e9645c2b7f7647e470d7beac75c64 -> b30da08c0707e693a5faa73d64a81371
========================================================================
Received Import Request.
  Time since last request: 213.647987 seconds.
  path: Assets/Scenes/GameScene.unity
  artifactKey: Guid(ff964dba3eaf3e041a4958439db1ba5b) Importer(815301076,1909f56bfc062723c751e8b465ee728b)
Start importing Assets/Scenes/GameScene.unity using Guid(ff964dba3eaf3e041a4958439db1ba5b) Importer(815301076,1909f56bfc062723c751e8b465ee728b) [PhysX] Initialized MultithreadedTaskDispatcher with 16 workers.
 -> (artifact id: 'dc01ddbd2e77d968ac841a4aef65af7f') in 0.003100 seconds
Number of updated asset objects reloaded before import = 0
Number of asset objects unloaded after import = 0
========================================================================
Received Import Request.
  Time since last request: 13.884483 seconds.
  path: Assets/Scripts/炮塔底座/TowerPlatform.cs
  artifactKey: Guid(632b79cf35fa24c488dc12e6a8bfb31a) Importer(815301076,1909f56bfc062723c751e8b465ee728b)
Start importing Assets/Scripts/炮塔底座/TowerPlatform.cs using Guid(632b79cf35fa24c488dc12e6a8bfb31a) Importer(815301076,1909f56bfc062723c751e8b465ee728b) [PhysX] Initialized MultithreadedTaskDispatcher with 16 workers.
 -> (artifact id: '7557475949bc322f2e14c8e20665bdd0') in 0.001014 seconds
Number of updated asset objects reloaded before import = 0
Number of asset objects unloaded after import = 0
========================================================================
Received Import Request.
  Time since last request: 0.354093 seconds.
  path: Assets/Scripts/炮塔底座/TowerPlatformPanel.cs
  artifactKey: Guid(099335c9bd3242846930208a8f9bfbd0) Importer(815301076,1909f56bfc062723c751e8b465ee728b)
Start importing Assets/Scripts/炮塔底座/TowerPlatformPanel.cs using Guid(099335c9bd3242846930208a8f9bfbd0) Importer(815301076,1909f56bfc062723c751e8b465ee728b) [PhysX] Initialized MultithreadedTaskDispatcher with 16 workers.
 -> (artifact id: 'ff1c7ab64cdcb1ac0c471c564e40d842') in 0.001160 seconds
Number of updated asset objects reloaded before import = 0
Number of asset objects unloaded after import = 0
========================================================================
Received Prepare
Caller must complete domain reload
Begin MonoManager ReloadAssembly
- Loaded All Assemblies, in  0.639 seconds
Native extension for WindowsStandalone target not found
Native extension for WebGL target not found
Mono: successfully reloaded assembly
- Finished resetting the current domain, in  1.346 seconds
Domain Reload Profiling: 1984ms
	BeginReloadAssembly (180ms)
		ExecutionOrderSort (0ms)
		DisableScriptedObjects (15ms)
		BackupInstance (0ms)
		ReleaseScriptingObjects (0ms)
		CreateAndSetChildDomain (35ms)
	RebuildCommonClasses (37ms)
	RebuildNativeTypeToScriptingClass (14ms)
	initialDomainReloadingComplete (36ms)
	LoadAllAssembliesAndSetupDomain (371ms)
		LoadAssemblies (424ms)
		RebuildTransferFunctionScriptingTraits (0ms)
		AnalyzeDomain (45ms)
			TypeCache.Refresh (18ms)
				TypeCache.ScanAssembly (6ms)
			ScanForSourceGeneratedMonoScriptInfo (13ms)
			ResolveRequiredComponents (14ms)
	FinalizeReload (1346ms)
		ReleaseScriptCaches (0ms)
		RebuildScriptCaches (0ms)
		SetupLoadedEditorAssemblies (625ms)
			LogAssemblyErrors (0ms)
			InitializePlatformSupportModulesInManaged (8ms)
			SetLoadedEditorAssemblies (8ms)
			RefreshPlugins (0ms)
			BeforeProcessingInitializeOnLoad (137ms)
			ProcessInitializeOnLoadAttributes (428ms)
			ProcessInitializeOnLoadMethodAttributes (41ms)
			AfterProcessingInitializeOnLoad (3ms)
			EditorAssembliesLoaded (0ms)
		ExecutionOrderSort2 (0ms)
		AwakeInstancesAfterBackupRestoration (24ms)
Refreshing native plugins compatible for Editor in 17.30 ms, found 12 plugins.
Preloading 0 native plugins for Editor in 0.00 ms.
Unloading 4502 Unused Serialized files (Serialized files now loaded: 0)
Unloading 27 unused Assets / (32.8 KB). Loaded Objects now: 5132.
Memory consumption went from 154.2 MB to 154.2 MB.
Total: 3.758400 ms (FindLiveObjects: 0.535600 ms CreateObjectMapping: 0.196700 ms MarkObjects: 2.961600 ms  DeleteObjects: 0.062800 ms)

Prepare: number of updated asset objects reloaded= 0
AssetImportParameters requested are different than current active one (requested -> active):
  custom:container-demuxer-ogg: 62fdf1f143b41e24485cea50d1cbac27 -> 
  custom:video-decoder-ogg-theora: a1e56fd34408186e4bbccfd4996cb3dc -> 
  custom:framework-win-MediaFoundation: 216162199b28c13a410421893ffa2e32 -> 
  custom:scripting/monoscript/fileName/TowerPlatform.cs: 22d748f491a7df488a28291040741ab5 -> 
  custom:CustomObjectIndexerAttribute: 9a22284fe3817be447336de3de66b15e -> 
  custom:container-demuxer-webm: 4f35f7cbe854078d1ac9338744f61a02 -> 
  custom:container-muxer-webm: aa71ff27fc2769a1b78a27578f13a17b -> 
  custom:video-decoder-webm-vp8: 9c59270c3fd7afecdb556c50c9e8de78 -> 
  custom:SearchIndexIgnoredProperties: e643bd26f0fe6173181afceb89e7c659 -> 
  custom:AudioImporter_EditorPlatform: d09bf68614088b80899f8185d706f6e7 -> 
  custom:video-encoder-webm-vp8: eb34c28f22e8b96e1ab97ce403110664 -> 
  custom:audio-decoder-ogg-vorbis: bf7c407c2cedff20999df2af8eb42d56 -> 
  custom:audio-encoder-webm-vorbis: bf7c407c2cedff20999df2af8eb42d56 -> 
  custom:scripting/precompiled-assembly-types:Assembly-CSharp: ffe89aa8c06fc07f025fe3d7a96c5a36 -> b30da08c0707e693a5faa73d64a81371
========================================================================
Received Import Request.
  Time since last request: 244.850828 seconds.
  path: Assets/Scripts/炮塔底座/TowerPlatform.cs
  artifactKey: Guid(632b79cf35fa24c488dc12e6a8bfb31a) Importer(815301076,1909f56bfc062723c751e8b465ee728b)
Start importing Assets/Scripts/炮塔底座/TowerPlatform.cs using Guid(632b79cf35fa24c488dc12e6a8bfb31a) Importer(815301076,1909f56bfc062723c751e8b465ee728b) [PhysX] Initialized MultithreadedTaskDispatcher with 16 workers.
 -> (artifact id: 'df255a41cf85f9b5cdbce4051fc70263') in 0.002955 seconds
Number of updated asset objects reloaded before import = 0
Number of asset objects unloaded after import = 0
========================================================================
Received Prepare
Caller must complete domain reload
Begin MonoManager ReloadAssembly
- Loaded All Assemblies, in  0.634 seconds
Native extension for WindowsStandalone target not found
Native extension for WebGL target not found
Mono: successfully reloaded assembly
- Finished resetting the current domain, in  1.373 seconds
Domain Reload Profiling: 2006ms
	BeginReloadAssembly (190ms)
		ExecutionOrderSort (0ms)
		DisableScriptedObjects (15ms)
		BackupInstance (0ms)
		ReleaseScriptingObjects (0ms)
		CreateAndSetChildDomain (34ms)
	RebuildCommonClasses (36ms)
	RebuildNativeTypeToScriptingClass (14ms)
	initialDomainReloadingComplete (35ms)
	LoadAllAssembliesAndSetupDomain (358ms)
		LoadAssemblies (424ms)
		RebuildTransferFunctionScriptingTraits (0ms)
		AnalyzeDomain (44ms)
			TypeCache.Refresh (17ms)
				TypeCache.ScanAssembly (6ms)
			ScanForSourceGeneratedMonoScriptInfo (13ms)
			ResolveRequiredComponents (13ms)
	FinalizeReload (1373ms)
		ReleaseScriptCaches (0ms)
		RebuildScriptCaches (0ms)
		SetupLoadedEditorAssemblies (611ms)
			LogAssemblyErrors (0ms)
			InitializePlatformSupportModulesInManaged (8ms)
			SetLoadedEditorAssemblies (8ms)
			RefreshPlugins (0ms)
			BeforeProcessingInitializeOnLoad (130ms)
			ProcessInitializeOnLoadAttributes (423ms)
			ProcessInitializeOnLoadMethodAttributes (39ms)
			AfterProcessingInitializeOnLoad (4ms)
			EditorAssembliesLoaded (0ms)
		ExecutionOrderSort2 (0ms)
		AwakeInstancesAfterBackupRestoration (22ms)
Refreshing native plugins compatible for Editor in 18.74 ms, found 12 plugins.
Preloading 0 native plugins for Editor in 0.00 ms.
Unloading 4502 Unused Serialized files (Serialized files now loaded: 0)
Unloading 27 unused Assets / (32.8 KB). Loaded Objects now: 5136.
Memory consumption went from 154.2 MB to 154.2 MB.
Total: 3.530500 ms (FindLiveObjects: 0.496200 ms CreateObjectMapping: 0.155300 ms MarkObjects: 2.820200 ms  DeleteObjects: 0.057600 ms)

Prepare: number of updated asset objects reloaded= 0
AssetImportParameters requested are different than current active one (requested -> active):
  custom:container-demuxer-ogg: 62fdf1f143b41e24485cea50d1cbac27 -> 
  custom:video-decoder-ogg-theora: a1e56fd34408186e4bbccfd4996cb3dc -> 
  custom:framework-win-MediaFoundation: 216162199b28c13a410421893ffa2e32 -> 
  custom:scripting/monoscript/fileName/TowerPlatform.cs: 22d748f491a7df488a28291040741ab5 -> 
  custom:CustomObjectIndexerAttribute: 9a22284fe3817be447336de3de66b15e -> 
  custom:container-demuxer-webm: 4f35f7cbe854078d1ac9338744f61a02 -> 
  custom:container-muxer-webm: aa71ff27fc2769a1b78a27578f13a17b -> 
  custom:video-decoder-webm-vp8: 9c59270c3fd7afecdb556c50c9e8de78 -> 
  custom:SearchIndexIgnoredProperties: e643bd26f0fe6173181afceb89e7c659 -> 
  custom:AudioImporter_EditorPlatform: d09bf68614088b80899f8185d706f6e7 -> 
  custom:video-encoder-webm-vp8: eb34c28f22e8b96e1ab97ce403110664 -> 
  custom:audio-decoder-ogg-vorbis: bf7c407c2cedff20999df2af8eb42d56 -> 
  custom:audio-encoder-webm-vorbis: bf7c407c2cedff20999df2af8eb42d56 -> 
  custom:scripting/precompiled-assembly-types:Assembly-CSharp: ffe89aa8c06fc07f025fe3d7a96c5a36 -> b30da08c0707e693a5faa73d64a81371
========================================================================
Received Import Request.
  Time since last request: 151.575678 seconds.
  path: Assets/Scripts/Bullet/Bullet.cs
  artifactKey: Guid(2fed477565c985a4fbea5f1d755216ba) Importer(815301076,1909f56bfc062723c751e8b465ee728b)
Start importing Assets/Scripts/Bullet/Bullet.cs using Guid(2fed477565c985a4fbea5f1d755216ba) Importer(815301076,1909f56bfc062723c751e8b465ee728b) [PhysX] Initialized MultithreadedTaskDispatcher with 16 workers.
 -> (artifact id: '63e6144047afb0108f012c0eacb81613') in 0.020225 seconds
Number of updated asset objects reloaded before import = 0
Number of asset objects unloaded after import = 0
========================================================================
Received Import Request.
  Time since last request: 87.805789 seconds.
  path: Assets/Scripts/Bullet/FireBullet.cs
  artifactKey: Guid(ff3a3a46c463da24e9b974e6807eb45d) Importer(815301076,1909f56bfc062723c751e8b465ee728b)
Start importing Assets/Scripts/Bullet/FireBullet.cs using Guid(ff3a3a46c463da24e9b974e6807eb45d) Importer(815301076,1909f56bfc062723c751e8b465ee728b) [PhysX] Initialized MultithreadedTaskDispatcher with 16 workers.
 -> (artifact id: '8ae05fdd5cd2dda3020bc70aa9f1f2b3') in 0.000858 seconds
Number of updated asset objects reloaded before import = 0
Number of asset objects unloaded after import = 0
========================================================================
Received Prepare
Caller must complete domain reload
Begin MonoManager ReloadAssembly
- Loaded All Assemblies, in  0.665 seconds
Native extension for WindowsStandalone target not found
Native extension for WebGL target not found
Mono: successfully reloaded assembly
- Finished resetting the current domain, in  1.300 seconds
Domain Reload Profiling: 1964ms
	BeginReloadAssembly (204ms)
		ExecutionOrderSort (0ms)
		DisableScriptedObjects (23ms)
		BackupInstance (0ms)
		ReleaseScriptingObjects (0ms)
		CreateAndSetChildDomain (40ms)
	RebuildCommonClasses (36ms)
	RebuildNativeTypeToScriptingClass (14ms)
	initialDomainReloadingComplete (36ms)
	LoadAllAssembliesAndSetupDomain (373ms)
		LoadAssemblies (441ms)
		RebuildTransferFunctionScriptingTraits (0ms)
		AnalyzeDomain (43ms)
			TypeCache.Refresh (17ms)
				TypeCache.ScanAssembly (6ms)
			ScanForSourceGeneratedMonoScriptInfo (12ms)
			ResolveRequiredComponents (13ms)
	FinalizeReload (1301ms)
		ReleaseScriptCaches (0ms)
		RebuildScriptCaches (0ms)
		SetupLoadedEditorAssemblies (620ms)
			LogAssemblyErrors (0ms)
			InitializePlatformSupportModulesInManaged (8ms)
			SetLoadedEditorAssemblies (8ms)
			RefreshPlugins (0ms)
			BeforeProcessingInitializeOnLoad (132ms)
			ProcessInitializeOnLoadAttributes (431ms)
			ProcessInitializeOnLoadMethodAttributes (38ms)
			AfterProcessingInitializeOnLoad (3ms)
			EditorAssembliesLoaded (0ms)
		ExecutionOrderSort2 (0ms)
		AwakeInstancesAfterBackupRestoration (21ms)
Refreshing native plugins compatible for Editor in 16.58 ms, found 12 plugins.
Preloading 0 native plugins for Editor in 0.00 ms.
Unloading 4503 Unused Serialized files (Serialized files now loaded: 0)
Unloading 27 unused Assets / (32.8 KB). Loaded Objects now: 5141.
Memory consumption went from 154.3 MB to 154.2 MB.
Total: 3.737800 ms (FindLiveObjects: 0.480200 ms CreateObjectMapping: 0.182300 ms MarkObjects: 3.014100 ms  DeleteObjects: 0.059700 ms)

Prepare: number of updated asset objects reloaded= 0
AssetImportParameters requested are different than current active one (requested -> active):
  custom:container-demuxer-ogg: 62fdf1f143b41e24485cea50d1cbac27 -> 
  custom:video-decoder-ogg-theora: a1e56fd34408186e4bbccfd4996cb3dc -> 
  custom:framework-win-MediaFoundation: 216162199b28c13a410421893ffa2e32 -> 
  custom:scripting/monoscript/fileName/TowerPlatform.cs: 22d748f491a7df488a28291040741ab5 -> 
  custom:CustomObjectIndexerAttribute: 9a22284fe3817be447336de3de66b15e -> 
  custom:container-demuxer-webm: 4f35f7cbe854078d1ac9338744f61a02 -> 
  custom:container-muxer-webm: aa71ff27fc2769a1b78a27578f13a17b -> 
  custom:video-decoder-webm-vp8: 9c59270c3fd7afecdb556c50c9e8de78 -> 
  custom:SearchIndexIgnoredProperties: e643bd26f0fe6173181afceb89e7c659 -> 
  custom:AudioImporter_EditorPlatform: d09bf68614088b80899f8185d706f6e7 -> 
  custom:video-encoder-webm-vp8: eb34c28f22e8b96e1ab97ce403110664 -> 
  custom:audio-decoder-ogg-vorbis: bf7c407c2cedff20999df2af8eb42d56 -> 
  custom:scripting/monoscript/fileName/FireBullet.cs: 3c0b6521745e387d9418f128ed5af1df -> 
  custom:audio-encoder-webm-vorbis: bf7c407c2cedff20999df2af8eb42d56 -> 
  custom:scripting/precompiled-assembly-types:Assembly-CSharp: 94f584af7c88bd1bfb44f9db484f700b -> b30da08c0707e693a5faa73d64a81371
========================================================================
Received Import Request.
  Time since last request: 9.288388 seconds.
  path: Assets/Scripts/Bullet/IceBullet.cs
  artifactKey: Guid(2f58bd16da5ec6a4889641cb668359e7) Importer(815301076,1909f56bfc062723c751e8b465ee728b)
Start importing Assets/Scripts/Bullet/IceBullet.cs using Guid(2f58bd16da5ec6a4889641cb668359e7) Importer(815301076,1909f56bfc062723c751e8b465ee728b) [PhysX] Initialized MultithreadedTaskDispatcher with 16 workers.
 -> (artifact id: '4f8777440dc1cc96a2ef6702efcfb229') in 0.002517 seconds
Number of updated asset objects reloaded before import = 0
Number of asset objects unloaded after import = 0
========================================================================
Received Prepare
Caller must complete domain reload
Begin MonoManager ReloadAssembly
- Loaded All Assemblies, in  0.673 seconds
Native extension for WindowsStandalone target not found
Native extension for WebGL target not found
Mono: successfully reloaded assembly
- Finished resetting the current domain, in  1.369 seconds
Domain Reload Profiling: 2042ms
	BeginReloadAssembly (180ms)
		ExecutionOrderSort (0ms)
		DisableScriptedObjects (14ms)
		BackupInstance (0ms)
		ReleaseScriptingObjects (0ms)
		CreateAndSetChildDomain (32ms)
	RebuildCommonClasses (36ms)
	RebuildNativeTypeToScriptingClass (15ms)
	initialDomainReloadingComplete (37ms)
	LoadAllAssembliesAndSetupDomain (404ms)
		LoadAssemblies (443ms)
		RebuildTransferFunctionScriptingTraits (0ms)
		AnalyzeDomain (65ms)
			TypeCache.Refresh (19ms)
				TypeCache.ScanAssembly (7ms)
			ScanForSourceGeneratedMonoScriptInfo (21ms)
			ResolveRequiredComponents (24ms)
	FinalizeReload (1370ms)
		ReleaseScriptCaches (0ms)
		RebuildScriptCaches (0ms)
		SetupLoadedEditorAssemblies (659ms)
			LogAssemblyErrors (0ms)
			InitializePlatformSupportModulesInManaged (8ms)
			SetLoadedEditorAssemblies (8ms)
			RefreshPlugins (0ms)
			BeforeProcessingInitializeOnLoad (142ms)
			ProcessInitializeOnLoadAttributes (454ms)
			ProcessInitializeOnLoadMethodAttributes (43ms)
			AfterProcessingInitializeOnLoad (4ms)
			EditorAssembliesLoaded (0ms)
		ExecutionOrderSort2 (0ms)
		AwakeInstancesAfterBackupRestoration (23ms)
Refreshing native plugins compatible for Editor in 16.10 ms, found 12 plugins.
Preloading 0 native plugins for Editor in 0.00 ms.
Unloading 4504 Unused Serialized files (Serialized files now loaded: 0)
Unloading 27 unused Assets / (32.8 KB). Loaded Objects now: 5146.
Memory consumption went from 154.3 MB to 154.3 MB.
Total: 3.610600 ms (FindLiveObjects: 0.473500 ms CreateObjectMapping: 0.211700 ms MarkObjects: 2.867600 ms  DeleteObjects: 0.056700 ms)

Prepare: number of updated asset objects reloaded= 0
AssetImportParameters requested are different than current active one (requested -> active):
  custom:container-demuxer-ogg: 62fdf1f143b41e24485cea50d1cbac27 -> 
  custom:video-decoder-ogg-theora: a1e56fd34408186e4bbccfd4996cb3dc -> 
  custom:framework-win-MediaFoundation: 216162199b28c13a410421893ffa2e32 -> 
  custom:scripting/monoscript/fileName/TowerPlatform.cs: 22d748f491a7df488a28291040741ab5 -> 
  custom:CustomObjectIndexerAttribute: 9a22284fe3817be447336de3de66b15e -> 
  custom:scripting/monoscript/fileName/IceBullet.cs: 9438161d3c822d717d531ef1f35056f1 -> 
  custom:container-demuxer-webm: 4f35f7cbe854078d1ac9338744f61a02 -> 
  custom:container-muxer-webm: aa71ff27fc2769a1b78a27578f13a17b -> 
  custom:video-decoder-webm-vp8: 9c59270c3fd7afecdb556c50c9e8de78 -> 
  custom:SearchIndexIgnoredProperties: e643bd26f0fe6173181afceb89e7c659 -> 
  custom:AudioImporter_EditorPlatform: d09bf68614088b80899f8185d706f6e7 -> 
  custom:video-encoder-webm-vp8: eb34c28f22e8b96e1ab97ce403110664 -> 
  custom:audio-decoder-ogg-vorbis: bf7c407c2cedff20999df2af8eb42d56 -> 
  custom:scripting/monoscript/fileName/FireBullet.cs: 3c0b6521745e387d9418f128ed5af1df -> 
  custom:audio-encoder-webm-vorbis: bf7c407c2cedff20999df2af8eb42d56 -> 
  custom:scripting/precompiled-assembly-types:Assembly-CSharp: 00094bf5cedb87ab952c24430158f051 -> b30da08c0707e693a5faa73d64a81371
========================================================================
Received Import Request.
  Time since last request: 6.398927 seconds.
  path: Assets/Scripts/Bullet/IceBullet.cs
  artifactKey: Guid(2f58bd16da5ec6a4889641cb668359e7) Importer(815301076,1909f56bfc062723c751e8b465ee728b)
Start importing Assets/Scripts/Bullet/IceBullet.cs using Guid(2f58bd16da5ec6a4889641cb668359e7) Importer(815301076,1909f56bfc062723c751e8b465ee728b) [PhysX] Initialized MultithreadedTaskDispatcher with 16 workers.
 -> (artifact id: 'bb54aeb5a8b5a4133ba3353e0ff10c37') in 0.002661 seconds
Number of updated asset objects reloaded before import = 0
Number of asset objects unloaded after import = 0
========================================================================
Received Import Request.
  Time since last request: 17.130144 seconds.
  path: Assets/Scripts/Bullet/ElectricBullet.cs
  artifactKey: Guid(ba90ae7a714cfbd459e21c62400c7735) Importer(815301076,1909f56bfc062723c751e8b465ee728b)
Start importing Assets/Scripts/Bullet/ElectricBullet.cs using Guid(ba90ae7a714cfbd459e21c62400c7735) Importer(815301076,1909f56bfc062723c751e8b465ee728b) [PhysX] Initialized MultithreadedTaskDispatcher with 16 workers.
 -> (artifact id: '9b25b6100af6856c23a439ca136e17df') in 0.000759 seconds
Number of updated asset objects reloaded before import = 0
Number of asset objects unloaded after import = 0
========================================================================
Received Import Request.
  Time since last request: 1.294470 seconds.
  path: Assets/Scripts/Bullet/FireBullet.cs
  artifactKey: Guid(ff3a3a46c463da24e9b974e6807eb45d) Importer(815301076,1909f56bfc062723c751e8b465ee728b)
Start importing Assets/Scripts/Bullet/FireBullet.cs using Guid(ff3a3a46c463da24e9b974e6807eb45d) Importer(815301076,1909f56bfc062723c751e8b465ee728b) [PhysX] Initialized MultithreadedTaskDispatcher with 16 workers.
 -> (artifact id: '9155e3772f7ba4e5b8c595678f22b139') in 0.000544 seconds
Number of updated asset objects reloaded before import = 0
Number of asset objects unloaded after import = 0
========================================================================
Received Prepare
Caller must complete domain reload
Begin MonoManager ReloadAssembly
- Loaded All Assemblies, in  0.631 seconds
Native extension for WindowsStandalone target not found
Native extension for WebGL target not found
Mono: successfully reloaded assembly
- Finished resetting the current domain, in  1.307 seconds
Domain Reload Profiling: 1937ms
	BeginReloadAssembly (179ms)
		ExecutionOrderSort (0ms)
		DisableScriptedObjects (14ms)
		BackupInstance (0ms)
		ReleaseScriptingObjects (0ms)
		CreateAndSetChildDomain (34ms)
	RebuildCommonClasses (41ms)
	RebuildNativeTypeToScriptingClass (14ms)
	initialDomainReloadingComplete (36ms)
	LoadAllAssembliesAndSetupDomain (359ms)
		LoadAssemblies (417ms)
		RebuildTransferFunctionScriptingTraits (0ms)
		AnalyzeDomain (44ms)
			TypeCache.Refresh (18ms)
				TypeCache.ScanAssembly (6ms)
			ScanForSourceGeneratedMonoScriptInfo (12ms)
			ResolveRequiredComponents (13ms)
	FinalizeReload (1308ms)
		ReleaseScriptCaches (0ms)
		RebuildScriptCaches (0ms)
		SetupLoadedEditorAssemblies (596ms)
			LogAssemblyErrors (0ms)
			InitializePlatformSupportModulesInManaged (8ms)
			SetLoadedEditorAssemblies (5ms)
			RefreshPlugins (0ms)
			BeforeProcessingInitializeOnLoad (122ms)
			ProcessInitializeOnLoadAttributes (418ms)
			ProcessInitializeOnLoadMethodAttributes (40ms)
			AfterProcessingInitializeOnLoad (3ms)
			EditorAssembliesLoaded (0ms)
		ExecutionOrderSort2 (0ms)
		AwakeInstancesAfterBackupRestoration (20ms)
Refreshing native plugins compatible for Editor in 16.44 ms, found 12 plugins.
Preloading 0 native plugins for Editor in 0.00 ms.
Unloading 4505 Unused Serialized files (Serialized files now loaded: 0)
Unloading 27 unused Assets / (32.8 KB). Loaded Objects now: 5151.
Memory consumption went from 154.3 MB to 154.3 MB.
Total: 3.880700 ms (FindLiveObjects: 0.478000 ms CreateObjectMapping: 0.182900 ms MarkObjects: 3.155100 ms  DeleteObjects: 0.063200 ms)

Prepare: number of updated asset objects reloaded= 0
AssetImportParameters requested are different than current active one (requested -> active):
  custom:container-demuxer-ogg: 62fdf1f143b41e24485cea50d1cbac27 -> 
  custom:video-decoder-ogg-theora: a1e56fd34408186e4bbccfd4996cb3dc -> 
  custom:framework-win-MediaFoundation: 216162199b28c13a410421893ffa2e32 -> 
  custom:scripting/monoscript/fileName/TowerPlatform.cs: 22d748f491a7df488a28291040741ab5 -> 
  custom:CustomObjectIndexerAttribute: 9a22284fe3817be447336de3de66b15e -> 
  custom:scripting/monoscript/fileName/IceBullet.cs: 9438161d3c822d717d531ef1f35056f1 -> 
  custom:container-demuxer-webm: 4f35f7cbe854078d1ac9338744f61a02 -> 
  custom:scripting/monoscript/fileName/ElectricBullet.cs: 66deec48e666439e2ea398141a0f50fc -> 
  custom:container-muxer-webm: aa71ff27fc2769a1b78a27578f13a17b -> 
  custom:video-decoder-webm-vp8: 9c59270c3fd7afecdb556c50c9e8de78 -> 
  custom:SearchIndexIgnoredProperties: e643bd26f0fe6173181afceb89e7c659 -> 
  custom:AudioImporter_EditorPlatform: d09bf68614088b80899f8185d706f6e7 -> 
  custom:video-encoder-webm-vp8: eb34c28f22e8b96e1ab97ce403110664 -> 
  custom:audio-decoder-ogg-vorbis: bf7c407c2cedff20999df2af8eb42d56 -> 
  custom:scripting/monoscript/fileName/FireBullet.cs: 3c0b6521745e387d9418f128ed5af1df -> 
  custom:audio-encoder-webm-vorbis: bf7c407c2cedff20999df2af8eb42d56 -> 
  custom:scripting/precompiled-assembly-types:Assembly-CSharp: 2fdf7fab2fce206161fc42534bd69384 -> b30da08c0707e693a5faa73d64a81371
========================================================================
Received Prepare
Caller must complete domain reload
Begin MonoManager ReloadAssembly
- Loaded All Assemblies, in  0.675 seconds
Native extension for WindowsStandalone target not found
Native extension for WebGL target not found
Mono: successfully reloaded assembly
- Finished resetting the current domain, in  1.306 seconds
Domain Reload Profiling: 1979ms
	BeginReloadAssembly (187ms)
		ExecutionOrderSort (0ms)
		DisableScriptedObjects (14ms)
		BackupInstance (0ms)
		ReleaseScriptingObjects (0ms)
		CreateAndSetChildDomain (34ms)
	RebuildCommonClasses (36ms)
	RebuildNativeTypeToScriptingClass (14ms)
	initialDomainReloadingComplete (37ms)
	LoadAllAssembliesAndSetupDomain (398ms)
		LoadAssemblies (460ms)
		RebuildTransferFunctionScriptingTraits (0ms)
		AnalyzeDomain (46ms)
			TypeCache.Refresh (19ms)
				TypeCache.ScanAssembly (6ms)
			ScanForSourceGeneratedMonoScriptInfo (13ms)
			ResolveRequiredComponents (13ms)
	FinalizeReload (1306ms)
		ReleaseScriptCaches (0ms)
		RebuildScriptCaches (0ms)
		SetupLoadedEditorAssemblies (653ms)
			LogAssemblyErrors (0ms)
			InitializePlatformSupportModulesInManaged (9ms)
			SetLoadedEditorAssemblies (8ms)
			RefreshPlugins (0ms)
			BeforeProcessingInitializeOnLoad (145ms)
			ProcessInitializeOnLoadAttributes (448ms)
			ProcessInitializeOnLoadMethodAttributes (39ms)
			AfterProcessingInitializeOnLoad (3ms)
			EditorAssembliesLoaded (0ms)
		ExecutionOrderSort2 (0ms)
		AwakeInstancesAfterBackupRestoration (22ms)
Refreshing native plugins compatible for Editor in 15.86 ms, found 12 plugins.
Preloading 0 native plugins for Editor in 0.00 ms.
Unloading 4506 Unused Serialized files (Serialized files now loaded: 0)
Unloading 27 unused Assets / (32.9 KB). Loaded Objects now: 5155.
Memory consumption went from 154.6 MB to 154.5 MB.
Total: 3.936100 ms (FindLiveObjects: 0.547800 ms CreateObjectMapping: 0.189200 ms MarkObjects: 3.137800 ms  DeleteObjects: 0.060100 ms)

Prepare: number of updated asset objects reloaded= 0
AssetImportParameters requested are different than current active one (requested -> active):
  custom:container-demuxer-ogg: 62fdf1f143b41e24485cea50d1cbac27 -> 
  custom:video-decoder-ogg-theora: a1e56fd34408186e4bbccfd4996cb3dc -> 
  custom:framework-win-MediaFoundation: 216162199b28c13a410421893ffa2e32 -> 
  custom:scripting/monoscript/fileName/TowerPlatform.cs: 22d748f491a7df488a28291040741ab5 -> 
  custom:CustomObjectIndexerAttribute: 9a22284fe3817be447336de3de66b15e -> 
  custom:scripting/monoscript/fileName/IceBullet.cs: 9438161d3c822d717d531ef1f35056f1 -> 
  custom:container-demuxer-webm: 4f35f7cbe854078d1ac9338744f61a02 -> 
  custom:scripting/monoscript/fileName/ElectricBullet.cs: 66deec48e666439e2ea398141a0f50fc -> 
  custom:container-muxer-webm: aa71ff27fc2769a1b78a27578f13a17b -> 
  custom:video-decoder-webm-vp8: 9c59270c3fd7afecdb556c50c9e8de78 -> 
  custom:SearchIndexIgnoredProperties: e643bd26f0fe6173181afceb89e7c659 -> 
  custom:AudioImporter_EditorPlatform: d09bf68614088b80899f8185d706f6e7 -> 
  custom:video-encoder-webm-vp8: eb34c28f22e8b96e1ab97ce403110664 -> 
  custom:audio-decoder-ogg-vorbis: bf7c407c2cedff20999df2af8eb42d56 -> 
  custom:scripting/monoscript/fileName/FireBullet.cs: 3c0b6521745e387d9418f128ed5af1df -> 
  custom:audio-encoder-webm-vorbis: bf7c407c2cedff20999df2af8eb42d56 -> 
  custom:scripting/precompiled-assembly-types:Assembly-CSharp: 2fdf7fab2fce206161fc42534bd69384 -> b30da08c0707e693a5faa73d64a81371
========================================================================
Received Import Request.
  Time since last request: 16.843304 seconds.
  path: Assets/Scripts/Bullet/ElectricBullet.cs
  artifactKey: Guid(ba90ae7a714cfbd459e21c62400c7735) Importer(815301076,1909f56bfc062723c751e8b465ee728b)
Start importing Assets/Scripts/Bullet/ElectricBullet.cs using Guid(ba90ae7a714cfbd459e21c62400c7735) Importer(815301076,1909f56bfc062723c751e8b465ee728b) [PhysX] Initialized MultithreadedTaskDispatcher with 16 workers.
 -> (artifact id: 'd443d5f26fbabee90d961c8005569801') in 0.002919 seconds
Number of updated asset objects reloaded before import = 0
Number of asset objects unloaded after import = 0
========================================================================
Received Prepare
Caller must complete domain reload
Begin MonoManager ReloadAssembly
- Loaded All Assemblies, in  0.668 seconds
Native extension for WindowsStandalone target not found
Native extension for WebGL target not found
Mono: successfully reloaded assembly
- Finished resetting the current domain, in  1.340 seconds
Domain Reload Profiling: 2007ms
	BeginReloadAssembly (186ms)
		ExecutionOrderSort (0ms)
		DisableScriptedObjects (14ms)
		BackupInstance (0ms)
		ReleaseScriptingObjects (0ms)
		CreateAndSetChildDomain (36ms)
	RebuildCommonClasses (34ms)
	RebuildNativeTypeToScriptingClass (14ms)
	initialDomainReloadingComplete (38ms)
	LoadAllAssembliesAndSetupDomain (394ms)
		LoadAssemblies (456ms)
		RebuildTransferFunctionScriptingTraits (0ms)
		AnalyzeDomain (46ms)
			TypeCache.Refresh (18ms)
				TypeCache.ScanAssembly (6ms)
			ScanForSourceGeneratedMonoScriptInfo (12ms)
			ResolveRequiredComponents (14ms)
	FinalizeReload (1341ms)
		ReleaseScriptCaches (0ms)
		RebuildScriptCaches (0ms)
		SetupLoadedEditorAssemblies (648ms)
			LogAssemblyErrors (0ms)
			InitializePlatformSupportModulesInManaged (8ms)
			SetLoadedEditorAssemblies (9ms)
			RefreshPlugins (0ms)
			BeforeProcessingInitializeOnLoad (129ms)
			ProcessInitializeOnLoadAttributes (456ms)
			ProcessInitializeOnLoadMethodAttributes (42ms)
			AfterProcessingInitializeOnLoad (3ms)
			EditorAssembliesLoaded (0ms)
		ExecutionOrderSort2 (0ms)
		AwakeInstancesAfterBackupRestoration (21ms)
Refreshing native plugins compatible for Editor in 15.55 ms, found 12 plugins.
Preloading 0 native plugins for Editor in 0.00 ms.
Unloading 4505 Unused Serialized files (Serialized files now loaded: 0)
Unloading 27 unused Assets / (32.9 KB). Loaded Objects now: 5159.
Memory consumption went from 154.3 MB to 154.3 MB.
Total: 3.560800 ms (FindLiveObjects: 0.471000 ms CreateObjectMapping: 0.239800 ms MarkObjects: 2.794000 ms  DeleteObjects: 0.054800 ms)

Prepare: number of updated asset objects reloaded= 0
AssetImportParameters requested are different than current active one (requested -> active):
  custom:container-demuxer-ogg: 62fdf1f143b41e24485cea50d1cbac27 -> 
  custom:video-decoder-ogg-theora: a1e56fd34408186e4bbccfd4996cb3dc -> 
  custom:framework-win-MediaFoundation: 216162199b28c13a410421893ffa2e32 -> 
  custom:scripting/monoscript/fileName/TowerPlatform.cs: 22d748f491a7df488a28291040741ab5 -> 
  custom:CustomObjectIndexerAttribute: 9a22284fe3817be447336de3de66b15e -> 
  custom:scripting/monoscript/fileName/IceBullet.cs: 9438161d3c822d717d531ef1f35056f1 -> 
  custom:container-demuxer-webm: 4f35f7cbe854078d1ac9338744f61a02 -> 
  custom:scripting/monoscript/fileName/ElectricBullet.cs: 66deec48e666439e2ea398141a0f50fc -> 
  custom:container-muxer-webm: aa71ff27fc2769a1b78a27578f13a17b -> 
  custom:video-decoder-webm-vp8: 9c59270c3fd7afecdb556c50c9e8de78 -> 
  custom:SearchIndexIgnoredProperties: e643bd26f0fe6173181afceb89e7c659 -> 
  custom:AudioImporter_EditorPlatform: d09bf68614088b80899f8185d706f6e7 -> 
  custom:video-encoder-webm-vp8: eb34c28f22e8b96e1ab97ce403110664 -> 
  custom:audio-decoder-ogg-vorbis: bf7c407c2cedff20999df2af8eb42d56 -> 
  custom:scripting/monoscript/fileName/FireBullet.cs: 3c0b6521745e387d9418f128ed5af1df -> 
  custom:audio-encoder-webm-vorbis: bf7c407c2cedff20999df2af8eb42d56 -> 
  custom:scripting/precompiled-assembly-types:Assembly-CSharp: 2fdf7fab2fce206161fc42534bd69384 -> b30da08c0707e693a5faa73d64a81371
========================================================================
Received Prepare
Caller must complete domain reload
Begin MonoManager ReloadAssembly
- Loaded All Assemblies, in  0.629 seconds
Native extension for WindowsStandalone target not found
Native extension for WebGL target not found
Mono: successfully reloaded assembly
- Finished resetting the current domain, in  1.299 seconds
Domain Reload Profiling: 1928ms
	BeginReloadAssembly (177ms)
		ExecutionOrderSort (0ms)
		DisableScriptedObjects (14ms)
		BackupInstance (0ms)
		ReleaseScriptingObjects (0ms)
		CreateAndSetChildDomain (32ms)
	RebuildCommonClasses (35ms)
	RebuildNativeTypeToScriptingClass (13ms)
	initialDomainReloadingComplete (35ms)
	LoadAllAssembliesAndSetupDomain (367ms)
		LoadAssemblies (421ms)
		RebuildTransferFunctionScriptingTraits (0ms)
		AnalyzeDomain (47ms)
			TypeCache.Refresh (19ms)
				TypeCache.ScanAssembly (6ms)
			ScanForSourceGeneratedMonoScriptInfo (13ms)
			ResolveRequiredComponents (15ms)
	FinalizeReload (1300ms)
		ReleaseScriptCaches (0ms)
		RebuildScriptCaches (0ms)
		SetupLoadedEditorAssemblies (612ms)
			LogAssemblyErrors (0ms)
			InitializePlatformSupportModulesInManaged (8ms)
			SetLoadedEditorAssemblies (8ms)
			RefreshPlugins (0ms)
			BeforeProcessingInitializeOnLoad (127ms)
			ProcessInitializeOnLoadAttributes (424ms)
			ProcessInitializeOnLoadMethodAttributes (40ms)
			AfterProcessingInitializeOnLoad (5ms)
			EditorAssembliesLoaded (0ms)
		ExecutionOrderSort2 (0ms)
		AwakeInstancesAfterBackupRestoration (23ms)
Refreshing native plugins compatible for Editor in 16.42 ms, found 12 plugins.
Preloading 0 native plugins for Editor in 0.00 ms.
Unloading 4506 Unused Serialized files (Serialized files now loaded: 0)
Unloading 27 unused Assets / (32.8 KB). Loaded Objects now: 5163.
Memory consumption went from 154.6 MB to 154.5 MB.
Total: 8.240200 ms (FindLiveObjects: 0.518700 ms CreateObjectMapping: 0.186500 ms MarkObjects: 7.443000 ms  DeleteObjects: 0.089800 ms)

Prepare: number of updated asset objects reloaded= 0
AssetImportParameters requested are different than current active one (requested -> active):
  custom:container-demuxer-ogg: 62fdf1f143b41e24485cea50d1cbac27 -> 
  custom:video-decoder-ogg-theora: a1e56fd34408186e4bbccfd4996cb3dc -> 
  custom:framework-win-MediaFoundation: 216162199b28c13a410421893ffa2e32 -> 
  custom:scripting/monoscript/fileName/TowerPlatform.cs: 22d748f491a7df488a28291040741ab5 -> 
  custom:CustomObjectIndexerAttribute: 9a22284fe3817be447336de3de66b15e -> 
  custom:scripting/monoscript/fileName/IceBullet.cs: 9438161d3c822d717d531ef1f35056f1 -> 
  custom:container-demuxer-webm: 4f35f7cbe854078d1ac9338744f61a02 -> 
  custom:scripting/monoscript/fileName/ElectricBullet.cs: 66deec48e666439e2ea398141a0f50fc -> 
  custom:container-muxer-webm: aa71ff27fc2769a1b78a27578f13a17b -> 
  custom:video-decoder-webm-vp8: 9c59270c3fd7afecdb556c50c9e8de78 -> 
  custom:SearchIndexIgnoredProperties: e643bd26f0fe6173181afceb89e7c659 -> 
  custom:AudioImporter_EditorPlatform: d09bf68614088b80899f8185d706f6e7 -> 
  custom:video-encoder-webm-vp8: eb34c28f22e8b96e1ab97ce403110664 -> 
  custom:audio-decoder-ogg-vorbis: bf7c407c2cedff20999df2af8eb42d56 -> 
  custom:scripting/monoscript/fileName/FireBullet.cs: 3c0b6521745e387d9418f128ed5af1df -> 
  custom:audio-encoder-webm-vorbis: bf7c407c2cedff20999df2af8eb42d56 -> 
  custom:scripting/precompiled-assembly-types:Assembly-CSharp: 2fdf7fab2fce206161fc42534bd69384 -> b30da08c0707e693a5faa73d64a81371
========================================================================
Received Import Request.
  Time since last request: 51.242083 seconds.
  path: Assets/Scripts/Bullet/BasicBullet.cs
  artifactKey: Guid(46a9924c27bf8d14b8430a6848f56380) Importer(815301076,1909f56bfc062723c751e8b465ee728b)
Start importing Assets/Scripts/Bullet/BasicBullet.cs using Guid(46a9924c27bf8d14b8430a6848f56380) Importer(815301076,1909f56bfc062723c751e8b465ee728b) [PhysX] Initialized MultithreadedTaskDispatcher with 16 workers.
 -> (artifact id: '6b2ccb6e968f0d00337b30c01ca41c36') in 0.003294 seconds
Number of updated asset objects reloaded before import = 0
Number of asset objects unloaded after import = 0
========================================================================
Received Prepare
Caller must complete domain reload
Begin MonoManager ReloadAssembly
- Loaded All Assemblies, in  0.665 seconds
Native extension for WindowsStandalone target not found
Native extension for WebGL target not found
Mono: successfully reloaded assembly
- Finished resetting the current domain, in  1.289 seconds
Domain Reload Profiling: 1953ms
	BeginReloadAssembly (193ms)
		ExecutionOrderSort (0ms)
		DisableScriptedObjects (15ms)
		BackupInstance (0ms)
		ReleaseScriptingObjects (0ms)
		CreateAndSetChildDomain (35ms)
	RebuildCommonClasses (37ms)
	RebuildNativeTypeToScriptingClass (13ms)
	initialDomainReloadingComplete (38ms)
	LoadAllAssembliesAndSetupDomain (383ms)
		LoadAssemblies (450ms)
		RebuildTransferFunctionScriptingTraits (0ms)
		AnalyzeDomain (44ms)
			TypeCache.Refresh (18ms)
				TypeCache.ScanAssembly (6ms)
			ScanForSourceGeneratedMonoScriptInfo (13ms)
			ResolveRequiredComponents (13ms)
	FinalizeReload (1290ms)
		ReleaseScriptCaches (0ms)
		RebuildScriptCaches (0ms)
		SetupLoadedEditorAssemblies (612ms)
			LogAssemblyErrors (0ms)
			InitializePlatformSupportModulesInManaged (9ms)
			SetLoadedEditorAssemblies (6ms)
			RefreshPlugins (0ms)
			BeforeProcessingInitializeOnLoad (129ms)
			ProcessInitializeOnLoadAttributes (426ms)
			ProcessInitializeOnLoadMethodAttributes (38ms)
			AfterProcessingInitializeOnLoad (3ms)
			EditorAssembliesLoaded (0ms)
		ExecutionOrderSort2 (0ms)
		AwakeInstancesAfterBackupRestoration (21ms)
Refreshing native plugins compatible for Editor in 16.07 ms, found 12 plugins.
Preloading 0 native plugins for Editor in 0.00 ms.
Unloading 4506 Unused Serialized files (Serialized files now loaded: 0)
Unloading 27 unused Assets / (32.8 KB). Loaded Objects now: 5168.
Memory consumption went from 154.3 MB to 154.3 MB.
Total: 3.939700 ms (FindLiveObjects: 0.479900 ms CreateObjectMapping: 0.174900 ms MarkObjects: 3.221000 ms  DeleteObjects: 0.062400 ms)

Prepare: number of updated asset objects reloaded= 0
AssetImportParameters requested are different than current active one (requested -> active):
  custom:container-demuxer-ogg: 62fdf1f143b41e24485cea50d1cbac27 -> 
  custom:video-decoder-ogg-theora: a1e56fd34408186e4bbccfd4996cb3dc -> 
  custom:framework-win-MediaFoundation: 216162199b28c13a410421893ffa2e32 -> 
  custom:scripting/monoscript/fileName/TowerPlatform.cs: 22d748f491a7df488a28291040741ab5 -> 
  custom:CustomObjectIndexerAttribute: 9a22284fe3817be447336de3de66b15e -> 
  custom:scripting/monoscript/fileName/BasicBullet.cs: ac25816691d03379d4d30530f033639b -> 
  custom:scripting/monoscript/fileName/IceBullet.cs: 9438161d3c822d717d531ef1f35056f1 -> 
  custom:container-demuxer-webm: 4f35f7cbe854078d1ac9338744f61a02 -> 
  custom:scripting/monoscript/fileName/ElectricBullet.cs: 66deec48e666439e2ea398141a0f50fc -> 
  custom:container-muxer-webm: aa71ff27fc2769a1b78a27578f13a17b -> 
  custom:video-decoder-webm-vp8: 9c59270c3fd7afecdb556c50c9e8de78 -> 
  custom:SearchIndexIgnoredProperties: e643bd26f0fe6173181afceb89e7c659 -> 
  custom:AudioImporter_EditorPlatform: d09bf68614088b80899f8185d706f6e7 -> 
  custom:video-encoder-webm-vp8: eb34c28f22e8b96e1ab97ce403110664 -> 
  custom:audio-decoder-ogg-vorbis: bf7c407c2cedff20999df2af8eb42d56 -> 
  custom:scripting/monoscript/fileName/FireBullet.cs: 3c0b6521745e387d9418f128ed5af1df -> 
  custom:audio-encoder-webm-vorbis: bf7c407c2cedff20999df2af8eb42d56 -> 
  custom:scripting/precompiled-assembly-types:Assembly-CSharp: eff01db84ebc9b8887c0958ade80cab9 -> b30da08c0707e693a5faa73d64a81371
========================================================================
Received Import Request.
  Time since last request: 6.577159 seconds.
  path: Assets/Scripts/Bullet/BasicBullet.cs
  artifactKey: Guid(46a9924c27bf8d14b8430a6848f56380) Importer(815301076,1909f56bfc062723c751e8b465ee728b)
Start importing Assets/Scripts/Bullet/BasicBullet.cs using Guid(46a9924c27bf8d14b8430a6848f56380) Importer(815301076,1909f56bfc062723c751e8b465ee728b) [PhysX] Initialized MultithreadedTaskDispatcher with 16 workers.
 -> (artifact id: '64955ff5dead9225dcde5c8b64a51362') in 0.003502 seconds
Number of updated asset objects reloaded before import = 0
Number of asset objects unloaded after import = 0
========================================================================
Received Prepare
Caller must complete domain reload
Begin MonoManager ReloadAssembly
- Loaded All Assemblies, in  0.676 seconds
Native extension for WindowsStandalone target not found
Native extension for WebGL target not found
Mono: successfully reloaded assembly
- Finished resetting the current domain, in  1.528 seconds
Domain Reload Profiling: 2203ms
	BeginReloadAssembly (180ms)
		ExecutionOrderSort (0ms)
		DisableScriptedObjects (14ms)
		BackupInstance (0ms)
		ReleaseScriptingObjects (0ms)
		CreateAndSetChildDomain (33ms)
	RebuildCommonClasses (36ms)
	RebuildNativeTypeToScriptingClass (14ms)
	initialDomainReloadingComplete (37ms)
	LoadAllAssembliesAndSetupDomain (409ms)
		LoadAssemblies (460ms)
		RebuildTransferFunctionScriptingTraits (0ms)
		AnalyzeDomain (52ms)
			TypeCache.Refresh (18ms)
				TypeCache.ScanAssembly (6ms)
			ScanForSourceGeneratedMonoScriptInfo (13ms)
			ResolveRequiredComponents (20ms)
	FinalizeReload (1528ms)
		ReleaseScriptCaches (0ms)
		RebuildScriptCaches (0ms)
		SetupLoadedEditorAssemblies (819ms)
			LogAssemblyErrors (0ms)
			InitializePlatformSupportModulesInManaged (8ms)
			SetLoadedEditorAssemblies (7ms)
			RefreshPlugins (0ms)
			BeforeProcessingInitializeOnLoad (142ms)
			ProcessInitializeOnLoadAttributes (617ms)
			ProcessInitializeOnLoadMethodAttributes (41ms)
			AfterProcessingInitializeOnLoad (4ms)
			EditorAssembliesLoaded (0ms)
		ExecutionOrderSort2 (0ms)
		AwakeInstancesAfterBackupRestoration (24ms)
Refreshing native plugins compatible for Editor in 16.37 ms, found 12 plugins.
Preloading 0 native plugins for Editor in 0.00 ms.
Unloading 4506 Unused Serialized files (Serialized files now loaded: 0)
Unloading 27 unused Assets / (32.8 KB). Loaded Objects now: 5172.
Memory consumption went from 154.3 MB to 154.3 MB.
Total: 3.472900 ms (FindLiveObjects: 0.482300 ms CreateObjectMapping: 0.182600 ms MarkObjects: 2.746700 ms  DeleteObjects: 0.059900 ms)

Prepare: number of updated asset objects reloaded= 0
AssetImportParameters requested are different than current active one (requested -> active):
  custom:container-demuxer-ogg: 62fdf1f143b41e24485cea50d1cbac27 -> 
  custom:video-decoder-ogg-theora: a1e56fd34408186e4bbccfd4996cb3dc -> 
  custom:framework-win-MediaFoundation: 216162199b28c13a410421893ffa2e32 -> 
  custom:scripting/monoscript/fileName/TowerPlatform.cs: 22d748f491a7df488a28291040741ab5 -> 
  custom:CustomObjectIndexerAttribute: 9a22284fe3817be447336de3de66b15e -> 
  custom:scripting/monoscript/fileName/BasicBullet.cs: ac25816691d03379d4d30530f033639b -> 
  custom:scripting/monoscript/fileName/IceBullet.cs: 9438161d3c822d717d531ef1f35056f1 -> 
  custom:container-demuxer-webm: 4f35f7cbe854078d1ac9338744f61a02 -> 
  custom:scripting/monoscript/fileName/ElectricBullet.cs: 66deec48e666439e2ea398141a0f50fc -> 
  custom:container-muxer-webm: aa71ff27fc2769a1b78a27578f13a17b -> 
  custom:video-decoder-webm-vp8: 9c59270c3fd7afecdb556c50c9e8de78 -> 
  custom:SearchIndexIgnoredProperties: e643bd26f0fe6173181afceb89e7c659 -> 
  custom:AudioImporter_EditorPlatform: d09bf68614088b80899f8185d706f6e7 -> 
  custom:video-encoder-webm-vp8: eb34c28f22e8b96e1ab97ce403110664 -> 
  custom:audio-decoder-ogg-vorbis: bf7c407c2cedff20999df2af8eb42d56 -> 
  custom:scripting/monoscript/fileName/FireBullet.cs: 3c0b6521745e387d9418f128ed5af1df -> 
  custom:audio-encoder-webm-vorbis: bf7c407c2cedff20999df2af8eb42d56 -> 
  custom:scripting/precompiled-assembly-types:Assembly-CSharp: eff01db84ebc9b8887c0958ade80cab9 -> b30da08c0707e693a5faa73d64a81371
========================================================================
Received Import Request.
  Time since last request: 25.924915 seconds.
  path: Assets/Prefabs/炮塔/子弹/Bullet.prefab
  artifactKey: Guid(d0f478a5c8df73341a547ab0d006dc4d) Importer(815301076,1909f56bfc062723c751e8b465ee728b)
Start importing Assets/Prefabs/炮塔/子弹/Bullet.prefab using Guid(d0f478a5c8df73341a547ab0d006dc4d) Importer(815301076,1909f56bfc062723c751e8b465ee728b) [PhysX] Initialized MultithreadedTaskDispatcher with 16 workers.
[PhysX] Initialized MultithreadedTaskDispatcher with 16 workers.
 -> (artifact id: '48c288ee2c4c6df22bb999a64ba258d2') in 0.116156 seconds
Number of updated asset objects reloaded before import = 0
Number of asset objects unloaded after import = 12
========================================================================
Received Import Request.
  Time since last request: 9.791454 seconds.
  path: Assets/Prefabs/炮塔/子弹/普通子弹.prefab
  artifactKey: Guid(d0f478a5c8df73341a547ab0d006dc4d) Importer(815301076,1909f56bfc062723c751e8b465ee728b)
Start importing Assets/Prefabs/炮塔/子弹/普通子弹.prefab using Guid(d0f478a5c8df73341a547ab0d006dc4d) Importer(815301076,1909f56bfc062723c751e8b465ee728b) [PhysX] Initialized MultithreadedTaskDispatcher with 16 workers.
 -> (artifact id: '5121cb3ee22af5c0dd14f561f66d306b') in 0.000544 seconds
Number of updated asset objects reloaded before import = 0
Number of asset objects unloaded after import = 0
========================================================================
Received Import Request.
  Time since last request: 4.552054 seconds.
  path: Assets/Prefabs/炮塔/子弹/普通子弹 1.prefab
  artifactKey: Guid(96d75867175af834c91299e8296b6b56) Importer(815301076,1909f56bfc062723c751e8b465ee728b)
Start importing Assets/Prefabs/炮塔/子弹/普通子弹 1.prefab using Guid(96d75867175af834c91299e8296b6b56) Importer(815301076,1909f56bfc062723c751e8b465ee728b) [PhysX] Initialized MultithreadedTaskDispatcher with 16 workers.
 -> (artifact id: '4b30f7fe618e299dbee98a4d46ef4851') in 0.000485 seconds
Number of updated asset objects reloaded before import = 0
Number of asset objects unloaded after import = 0
========================================================================
Received Import Request.
  Time since last request: 0.405530 seconds.
  path: Assets/Prefabs/炮塔/子弹/普通子弹 2.prefab
  artifactKey: Guid(edf6a005ceed3b94dab4545d35e8d2e5) Importer(815301076,1909f56bfc062723c751e8b465ee728b)
Start importing Assets/Prefabs/炮塔/子弹/普通子弹 2.prefab using Guid(edf6a005ceed3b94dab4545d35e8d2e5) Importer(815301076,1909f56bfc062723c751e8b465ee728b) [PhysX] Initialized MultithreadedTaskDispatcher with 16 workers.
 -> (artifact id: 'f06deebd821b637222e8d0ea7b627bbf') in 0.000491 seconds
Number of updated asset objects reloaded before import = 0
Number of asset objects unloaded after import = 0
========================================================================
Received Import Request.
  Time since last request: 0.425292 seconds.
  path: Assets/Prefabs/炮塔/子弹/普通子弹 3.prefab
  artifactKey: Guid(9f6e2f6a47471214abefcc5f52407d39) Importer(815301076,1909f56bfc062723c751e8b465ee728b)
Start importing Assets/Prefabs/炮塔/子弹/普通子弹 3.prefab using Guid(9f6e2f6a47471214abefcc5f52407d39) Importer(815301076,1909f56bfc062723c751e8b465ee728b) [PhysX] Initialized MultithreadedTaskDispatcher with 16 workers.
 -> (artifact id: '344c38ec865e6d0838feef19cb112c72') in 0.000517 seconds
Number of updated asset objects reloaded before import = 0
Number of asset objects unloaded after import = 0
========================================================================
Received Import Request.
  Time since last request: 1.317045 seconds.
  path: Assets/Prefabs/炮塔/子弹/普通子弹 1.prefab
  artifactKey: Guid(96d75867175af834c91299e8296b6b56) Importer(815301076,1909f56bfc062723c751e8b465ee728b)
Start importing Assets/Prefabs/炮塔/子弹/普通子弹 1.prefab using Guid(96d75867175af834c91299e8296b6b56) Importer(815301076,1909f56bfc062723c751e8b465ee728b) [PhysX] Initialized MultithreadedTaskDispatcher with 16 workers.
 -> (artifact id: '4b30f7fe618e299dbee98a4d46ef4851') in 0.000512 seconds
Number of updated asset objects reloaded before import = 0
Number of asset objects unloaded after import = 0
========================================================================
Received Import Request.
  Time since last request: 4.498868 seconds.
  path: Assets/Prefabs/炮塔/子弹/火焰子弹.prefab
  artifactKey: Guid(96d75867175af834c91299e8296b6b56) Importer(815301076,1909f56bfc062723c751e8b465ee728b)
Start importing Assets/Prefabs/炮塔/子弹/火焰子弹.prefab using Guid(96d75867175af834c91299e8296b6b56) Importer(815301076,1909f56bfc062723c751e8b465ee728b) [PhysX] Initialized MultithreadedTaskDispatcher with 16 workers.
 -> (artifact id: '5758e968f5d55db9c91a599cccfbeeb7') in 0.000505 seconds
Number of updated asset objects reloaded before import = 0
Number of asset objects unloaded after import = 0
========================================================================
Received Import Request.
  Time since last request: 0.942904 seconds.
  path: Assets/Prefabs/炮塔/子弹/普通子弹 2.prefab
  artifactKey: Guid(edf6a005ceed3b94dab4545d35e8d2e5) Importer(815301076,1909f56bfc062723c751e8b465ee728b)
Start importing Assets/Prefabs/炮塔/子弹/普通子弹 2.prefab using Guid(edf6a005ceed3b94dab4545d35e8d2e5) Importer(815301076,1909f56bfc062723c751e8b465ee728b) [PhysX] Initialized MultithreadedTaskDispatcher with 16 workers.
 -> (artifact id: 'f06deebd821b637222e8d0ea7b627bbf') in 0.000529 seconds
Number of updated asset objects reloaded before import = 0
Number of asset objects unloaded after import = 0
========================================================================
Received Import Request.
  Time since last request: 4.934826 seconds.
  path: Assets/Prefabs/炮塔/子弹/寒冰子弹.prefab
  artifactKey: Guid(edf6a005ceed3b94dab4545d35e8d2e5) Importer(815301076,1909f56bfc062723c751e8b465ee728b)
Start importing Assets/Prefabs/炮塔/子弹/寒冰子弹.prefab using Guid(edf6a005ceed3b94dab4545d35e8d2e5) Importer(815301076,1909f56bfc062723c751e8b465ee728b) [PhysX] Initialized MultithreadedTaskDispatcher with 16 workers.
 -> (artifact id: '24ff3c4284b40421cf801b27802a6aae') in 0.000507 seconds
Number of updated asset objects reloaded before import = 0
Number of asset objects unloaded after import = 0
========================================================================
Received Import Request.
  Time since last request: 1.123444 seconds.
  path: Assets/Prefabs/炮塔/子弹/普通子弹 3.prefab
  artifactKey: Guid(9f6e2f6a47471214abefcc5f52407d39) Importer(815301076,1909f56bfc062723c751e8b465ee728b)
Start importing Assets/Prefabs/炮塔/子弹/普通子弹 3.prefab using Guid(9f6e2f6a47471214abefcc5f52407d39) Importer(815301076,1909f56bfc062723c751e8b465ee728b) [PhysX] Initialized MultithreadedTaskDispatcher with 16 workers.
 -> (artifact id: '344c38ec865e6d0838feef19cb112c72') in 0.000509 seconds
Number of updated asset objects reloaded before import = 0
Number of asset objects unloaded after import = 0
========================================================================
Received Import Request.
  Time since last request: 3.816172 seconds.
  path: Assets/Prefabs/炮塔/子弹/电击子弹.prefab
  artifactKey: Guid(9f6e2f6a47471214abefcc5f52407d39) Importer(815301076,1909f56bfc062723c751e8b465ee728b)
Start importing Assets/Prefabs/炮塔/子弹/电击子弹.prefab using Guid(9f6e2f6a47471214abefcc5f52407d39) Importer(815301076,1909f56bfc062723c751e8b465ee728b) [PhysX] Initialized MultithreadedTaskDispatcher with 16 workers.
 -> (artifact id: 'd4692977a560a7d29df5112bafd60cd3') in 0.000517 seconds
Number of updated asset objects reloaded before import = 0
Number of asset objects unloaded after import = 0
========================================================================
Received Import Request.
  Time since last request: 1.221492 seconds.
  path: Assets/Prefabs/炮塔/子弹/寒冰子弹.prefab
  artifactKey: Guid(edf6a005ceed3b94dab4545d35e8d2e5) Importer(815301076,1909f56bfc062723c751e8b465ee728b)
Start importing Assets/Prefabs/炮塔/子弹/寒冰子弹.prefab using Guid(edf6a005ceed3b94dab4545d35e8d2e5) Importer(815301076,1909f56bfc062723c751e8b465ee728b) [PhysX] Initialized MultithreadedTaskDispatcher with 16 workers.
 -> (artifact id: '24ff3c4284b40421cf801b27802a6aae') in 0.000492 seconds
Number of updated asset objects reloaded before import = 0
Number of asset objects unloaded after import = 0
========================================================================
Received Import Request.
  Time since last request: 2.449698 seconds.
  path: Assets/Prefabs/炮塔/子弹/普通子弹.prefab
  artifactKey: Guid(d0f478a5c8df73341a547ab0d006dc4d) Importer(815301076,1909f56bfc062723c751e8b465ee728b)
Start importing Assets/Prefabs/炮塔/子弹/普通子弹.prefab using Guid(d0f478a5c8df73341a547ab0d006dc4d) Importer(815301076,1909f56bfc062723c751e8b465ee728b) [PhysX] Initialized MultithreadedTaskDispatcher with 16 workers.
 -> (artifact id: '5121cb3ee22af5c0dd14f561f66d306b') in 0.000479 seconds
Number of updated asset objects reloaded before import = 0
Number of asset objects unloaded after import = 0
========================================================================
Received Import Request.
  Time since last request: 7.560187 seconds.
  path: Assets/Prefabs/炮塔/子弹/寒冰子弹.prefab
  artifactKey: Guid(edf6a005ceed3b94dab4545d35e8d2e5) Importer(815301076,1909f56bfc062723c751e8b465ee728b)
Start importing Assets/Prefabs/炮塔/子弹/寒冰子弹.prefab using Guid(edf6a005ceed3b94dab4545d35e8d2e5) Importer(815301076,1909f56bfc062723c751e8b465ee728b) [PhysX] Initialized MultithreadedTaskDispatcher with 16 workers.
 -> (artifact id: 'eb91721da9721dde09720e46c1ce8cd0') in 0.000559 seconds
Number of updated asset objects reloaded before import = 0
Number of asset objects unloaded after import = 0
========================================================================
Received Import Request.
  Time since last request: 4.021259 seconds.
  path: Assets/Prefabs/炮塔/子弹/寒冰子弹.prefab
  artifactKey: Guid(edf6a005ceed3b94dab4545d35e8d2e5) Importer(815301076,1909f56bfc062723c751e8b465ee728b)
Start importing Assets/Prefabs/炮塔/子弹/寒冰子弹.prefab using Guid(edf6a005ceed3b94dab4545d35e8d2e5) Importer(815301076,1909f56bfc062723c751e8b465ee728b) [PhysX] Initialized MultithreadedTaskDispatcher with 16 workers.
[PhysX] Initialized MultithreadedTaskDispatcher with 16 workers.
 -> (artifact id: 'ba115168fbb86bdddd15424ac32f2cc0') in 0.010960 seconds
Number of updated asset objects reloaded before import = 0
Number of asset objects unloaded after import = 12
========================================================================
Received Import Request.
  Time since last request: 3.506629 seconds.
  path: Assets/Prefabs/炮塔/子弹/普通子弹.prefab
  artifactKey: Guid(d0f478a5c8df73341a547ab0d006dc4d) Importer(815301076,1909f56bfc062723c751e8b465ee728b)
Start importing Assets/Prefabs/炮塔/子弹/普通子弹.prefab using Guid(d0f478a5c8df73341a547ab0d006dc4d) Importer(815301076,1909f56bfc062723c751e8b465ee728b) [PhysX] Initialized MultithreadedTaskDispatcher with 16 workers.
 -> (artifact id: '5121cb3ee22af5c0dd14f561f66d306b') in 0.000614 seconds
Number of updated asset objects reloaded before import = 0
Number of asset objects unloaded after import = 0
========================================================================
Received Import Request.
  Time since last request: 0.781459 seconds.
  path: Assets/Prefabs/炮塔/子弹/火焰子弹.prefab
  artifactKey: Guid(96d75867175af834c91299e8296b6b56) Importer(815301076,1909f56bfc062723c751e8b465ee728b)
Start importing Assets/Prefabs/炮塔/子弹/火焰子弹.prefab using Guid(96d75867175af834c91299e8296b6b56) Importer(815301076,1909f56bfc062723c751e8b465ee728b) [PhysX] Initialized MultithreadedTaskDispatcher with 16 workers.
 -> (artifact id: '5758e968f5d55db9c91a599cccfbeeb7') in 0.000516 seconds
Number of updated asset objects reloaded before import = 0
Number of asset objects unloaded after import = 0
========================================================================
Received Import Request.
  Time since last request: 4.282556 seconds.
  path: Assets/Prefabs/炮塔/子弹/火焰子弹.prefab
  artifactKey: Guid(96d75867175af834c91299e8296b6b56) Importer(815301076,1909f56bfc062723c751e8b465ee728b)
Start importing Assets/Prefabs/炮塔/子弹/火焰子弹.prefab using Guid(96d75867175af834c91299e8296b6b56) Importer(815301076,1909f56bfc062723c751e8b465ee728b) [PhysX] Initialized MultithreadedTaskDispatcher with 16 workers.
 -> (artifact id: '6aa82f198b89ebf7acc255767f92904b') in 0.000507 seconds
Number of updated asset objects reloaded before import = 0
Number of asset objects unloaded after import = 0
========================================================================
Received Import Request.
  Time since last request: 3.036808 seconds.
  path: Assets/Prefabs/炮塔/子弹/火焰子弹.prefab
  artifactKey: Guid(96d75867175af834c91299e8296b6b56) Importer(815301076,1909f56bfc062723c751e8b465ee728b)
Start importing Assets/Prefabs/炮塔/子弹/火焰子弹.prefab using Guid(96d75867175af834c91299e8296b6b56) Importer(815301076,1909f56bfc062723c751e8b465ee728b) [PhysX] Initialized MultithreadedTaskDispatcher with 16 workers.
[PhysX] Initialized MultithreadedTaskDispatcher with 16 workers.
 -> (artifact id: '8e848d08af91ec7930634bce44f4bac6') in 0.007863 seconds
Number of updated asset objects reloaded before import = 0
Number of asset objects unloaded after import = 12
========================================================================
Received Import Request.
  Time since last request: 5.974594 seconds.
  path: Assets/Prefabs/炮塔/子弹/普通子弹.prefab
  artifactKey: Guid(d0f478a5c8df73341a547ab0d006dc4d) Importer(815301076,1909f56bfc062723c751e8b465ee728b)
Start importing Assets/Prefabs/炮塔/子弹/普通子弹.prefab using Guid(d0f478a5c8df73341a547ab0d006dc4d) Importer(815301076,1909f56bfc062723c751e8b465ee728b) [PhysX] Initialized MultithreadedTaskDispatcher with 16 workers.
 -> (artifact id: '5121cb3ee22af5c0dd14f561f66d306b') in 0.000506 seconds
Number of updated asset objects reloaded before import = 0
Number of asset objects unloaded after import = 0
========================================================================
Received Import Request.
  Time since last request: 1.395683 seconds.
  path: Assets/Prefabs/炮塔/子弹/电击子弹.prefab
  artifactKey: Guid(9f6e2f6a47471214abefcc5f52407d39) Importer(815301076,1909f56bfc062723c751e8b465ee728b)
Start importing Assets/Prefabs/炮塔/子弹/电击子弹.prefab using Guid(9f6e2f6a47471214abefcc5f52407d39) Importer(815301076,1909f56bfc062723c751e8b465ee728b) [PhysX] Initialized MultithreadedTaskDispatcher with 16 workers.
 -> (artifact id: 'd4692977a560a7d29df5112bafd60cd3') in 0.000485 seconds
Number of updated asset objects reloaded before import = 0
Number of asset objects unloaded after import = 0
========================================================================
Received Import Request.
  Time since last request: 21.984098 seconds.
  path: Assets/Prefabs/炮塔/子弹/电击子弹.prefab
  artifactKey: Guid(9f6e2f6a47471214abefcc5f52407d39) Importer(815301076,1909f56bfc062723c751e8b465ee728b)
Start importing Assets/Prefabs/炮塔/子弹/电击子弹.prefab using Guid(9f6e2f6a47471214abefcc5f52407d39) Importer(815301076,1909f56bfc062723c751e8b465ee728b) [PhysX] Initialized MultithreadedTaskDispatcher with 16 workers.
 -> (artifact id: 'f0f3d5b9074e0828b0606669c26f1dbd') in 0.000548 seconds
Number of updated asset objects reloaded before import = 0
Number of asset objects unloaded after import = 0
========================================================================
Received Import Request.
  Time since last request: 1.770598 seconds.
  path: Assets/Prefabs/炮塔/子弹/电击子弹.prefab
  artifactKey: Guid(9f6e2f6a47471214abefcc5f52407d39) Importer(815301076,1909f56bfc062723c751e8b465ee728b)
Start importing Assets/Prefabs/炮塔/子弹/电击子弹.prefab using Guid(9f6e2f6a47471214abefcc5f52407d39) Importer(815301076,1909f56bfc062723c751e8b465ee728b) [PhysX] Initialized MultithreadedTaskDispatcher with 16 workers.
[PhysX] Initialized MultithreadedTaskDispatcher with 16 workers.
 -> (artifact id: '9cc52f8fe56c80143c37c80ecbdaeb42') in 0.009199 seconds
Number of updated asset objects reloaded before import = 0
Number of asset objects unloaded after import = 12
========================================================================
Received Import Request.
  Time since last request: 4.542925 seconds.
  path: Assets/Prefabs/炮塔/子弹/普通子弹.prefab
  artifactKey: Guid(d0f478a5c8df73341a547ab0d006dc4d) Importer(815301076,1909f56bfc062723c751e8b465ee728b)
Start importing Assets/Prefabs/炮塔/子弹/普通子弹.prefab using Guid(d0f478a5c8df73341a547ab0d006dc4d) Importer(815301076,1909f56bfc062723c751e8b465ee728b) [PhysX] Initialized MultithreadedTaskDispatcher with 16 workers.
 -> (artifact id: '5121cb3ee22af5c0dd14f561f66d306b') in 0.000521 seconds
Number of updated asset objects reloaded before import = 0
Number of asset objects unloaded after import = 0
========================================================================
Received Import Request.
  Time since last request: 4.532490 seconds.
  path: Assets/Prefabs/炮塔/子弹/普通子弹.prefab
  artifactKey: Guid(d0f478a5c8df73341a547ab0d006dc4d) Importer(815301076,1909f56bfc062723c751e8b465ee728b)
Start importing Assets/Prefabs/炮塔/子弹/普通子弹.prefab using Guid(d0f478a5c8df73341a547ab0d006dc4d) Importer(815301076,1909f56bfc062723c751e8b465ee728b) [PhysX] Initialized MultithreadedTaskDispatcher with 16 workers.
 -> (artifact id: '239e7a7097dff08c83f7856b131fc105') in 0.000619 seconds
Number of updated asset objects reloaded before import = 0
Number of asset objects unloaded after import = 0
========================================================================
Received Import Request.
  Time since last request: 1.971026 seconds.
  path: Assets/Prefabs/炮塔/子弹/普通子弹.prefab
  artifactKey: Guid(d0f478a5c8df73341a547ab0d006dc4d) Importer(815301076,1909f56bfc062723c751e8b465ee728b)
Start importing Assets/Prefabs/炮塔/子弹/普通子弹.prefab using Guid(d0f478a5c8df73341a547ab0d006dc4d) Importer(815301076,1909f56bfc062723c751e8b465ee728b) [PhysX] Initialized MultithreadedTaskDispatcher with 16 workers.
[PhysX] Initialized MultithreadedTaskDispatcher with 16 workers.
 -> (artifact id: 'fc7dc47dce04aa4e597c716dd7422d7d') in 0.009298 seconds
Number of updated asset objects reloaded before import = 0
Number of asset objects unloaded after import = 12
========================================================================
Received Import Request.
  Time since last request: 420.380039 seconds.
  path: Assets/Scripts/炮塔底座/炮塔底座/基础炮塔底座.asset
  artifactKey: Guid(889e97e8a2b28ac46aef2f687bb85273) Importer(815301076,1909f56bfc062723c751e8b465ee728b)
Start importing Assets/Scripts/炮塔底座/炮塔底座/基础炮塔底座.asset using Guid(889e97e8a2b28ac46aef2f687bb85273) Importer(815301076,1909f56bfc062723c751e8b465ee728b) [PhysX] Initialized MultithreadedTaskDispatcher with 16 workers.
 -> (artifact id: '1c1e8a9b16a052e7c4c453de9d4cb985') in 0.004661 seconds
Number of updated asset objects reloaded before import = 0
Number of asset objects unloaded after import = 17
========================================================================
Received Import Request.
  Time since last request: 3.460708 seconds.
  path: Assets/Scripts/炮塔底座/炮塔底座/寒冰炮塔底座.asset
  artifactKey: Guid(90d66e26d3171754cae5f8ddd863e3f6) Importer(815301076,1909f56bfc062723c751e8b465ee728b)
Start importing Assets/Scripts/炮塔底座/炮塔底座/寒冰炮塔底座.asset using Guid(90d66e26d3171754cae5f8ddd863e3f6) Importer(815301076,1909f56bfc062723c751e8b465ee728b) [PhysX] Initialized MultithreadedTaskDispatcher with 16 workers.
 -> (artifact id: '4df6ce60aa295e2b2542b402dce7ffb6') in 0.003933 seconds
Number of updated asset objects reloaded before import = 0
Number of asset objects unloaded after import = 11
========================================================================
Received Import Request.
  Time since last request: 5.621728 seconds.
  path: Assets/Scripts/炮塔底座/炮塔底座/寒冰炮塔底座.asset
  artifactKey: Guid(90d66e26d3171754cae5f8ddd863e3f6) Importer(815301076,1909f56bfc062723c751e8b465ee728b)
Start importing Assets/Scripts/炮塔底座/炮塔底座/寒冰炮塔底座.asset using Guid(90d66e26d3171754cae5f8ddd863e3f6) Importer(815301076,1909f56bfc062723c751e8b465ee728b) [PhysX] Initialized MultithreadedTaskDispatcher with 16 workers.
 -> (artifact id: 'ae6ba38f6fc30f3e51a691f53e4a5ba8') in 0.004908 seconds
Number of updated asset objects reloaded before import = 0
Number of asset objects unloaded after import = 21
========================================================================
Received Import Request.
  Time since last request: 4.329589 seconds.
  path: Assets/Scripts/炮塔底座/炮塔底座/火焰炮塔底座.asset
  artifactKey: Guid(a20d45ff2b79e9b429e173ba98db1799) Importer(815301076,1909f56bfc062723c751e8b465ee728b)
Start importing Assets/Scripts/炮塔底座/炮塔底座/火焰炮塔底座.asset using Guid(a20d45ff2b79e9b429e173ba98db1799) Importer(815301076,1909f56bfc062723c751e8b465ee728b) [PhysX] Initialized MultithreadedTaskDispatcher with 16 workers.
 -> (artifact id: '494c5e0950aa7f533fabdf0a4c743655') in 0.003389 seconds
Number of updated asset objects reloaded before import = 0
Number of asset objects unloaded after import = 9
========================================================================
Received Import Request.
  Time since last request: 4.899699 seconds.
  path: Assets/Scripts/炮塔底座/炮塔底座/火焰炮塔底座.asset
  artifactKey: Guid(a20d45ff2b79e9b429e173ba98db1799) Importer(815301076,1909f56bfc062723c751e8b465ee728b)
Start importing Assets/Scripts/炮塔底座/炮塔底座/火焰炮塔底座.asset using Guid(a20d45ff2b79e9b429e173ba98db1799) Importer(815301076,1909f56bfc062723c751e8b465ee728b) [PhysX] Initialized MultithreadedTaskDispatcher with 16 workers.
 -> (artifact id: '4b0a833f8c29fa4f43b28168dc4d7346') in 0.004227 seconds
Number of updated asset objects reloaded before import = 0
Number of asset objects unloaded after import = 19
========================================================================
Received Import Request.
  Time since last request: 9.653059 seconds.
  path: Assets/Scripts/炮塔底座/炮塔底座/电击炮塔底座.asset
  artifactKey: Guid(993227482ffa45d4d902bfc8cf3bf266) Importer(815301076,1909f56bfc062723c751e8b465ee728b)
Start importing Assets/Scripts/炮塔底座/炮塔底座/电击炮塔底座.asset using Guid(993227482ffa45d4d902bfc8cf3bf266) Importer(815301076,1909f56bfc062723c751e8b465ee728b) [PhysX] Initialized MultithreadedTaskDispatcher with 16 workers.
 -> (artifact id: '140987f1ff3a06bb8377d83a65f4df97') in 0.005132 seconds
Number of updated asset objects reloaded before import = 0
Number of asset objects unloaded after import = 22
========================================================================
Received Import Request.
  Time since last request: 235.449150 seconds.
  path: Assets/Prefabs/炮塔/底座/基础炮塔.prefab
  artifactKey: Guid(3a65201001c1b1d4a8a7be62f56d4245) Importer(815301076,1909f56bfc062723c751e8b465ee728b)
Start importing Assets/Prefabs/炮塔/底座/基础炮塔.prefab using Guid(3a65201001c1b1d4a8a7be62f56d4245) Importer(815301076,1909f56bfc062723c751e8b465ee728b) [PhysX] Initialized MultithreadedTaskDispatcher with 16 workers.
[PhysX] Initialized MultithreadedTaskDispatcher with 16 workers.
 -> (artifact id: '4ac220eb29b6c5006de29de9355ce6f7') in 0.009657 seconds
Number of updated asset objects reloaded before import = 0
Number of asset objects unloaded after import = 8
========================================================================
Received Import Request.
  Time since last request: 8.148436 seconds.
  path: Assets/Prefabs/炮塔/底座/底座.prefab
  artifactKey: Guid(3a65201001c1b1d4a8a7be62f56d4245) Importer(815301076,1909f56bfc062723c751e8b465ee728b)
Start importing Assets/Prefabs/炮塔/底座/底座.prefab using Guid(3a65201001c1b1d4a8a7be62f56d4245) Importer(815301076,1909f56bfc062723c751e8b465ee728b) [PhysX] Initialized MultithreadedTaskDispatcher with 16 workers.
[PhysX] Initialized MultithreadedTaskDispatcher with 16 workers.
 -> (artifact id: 'b6a9d9ae6e1718f26681996e5ba5ab04') in 0.007356 seconds
Number of updated asset objects reloaded before import = 0
Number of asset objects unloaded after import = 8
========================================================================
Received Import Request.
  Time since last request: 5.681556 seconds.
  path: Assets/Prefabs/炮塔/底座/基础炮塔底座.prefab
  artifactKey: Guid(3a65201001c1b1d4a8a7be62f56d4245) Importer(815301076,1909f56bfc062723c751e8b465ee728b)
Start importing Assets/Prefabs/炮塔/底座/基础炮塔底座.prefab using Guid(3a65201001c1b1d4a8a7be62f56d4245) Importer(815301076,1909f56bfc062723c751e8b465ee728b) [PhysX] Initialized MultithreadedTaskDispatcher with 16 workers.
[PhysX] Initialized MultithreadedTaskDispatcher with 16 workers.
 -> (artifact id: 'ee0b77be672dcc6061c106697e5fc661') in 0.008662 seconds
Number of updated asset objects reloaded before import = 0
Number of asset objects unloaded after import = 8
========================================================================
Received Prepare
Caller must complete domain reload
Begin MonoManager ReloadAssembly
- Loaded All Assemblies, in  0.657 seconds
Native extension for WindowsStandalone target not found
Native extension for WebGL target not found
Mono: successfully reloaded assembly
- Finished resetting the current domain, in  1.332 seconds
Domain Reload Profiling: 1988ms
	BeginReloadAssembly (181ms)
		ExecutionOrderSort (0ms)
		DisableScriptedObjects (14ms)
		BackupInstance (0ms)
		ReleaseScriptingObjects (0ms)
		CreateAndSetChildDomain (33ms)
	RebuildCommonClasses (36ms)
	RebuildNativeTypeToScriptingClass (14ms)
	initialDomainReloadingComplete (37ms)
	LoadAllAssembliesAndSetupDomain (388ms)
		LoadAssemblies (446ms)
		RebuildTransferFunctionScriptingTraits (0ms)
		AnalyzeDomain (45ms)
			TypeCache.Refresh (17ms)
				TypeCache.ScanAssembly (6ms)
			ScanForSourceGeneratedMonoScriptInfo (13ms)
			ResolveRequiredComponents (14ms)
	FinalizeReload (1333ms)
		ReleaseScriptCaches (0ms)
		RebuildScriptCaches (0ms)
		SetupLoadedEditorAssemblies (621ms)
			LogAssemblyErrors (0ms)
			InitializePlatformSupportModulesInManaged (8ms)
			SetLoadedEditorAssemblies (8ms)
			RefreshPlugins (0ms)
			BeforeProcessingInitializeOnLoad (129ms)
			ProcessInitializeOnLoadAttributes (435ms)
			ProcessInitializeOnLoadMethodAttributes (37ms)
			AfterProcessingInitializeOnLoad (4ms)
			EditorAssembliesLoaded (0ms)
		ExecutionOrderSort2 (0ms)
		AwakeInstancesAfterBackupRestoration (23ms)
Refreshing native plugins compatible for Editor in 16.10 ms, found 12 plugins.
Preloading 0 native plugins for Editor in 0.00 ms.
Unloading 4506 Unused Serialized files (Serialized files now loaded: 0)
Unloading 27 unused Assets / (33.9 KB). Loaded Objects now: 5180.
Memory consumption went from 154.4 MB to 154.4 MB.
Total: 3.518700 ms (FindLiveObjects: 0.476500 ms CreateObjectMapping: 0.157300 ms MarkObjects: 2.823600 ms  DeleteObjects: 0.060300 ms)

Prepare: number of updated asset objects reloaded= 0
AssetImportParameters requested are different than current active one (requested -> active):
  custom:container-demuxer-ogg: 62fdf1f143b41e24485cea50d1cbac27 -> 
  custom:video-decoder-ogg-theora: a1e56fd34408186e4bbccfd4996cb3dc -> 
  custom:framework-win-MediaFoundation: 216162199b28c13a410421893ffa2e32 -> 
  custom:scripting/monoscript/fileName/TowerPlatform.cs: 22d748f491a7df488a28291040741ab5 -> 
  custom:CustomObjectIndexerAttribute: 9a22284fe3817be447336de3de66b15e -> 
  custom:scripting/monoscript/fileName/BasicBullet.cs: ac25816691d03379d4d30530f033639b -> 
  custom:scripting/monoscript/fileName/IceBullet.cs: 9438161d3c822d717d531ef1f35056f1 -> 
  custom:container-demuxer-webm: 4f35f7cbe854078d1ac9338744f61a02 -> 
  custom:scripting/monoscript/fileName/ElectricBullet.cs: 66deec48e666439e2ea398141a0f50fc -> 
  custom:container-muxer-webm: aa71ff27fc2769a1b78a27578f13a17b -> 
  custom:video-decoder-webm-vp8: 9c59270c3fd7afecdb556c50c9e8de78 -> 
  custom:SearchIndexIgnoredProperties: e643bd26f0fe6173181afceb89e7c659 -> 
  custom:AudioImporter_EditorPlatform: d09bf68614088b80899f8185d706f6e7 -> 
  custom:video-encoder-webm-vp8: eb34c28f22e8b96e1ab97ce403110664 -> 
  custom:audio-decoder-ogg-vorbis: bf7c407c2cedff20999df2af8eb42d56 -> 
  custom:scripting/monoscript/fileName/FireBullet.cs: 3c0b6521745e387d9418f128ed5af1df -> 
  custom:audio-encoder-webm-vorbis: bf7c407c2cedff20999df2af8eb42d56 -> 
  custom:scripting/precompiled-assembly-types:Assembly-CSharp: eff01db84ebc9b8887c0958ade80cab9 -> b30da08c0707e693a5faa73d64a81371
========================================================================
Received Import Request.
  Time since last request: 322.227392 seconds.
  path: Assets/Prefabs/炮塔/底座/基础炮塔底座.prefab
  artifactKey: Guid(3a65201001c1b1d4a8a7be62f56d4245) Importer(815301076,1909f56bfc062723c751e8b465ee728b)
Start importing Assets/Prefabs/炮塔/底座/基础炮塔底座.prefab using Guid(3a65201001c1b1d4a8a7be62f56d4245) Importer(815301076,1909f56bfc062723c751e8b465ee728b) [PhysX] Initialized MultithreadedTaskDispatcher with 16 workers.
 -> (artifact id: '8c183fe247ebaba634b4f7b3c787a828') in 0.002986 seconds
Number of updated asset objects reloaded before import = 0
Number of asset objects unloaded after import = 0
========================================================================
Received Prepare
Caller must complete domain reload
Begin MonoManager ReloadAssembly
- Loaded All Assemblies, in  0.600 seconds
Native extension for WindowsStandalone target not found
Native extension for WebGL target not found
Mono: successfully reloaded assembly
- Finished resetting the current domain, in  1.405 seconds
Domain Reload Profiling: 2004ms
	BeginReloadAssembly (173ms)
		ExecutionOrderSort (0ms)
		DisableScriptedObjects (16ms)
		BackupInstance (0ms)
		ReleaseScriptingObjects (0ms)
		CreateAndSetChildDomain (32ms)
	RebuildCommonClasses (34ms)
	RebuildNativeTypeToScriptingClass (13ms)
	initialDomainReloadingComplete (36ms)
	LoadAllAssembliesAndSetupDomain (342ms)
		LoadAssemblies (412ms)
		RebuildTransferFunctionScriptingTraits (0ms)
		AnalyzeDomain (25ms)
			TypeCache.Refresh (8ms)
				TypeCache.ScanAssembly (0ms)
			ScanForSourceGeneratedMonoScriptInfo (0ms)
			ResolveRequiredComponents (16ms)
	FinalizeReload (1406ms)
		ReleaseScriptCaches (0ms)
		RebuildScriptCaches (0ms)
		SetupLoadedEditorAssemblies (658ms)
			LogAssemblyErrors (0ms)
			InitializePlatformSupportModulesInManaged (9ms)
			SetLoadedEditorAssemblies (8ms)
			RefreshPlugins (0ms)
			BeforeProcessingInitializeOnLoad (137ms)
			ProcessInitializeOnLoadAttributes (453ms)
			ProcessInitializeOnLoadMethodAttributes (47ms)
			AfterProcessingInitializeOnLoad (4ms)
			EditorAssembliesLoaded (0ms)
		ExecutionOrderSort2 (0ms)
		AwakeInstancesAfterBackupRestoration (26ms)
Refreshing native plugins compatible for Editor in 16.93 ms, found 12 plugins.
Preloading 0 native plugins for Editor in 0.00 ms.
Unloading 4506 Unused Serialized files (Serialized files now loaded: 0)
Unloading 27 unused Assets / (32.9 KB). Loaded Objects now: 5184.
Memory consumption went from 154.5 MB to 154.4 MB.
Total: 3.640200 ms (FindLiveObjects: 0.507700 ms CreateObjectMapping: 0.170400 ms MarkObjects: 2.902700 ms  DeleteObjects: 0.058400 ms)

Prepare: number of updated asset objects reloaded= 0
AssetImportParameters requested are different than current active one (requested -> active):
  custom:container-demuxer-ogg: 62fdf1f143b41e24485cea50d1cbac27 -> 
  custom:video-decoder-ogg-theora: a1e56fd34408186e4bbccfd4996cb3dc -> 
  custom:framework-win-MediaFoundation: 216162199b28c13a410421893ffa2e32 -> 
  custom:scripting/monoscript/fileName/TowerPlatform.cs: 22d748f491a7df488a28291040741ab5 -> 
  custom:CustomObjectIndexerAttribute: 9a22284fe3817be447336de3de66b15e -> 
  custom:scripting/monoscript/fileName/BasicBullet.cs: ac25816691d03379d4d30530f033639b -> 
  custom:scripting/monoscript/fileName/IceBullet.cs: 9438161d3c822d717d531ef1f35056f1 -> 
  custom:container-demuxer-webm: 4f35f7cbe854078d1ac9338744f61a02 -> 
  custom:scripting/monoscript/fileName/ElectricBullet.cs: 66deec48e666439e2ea398141a0f50fc -> 
  custom:container-muxer-webm: aa71ff27fc2769a1b78a27578f13a17b -> 
  custom:video-decoder-webm-vp8: 9c59270c3fd7afecdb556c50c9e8de78 -> 
  custom:SearchIndexIgnoredProperties: e643bd26f0fe6173181afceb89e7c659 -> 
  custom:AudioImporter_EditorPlatform: d09bf68614088b80899f8185d706f6e7 -> 
  custom:video-encoder-webm-vp8: eb34c28f22e8b96e1ab97ce403110664 -> 
  custom:audio-decoder-ogg-vorbis: bf7c407c2cedff20999df2af8eb42d56 -> 
  custom:scripting/monoscript/fileName/FireBullet.cs: 3c0b6521745e387d9418f128ed5af1df -> 
  custom:audio-encoder-webm-vorbis: bf7c407c2cedff20999df2af8eb42d56 -> 
  custom:scripting/precompiled-assembly-types:Assembly-CSharp: eff01db84ebc9b8887c0958ade80cab9 -> b30da08c0707e693a5faa73d64a81371
========================================================================
Received Import Request.
  Time since last request: 70.499889 seconds.
  path: Assets/Scenes/GameScene.unity
  artifactKey: Guid(ff964dba3eaf3e041a4958439db1ba5b) Importer(815301076,1909f56bfc062723c751e8b465ee728b)
Start importing Assets/Scenes/GameScene.unity using Guid(ff964dba3eaf3e041a4958439db1ba5b) Importer(815301076,1909f56bfc062723c751e8b465ee728b) [PhysX] Initialized MultithreadedTaskDispatcher with 16 workers.
 -> (artifact id: 'd995517a03c9c1874677f5b45342aae4') in 0.002606 seconds
Number of updated asset objects reloaded before import = 0
Number of asset objects unloaded after import = 0
========================================================================
Received Prepare
Caller must complete domain reload
Begin MonoManager ReloadAssembly
- Loaded All Assemblies, in  0.628 seconds
Native extension for WindowsStandalone target not found
Native extension for WebGL target not found
Mono: successfully reloaded assembly
- Finished resetting the current domain, in  1.403 seconds
Domain Reload Profiling: 2030ms
	BeginReloadAssembly (183ms)
		ExecutionOrderSort (0ms)
		DisableScriptedObjects (14ms)
		BackupInstance (0ms)
		ReleaseScriptingObjects (0ms)
		CreateAndSetChildDomain (33ms)
	RebuildCommonClasses (36ms)
	RebuildNativeTypeToScriptingClass (14ms)
	initialDomainReloadingComplete (38ms)
	LoadAllAssembliesAndSetupDomain (355ms)
		LoadAssemblies (438ms)
		RebuildTransferFunctionScriptingTraits (0ms)
		AnalyzeDomain (24ms)
			TypeCache.Refresh (8ms)
				TypeCache.ScanAssembly (0ms)
			ScanForSourceGeneratedMonoScriptInfo (0ms)
			ResolveRequiredComponents (15ms)
	FinalizeReload (1404ms)
		ReleaseScriptCaches (0ms)
		RebuildScriptCaches (0ms)
		SetupLoadedEditorAssemblies (671ms)
			LogAssemblyErrors (0ms)
			InitializePlatformSupportModulesInManaged (9ms)
			SetLoadedEditorAssemblies (8ms)
			RefreshPlugins (0ms)
			BeforeProcessingInitializeOnLoad (143ms)
			ProcessInitializeOnLoadAttributes (463ms)
			ProcessInitializeOnLoadMethodAttributes (43ms)
			AfterProcessingInitializeOnLoad (4ms)
			EditorAssembliesLoaded (0ms)
		ExecutionOrderSort2 (0ms)
		AwakeInstancesAfterBackupRestoration (23ms)
Refreshing native plugins compatible for Editor in 18.46 ms, found 12 plugins.
Preloading 0 native plugins for Editor in 0.00 ms.
Unloading 4506 Unused Serialized files (Serialized files now loaded: 0)
Unloading 27 unused Assets / (32.9 KB). Loaded Objects now: 5188.
Memory consumption went from 154.5 MB to 154.4 MB.
Total: 3.923000 ms (FindLiveObjects: 0.495800 ms CreateObjectMapping: 0.180300 ms MarkObjects: 3.174400 ms  DeleteObjects: 0.070900 ms)

Prepare: number of updated asset objects reloaded= 0
AssetImportParameters requested are different than current active one (requested -> active):
  custom:container-demuxer-ogg: 62fdf1f143b41e24485cea50d1cbac27 -> 
  custom:video-decoder-ogg-theora: a1e56fd34408186e4bbccfd4996cb3dc -> 
  custom:framework-win-MediaFoundation: 216162199b28c13a410421893ffa2e32 -> 
  custom:scripting/monoscript/fileName/TowerPlatform.cs: 22d748f491a7df488a28291040741ab5 -> 
  custom:CustomObjectIndexerAttribute: 9a22284fe3817be447336de3de66b15e -> 
  custom:scripting/monoscript/fileName/BasicBullet.cs: ac25816691d03379d4d30530f033639b -> 
  custom:scripting/monoscript/fileName/IceBullet.cs: 9438161d3c822d717d531ef1f35056f1 -> 
  custom:container-demuxer-webm: 4f35f7cbe854078d1ac9338744f61a02 -> 
  custom:scripting/monoscript/fileName/ElectricBullet.cs: 66deec48e666439e2ea398141a0f50fc -> 
  custom:container-muxer-webm: aa71ff27fc2769a1b78a27578f13a17b -> 
  custom:video-decoder-webm-vp8: 9c59270c3fd7afecdb556c50c9e8de78 -> 
  custom:SearchIndexIgnoredProperties: e643bd26f0fe6173181afceb89e7c659 -> 
  custom:AudioImporter_EditorPlatform: d09bf68614088b80899f8185d706f6e7 -> 
  custom:video-encoder-webm-vp8: eb34c28f22e8b96e1ab97ce403110664 -> 
  custom:audio-decoder-ogg-vorbis: bf7c407c2cedff20999df2af8eb42d56 -> 
  custom:scripting/monoscript/fileName/FireBullet.cs: 3c0b6521745e387d9418f128ed5af1df -> 
  custom:audio-encoder-webm-vorbis: bf7c407c2cedff20999df2af8eb42d56 -> 
  custom:scripting/precompiled-assembly-types:Assembly-CSharp: eff01db84ebc9b8887c0958ade80cab9 -> b30da08c0707e693a5faa73d64a81371
========================================================================
Received Import Request.
  Time since last request: 37.027720 seconds.
  path: Assets/Scenes/GameScene.unity
  artifactKey: Guid(ff964dba3eaf3e041a4958439db1ba5b) Importer(815301076,1909f56bfc062723c751e8b465ee728b)
Start importing Assets/Scenes/GameScene.unity using Guid(ff964dba3eaf3e041a4958439db1ba5b) Importer(815301076,1909f56bfc062723c751e8b465ee728b) [PhysX] Initialized MultithreadedTaskDispatcher with 16 workers.
 -> (artifact id: '7666b5187681d255432d37adbe9a9b2b') in 0.002439 seconds
Number of updated asset objects reloaded before import = 0
Number of asset objects unloaded after import = 0
========================================================================
Received Prepare
Caller must complete domain reload
Begin MonoManager ReloadAssembly
- Loaded All Assemblies, in  0.652 seconds
Native extension for WindowsStandalone target not found
Native extension for WebGL target not found
Mono: successfully reloaded assembly
- Finished resetting the current domain, in  1.319 seconds
Domain Reload Profiling: 1970ms
	BeginReloadAssembly (175ms)
		ExecutionOrderSort (0ms)
		DisableScriptedObjects (14ms)
		BackupInstance (0ms)
		ReleaseScriptingObjects (0ms)
		CreateAndSetChildDomain (31ms)
	RebuildCommonClasses (37ms)
	RebuildNativeTypeToScriptingClass (14ms)
	initialDomainReloadingComplete (37ms)
	LoadAllAssembliesAndSetupDomain (389ms)
		LoadAssemblies (443ms)
		RebuildTransferFunctionScriptingTraits (0ms)
		AnalyzeDomain (47ms)
			TypeCache.Refresh (19ms)
				TypeCache.ScanAssembly (6ms)
			ScanForSourceGeneratedMonoScriptInfo (12ms)
			ResolveRequiredComponents (14ms)
	FinalizeReload (1319ms)
		ReleaseScriptCaches (0ms)
		RebuildScriptCaches (0ms)
		SetupLoadedEditorAssemblies (646ms)
			LogAssemblyErrors (0ms)
			InitializePlatformSupportModulesInManaged (7ms)
			SetLoadedEditorAssemblies (7ms)
			RefreshPlugins (0ms)
			BeforeProcessingInitializeOnLoad (132ms)
			ProcessInitializeOnLoadAttributes (456ms)
			ProcessInitializeOnLoadMethodAttributes (39ms)
			AfterProcessingInitializeOnLoad (4ms)
			EditorAssembliesLoaded (0ms)
		ExecutionOrderSort2 (0ms)
		AwakeInstancesAfterBackupRestoration (20ms)
Refreshing native plugins compatible for Editor in 15.25 ms, found 12 plugins.
Preloading 0 native plugins for Editor in 0.00 ms.
Unloading 4506 Unused Serialized files (Serialized files now loaded: 0)
Unloading 27 unused Assets / (33.0 KB). Loaded Objects now: 5192.
Memory consumption went from 154.5 MB to 154.4 MB.
Total: 3.593500 ms (FindLiveObjects: 0.477500 ms CreateObjectMapping: 0.174300 ms MarkObjects: 2.883500 ms  DeleteObjects: 0.056700 ms)

Prepare: number of updated asset objects reloaded= 0
AssetImportParameters requested are different than current active one (requested -> active):
  custom:container-demuxer-ogg: 62fdf1f143b41e24485cea50d1cbac27 -> 
  custom:video-decoder-ogg-theora: a1e56fd34408186e4bbccfd4996cb3dc -> 
  custom:framework-win-MediaFoundation: 216162199b28c13a410421893ffa2e32 -> 
  custom:scripting/monoscript/fileName/TowerPlatform.cs: 22d748f491a7df488a28291040741ab5 -> 
  custom:CustomObjectIndexerAttribute: 9a22284fe3817be447336de3de66b15e -> 
  custom:scripting/monoscript/fileName/BasicBullet.cs: ac25816691d03379d4d30530f033639b -> 
  custom:scripting/monoscript/fileName/IceBullet.cs: 9438161d3c822d717d531ef1f35056f1 -> 
  custom:container-demuxer-webm: 4f35f7cbe854078d1ac9338744f61a02 -> 
  custom:scripting/monoscript/fileName/ElectricBullet.cs: 66deec48e666439e2ea398141a0f50fc -> 
  custom:container-muxer-webm: aa71ff27fc2769a1b78a27578f13a17b -> 
  custom:video-decoder-webm-vp8: 9c59270c3fd7afecdb556c50c9e8de78 -> 
  custom:SearchIndexIgnoredProperties: e643bd26f0fe6173181afceb89e7c659 -> 
  custom:AudioImporter_EditorPlatform: d09bf68614088b80899f8185d706f6e7 -> 
  custom:video-encoder-webm-vp8: eb34c28f22e8b96e1ab97ce403110664 -> 
  custom:audio-decoder-ogg-vorbis: bf7c407c2cedff20999df2af8eb42d56 -> 
  custom:scripting/monoscript/fileName/FireBullet.cs: 3c0b6521745e387d9418f128ed5af1df -> 
  custom:audio-encoder-webm-vorbis: bf7c407c2cedff20999df2af8eb42d56 -> 
  custom:scripting/precompiled-assembly-types:Assembly-CSharp: eff01db84ebc9b8887c0958ade80cab9 -> b30da08c0707e693a5faa73d64a81371
========================================================================
Received Prepare
Caller must complete domain reload
Begin MonoManager ReloadAssembly
- Loaded All Assemblies, in  0.596 seconds
Native extension for WindowsStandalone target not found
Native extension for WebGL target not found
Mono: successfully reloaded assembly
- Finished resetting the current domain, in  1.361 seconds
Domain Reload Profiling: 1957ms
	BeginReloadAssembly (172ms)
		ExecutionOrderSort (0ms)
		DisableScriptedObjects (14ms)
		BackupInstance (0ms)
		ReleaseScriptingObjects (0ms)
		CreateAndSetChildDomain (32ms)
	RebuildCommonClasses (35ms)
	RebuildNativeTypeToScriptingClass (13ms)
	initialDomainReloadingComplete (36ms)
	LoadAllAssembliesAndSetupDomain (339ms)
		LoadAssemblies (411ms)
		RebuildTransferFunctionScriptingTraits (0ms)
		AnalyzeDomain (23ms)
			TypeCache.Refresh (7ms)
				TypeCache.ScanAssembly (0ms)
			ScanForSourceGeneratedMonoScriptInfo (0ms)
			ResolveRequiredComponents (14ms)
	FinalizeReload (1362ms)
		ReleaseScriptCaches (0ms)
		RebuildScriptCaches (0ms)
		SetupLoadedEditorAssemblies (630ms)
			LogAssemblyErrors (0ms)
			InitializePlatformSupportModulesInManaged (8ms)
			SetLoadedEditorAssemblies (8ms)
			RefreshPlugins (0ms)
			BeforeProcessingInitializeOnLoad (138ms)
			ProcessInitializeOnLoadAttributes (429ms)
			ProcessInitializeOnLoadMethodAttributes (42ms)
			AfterProcessingInitializeOnLoad (4ms)
			EditorAssembliesLoaded (0ms)
		ExecutionOrderSort2 (0ms)
		AwakeInstancesAfterBackupRestoration (23ms)
Refreshing native plugins compatible for Editor in 15.54 ms, found 12 plugins.
Preloading 0 native plugins for Editor in 0.00 ms.
Unloading 4507 Unused Serialized files (Serialized files now loaded: 0)
Unloading 27 unused Assets / (32.9 KB). Loaded Objects now: 5196.
Memory consumption went from 154.7 MB to 154.7 MB.
Total: 3.693700 ms (FindLiveObjects: 0.467000 ms CreateObjectMapping: 0.165200 ms MarkObjects: 3.003500 ms  DeleteObjects: 0.056500 ms)

Prepare: number of updated asset objects reloaded= 0
AssetImportParameters requested are different than current active one (requested -> active):
  custom:container-demuxer-ogg: 62fdf1f143b41e24485cea50d1cbac27 -> 
  custom:video-decoder-ogg-theora: a1e56fd34408186e4bbccfd4996cb3dc -> 
  custom:framework-win-MediaFoundation: 216162199b28c13a410421893ffa2e32 -> 
  custom:scripting/monoscript/fileName/TowerPlatform.cs: 22d748f491a7df488a28291040741ab5 -> 
  custom:CustomObjectIndexerAttribute: 9a22284fe3817be447336de3de66b15e -> 
  custom:scripting/monoscript/fileName/BasicBullet.cs: ac25816691d03379d4d30530f033639b -> 
  custom:scripting/monoscript/fileName/IceBullet.cs: 9438161d3c822d717d531ef1f35056f1 -> 
  custom:container-demuxer-webm: 4f35f7cbe854078d1ac9338744f61a02 -> 
  custom:scripting/monoscript/fileName/ElectricBullet.cs: 66deec48e666439e2ea398141a0f50fc -> 
  custom:container-muxer-webm: aa71ff27fc2769a1b78a27578f13a17b -> 
  custom:video-decoder-webm-vp8: 9c59270c3fd7afecdb556c50c9e8de78 -> 
  custom:SearchIndexIgnoredProperties: e643bd26f0fe6173181afceb89e7c659 -> 
  custom:AudioImporter_EditorPlatform: d09bf68614088b80899f8185d706f6e7 -> 
  custom:video-encoder-webm-vp8: eb34c28f22e8b96e1ab97ce403110664 -> 
  custom:audio-decoder-ogg-vorbis: bf7c407c2cedff20999df2af8eb42d56 -> 
  custom:scripting/monoscript/fileName/FireBullet.cs: 3c0b6521745e387d9418f128ed5af1df -> 
  custom:audio-encoder-webm-vorbis: bf7c407c2cedff20999df2af8eb42d56 -> 
  custom:scripting/precompiled-assembly-types:Assembly-CSharp: eff01db84ebc9b8887c0958ade80cab9 -> b30da08c0707e693a5faa73d64a81371
========================================================================
Received Prepare
Caller must complete domain reload
Begin MonoManager ReloadAssembly
- Loaded All Assemblies, in  0.635 seconds
Native extension for WindowsStandalone target not found
Native extension for WebGL target not found
Mono: successfully reloaded assembly
- Finished resetting the current domain, in  1.391 seconds
Domain Reload Profiling: 2026ms
	BeginReloadAssembly (186ms)
		ExecutionOrderSort (0ms)
		DisableScriptedObjects (14ms)
		BackupInstance (0ms)
		ReleaseScriptingObjects (0ms)
		CreateAndSetChildDomain (35ms)
	RebuildCommonClasses (36ms)
	RebuildNativeTypeToScriptingClass (14ms)
	initialDomainReloadingComplete (37ms)
	LoadAllAssembliesAndSetupDomain (362ms)
		LoadAssemblies (440ms)
		RebuildTransferFunctionScriptingTraits (0ms)
		AnalyzeDomain (24ms)
			TypeCache.Refresh (8ms)
				TypeCache.ScanAssembly (0ms)
			ScanForSourceGeneratedMonoScriptInfo (0ms)
			ResolveRequiredComponents (15ms)
	FinalizeReload (1392ms)
		ReleaseScriptCaches (0ms)
		RebuildScriptCaches (0ms)
		SetupLoadedEditorAssemblies (644ms)
			LogAssemblyErrors (0ms)
			InitializePlatformSupportModulesInManaged (9ms)
			SetLoadedEditorAssemblies (8ms)
			RefreshPlugins (0ms)
			BeforeProcessingInitializeOnLoad (133ms)
			ProcessInitializeOnLoadAttributes (447ms)
			ProcessInitializeOnLoadMethodAttributes (43ms)
			AfterProcessingInitializeOnLoad (4ms)
			EditorAssembliesLoaded (0ms)
		ExecutionOrderSort2 (0ms)
		AwakeInstancesAfterBackupRestoration (25ms)
Refreshing native plugins compatible for Editor in 17.73 ms, found 12 plugins.
Preloading 0 native plugins for Editor in 0.00 ms.
Unloading 4507 Unused Serialized files (Serialized files now loaded: 0)
Unloading 27 unused Assets / (32.9 KB). Loaded Objects now: 5200.
Memory consumption went from 154.7 MB to 154.7 MB.
Total: 3.786900 ms (FindLiveObjects: 0.522300 ms CreateObjectMapping: 0.185300 ms MarkObjects: 3.012100 ms  DeleteObjects: 0.065700 ms)

Prepare: number of updated asset objects reloaded= 0
AssetImportParameters requested are different than current active one (requested -> active):
  custom:container-demuxer-ogg: 62fdf1f143b41e24485cea50d1cbac27 -> 
  custom:video-decoder-ogg-theora: a1e56fd34408186e4bbccfd4996cb3dc -> 
  custom:framework-win-MediaFoundation: 216162199b28c13a410421893ffa2e32 -> 
  custom:scripting/monoscript/fileName/TowerPlatform.cs: 22d748f491a7df488a28291040741ab5 -> 
  custom:CustomObjectIndexerAttribute: 9a22284fe3817be447336de3de66b15e -> 
  custom:scripting/monoscript/fileName/BasicBullet.cs: ac25816691d03379d4d30530f033639b -> 
  custom:scripting/monoscript/fileName/IceBullet.cs: 9438161d3c822d717d531ef1f35056f1 -> 
  custom:container-demuxer-webm: 4f35f7cbe854078d1ac9338744f61a02 -> 
  custom:scripting/monoscript/fileName/ElectricBullet.cs: 66deec48e666439e2ea398141a0f50fc -> 
  custom:container-muxer-webm: aa71ff27fc2769a1b78a27578f13a17b -> 
  custom:video-decoder-webm-vp8: 9c59270c3fd7afecdb556c50c9e8de78 -> 
  custom:SearchIndexIgnoredProperties: e643bd26f0fe6173181afceb89e7c659 -> 
  custom:AudioImporter_EditorPlatform: d09bf68614088b80899f8185d706f6e7 -> 
  custom:video-encoder-webm-vp8: eb34c28f22e8b96e1ab97ce403110664 -> 
  custom:audio-decoder-ogg-vorbis: bf7c407c2cedff20999df2af8eb42d56 -> 
  custom:scripting/monoscript/fileName/FireBullet.cs: 3c0b6521745e387d9418f128ed5af1df -> 
  custom:audio-encoder-webm-vorbis: bf7c407c2cedff20999df2af8eb42d56 -> 
  custom:scripting/precompiled-assembly-types:Assembly-CSharp: eff01db84ebc9b8887c0958ade80cab9 -> b30da08c0707e693a5faa73d64a81371
========================================================================
Received Prepare
Caller must complete domain reload
Begin MonoManager ReloadAssembly
- Loaded All Assemblies, in  0.612 seconds
Native extension for WindowsStandalone target not found
Native extension for WebGL target not found
Mono: successfully reloaded assembly
- Finished resetting the current domain, in  1.348 seconds
Domain Reload Profiling: 1959ms
	BeginReloadAssembly (166ms)
		ExecutionOrderSort (0ms)
		DisableScriptedObjects (14ms)
		BackupInstance (0ms)
		ReleaseScriptingObjects (0ms)
		CreateAndSetChildDomain (41ms)
	RebuildCommonClasses (34ms)
	RebuildNativeTypeToScriptingClass (15ms)
	initialDomainReloadingComplete (38ms)
	LoadAllAssembliesAndSetupDomain (358ms)
		LoadAssemblies (389ms)
		RebuildTransferFunctionScriptingTraits (0ms)
		AnalyzeDomain (47ms)
			TypeCache.Refresh (19ms)
				TypeCache.ScanAssembly (6ms)
			ScanForSourceGeneratedMonoScriptInfo (14ms)
			ResolveRequiredComponents (13ms)
	FinalizeReload (1349ms)
		ReleaseScriptCaches (0ms)
		RebuildScriptCaches (0ms)
		SetupLoadedEditorAssemblies (638ms)
			LogAssemblyErrors (0ms)
			InitializePlatformSupportModulesInManaged (8ms)
			SetLoadedEditorAssemblies (7ms)
			RefreshPlugins (0ms)
			BeforeProcessingInitializeOnLoad (138ms)
			ProcessInitializeOnLoadAttributes (440ms)
			ProcessInitializeOnLoadMethodAttributes (41ms)
			AfterProcessingInitializeOnLoad (4ms)
			EditorAssembliesLoaded (0ms)
		ExecutionOrderSort2 (0ms)
		AwakeInstancesAfterBackupRestoration (24ms)
Refreshing native plugins compatible for Editor in 15.02 ms, found 12 plugins.
Preloading 0 native plugins for Editor in 0.00 ms.
Unloading 4507 Unused Serialized files (Serialized files now loaded: 0)
Unloading 27 unused Assets / (33.0 KB). Loaded Objects now: 5204.
Memory consumption went from 154.7 MB to 154.7 MB.
Total: 12.225500 ms (FindLiveObjects: 0.593600 ms CreateObjectMapping: 0.188500 ms MarkObjects: 11.379100 ms  DeleteObjects: 0.062600 ms)

Prepare: number of updated asset objects reloaded= 0
AssetImportParameters requested are different than current active one (requested -> active):
  custom:container-demuxer-ogg: 62fdf1f143b41e24485cea50d1cbac27 -> 
  custom:video-decoder-ogg-theora: a1e56fd34408186e4bbccfd4996cb3dc -> 
  custom:framework-win-MediaFoundation: 216162199b28c13a410421893ffa2e32 -> 
  custom:scripting/monoscript/fileName/TowerPlatform.cs: 22d748f491a7df488a28291040741ab5 -> 
  custom:CustomObjectIndexerAttribute: 9a22284fe3817be447336de3de66b15e -> 
  custom:scripting/monoscript/fileName/BasicBullet.cs: ac25816691d03379d4d30530f033639b -> 
  custom:scripting/monoscript/fileName/IceBullet.cs: 9438161d3c822d717d531ef1f35056f1 -> 
  custom:container-demuxer-webm: 4f35f7cbe854078d1ac9338744f61a02 -> 
  custom:scripting/monoscript/fileName/ElectricBullet.cs: 66deec48e666439e2ea398141a0f50fc -> 
  custom:container-muxer-webm: aa71ff27fc2769a1b78a27578f13a17b -> 
  custom:video-decoder-webm-vp8: 9c59270c3fd7afecdb556c50c9e8de78 -> 
  custom:SearchIndexIgnoredProperties: e643bd26f0fe6173181afceb89e7c659 -> 
  custom:AudioImporter_EditorPlatform: d09bf68614088b80899f8185d706f6e7 -> 
  custom:video-encoder-webm-vp8: eb34c28f22e8b96e1ab97ce403110664 -> 
  custom:audio-decoder-ogg-vorbis: bf7c407c2cedff20999df2af8eb42d56 -> 
  custom:scripting/monoscript/fileName/FireBullet.cs: 3c0b6521745e387d9418f128ed5af1df -> 
  custom:audio-encoder-webm-vorbis: bf7c407c2cedff20999df2af8eb42d56 -> 
  custom:scripting/precompiled-assembly-types:Assembly-CSharp: 1449e5bd6c0c559477d8b6400feb51b8 -> b30da08c0707e693a5faa73d64a81371
========================================================================
Received Prepare
Caller must complete domain reload
Begin MonoManager ReloadAssembly
- Loaded All Assemblies, in  0.653 seconds
Native extension for WindowsStandalone target not found
Native extension for WebGL target not found
Mono: successfully reloaded assembly
- Finished resetting the current domain, in  1.306 seconds
Domain Reload Profiling: 1957ms
	BeginReloadAssembly (196ms)
		ExecutionOrderSort (0ms)
		DisableScriptedObjects (15ms)
		BackupInstance (0ms)
		ReleaseScriptingObjects (0ms)
		CreateAndSetChildDomain (36ms)
	RebuildCommonClasses (39ms)
	RebuildNativeTypeToScriptingClass (14ms)
	initialDomainReloadingComplete (37ms)
	LoadAllAssembliesAndSetupDomain (366ms)
		LoadAssemblies (436ms)
		RebuildTransferFunctionScriptingTraits (0ms)
		AnalyzeDomain (43ms)
			TypeCache.Refresh (17ms)
				TypeCache.ScanAssembly (6ms)
			ScanForSourceGeneratedMonoScriptInfo (12ms)
			ResolveRequiredComponents (13ms)
	FinalizeReload (1306ms)
		ReleaseScriptCaches (0ms)
		RebuildScriptCaches (0ms)
		SetupLoadedEditorAssemblies (622ms)
			LogAssemblyErrors (0ms)
			InitializePlatformSupportModulesInManaged (8ms)
			SetLoadedEditorAssemblies (8ms)
			RefreshPlugins (0ms)
			BeforeProcessingInitializeOnLoad (136ms)
			ProcessInitializeOnLoadAttributes (426ms)
			ProcessInitializeOnLoadMethodAttributes (40ms)
			AfterProcessingInitializeOnLoad (3ms)
			EditorAssembliesLoaded (0ms)
		ExecutionOrderSort2 (0ms)
		AwakeInstancesAfterBackupRestoration (21ms)
Refreshing native plugins compatible for Editor in 19.38 ms, found 12 plugins.
Preloading 0 native plugins for Editor in 0.00 ms.
Unloading 4503 Unused Serialized files (Serialized files now loaded: 0)
Unloading 31 unused Assets / (34.9 KB). Loaded Objects now: 5204.
Memory consumption went from 154.7 MB to 154.6 MB.
Total: 3.767500 ms (FindLiveObjects: 0.495300 ms CreateObjectMapping: 0.175900 ms MarkObjects: 3.029900 ms  DeleteObjects: 0.065100 ms)

Prepare: number of updated asset objects reloaded= 0
AssetImportParameters requested are different than current active one (requested -> active):
  custom:container-demuxer-ogg: 62fdf1f143b41e24485cea50d1cbac27 -> 
  custom:video-decoder-ogg-theora: a1e56fd34408186e4bbccfd4996cb3dc -> 
  custom:framework-win-MediaFoundation: 216162199b28c13a410421893ffa2e32 -> 
  custom:scripting/monoscript/fileName/TowerPlatform.cs: 22d748f491a7df488a28291040741ab5 -> 
  custom:CustomObjectIndexerAttribute: 9a22284fe3817be447336de3de66b15e -> 
  custom:scripting/monoscript/fileName/BasicBullet.cs: ac25816691d03379d4d30530f033639b -> 
  custom:scripting/monoscript/fileName/IceBullet.cs: 9438161d3c822d717d531ef1f35056f1 -> 
  custom:container-demuxer-webm: 4f35f7cbe854078d1ac9338744f61a02 -> 
  custom:scripting/monoscript/fileName/ElectricBullet.cs: 66deec48e666439e2ea398141a0f50fc -> 
  custom:container-muxer-webm: aa71ff27fc2769a1b78a27578f13a17b -> 
  custom:video-decoder-webm-vp8: 9c59270c3fd7afecdb556c50c9e8de78 -> 
  custom:SearchIndexIgnoredProperties: e643bd26f0fe6173181afceb89e7c659 -> 
  custom:AudioImporter_EditorPlatform: d09bf68614088b80899f8185d706f6e7 -> 
  custom:video-encoder-webm-vp8: eb34c28f22e8b96e1ab97ce403110664 -> 
  custom:audio-decoder-ogg-vorbis: bf7c407c2cedff20999df2af8eb42d56 -> 
  custom:scripting/monoscript/fileName/FireBullet.cs: 3c0b6521745e387d9418f128ed5af1df -> 
  custom:audio-encoder-webm-vorbis: bf7c407c2cedff20999df2af8eb42d56 -> 
  custom:scripting/precompiled-assembly-types:Assembly-CSharp: fda7e3750998f10b7703fab1d138abd1 -> b30da08c0707e693a5faa73d64a81371
========================================================================
Received Import Request.
  Time since last request: 5001.009140 seconds.
  path: Assets/Scripts/伤害类型
  artifactKey: Guid(944ab4a1063bc8746b6da958128694a0) Importer(815301076,1909f56bfc062723c751e8b465ee728b)
Start importing Assets/Scripts/伤害类型 using Guid(944ab4a1063bc8746b6da958128694a0) Importer(815301076,1909f56bfc062723c751e8b465ee728b) [PhysX] Initialized MultithreadedTaskDispatcher with 16 workers.
 -> (artifact id: '845d342a92d3891005621e79fd957274') in 0.003504 seconds
Number of updated asset objects reloaded before import = 0
Number of asset objects unloaded after import = 0
========================================================================
Received Import Request.
  Time since last request: 22.180580 seconds.
  path: Assets/Scripts/伤害类型/DamageType.cs
  artifactKey: Guid(61734f3a1ef0cb34fb410348cbec7783) Importer(815301076,1909f56bfc062723c751e8b465ee728b)
Start importing Assets/Scripts/伤害类型/DamageType.cs using Guid(61734f3a1ef0cb34fb410348cbec7783) Importer(815301076,1909f56bfc062723c751e8b465ee728b) [PhysX] Initialized MultithreadedTaskDispatcher with 16 workers.
 -> (artifact id: '1a2c2b07b082f910499d0cf78da045b9') in 0.000828 seconds
Number of updated asset objects reloaded before import = 0
Number of asset objects unloaded after import = 0
========================================================================
Received Prepare
Caller must complete domain reload
Begin MonoManager ReloadAssembly
- Loaded All Assemblies, in  0.671 seconds
Native extension for WindowsStandalone target not found
Native extension for WebGL target not found
Mono: successfully reloaded assembly
- Finished resetting the current domain, in  1.378 seconds
Domain Reload Profiling: 2048ms
	BeginReloadAssembly (192ms)
		ExecutionOrderSort (0ms)
		DisableScriptedObjects (16ms)
		BackupInstance (0ms)
		ReleaseScriptingObjects (0ms)
		CreateAndSetChildDomain (40ms)
	RebuildCommonClasses (37ms)
	RebuildNativeTypeToScriptingClass (16ms)
	initialDomainReloadingComplete (39ms)
	LoadAllAssembliesAndSetupDomain (386ms)
		LoadAssemblies (443ms)
		RebuildTransferFunctionScriptingTraits (0ms)
		AnalyzeDomain (45ms)
			TypeCache.Refresh (18ms)
				TypeCache.ScanAssembly (6ms)
			ScanForSourceGeneratedMonoScriptInfo (12ms)
			ResolveRequiredComponents (14ms)
	FinalizeReload (1378ms)
		ReleaseScriptCaches (0ms)
		RebuildScriptCaches (0ms)
		SetupLoadedEditorAssemblies (652ms)
			LogAssemblyErrors (0ms)
			InitializePlatformSupportModulesInManaged (8ms)
			SetLoadedEditorAssemblies (8ms)
			RefreshPlugins (0ms)
			BeforeProcessingInitializeOnLoad (144ms)
			ProcessInitializeOnLoadAttributes (447ms)
			ProcessInitializeOnLoadMethodAttributes (39ms)
			AfterProcessingInitializeOnLoad (4ms)
			EditorAssembliesLoaded (1ms)
		ExecutionOrderSort2 (0ms)
		AwakeInstancesAfterBackupRestoration (21ms)
Refreshing native plugins compatible for Editor in 16.15 ms, found 12 plugins.
Preloading 0 native plugins for Editor in 0.00 ms.
Unloading 4503 Unused Serialized files (Serialized files now loaded: 0)
Unloading 27 unused Assets / (32.9 KB). Loaded Objects now: 5209.
Memory consumption went from 154.4 MB to 154.4 MB.
Total: 3.585000 ms (FindLiveObjects: 0.500300 ms CreateObjectMapping: 0.182000 ms MarkObjects: 2.848800 ms  DeleteObjects: 0.052500 ms)

Prepare: number of updated asset objects reloaded= 0
AssetImportParameters requested are different than current active one (requested -> active):
  custom:container-demuxer-ogg: 62fdf1f143b41e24485cea50d1cbac27 -> 
  custom:video-decoder-ogg-theora: a1e56fd34408186e4bbccfd4996cb3dc -> 
  custom:framework-win-MediaFoundation: 216162199b28c13a410421893ffa2e32 -> 
  custom:scripting/monoscript/fileName/TowerPlatform.cs: 22d748f491a7df488a28291040741ab5 -> 
  custom:CustomObjectIndexerAttribute: 9a22284fe3817be447336de3de66b15e -> 
  custom:scripting/monoscript/fileName/BasicBullet.cs: ac25816691d03379d4d30530f033639b -> 
  custom:scripting/monoscript/fileName/IceBullet.cs: 9438161d3c822d717d531ef1f35056f1 -> 
  custom:container-demuxer-webm: 4f35f7cbe854078d1ac9338744f61a02 -> 
  custom:scripting/monoscript/fileName/ElectricBullet.cs: 66deec48e666439e2ea398141a0f50fc -> 
  custom:container-muxer-webm: aa71ff27fc2769a1b78a27578f13a17b -> 
  custom:video-decoder-webm-vp8: 9c59270c3fd7afecdb556c50c9e8de78 -> 
  custom:SearchIndexIgnoredProperties: e643bd26f0fe6173181afceb89e7c659 -> 
  custom:AudioImporter_EditorPlatform: d09bf68614088b80899f8185d706f6e7 -> 
  custom:video-encoder-webm-vp8: eb34c28f22e8b96e1ab97ce403110664 -> 
  custom:audio-decoder-ogg-vorbis: bf7c407c2cedff20999df2af8eb42d56 -> 
  custom:scripting/monoscript/fileName/FireBullet.cs: 3c0b6521745e387d9418f128ed5af1df -> 
  custom:scripting/monoscript/fileName/DamageType.cs: 1ce6b23c7b7827be20c999db984382c8 -> 
  custom:audio-encoder-webm-vorbis: bf7c407c2cedff20999df2af8eb42d56 -> 
  custom:scripting/precompiled-assembly-types:Assembly-CSharp: 338d5d4fa5d864579367216691d59f7d -> b30da08c0707e693a5faa73d64a81371
========================================================================
Received Prepare
Caller must complete domain reload
Begin MonoManager ReloadAssembly
- Loaded All Assemblies, in  0.666 seconds
Native extension for WindowsStandalone target not found
Native extension for WebGL target not found
Mono: successfully reloaded assembly
- Finished resetting the current domain, in  1.342 seconds
Domain Reload Profiling: 2007ms
	BeginReloadAssembly (194ms)
		ExecutionOrderSort (0ms)
		DisableScriptedObjects (14ms)
		BackupInstance (0ms)
		ReleaseScriptingObjects (0ms)
		CreateAndSetChildDomain (37ms)
	RebuildCommonClasses (38ms)
	RebuildNativeTypeToScriptingClass (14ms)
	initialDomainReloadingComplete (38ms)
	LoadAllAssembliesAndSetupDomain (381ms)
		LoadAssemblies (448ms)
		RebuildTransferFunctionScriptingTraits (0ms)
		AnalyzeDomain (45ms)
			TypeCache.Refresh (18ms)
				TypeCache.ScanAssembly (6ms)
			ScanForSourceGeneratedMonoScriptInfo (13ms)
			ResolveRequiredComponents (13ms)
	FinalizeReload (1343ms)
		ReleaseScriptCaches (0ms)
		RebuildScriptCaches (0ms)
		SetupLoadedEditorAssemblies (678ms)
			LogAssemblyErrors (0ms)
			InitializePlatformSupportModulesInManaged (9ms)
			SetLoadedEditorAssemblies (8ms)
			RefreshPlugins (0ms)
			BeforeProcessingInitializeOnLoad (136ms)
			ProcessInitializeOnLoadAttributes (481ms)
			ProcessInitializeOnLoadMethodAttributes (39ms)
			AfterProcessingInitializeOnLoad (4ms)
			EditorAssembliesLoaded (0ms)
		ExecutionOrderSort2 (0ms)
		AwakeInstancesAfterBackupRestoration (22ms)
Refreshing native plugins compatible for Editor in 16.47 ms, found 12 plugins.
Preloading 0 native plugins for Editor in 0.00 ms.
Unloading 4504 Unused Serialized files (Serialized files now loaded: 0)
Unloading 27 unused Assets / (32.9 KB). Loaded Objects now: 5213.
Memory consumption went from 154.7 MB to 154.7 MB.
Total: 3.888800 ms (FindLiveObjects: 0.484800 ms CreateObjectMapping: 0.167900 ms MarkObjects: 3.175300 ms  DeleteObjects: 0.058600 ms)

Prepare: number of updated asset objects reloaded= 0
AssetImportParameters requested are different than current active one (requested -> active):
  custom:container-demuxer-ogg: 62fdf1f143b41e24485cea50d1cbac27 -> 
  custom:video-decoder-ogg-theora: a1e56fd34408186e4bbccfd4996cb3dc -> 
  custom:framework-win-MediaFoundation: 216162199b28c13a410421893ffa2e32 -> 
  custom:scripting/monoscript/fileName/TowerPlatform.cs: 22d748f491a7df488a28291040741ab5 -> 
  custom:CustomObjectIndexerAttribute: 9a22284fe3817be447336de3de66b15e -> 
  custom:scripting/monoscript/fileName/BasicBullet.cs: ac25816691d03379d4d30530f033639b -> 
  custom:scripting/monoscript/fileName/IceBullet.cs: 9438161d3c822d717d531ef1f35056f1 -> 
  custom:container-demuxer-webm: 4f35f7cbe854078d1ac9338744f61a02 -> 
  custom:scripting/monoscript/fileName/ElectricBullet.cs: 66deec48e666439e2ea398141a0f50fc -> 
  custom:container-muxer-webm: aa71ff27fc2769a1b78a27578f13a17b -> 
  custom:video-decoder-webm-vp8: 9c59270c3fd7afecdb556c50c9e8de78 -> 
  custom:SearchIndexIgnoredProperties: e643bd26f0fe6173181afceb89e7c659 -> 
  custom:AudioImporter_EditorPlatform: d09bf68614088b80899f8185d706f6e7 -> 
  custom:video-encoder-webm-vp8: eb34c28f22e8b96e1ab97ce403110664 -> 
  custom:audio-decoder-ogg-vorbis: bf7c407c2cedff20999df2af8eb42d56 -> 
  custom:scripting/monoscript/fileName/FireBullet.cs: 3c0b6521745e387d9418f128ed5af1df -> 
  custom:scripting/monoscript/fileName/DamageType.cs: 82775c163f3218515ff490d0a44c539d -> 
  custom:audio-encoder-webm-vorbis: bf7c407c2cedff20999df2af8eb42d56 -> 
  custom:scripting/precompiled-assembly-types:Assembly-CSharp: 8af9a6bbf1c590fb4545297b72cbdc8a -> b30da08c0707e693a5faa73d64a81371
========================================================================
Received Import Request.
  Time since last request: 188.439054 seconds.
  path: Assets/Scripts/伤害类型/DamageType.cs
  artifactKey: Guid(61734f3a1ef0cb34fb410348cbec7783) Importer(815301076,1909f56bfc062723c751e8b465ee728b)
Start importing Assets/Scripts/伤害类型/DamageType.cs using Guid(61734f3a1ef0cb34fb410348cbec7783) Importer(815301076,1909f56bfc062723c751e8b465ee728b) [PhysX] Initialized MultithreadedTaskDispatcher with 16 workers.
 -> (artifact id: 'ec7976b90b6b1943a477a902a7f994f6') in 0.003854 seconds
Number of updated asset objects reloaded before import = 0
Number of asset objects unloaded after import = 0
========================================================================
Received Import Request.
  Time since last request: 10.137464 seconds.
  path: Assets/Scripts/伤害类型/FireDamage.cs
  artifactKey: Guid(cbef1104ead28224a9b37024c4044192) Importer(815301076,1909f56bfc062723c751e8b465ee728b)
Start importing Assets/Scripts/伤害类型/FireDamage.cs using Guid(cbef1104ead28224a9b37024c4044192) Importer(815301076,1909f56bfc062723c751e8b465ee728b) [PhysX] Initialized MultithreadedTaskDispatcher with 16 workers.
 -> (artifact id: '865aaef6567a69cc7945a64877f6db84') in 0.000846 seconds
Number of updated asset objects reloaded before import = 0
Number of asset objects unloaded after import = 0
========================================================================
Received Prepare
Caller must complete domain reload
Begin MonoManager ReloadAssembly
- Loaded All Assemblies, in  0.664 seconds
Native extension for WindowsStandalone target not found
Native extension for WebGL target not found
Mono: successfully reloaded assembly
- Finished resetting the current domain, in  1.336 seconds
Domain Reload Profiling: 1999ms
	BeginReloadAssembly (190ms)
		ExecutionOrderSort (0ms)
		DisableScriptedObjects (14ms)
		BackupInstance (0ms)
		ReleaseScriptingObjects (0ms)
		CreateAndSetChildDomain (32ms)
	RebuildCommonClasses (36ms)
	RebuildNativeTypeToScriptingClass (14ms)
	initialDomainReloadingComplete (39ms)
	LoadAllAssembliesAndSetupDomain (383ms)
		LoadAssemblies (448ms)
		RebuildTransferFunctionScriptingTraits (0ms)
		AnalyzeDomain (46ms)
			TypeCache.Refresh (19ms)
				TypeCache.ScanAssembly (6ms)
			ScanForSourceGeneratedMonoScriptInfo (12ms)
			ResolveRequiredComponents (13ms)
	FinalizeReload (1337ms)
		ReleaseScriptCaches (0ms)
		RebuildScriptCaches (0ms)
		SetupLoadedEditorAssemblies (651ms)
			LogAssemblyErrors (0ms)
			InitializePlatformSupportModulesInManaged (9ms)
			SetLoadedEditorAssemblies (8ms)
			RefreshPlugins (0ms)
			BeforeProcessingInitializeOnLoad (137ms)
			ProcessInitializeOnLoadAttributes (454ms)
			ProcessInitializeOnLoadMethodAttributes (39ms)
			AfterProcessingInitializeOnLoad (4ms)
			EditorAssembliesLoaded (0ms)
		ExecutionOrderSort2 (0ms)
		AwakeInstancesAfterBackupRestoration (21ms)
Refreshing native plugins compatible for Editor in 16.36 ms, found 12 plugins.
Preloading 0 native plugins for Editor in 0.00 ms.
Unloading 4504 Unused Serialized files (Serialized files now loaded: 0)
Unloading 27 unused Assets / (33.0 KB). Loaded Objects now: 5218.
Memory consumption went from 154.5 MB to 154.4 MB.
Total: 4.945600 ms (FindLiveObjects: 0.519000 ms CreateObjectMapping: 0.187900 ms MarkObjects: 4.165300 ms  DeleteObjects: 0.072100 ms)

Prepare: number of updated asset objects reloaded= 0
AssetImportParameters requested are different than current active one (requested -> active):
  custom:container-demuxer-ogg: 62fdf1f143b41e24485cea50d1cbac27 -> 
  custom:video-decoder-ogg-theora: a1e56fd34408186e4bbccfd4996cb3dc -> 
  custom:scripting/monoscript/fileName/FireDamage.cs: efb2a6aa77af2fdb9a73c1c306d058a8 -> 
  custom:framework-win-MediaFoundation: 216162199b28c13a410421893ffa2e32 -> 
  custom:scripting/monoscript/fileName/TowerPlatform.cs: 22d748f491a7df488a28291040741ab5 -> 
  custom:CustomObjectIndexerAttribute: 9a22284fe3817be447336de3de66b15e -> 
  custom:scripting/monoscript/fileName/BasicBullet.cs: ac25816691d03379d4d30530f033639b -> 
  custom:scripting/monoscript/fileName/IceBullet.cs: 9438161d3c822d717d531ef1f35056f1 -> 
  custom:container-demuxer-webm: 4f35f7cbe854078d1ac9338744f61a02 -> 
  custom:scripting/monoscript/fileName/ElectricBullet.cs: 66deec48e666439e2ea398141a0f50fc -> 
  custom:container-muxer-webm: aa71ff27fc2769a1b78a27578f13a17b -> 
  custom:video-decoder-webm-vp8: 9c59270c3fd7afecdb556c50c9e8de78 -> 
  custom:SearchIndexIgnoredProperties: e643bd26f0fe6173181afceb89e7c659 -> 
  custom:AudioImporter_EditorPlatform: d09bf68614088b80899f8185d706f6e7 -> 
  custom:video-encoder-webm-vp8: eb34c28f22e8b96e1ab97ce403110664 -> 
  custom:audio-decoder-ogg-vorbis: bf7c407c2cedff20999df2af8eb42d56 -> 
  custom:scripting/monoscript/fileName/FireBullet.cs: 3c0b6521745e387d9418f128ed5af1df -> 
  custom:scripting/monoscript/fileName/DamageType.cs: 82775c163f3218515ff490d0a44c539d -> 
  custom:audio-encoder-webm-vorbis: bf7c407c2cedff20999df2af8eb42d56 -> 
  custom:scripting/precompiled-assembly-types:Assembly-CSharp: 7050ee77f4629bac4c6f58cf6f35f4c6 -> b30da08c0707e693a5faa73d64a81371
========================================================================
Received Import Request.
  Time since last request: 14.074398 seconds.
  path: Assets/Scripts/伤害类型/IceDamage.cs
  artifactKey: Guid(83c86560ee8ae9041ac558bc68166c6e) Importer(815301076,1909f56bfc062723c751e8b465ee728b)
Start importing Assets/Scripts/伤害类型/IceDamage.cs using Guid(83c86560ee8ae9041ac558bc68166c6e) Importer(815301076,1909f56bfc062723c751e8b465ee728b) [PhysX] Initialized MultithreadedTaskDispatcher with 16 workers.
 -> (artifact id: '50a23fc5660de345ff0e7d2cba6208b6') in 0.002965 seconds
Number of updated asset objects reloaded before import = 0
Number of asset objects unloaded after import = 0
========================================================================
Received Prepare
Caller must complete domain reload
Begin MonoManager ReloadAssembly
- Loaded All Assemblies, in  0.561 seconds
Native extension for WindowsStandalone target not found
Native extension for WebGL target not found
Mono: successfully reloaded assembly
- Finished resetting the current domain, in  1.294 seconds
Domain Reload Profiling: 1854ms
	BeginReloadAssembly (171ms)
		ExecutionOrderSort (0ms)
		DisableScriptedObjects (15ms)
		BackupInstance (0ms)
		ReleaseScriptingObjects (0ms)
		CreateAndSetChildDomain (32ms)
	RebuildCommonClasses (35ms)
	RebuildNativeTypeToScriptingClass (13ms)
	initialDomainReloadingComplete (37ms)
	LoadAllAssembliesAndSetupDomain (302ms)
		LoadAssemblies (348ms)
		RebuildTransferFunctionScriptingTraits (0ms)
		AnalyzeDomain (47ms)
			TypeCache.Refresh (18ms)
				TypeCache.ScanAssembly (6ms)
			ScanForSourceGeneratedMonoScriptInfo (13ms)
			ResolveRequiredComponents (15ms)
	FinalizeReload (1295ms)
		ReleaseScriptCaches (0ms)
		RebuildScriptCaches (0ms)
		SetupLoadedEditorAssemblies (625ms)
			LogAssemblyErrors (0ms)
			InitializePlatformSupportModulesInManaged (8ms)
			SetLoadedEditorAssemblies (7ms)
			RefreshPlugins (0ms)
			BeforeProcessingInitializeOnLoad (129ms)
			ProcessInitializeOnLoadAttributes (435ms)
			ProcessInitializeOnLoadMethodAttributes (41ms)
			AfterProcessingInitializeOnLoad (5ms)
			EditorAssembliesLoaded (0ms)
		ExecutionOrderSort2 (0ms)
		AwakeInstancesAfterBackupRestoration (23ms)
Refreshing native plugins compatible for Editor in 14.99 ms, found 12 plugins.
Preloading 0 native plugins for Editor in 0.00 ms.
Unloading 4505 Unused Serialized files (Serialized files now loaded: 0)
Unloading 27 unused Assets / (32.9 KB). Loaded Objects now: 5223.
Memory consumption went from 154.5 MB to 154.4 MB.
Total: 3.531600 ms (FindLiveObjects: 0.470500 ms CreateObjectMapping: 0.170900 ms MarkObjects: 2.833600 ms  DeleteObjects: 0.055400 ms)

Prepare: number of updated asset objects reloaded= 0
AssetImportParameters requested are different than current active one (requested -> active):
  custom:container-demuxer-ogg: 62fdf1f143b41e24485cea50d1cbac27 -> 
  custom:scripting/monoscript/fileName/IceDamage.cs: 617b864fe6c6900f333a30028f7985b4 -> 
  custom:video-decoder-ogg-theora: a1e56fd34408186e4bbccfd4996cb3dc -> 
  custom:scripting/monoscript/fileName/FireDamage.cs: efb2a6aa77af2fdb9a73c1c306d058a8 -> 
  custom:framework-win-MediaFoundation: 216162199b28c13a410421893ffa2e32 -> 
  custom:scripting/monoscript/fileName/TowerPlatform.cs: 22d748f491a7df488a28291040741ab5 -> 
  custom:CustomObjectIndexerAttribute: 9a22284fe3817be447336de3de66b15e -> 
  custom:scripting/monoscript/fileName/BasicBullet.cs: ac25816691d03379d4d30530f033639b -> 
  custom:scripting/monoscript/fileName/IceBullet.cs: 9438161d3c822d717d531ef1f35056f1 -> 
  custom:container-demuxer-webm: 4f35f7cbe854078d1ac9338744f61a02 -> 
  custom:scripting/monoscript/fileName/ElectricBullet.cs: 66deec48e666439e2ea398141a0f50fc -> 
  custom:container-muxer-webm: aa71ff27fc2769a1b78a27578f13a17b -> 
  custom:video-decoder-webm-vp8: 9c59270c3fd7afecdb556c50c9e8de78 -> 
  custom:SearchIndexIgnoredProperties: e643bd26f0fe6173181afceb89e7c659 -> 
  custom:AudioImporter_EditorPlatform: d09bf68614088b80899f8185d706f6e7 -> 
  custom:video-encoder-webm-vp8: eb34c28f22e8b96e1ab97ce403110664 -> 
  custom:audio-decoder-ogg-vorbis: bf7c407c2cedff20999df2af8eb42d56 -> 
  custom:scripting/monoscript/fileName/FireBullet.cs: 3c0b6521745e387d9418f128ed5af1df -> 
  custom:scripting/monoscript/fileName/DamageType.cs: 82775c163f3218515ff490d0a44c539d -> 
  custom:audio-encoder-webm-vorbis: bf7c407c2cedff20999df2af8eb42d56 -> 
  custom:scripting/precompiled-assembly-types:Assembly-CSharp: 8d34917e7e3a510ccd5b1ab6404d8f4f -> b30da08c0707e693a5faa73d64a81371
========================================================================
Received Import Request.
  Time since last request: 13.919637 seconds.
  path: Assets/Scripts/伤害类型/ElectricDamage.cs
  artifactKey: Guid(72003c4797f8d80408cb152266aaea76) Importer(815301076,1909f56bfc062723c751e8b465ee728b)
Start importing Assets/Scripts/伤害类型/ElectricDamage.cs using Guid(72003c4797f8d80408cb152266aaea76) Importer(815301076,1909f56bfc062723c751e8b465ee728b) [PhysX] Initialized MultithreadedTaskDispatcher with 16 workers.
 -> (artifact id: '968db9ee17c5cdb09a9ce9cdb8f2bdd3') in 0.002766 seconds
Number of updated asset objects reloaded before import = 0
Number of asset objects unloaded after import = 0
========================================================================
Received Prepare
Caller must complete domain reload
Begin MonoManager ReloadAssembly
- Loaded All Assemblies, in  0.619 seconds
Native extension for WindowsStandalone target not found
Native extension for WebGL target not found
Mono: successfully reloaded assembly
- Finished resetting the current domain, in  1.345 seconds
Domain Reload Profiling: 1964ms
	BeginReloadAssembly (170ms)
		ExecutionOrderSort (0ms)
		DisableScriptedObjects (17ms)
		BackupInstance (0ms)
		ReleaseScriptingObjects (0ms)
		CreateAndSetChildDomain (33ms)
	RebuildCommonClasses (37ms)
	RebuildNativeTypeToScriptingClass (13ms)
	initialDomainReloadingComplete (37ms)
	LoadAllAssembliesAndSetupDomain (361ms)
		LoadAssemblies (403ms)
		RebuildTransferFunctionScriptingTraits (0ms)
		AnalyzeDomain (45ms)
			TypeCache.Refresh (18ms)
				TypeCache.ScanAssembly (6ms)
			ScanForSourceGeneratedMonoScriptInfo (13ms)
			ResolveRequiredComponents (14ms)
	FinalizeReload (1346ms)
		ReleaseScriptCaches (0ms)
		RebuildScriptCaches (0ms)
		SetupLoadedEditorAssemblies (657ms)
			LogAssemblyErrors (0ms)
			InitializePlatformSupportModulesInManaged (8ms)
			SetLoadedEditorAssemblies (8ms)
			RefreshPlugins (0ms)
			BeforeProcessingInitializeOnLoad (132ms)
			ProcessInitializeOnLoadAttributes (467ms)
			ProcessInitializeOnLoadMethodAttributes (37ms)
			AfterProcessingInitializeOnLoad (4ms)
			EditorAssembliesLoaded (0ms)
		ExecutionOrderSort2 (0ms)
		AwakeInstancesAfterBackupRestoration (21ms)
Refreshing native plugins compatible for Editor in 16.12 ms, found 12 plugins.
Preloading 0 native plugins for Editor in 0.00 ms.
Unloading 4506 Unused Serialized files (Serialized files now loaded: 0)
Unloading 27 unused Assets / (33.0 KB). Loaded Objects now: 5228.
Memory consumption went from 154.5 MB to 154.5 MB.
Total: 4.080800 ms (FindLiveObjects: 0.631300 ms CreateObjectMapping: 0.206400 ms MarkObjects: 3.171400 ms  DeleteObjects: 0.070000 ms)

Prepare: number of updated asset objects reloaded= 0
AssetImportParameters requested are different than current active one (requested -> active):
  custom:container-demuxer-ogg: 62fdf1f143b41e24485cea50d1cbac27 -> 
  custom:scripting/monoscript/fileName/IceDamage.cs: 617b864fe6c6900f333a30028f7985b4 -> 
  custom:video-decoder-ogg-theora: a1e56fd34408186e4bbccfd4996cb3dc -> 
  custom:scripting/monoscript/fileName/FireDamage.cs: efb2a6aa77af2fdb9a73c1c306d058a8 -> 
  custom:framework-win-MediaFoundation: 216162199b28c13a410421893ffa2e32 -> 
  custom:scripting/monoscript/fileName/TowerPlatform.cs: 22d748f491a7df488a28291040741ab5 -> 
  custom:CustomObjectIndexerAttribute: 9a22284fe3817be447336de3de66b15e -> 
  custom:scripting/monoscript/fileName/BasicBullet.cs: ac25816691d03379d4d30530f033639b -> 
  custom:scripting/monoscript/fileName/IceBullet.cs: 9438161d3c822d717d531ef1f35056f1 -> 
  custom:container-demuxer-webm: 4f35f7cbe854078d1ac9338744f61a02 -> 
  custom:scripting/monoscript/fileName/ElectricBullet.cs: 66deec48e666439e2ea398141a0f50fc -> 
  custom:container-muxer-webm: aa71ff27fc2769a1b78a27578f13a17b -> 
  custom:video-decoder-webm-vp8: 9c59270c3fd7afecdb556c50c9e8de78 -> 
  custom:SearchIndexIgnoredProperties: e643bd26f0fe6173181afceb89e7c659 -> 
  custom:AudioImporter_EditorPlatform: d09bf68614088b80899f8185d706f6e7 -> 
  custom:video-encoder-webm-vp8: eb34c28f22e8b96e1ab97ce403110664 -> 
  custom:audio-decoder-ogg-vorbis: bf7c407c2cedff20999df2af8eb42d56 -> 
  custom:scripting/monoscript/fileName/FireBullet.cs: 3c0b6521745e387d9418f128ed5af1df -> 
  custom:scripting/monoscript/fileName/DamageType.cs: 82775c163f3218515ff490d0a44c539d -> 
  custom:audio-encoder-webm-vorbis: bf7c407c2cedff20999df2af8eb42d56 -> 
  custom:scripting/precompiled-assembly-types:Assembly-CSharp: de2e36d1aedad51428899bd9a73c75bf -> b30da08c0707e693a5faa73d64a81371
  custom:scripting/monoscript/fileName/ElectricDamage.cs: 452de720cb120844d29de555e72687aa -> 
========================================================================
Received Import Request.
  Time since last request: 45.989636 seconds.
  path: Assets/Scripts/伤害类型/IceDamage.cs
  artifactKey: Guid(83c86560ee8ae9041ac558bc68166c6e) Importer(815301076,1909f56bfc062723c751e8b465ee728b)
Start importing Assets/Scripts/伤害类型/IceDamage.cs using Guid(83c86560ee8ae9041ac558bc68166c6e) Importer(815301076,1909f56bfc062723c751e8b465ee728b) [PhysX] Initialized MultithreadedTaskDispatcher with 16 workers.
 -> (artifact id: '47cb091c47e88047e93fae46fafc22cf') in 0.002966 seconds
Number of updated asset objects reloaded before import = 0
Number of asset objects unloaded after import = 0
========================================================================
Received Import Request.
  Time since last request: 0.000036 seconds.
  path: Assets/Scripts/伤害类型/ElectricDamage.cs
  artifactKey: Guid(72003c4797f8d80408cb152266aaea76) Importer(815301076,1909f56bfc062723c751e8b465ee728b)
Start importing Assets/Scripts/伤害类型/ElectricDamage.cs using Guid(72003c4797f8d80408cb152266aaea76) Importer(815301076,1909f56bfc062723c751e8b465ee728b) [PhysX] Initialized MultithreadedTaskDispatcher with 16 workers.
 -> (artifact id: '596c72d66e76bc4d6b286570e59a718f') in 0.000557 seconds
Number of updated asset objects reloaded before import = 0
Number of asset objects unloaded after import = 0
========================================================================
Received Prepare
Caller must complete domain reload
Begin MonoManager ReloadAssembly
- Loaded All Assemblies, in  0.666 seconds
Native extension for WindowsStandalone target not found
Native extension for WebGL target not found
Mono: successfully reloaded assembly
- Finished resetting the current domain, in  1.270 seconds
Domain Reload Profiling: 1936ms
	BeginReloadAssembly (199ms)
		ExecutionOrderSort (0ms)
		DisableScriptedObjects (16ms)
		BackupInstance (0ms)
		ReleaseScriptingObjects (0ms)
		CreateAndSetChildDomain (39ms)
	RebuildCommonClasses (37ms)
	RebuildNativeTypeToScriptingClass (14ms)
	initialDomainReloadingComplete (37ms)
	LoadAllAssembliesAndSetupDomain (378ms)
		LoadAssemblies (445ms)
		RebuildTransferFunctionScriptingTraits (0ms)
		AnalyzeDomain (46ms)
			TypeCache.Refresh (18ms)
				TypeCache.ScanAssembly (6ms)
			ScanForSourceGeneratedMonoScriptInfo (13ms)
			ResolveRequiredComponents (13ms)
	FinalizeReload (1271ms)
		ReleaseScriptCaches (0ms)
		RebuildScriptCaches (0ms)
		SetupLoadedEditorAssemblies (630ms)
			LogAssemblyErrors (0ms)
			InitializePlatformSupportModulesInManaged (8ms)
			SetLoadedEditorAssemblies (8ms)
			RefreshPlugins (0ms)
			BeforeProcessingInitializeOnLoad (133ms)
			ProcessInitializeOnLoadAttributes (441ms)
			ProcessInitializeOnLoadMethodAttributes (37ms)
			AfterProcessingInitializeOnLoad (3ms)
			EditorAssembliesLoaded (0ms)
		ExecutionOrderSort2 (0ms)
		AwakeInstancesAfterBackupRestoration (20ms)
Refreshing native plugins compatible for Editor in 16.19 ms, found 12 plugins.
Preloading 0 native plugins for Editor in 0.00 ms.
Unloading 4506 Unused Serialized files (Serialized files now loaded: 0)
Unloading 27 unused Assets / (32.9 KB). Loaded Objects now: 5232.
Memory consumption went from 154.5 MB to 154.5 MB.
Total: 8.256500 ms (FindLiveObjects: 0.475800 ms CreateObjectMapping: 0.180900 ms MarkObjects: 7.539300 ms  DeleteObjects: 0.059300 ms)

Prepare: number of updated asset objects reloaded= 0
AssetImportParameters requested are different than current active one (requested -> active):
  custom:container-demuxer-ogg: 62fdf1f143b41e24485cea50d1cbac27 -> 
  custom:scripting/monoscript/fileName/IceDamage.cs: a640bff71795451fedd06b5666d0a280 -> 
  custom:video-decoder-ogg-theora: a1e56fd34408186e4bbccfd4996cb3dc -> 
  custom:scripting/monoscript/fileName/FireDamage.cs: bde83f9c482dd418e0cdb66dae2a1b66 -> 
  custom:framework-win-MediaFoundation: 216162199b28c13a410421893ffa2e32 -> 
  custom:scripting/monoscript/fileName/TowerPlatform.cs: 22d748f491a7df488a28291040741ab5 -> 
  custom:CustomObjectIndexerAttribute: 9a22284fe3817be447336de3de66b15e -> 
  custom:scripting/monoscript/fileName/BasicBullet.cs: ac25816691d03379d4d30530f033639b -> 
  custom:scripting/monoscript/fileName/IceBullet.cs: 9438161d3c822d717d531ef1f35056f1 -> 
  custom:container-demuxer-webm: 4f35f7cbe854078d1ac9338744f61a02 -> 
  custom:scripting/monoscript/fileName/ElectricBullet.cs: 66deec48e666439e2ea398141a0f50fc -> 
  custom:container-muxer-webm: aa71ff27fc2769a1b78a27578f13a17b -> 
  custom:video-decoder-webm-vp8: 9c59270c3fd7afecdb556c50c9e8de78 -> 
  custom:SearchIndexIgnoredProperties: e643bd26f0fe6173181afceb89e7c659 -> 
  custom:AudioImporter_EditorPlatform: d09bf68614088b80899f8185d706f6e7 -> 
  custom:video-encoder-webm-vp8: eb34c28f22e8b96e1ab97ce403110664 -> 
  custom:audio-decoder-ogg-vorbis: bf7c407c2cedff20999df2af8eb42d56 -> 
  custom:scripting/monoscript/fileName/FireBullet.cs: 3c0b6521745e387d9418f128ed5af1df -> 
  custom:scripting/monoscript/fileName/DamageType.cs: 82775c163f3218515ff490d0a44c539d -> 
  custom:audio-encoder-webm-vorbis: bf7c407c2cedff20999df2af8eb42d56 -> 
  custom:scripting/precompiled-assembly-types:Assembly-CSharp: eb53db742bf6a546985cbbae78c7f722 -> b30da08c0707e693a5faa73d64a81371
  custom:scripting/monoscript/fileName/ElectricDamage.cs: 4d2725fba3368ddf627a4a677aa92a09 -> 
========================================================================
Received Import Request.
  Time since last request: 41.215759 seconds.
  path: Assets/Scripts/伤害类型/B
  artifactKey: Guid(410f798c7736df04b93811532fdbab57) Importer(815301076,1909f56bfc062723c751e8b465ee728b)
Start importing Assets/Scripts/伤害类型/B using Guid(410f798c7736df04b93811532fdbab57) Importer(815301076,1909f56bfc062723c751e8b465ee728b) [PhysX] Initialized MultithreadedTaskDispatcher with 16 workers.
 -> (artifact id: '44da172d19241d411ccc415b69b7e776') in 0.003069 seconds
Number of updated asset objects reloaded before import = 0
Number of asset objects unloaded after import = 0
========================================================================
Received Import Request.
  Time since last request: 16.134416 seconds.
  path: Assets/Scripts/伤害类型/BasicDamage.cs
  artifactKey: Guid(b9a7afc83000f34468e7d1e1f4902f6e) Importer(815301076,1909f56bfc062723c751e8b465ee728b)
Start importing Assets/Scripts/伤害类型/BasicDamage.cs using Guid(b9a7afc83000f34468e7d1e1f4902f6e) Importer(815301076,1909f56bfc062723c751e8b465ee728b) [PhysX] Initialized MultithreadedTaskDispatcher with 16 workers.
 -> (artifact id: 'e64156eec0cd1390d058dbe83a523734') in 0.000653 seconds
Number of updated asset objects reloaded before import = 0
Number of asset objects unloaded after import = 0
========================================================================
Received Prepare
Caller must complete domain reload
Begin MonoManager ReloadAssembly
- Loaded All Assemblies, in  0.671 seconds
Native extension for WindowsStandalone target not found
Native extension for WebGL target not found
Mono: successfully reloaded assembly
- Finished resetting the current domain, in  1.314 seconds
Domain Reload Profiling: 1983ms
	BeginReloadAssembly (191ms)
		ExecutionOrderSort (0ms)
		DisableScriptedObjects (14ms)
		BackupInstance (0ms)
		ReleaseScriptingObjects (0ms)
		CreateAndSetChildDomain (35ms)
	RebuildCommonClasses (37ms)
	RebuildNativeTypeToScriptingClass (14ms)
	initialDomainReloadingComplete (37ms)
	LoadAllAssembliesAndSetupDomain (390ms)
		LoadAssemblies (456ms)
		RebuildTransferFunctionScriptingTraits (0ms)
		AnalyzeDomain (45ms)
			TypeCache.Refresh (17ms)
				TypeCache.ScanAssembly (6ms)
			ScanForSourceGeneratedMonoScriptInfo (13ms)
			ResolveRequiredComponents (14ms)
	FinalizeReload (1314ms)
		ReleaseScriptCaches (0ms)
		RebuildScriptCaches (0ms)
		SetupLoadedEditorAssemblies (624ms)
			LogAssemblyErrors (0ms)
			InitializePlatformSupportModulesInManaged (8ms)
			SetLoadedEditorAssemblies (8ms)
			RefreshPlugins (0ms)
			BeforeProcessingInitializeOnLoad (131ms)
			ProcessInitializeOnLoadAttributes (434ms)
			ProcessInitializeOnLoadMethodAttributes (39ms)
			AfterProcessingInitializeOnLoad (4ms)
			EditorAssembliesLoaded (0ms)
		ExecutionOrderSort2 (0ms)
		AwakeInstancesAfterBackupRestoration (25ms)
Refreshing native plugins compatible for Editor in 21.97 ms, found 12 plugins.
Preloading 0 native plugins for Editor in 0.00 ms.
Unloading 4507 Unused Serialized files (Serialized files now loaded: 0)
Unloading 27 unused Assets / (33.0 KB). Loaded Objects now: 5237.
Memory consumption went from 154.5 MB to 154.5 MB.
Total: 4.334200 ms (FindLiveObjects: 0.489600 ms CreateObjectMapping: 0.177800 ms MarkObjects: 3.597900 ms  DeleteObjects: 0.067200 ms)

Prepare: number of updated asset objects reloaded= 0
AssetImportParameters requested are different than current active one (requested -> active):
  custom:container-demuxer-ogg: 62fdf1f143b41e24485cea50d1cbac27 -> 
  custom:scripting/monoscript/fileName/IceDamage.cs: a640bff71795451fedd06b5666d0a280 -> 
  custom:video-decoder-ogg-theora: a1e56fd34408186e4bbccfd4996cb3dc -> 
  custom:scripting/monoscript/fileName/FireDamage.cs: bde83f9c482dd418e0cdb66dae2a1b66 -> 
  custom:framework-win-MediaFoundation: 216162199b28c13a410421893ffa2e32 -> 
  custom:scripting/monoscript/fileName/TowerPlatform.cs: 22d748f491a7df488a28291040741ab5 -> 
  custom:CustomObjectIndexerAttribute: 9a22284fe3817be447336de3de66b15e -> 
  custom:scripting/monoscript/fileName/BasicBullet.cs: ac25816691d03379d4d30530f033639b -> 
  custom:scripting/monoscript/fileName/IceBullet.cs: 9438161d3c822d717d531ef1f35056f1 -> 
  custom:container-demuxer-webm: 4f35f7cbe854078d1ac9338744f61a02 -> 
  custom:scripting/monoscript/fileName/ElectricBullet.cs: 66deec48e666439e2ea398141a0f50fc -> 
  custom:container-muxer-webm: aa71ff27fc2769a1b78a27578f13a17b -> 
  custom:video-decoder-webm-vp8: 9c59270c3fd7afecdb556c50c9e8de78 -> 
  custom:SearchIndexIgnoredProperties: e643bd26f0fe6173181afceb89e7c659 -> 
  custom:AudioImporter_EditorPlatform: d09bf68614088b80899f8185d706f6e7 -> 
  custom:scripting/monoscript/fileName/BasicDamage.cs: 7e45aaacbc47bb9e86c21a889ea08743 -> 
  custom:video-encoder-webm-vp8: eb34c28f22e8b96e1ab97ce403110664 -> 
  custom:audio-decoder-ogg-vorbis: bf7c407c2cedff20999df2af8eb42d56 -> 
  custom:scripting/monoscript/fileName/FireBullet.cs: 3c0b6521745e387d9418f128ed5af1df -> 
  custom:scripting/monoscript/fileName/DamageType.cs: 82775c163f3218515ff490d0a44c539d -> 
  custom:audio-encoder-webm-vorbis: bf7c407c2cedff20999df2af8eb42d56 -> 
  custom:scripting/precompiled-assembly-types:Assembly-CSharp: c931d3f3e5253c166c33d79a7aa1ceaf -> b30da08c0707e693a5faa73d64a81371
  custom:scripting/monoscript/fileName/ElectricDamage.cs: 4d2725fba3368ddf627a4a677aa92a09 -> 
========================================================================
Received Import Request.
  Time since last request: 6.929295 seconds.
  path: Assets/Scripts/伤害类型/BasicDamage.cs
  artifactKey: Guid(b9a7afc83000f34468e7d1e1f4902f6e) Importer(815301076,1909f56bfc062723c751e8b465ee728b)
Start importing Assets/Scripts/伤害类型/BasicDamage.cs using Guid(b9a7afc83000f34468e7d1e1f4902f6e) Importer(815301076,1909f56bfc062723c751e8b465ee728b) [PhysX] Initialized MultithreadedTaskDispatcher with 16 workers.
 -> (artifact id: '4cc04e868f0594c85cf42bee0652ac82') in 0.003051 seconds
Number of updated asset objects reloaded before import = 0
Number of asset objects unloaded after import = 0
========================================================================
Received Prepare
Caller must complete domain reload
Begin MonoManager ReloadAssembly
- Loaded All Assemblies, in  0.604 seconds
Native extension for WindowsStandalone target not found
Native extension for WebGL target not found
Mono: successfully reloaded assembly
- Finished resetting the current domain, in  1.286 seconds
Domain Reload Profiling: 1889ms
	BeginReloadAssembly (142ms)
		ExecutionOrderSort (0ms)
		DisableScriptedObjects (15ms)
		BackupInstance (0ms)
		ReleaseScriptingObjects (0ms)
		CreateAndSetChildDomain (34ms)
	RebuildCommonClasses (33ms)
	RebuildNativeTypeToScriptingClass (14ms)
	initialDomainReloadingComplete (37ms)
	LoadAllAssembliesAndSetupDomain (378ms)
		LoadAssemblies (394ms)
		RebuildTransferFunctionScriptingTraits (0ms)
		AnalyzeDomain (46ms)
			TypeCache.Refresh (18ms)
				TypeCache.ScanAssembly (6ms)
			ScanForSourceGeneratedMonoScriptInfo (13ms)
			ResolveRequiredComponents (14ms)
	FinalizeReload (1286ms)
		ReleaseScriptCaches (0ms)
		RebuildScriptCaches (0ms)
		SetupLoadedEditorAssemblies (629ms)
			LogAssemblyErrors (0ms)
			InitializePlatformSupportModulesInManaged (8ms)
			SetLoadedEditorAssemblies (7ms)
			RefreshPlugins (0ms)
			BeforeProcessingInitializeOnLoad (129ms)
			ProcessInitializeOnLoadAttributes (439ms)
			ProcessInitializeOnLoadMethodAttributes (41ms)
			AfterProcessingInitializeOnLoad (5ms)
			EditorAssembliesLoaded (0ms)
		ExecutionOrderSort2 (0ms)
		AwakeInstancesAfterBackupRestoration (22ms)
Refreshing native plugins compatible for Editor in 15.01 ms, found 12 plugins.
Preloading 0 native plugins for Editor in 0.00 ms.
Unloading 4507 Unused Serialized files (Serialized files now loaded: 0)
Unloading 27 unused Assets / (32.9 KB). Loaded Objects now: 5241.
Memory consumption went from 154.5 MB to 154.5 MB.
Total: 3.642700 ms (FindLiveObjects: 0.493700 ms CreateObjectMapping: 0.175100 ms MarkObjects: 2.914400 ms  DeleteObjects: 0.058300 ms)

Prepare: number of updated asset objects reloaded= 0
AssetImportParameters requested are different than current active one (requested -> active):
  custom:container-demuxer-ogg: 62fdf1f143b41e24485cea50d1cbac27 -> 
  custom:scripting/monoscript/fileName/IceDamage.cs: a640bff71795451fedd06b5666d0a280 -> 
  custom:video-decoder-ogg-theora: a1e56fd34408186e4bbccfd4996cb3dc -> 
  custom:scripting/monoscript/fileName/FireDamage.cs: bde83f9c482dd418e0cdb66dae2a1b66 -> 
  custom:framework-win-MediaFoundation: 216162199b28c13a410421893ffa2e32 -> 
  custom:scripting/monoscript/fileName/TowerPlatform.cs: 22d748f491a7df488a28291040741ab5 -> 
  custom:CustomObjectIndexerAttribute: 9a22284fe3817be447336de3de66b15e -> 
  custom:scripting/monoscript/fileName/BasicBullet.cs: ac25816691d03379d4d30530f033639b -> 
  custom:scripting/monoscript/fileName/IceBullet.cs: 9438161d3c822d717d531ef1f35056f1 -> 
  custom:container-demuxer-webm: 4f35f7cbe854078d1ac9338744f61a02 -> 
  custom:scripting/monoscript/fileName/ElectricBullet.cs: 66deec48e666439e2ea398141a0f50fc -> 
  custom:container-muxer-webm: aa71ff27fc2769a1b78a27578f13a17b -> 
  custom:video-decoder-webm-vp8: 9c59270c3fd7afecdb556c50c9e8de78 -> 
  custom:SearchIndexIgnoredProperties: e643bd26f0fe6173181afceb89e7c659 -> 
  custom:AudioImporter_EditorPlatform: d09bf68614088b80899f8185d706f6e7 -> 
  custom:scripting/monoscript/fileName/BasicDamage.cs: 7e45aaacbc47bb9e86c21a889ea08743 -> 
  custom:video-encoder-webm-vp8: eb34c28f22e8b96e1ab97ce403110664 -> 
  custom:audio-decoder-ogg-vorbis: bf7c407c2cedff20999df2af8eb42d56 -> 
  custom:scripting/monoscript/fileName/FireBullet.cs: 3c0b6521745e387d9418f128ed5af1df -> 
  custom:scripting/monoscript/fileName/DamageType.cs: 82775c163f3218515ff490d0a44c539d -> 
  custom:audio-encoder-webm-vorbis: bf7c407c2cedff20999df2af8eb42d56 -> 
  custom:scripting/precompiled-assembly-types:Assembly-CSharp: c931d3f3e5253c166c33d79a7aa1ceaf -> b30da08c0707e693a5faa73d64a81371
  custom:scripting/monoscript/fileName/ElectricDamage.cs: 4d2725fba3368ddf627a4a677aa92a09 -> 
========================================================================
Received Import Request.
  Time since last request: 38.891579 seconds.
  path: Assets/Prefabs/炮塔/子弹/寒冰子弹.prefab
  artifactKey: Guid(edf6a005ceed3b94dab4545d35e8d2e5) Importer(815301076,1909f56bfc062723c751e8b465ee728b)
Start importing Assets/Prefabs/炮塔/子弹/寒冰子弹.prefab using Guid(edf6a005ceed3b94dab4545d35e8d2e5) Importer(815301076,1909f56bfc062723c751e8b465ee728b) [PhysX] Initialized MultithreadedTaskDispatcher with 16 workers.
[PhysX] Initialized MultithreadedTaskDispatcher with 16 workers.
 -> (artifact id: '8de63df594a65b343b35bbb8a48e2a2c') in 0.086380 seconds
Number of updated asset objects reloaded before import = 0
Number of asset objects unloaded after import = 12
========================================================================
Received Import Request.
  Time since last request: 1.263271 seconds.
  path: Assets/Prefabs/炮塔/子弹/普通子弹.prefab
  artifactKey: Guid(d0f478a5c8df73341a547ab0d006dc4d) Importer(815301076,1909f56bfc062723c751e8b465ee728b)
Start importing Assets/Prefabs/炮塔/子弹/普通子弹.prefab using Guid(d0f478a5c8df73341a547ab0d006dc4d) Importer(815301076,1909f56bfc062723c751e8b465ee728b) [PhysX] Initialized MultithreadedTaskDispatcher with 16 workers.
[PhysX] Initialized MultithreadedTaskDispatcher with 16 workers.
 -> (artifact id: 'b82de040a395ab0fbcc9fc754e1fd667') in 0.009525 seconds
Number of updated asset objects reloaded before import = 0
Number of asset objects unloaded after import = 12
========================================================================
Received Import Request.
  Time since last request: 0.395501 seconds.
  path: Assets/Prefabs/炮塔/子弹/火焰子弹.prefab
  artifactKey: Guid(96d75867175af834c91299e8296b6b56) Importer(815301076,1909f56bfc062723c751e8b465ee728b)
Start importing Assets/Prefabs/炮塔/子弹/火焰子弹.prefab using Guid(96d75867175af834c91299e8296b6b56) Importer(815301076,1909f56bfc062723c751e8b465ee728b) [PhysX] Initialized MultithreadedTaskDispatcher with 16 workers.
[PhysX] Initialized MultithreadedTaskDispatcher with 16 workers.
 -> (artifact id: '3b466cbc8403366f1f5fa8db0506211a') in 0.010363 seconds
Number of updated asset objects reloaded before import = 0
Number of asset objects unloaded after import = 12
========================================================================
Received Import Request.
  Time since last request: 0.382782 seconds.
  path: Assets/Prefabs/炮塔/子弹/电击子弹.prefab
  artifactKey: Guid(9f6e2f6a47471214abefcc5f52407d39) Importer(815301076,1909f56bfc062723c751e8b465ee728b)
Start importing Assets/Prefabs/炮塔/子弹/电击子弹.prefab using Guid(9f6e2f6a47471214abefcc5f52407d39) Importer(815301076,1909f56bfc062723c751e8b465ee728b) [PhysX] Initialized MultithreadedTaskDispatcher with 16 workers.
[PhysX] Initialized MultithreadedTaskDispatcher with 16 workers.
 -> (artifact id: 'd14b53fe0dcd4a4e7aca83927b2389bf') in 0.009985 seconds
Number of updated asset objects reloaded before import = 0
Number of asset objects unloaded after import = 12
========================================================================
Received Import Request.
  Time since last request: 10.311515 seconds.
  path: Assets/Prefabs/炮塔/底座/基础炮塔底座.prefab
  artifactKey: Guid(3a65201001c1b1d4a8a7be62f56d4245) Importer(815301076,1909f56bfc062723c751e8b465ee728b)
Start importing Assets/Prefabs/炮塔/底座/基础炮塔底座.prefab using Guid(3a65201001c1b1d4a8a7be62f56d4245) Importer(815301076,1909f56bfc062723c751e8b465ee728b) [PhysX] Initialized MultithreadedTaskDispatcher with 16 workers.
 -> (artifact id: '8c183fe247ebaba634b4f7b3c787a828') in 0.000585 seconds
Number of updated asset objects reloaded before import = 0
Number of asset objects unloaded after import = 0
========================================================================
Received Prepare
Caller must complete domain reload
Begin MonoManager ReloadAssembly
- Loaded All Assemblies, in  0.585 seconds
Native extension for WindowsStandalone target not found
Native extension for WebGL target not found
Mono: successfully reloaded assembly
- Finished resetting the current domain, in  1.282 seconds
Domain Reload Profiling: 1867ms
	BeginReloadAssembly (180ms)
		ExecutionOrderSort (0ms)
		DisableScriptedObjects (15ms)
		BackupInstance (0ms)
		ReleaseScriptingObjects (0ms)
		CreateAndSetChildDomain (35ms)
	RebuildCommonClasses (34ms)
	RebuildNativeTypeToScriptingClass (13ms)
	initialDomainReloadingComplete (43ms)
	LoadAllAssembliesAndSetupDomain (314ms)
		LoadAssemblies (369ms)
		RebuildTransferFunctionScriptingTraits (0ms)
		AnalyzeDomain (43ms)
			TypeCache.Refresh (17ms)
				TypeCache.ScanAssembly (6ms)
			ScanForSourceGeneratedMonoScriptInfo (12ms)
			ResolveRequiredComponents (13ms)
	FinalizeReload (1283ms)
		ReleaseScriptCaches (0ms)
		RebuildScriptCaches (0ms)
		SetupLoadedEditorAssemblies (617ms)
			LogAssemblyErrors (0ms)
			InitializePlatformSupportModulesInManaged (8ms)
			SetLoadedEditorAssemblies (8ms)
			RefreshPlugins (0ms)
			BeforeProcessingInitializeOnLoad (134ms)
			ProcessInitializeOnLoadAttributes (423ms)
			ProcessInitializeOnLoadMethodAttributes (39ms)
			AfterProcessingInitializeOnLoad (4ms)
			EditorAssembliesLoaded (0ms)
		ExecutionOrderSort2 (0ms)
		AwakeInstancesAfterBackupRestoration (22ms)
Refreshing native plugins compatible for Editor in 24.06 ms, found 12 plugins.
Preloading 0 native plugins for Editor in 0.00 ms.
Unloading 4507 Unused Serialized files (Serialized files now loaded: 0)
Unloading 27 unused Assets / (33.0 KB). Loaded Objects now: 5245.
Memory consumption went from 154.5 MB to 154.5 MB.
Total: 3.751600 ms (FindLiveObjects: 0.487400 ms CreateObjectMapping: 0.187000 ms MarkObjects: 3.018800 ms  DeleteObjects: 0.057200 ms)

Prepare: number of updated asset objects reloaded= 0
AssetImportParameters requested are different than current active one (requested -> active):
  custom:container-demuxer-ogg: 62fdf1f143b41e24485cea50d1cbac27 -> 
  custom:scripting/monoscript/fileName/IceDamage.cs: 617b864fe6c6900f333a30028f7985b4 -> 
  custom:video-decoder-ogg-theora: a1e56fd34408186e4bbccfd4996cb3dc -> 
  custom:scripting/monoscript/fileName/FireDamage.cs: efb2a6aa77af2fdb9a73c1c306d058a8 -> 
  custom:framework-win-MediaFoundation: 216162199b28c13a410421893ffa2e32 -> 
  custom:scripting/monoscript/fileName/TowerPlatform.cs: 22d748f491a7df488a28291040741ab5 -> 
  custom:CustomObjectIndexerAttribute: 9a22284fe3817be447336de3de66b15e -> 
  custom:scripting/monoscript/fileName/BasicBullet.cs: ac25816691d03379d4d30530f033639b -> 
  custom:scripting/monoscript/fileName/IceBullet.cs: 9438161d3c822d717d531ef1f35056f1 -> 
  custom:container-demuxer-webm: 4f35f7cbe854078d1ac9338744f61a02 -> 
  custom:scripting/monoscript/fileName/ElectricBullet.cs: 66deec48e666439e2ea398141a0f50fc -> 
  custom:container-muxer-webm: aa71ff27fc2769a1b78a27578f13a17b -> 
  custom:video-decoder-webm-vp8: 9c59270c3fd7afecdb556c50c9e8de78 -> 
  custom:SearchIndexIgnoredProperties: e643bd26f0fe6173181afceb89e7c659 -> 
  custom:AudioImporter_EditorPlatform: d09bf68614088b80899f8185d706f6e7 -> 
  custom:scripting/monoscript/fileName/BasicDamage.cs: 7e45aaacbc47bb9e86c21a889ea08743 -> 
  custom:video-encoder-webm-vp8: eb34c28f22e8b96e1ab97ce403110664 -> 
  custom:audio-decoder-ogg-vorbis: bf7c407c2cedff20999df2af8eb42d56 -> 
  custom:scripting/monoscript/fileName/FireBullet.cs: 3c0b6521745e387d9418f128ed5af1df -> 
  custom:scripting/monoscript/fileName/DamageType.cs: 5073682e440303db605732e95752879e -> 
  custom:audio-encoder-webm-vorbis: bf7c407c2cedff20999df2af8eb42d56 -> 
  custom:scripting/precompiled-assembly-types:Assembly-CSharp: 040335c54156e153f953970e2842c74a -> b30da08c0707e693a5faa73d64a81371
  custom:scripting/monoscript/fileName/ElectricDamage.cs: 452de720cb120844d29de555e72687aa -> 
========================================================================
Received Prepare
Caller must complete domain reload
Begin MonoManager ReloadAssembly
- Loaded All Assemblies, in  0.649 seconds
Native extension for WindowsStandalone target not found
Native extension for WebGL target not found
Mono: successfully reloaded assembly
- Finished resetting the current domain, in  1.267 seconds
Domain Reload Profiling: 1915ms
	BeginReloadAssembly (185ms)
		ExecutionOrderSort (0ms)
		DisableScriptedObjects (14ms)
		BackupInstance (0ms)
		ReleaseScriptingObjects (0ms)
		CreateAndSetChildDomain (35ms)
	RebuildCommonClasses (35ms)
	RebuildNativeTypeToScriptingClass (13ms)
	initialDomainReloadingComplete (35ms)
	LoadAllAssembliesAndSetupDomain (380ms)
		LoadAssemblies (441ms)
		RebuildTransferFunctionScriptingTraits (0ms)
		AnalyzeDomain (44ms)
			TypeCache.Refresh (17ms)
				TypeCache.ScanAssembly (6ms)
			ScanForSourceGeneratedMonoScriptInfo (12ms)
			ResolveRequiredComponents (13ms)
	FinalizeReload (1268ms)
		ReleaseScriptCaches (0ms)
		RebuildScriptCaches (0ms)
		SetupLoadedEditorAssemblies (600ms)
			LogAssemblyErrors (0ms)
			InitializePlatformSupportModulesInManaged (8ms)
			SetLoadedEditorAssemblies (7ms)
			RefreshPlugins (0ms)
			BeforeProcessingInitializeOnLoad (127ms)
			ProcessInitializeOnLoadAttributes (416ms)
			ProcessInitializeOnLoadMethodAttributes (37ms)
			AfterProcessingInitializeOnLoad (4ms)
			EditorAssembliesLoaded (0ms)
		ExecutionOrderSort2 (0ms)
		AwakeInstancesAfterBackupRestoration (23ms)
Refreshing native plugins compatible for Editor in 16.48 ms, found 12 plugins.
Preloading 0 native plugins for Editor in 0.00 ms.
Unloading 4508 Unused Serialized files (Serialized files now loaded: 0)
Unloading 27 unused Assets / (32.9 KB). Loaded Objects now: 5249.
Memory consumption went from 154.8 MB to 154.8 MB.
Total: 3.654300 ms (FindLiveObjects: 0.487600 ms CreateObjectMapping: 0.171900 ms MarkObjects: 2.938400 ms  DeleteObjects: 0.055000 ms)

Prepare: number of updated asset objects reloaded= 0
AssetImportParameters requested are different than current active one (requested -> active):
  custom:container-demuxer-ogg: 62fdf1f143b41e24485cea50d1cbac27 -> 
  custom:scripting/monoscript/fileName/IceDamage.cs: 617b864fe6c6900f333a30028f7985b4 -> 
  custom:video-decoder-ogg-theora: a1e56fd34408186e4bbccfd4996cb3dc -> 
  custom:scripting/monoscript/fileName/FireDamage.cs: efb2a6aa77af2fdb9a73c1c306d058a8 -> 
  custom:framework-win-MediaFoundation: 216162199b28c13a410421893ffa2e32 -> 
  custom:scripting/monoscript/fileName/TowerPlatform.cs: 22d748f491a7df488a28291040741ab5 -> 
  custom:CustomObjectIndexerAttribute: 9a22284fe3817be447336de3de66b15e -> 
  custom:scripting/monoscript/fileName/BasicBullet.cs: ac25816691d03379d4d30530f033639b -> 
  custom:scripting/monoscript/fileName/IceBullet.cs: 9438161d3c822d717d531ef1f35056f1 -> 
  custom:container-demuxer-webm: 4f35f7cbe854078d1ac9338744f61a02 -> 
  custom:scripting/monoscript/fileName/ElectricBullet.cs: 66deec48e666439e2ea398141a0f50fc -> 
  custom:container-muxer-webm: aa71ff27fc2769a1b78a27578f13a17b -> 
  custom:video-decoder-webm-vp8: 9c59270c3fd7afecdb556c50c9e8de78 -> 
  custom:SearchIndexIgnoredProperties: e643bd26f0fe6173181afceb89e7c659 -> 
  custom:AudioImporter_EditorPlatform: d09bf68614088b80899f8185d706f6e7 -> 
  custom:scripting/monoscript/fileName/BasicDamage.cs: 7e45aaacbc47bb9e86c21a889ea08743 -> 
  custom:video-encoder-webm-vp8: eb34c28f22e8b96e1ab97ce403110664 -> 
  custom:audio-decoder-ogg-vorbis: bf7c407c2cedff20999df2af8eb42d56 -> 
  custom:scripting/monoscript/fileName/FireBullet.cs: 3c0b6521745e387d9418f128ed5af1df -> 
  custom:scripting/monoscript/fileName/DamageType.cs: 5073682e440303db605732e95752879e -> 
  custom:audio-encoder-webm-vorbis: bf7c407c2cedff20999df2af8eb42d56 -> 
  custom:scripting/precompiled-assembly-types:Assembly-CSharp: 040335c54156e153f953970e2842c74a -> b30da08c0707e693a5faa73d64a81371
  custom:scripting/monoscript/fileName/ElectricDamage.cs: 452de720cb120844d29de555e72687aa -> 
========================================================================
Received Import Request.
  Time since last request: 187.999971 seconds.
  path: Assets/Scripts/伤害类型/Basic Damage.asset
  artifactKey: Guid(cb435cb51656b6e40abb432b62813dd6) Importer(815301076,1909f56bfc062723c751e8b465ee728b)
Start importing Assets/Scripts/伤害类型/Basic Damage.asset using Guid(cb435cb51656b6e40abb432b62813dd6) Importer(815301076,1909f56bfc062723c751e8b465ee728b) [PhysX] Initialized MultithreadedTaskDispatcher with 16 workers.
 -> (artifact id: 'fb4c41d274eda6ab58beb26c5ee37073') in 0.015204 seconds
Number of updated asset objects reloaded before import = 0
Number of asset objects unloaded after import = 1
========================================================================
Received Import Request.
  Time since last request: 10.517665 seconds.
  path: Assets/Scripts/伤害类型/Fire Damage.asset
  artifactKey: Guid(d29384d7f53832548a06e80ea635c0ae) Importer(815301076,1909f56bfc062723c751e8b465ee728b)
Start importing Assets/Scripts/伤害类型/Fire Damage.asset using Guid(d29384d7f53832548a06e80ea635c0ae) Importer(815301076,1909f56bfc062723c751e8b465ee728b) [PhysX] Initialized MultithreadedTaskDispatcher with 16 workers.
 -> (artifact id: '317b2cb5355ad544066b1169c573e845') in 0.001579 seconds
Number of updated asset objects reloaded before import = 0
Number of asset objects unloaded after import = 1
========================================================================
Received Import Request.
  Time since last request: 10.132500 seconds.
  path: Assets/Scripts/伤害类型/Ice Damage.asset
  artifactKey: Guid(cb4e215035963ec44ad240ef76f63799) Importer(815301076,1909f56bfc062723c751e8b465ee728b)
Start importing Assets/Scripts/伤害类型/Ice Damage.asset using Guid(cb4e215035963ec44ad240ef76f63799) Importer(815301076,1909f56bfc062723c751e8b465ee728b) [PhysX] Initialized MultithreadedTaskDispatcher with 16 workers.
 -> (artifact id: '58e9acdabd6418d170af84a13a72142a') in 0.001236 seconds
Number of updated asset objects reloaded before import = 0
Number of asset objects unloaded after import = 1
========================================================================
Received Import Request.
  Time since last request: 5.517903 seconds.
  path: Assets/Scripts/伤害类型/Electric Damage.asset
  artifactKey: Guid(7a39a7a639de5b540857503406c07420) Importer(815301076,1909f56bfc062723c751e8b465ee728b)
Start importing Assets/Scripts/伤害类型/Electric Damage.asset using Guid(7a39a7a639de5b540857503406c07420) Importer(815301076,1909f56bfc062723c751e8b465ee728b) [PhysX] Initialized MultithreadedTaskDispatcher with 16 workers.
 -> (artifact id: '4bf9f08189828f9f786a2aa6e97bf9e7') in 0.001292 seconds
Number of updated asset objects reloaded before import = 0
Number of asset objects unloaded after import = 1
========================================================================
Received Import Request.
  Time since last request: 44.030102 seconds.
  path: Assets/Scripts/炮塔底座/炮塔底座/电击炮塔底座.asset
  artifactKey: Guid(993227482ffa45d4d902bfc8cf3bf266) Importer(815301076,1909f56bfc062723c751e8b465ee728b)
Start importing Assets/Scripts/炮塔底座/炮塔底座/电击炮塔底座.asset using Guid(993227482ffa45d4d902bfc8cf3bf266) Importer(815301076,1909f56bfc062723c751e8b465ee728b) [PhysX] Initialized MultithreadedTaskDispatcher with 16 workers.
 -> (artifact id: 'dbf2b44b8752efc5f1defc7feb14497d') in 0.005684 seconds
Number of updated asset objects reloaded before import = 0
Number of asset objects unloaded after import = 13
========================================================================
Received Prepare
Caller must complete domain reload
Begin MonoManager ReloadAssembly
- Loaded All Assemblies, in  0.645 seconds
Native extension for WindowsStandalone target not found
Native extension for WebGL target not found
Mono: successfully reloaded assembly
- Finished resetting the current domain, in  1.284 seconds
Domain Reload Profiling: 1928ms
	BeginReloadAssembly (195ms)
		ExecutionOrderSort (0ms)
		DisableScriptedObjects (15ms)
		BackupInstance (0ms)
		ReleaseScriptingObjects (0ms)
		CreateAndSetChildDomain (35ms)
	RebuildCommonClasses (37ms)
	RebuildNativeTypeToScriptingClass (14ms)
	initialDomainReloadingComplete (39ms)
	LoadAllAssembliesAndSetupDomain (358ms)
		LoadAssemblies (428ms)
		RebuildTransferFunctionScriptingTraits (0ms)
		AnalyzeDomain (43ms)
			TypeCache.Refresh (17ms)
				TypeCache.ScanAssembly (6ms)
			ScanForSourceGeneratedMonoScriptInfo (12ms)
			ResolveRequiredComponents (13ms)
	FinalizeReload (1285ms)
		ReleaseScriptCaches (0ms)
		RebuildScriptCaches (0ms)
		SetupLoadedEditorAssemblies (617ms)
			LogAssemblyErrors (0ms)
			InitializePlatformSupportModulesInManaged (9ms)
			SetLoadedEditorAssemblies (8ms)
			RefreshPlugins (0ms)
			BeforeProcessingInitializeOnLoad (135ms)
			ProcessInitializeOnLoadAttributes (426ms)
			ProcessInitializeOnLoadMethodAttributes (36ms)
			AfterProcessingInitializeOnLoad (3ms)
			EditorAssembliesLoaded (0ms)
		ExecutionOrderSort2 (0ms)
		AwakeInstancesAfterBackupRestoration (23ms)
Refreshing native plugins compatible for Editor in 16.05 ms, found 12 plugins.
Preloading 0 native plugins for Editor in 0.00 ms.
Unloading 4507 Unused Serialized files (Serialized files now loaded: 0)
Unloading 27 unused Assets / (32.9 KB). Loaded Objects now: 5253.
Memory consumption went from 154.5 MB to 154.5 MB.
Total: 3.563700 ms (FindLiveObjects: 0.512400 ms CreateObjectMapping: 0.169000 ms MarkObjects: 2.823300 ms  DeleteObjects: 0.057300 ms)

Prepare: number of updated asset objects reloaded= 0
AssetImportParameters requested are different than current active one (requested -> active):
  custom:container-demuxer-ogg: 62fdf1f143b41e24485cea50d1cbac27 -> 
  custom:scripting/monoscript/fileName/IceDamage.cs: 617b864fe6c6900f333a30028f7985b4 -> 
  custom:video-decoder-ogg-theora: a1e56fd34408186e4bbccfd4996cb3dc -> 
  custom:scripting/monoscript/fileName/FireDamage.cs: efb2a6aa77af2fdb9a73c1c306d058a8 -> 
  custom:framework-win-MediaFoundation: 216162199b28c13a410421893ffa2e32 -> 
  custom:scripting/monoscript/fileName/TowerPlatform.cs: 22d748f491a7df488a28291040741ab5 -> 
  custom:CustomObjectIndexerAttribute: 9a22284fe3817be447336de3de66b15e -> 
  custom:scripting/monoscript/fileName/BasicBullet.cs: ac25816691d03379d4d30530f033639b -> 
  custom:scripting/monoscript/fileName/IceBullet.cs: 9438161d3c822d717d531ef1f35056f1 -> 
  custom:scripting/monoscript/fileName/DamageEffect.cs: 5073682e440303db605732e95752879e -> 
  custom:container-demuxer-webm: 4f35f7cbe854078d1ac9338744f61a02 -> 
  custom:scripting/monoscript/fileName/ElectricBullet.cs: 66deec48e666439e2ea398141a0f50fc -> 
  custom:container-muxer-webm: aa71ff27fc2769a1b78a27578f13a17b -> 
  custom:video-decoder-webm-vp8: 9c59270c3fd7afecdb556c50c9e8de78 -> 
  custom:SearchIndexIgnoredProperties: e643bd26f0fe6173181afceb89e7c659 -> 
  custom:AudioImporter_EditorPlatform: d09bf68614088b80899f8185d706f6e7 -> 
  custom:scripting/monoscript/fileName/BasicDamage.cs: 7e45aaacbc47bb9e86c21a889ea08743 -> 
  custom:video-encoder-webm-vp8: eb34c28f22e8b96e1ab97ce403110664 -> 
  custom:audio-decoder-ogg-vorbis: bf7c407c2cedff20999df2af8eb42d56 -> 
  custom:scripting/monoscript/fileName/FireBullet.cs: 3c0b6521745e387d9418f128ed5af1df -> 
  custom:scripting/monoscript/fileName/DamageType.cs: 5073682e440303db605732e95752879e -> 
  custom:audio-encoder-webm-vorbis: bf7c407c2cedff20999df2af8eb42d56 -> 
  custom:scripting/precompiled-assembly-types:Assembly-CSharp: b5b4cbc92533c4204e030ba3a47bfec9 -> b30da08c0707e693a5faa73d64a81371
  custom:scripting/monoscript/fileName/ElectricDamage.cs: 452de720cb120844d29de555e72687aa -> 
========================================================================
Received Import Request.
  Time since last request: 3239.318527 seconds.
  path: Assets/Scripts/Upgrades/所有的升级选项/Upgrade_ChangeBulletKind.cs
  artifactKey: Guid(b0169e2fc26ca71488be6494a999f1aa) Importer(815301076,1909f56bfc062723c751e8b465ee728b)
Start importing Assets/Scripts/Upgrades/所有的升级选项/Upgrade_ChangeBulletKind.cs using Guid(b0169e2fc26ca71488be6494a999f1aa) Importer(815301076,1909f56bfc062723c751e8b465ee728b) [PhysX] Initialized MultithreadedTaskDispatcher with 16 workers.
 -> (artifact id: 'a1adffb91432b87a9d427e0fc0305b9b') in 0.012609 seconds
Number of updated asset objects reloaded before import = 0
Number of asset objects unloaded after import = 0
========================================================================
Received Import Request.
  Time since last request: 28.616119 seconds.
  path: Assets/Scripts/Upgrades/所有的升级选项/Upgrade_BulletKindDuration.cs
  artifactKey: Guid(c6fd803823395834d8b58cbb82b001de) Importer(815301076,1909f56bfc062723c751e8b465ee728b)
Start importing Assets/Scripts/Upgrades/所有的升级选项/Upgrade_BulletKindDuration.cs using Guid(c6fd803823395834d8b58cbb82b001de) Importer(815301076,1909f56bfc062723c751e8b465ee728b) [PhysX] Initialized MultithreadedTaskDispatcher with 16 workers.
 -> (artifact id: '36f0e5e5ea9ce079de0d5cab1fa7a925') in 0.000710 seconds
Number of updated asset objects reloaded before import = 0
Number of asset objects unloaded after import = 0
========================================================================
Received Import Request.
  Time since last request: 25.296834 seconds.
  path: Assets/Scripts/Bullet/Bullet.cs
  artifactKey: Guid(2fed477565c985a4fbea5f1d755216ba) Importer(815301076,1909f56bfc062723c751e8b465ee728b)
Start importing Assets/Scripts/Bullet/Bullet.cs using Guid(2fed477565c985a4fbea5f1d755216ba) Importer(815301076,1909f56bfc062723c751e8b465ee728b) [PhysX] Initialized MultithreadedTaskDispatcher with 16 workers.
 -> (artifact id: 'e9ce1a6c122c0a8c6082f335d4209a77') in 0.001608 seconds
Number of updated asset objects reloaded before import = 0
Number of asset objects unloaded after import = 0
========================================================================
Received Import Request.
  Time since last request: 56.370778 seconds.
  path: Assets/Scripts/Bullet/TrackBullet.cs
  artifactKey: Guid(a023297fe58eb9d4496ff1b756f01355) Importer(815301076,1909f56bfc062723c751e8b465ee728b)
Start importing Assets/Scripts/Bullet/TrackBullet.cs using Guid(a023297fe58eb9d4496ff1b756f01355) Importer(815301076,1909f56bfc062723c751e8b465ee728b) [PhysX] Initialized MultithreadedTaskDispatcher with 16 workers.
 -> (artifact id: 'c7b7075b36bee95f5b598b6c56ad759d') in 0.004701 seconds
Number of updated asset objects reloaded before import = 0
Number of asset objects unloaded after import = 0
========================================================================
Received Import Request.
  Time since last request: 12.986814 seconds.
  path: Assets/Scripts/Bullet/TrackBullet.cs
  artifactKey: Guid(a023297fe58eb9d4496ff1b756f01355) Importer(815301076,1909f56bfc062723c751e8b465ee728b)
Start importing Assets/Scripts/Bullet/TrackBullet.cs using Guid(a023297fe58eb9d4496ff1b756f01355) Importer(815301076,1909f56bfc062723c751e8b465ee728b) [PhysX] Initialized MultithreadedTaskDispatcher with 16 workers.
 -> (artifact id: 'd8b5597362ae3ebb14bdd5be6d5992f4') in 0.001891 seconds
Number of updated asset objects reloaded before import = 0
Number of asset objects unloaded after import = 0
========================================================================
Received Import Request.
  Time since last request: 31.155429 seconds.
  path: Assets/Scripts/Bullet/PierceBullet.cs
  artifactKey: Guid(82ec1f2df528e524d8ec6bd8f4638112) Importer(815301076,1909f56bfc062723c751e8b465ee728b)
Start importing Assets/Scripts/Bullet/PierceBullet.cs using Guid(82ec1f2df528e524d8ec6bd8f4638112) Importer(815301076,1909f56bfc062723c751e8b465ee728b) [PhysX] Initialized MultithreadedTaskDispatcher with 16 workers.
 -> (artifact id: '967a94b9357bb958f48b25c2e0767685') in 0.001788 seconds
Number of updated asset objects reloaded before import = 0
Number of asset objects unloaded after import = 0
========================================================================
Received Import Request.
  Time since last request: 27.828856 seconds.
  path: Assets/Scripts/Bullet/BounceBullet.cs
  artifactKey: Guid(3a2c9f61b9c77234a890687bec08a904) Importer(815301076,1909f56bfc062723c751e8b465ee728b)
Start importing Assets/Scripts/Bullet/BounceBullet.cs using Guid(3a2c9f61b9c77234a890687bec08a904) Importer(815301076,1909f56bfc062723c751e8b465ee728b) [PhysX] Initialized MultithreadedTaskDispatcher with 16 workers.
 -> (artifact id: '1f7b586670331b17e65d5daa6cf55f3a') in 0.001096 seconds
Number of updated asset objects reloaded before import = 0
Number of asset objects unloaded after import = 0
========================================================================
Received Import Request.
  Time since last request: 9.348715 seconds.
  path: Assets/Scripts/Bullet/PierceBullet.cs
  artifactKey: Guid(82ec1f2df528e524d8ec6bd8f4638112) Importer(815301076,1909f56bfc062723c751e8b465ee728b)
Start importing Assets/Scripts/Bullet/PierceBullet.cs using Guid(82ec1f2df528e524d8ec6bd8f4638112) Importer(815301076,1909f56bfc062723c751e8b465ee728b) [PhysX] Initialized MultithreadedTaskDispatcher with 16 workers.
 -> (artifact id: '676a6aac8a4a93535c00aef71d6de51a') in 0.001051 seconds
Number of updated asset objects reloaded before import = 0
Number of asset objects unloaded after import = 0
========================================================================
Received Import Request.
  Time since last request: 6.898140 seconds.
  path: Assets/Scripts/Bullet/TrackBullet.cs
  artifactKey: Guid(a023297fe58eb9d4496ff1b756f01355) Importer(815301076,1909f56bfc062723c751e8b465ee728b)
Start importing Assets/Scripts/Bullet/TrackBullet.cs using Guid(a023297fe58eb9d4496ff1b756f01355) Importer(815301076,1909f56bfc062723c751e8b465ee728b) [PhysX] Initialized MultithreadedTaskDispatcher with 16 workers.
 -> (artifact id: '13d6957c50ed7444f419f652f723e5c6') in 0.006303 seconds
Number of updated asset objects reloaded before import = 0
Number of asset objects unloaded after import = 0
========================================================================
Received Import Request.
  Time since last request: 3357.282577 seconds.
  path: Assets/Scripts/Bullet/BounceBullet.cs
  artifactKey: Guid(3a2c9f61b9c77234a890687bec08a904) Importer(815301076,1909f56bfc062723c751e8b465ee728b)
Start importing Assets/Scripts/Bullet/BounceBullet.cs using Guid(3a2c9f61b9c77234a890687bec08a904) Importer(815301076,1909f56bfc062723c751e8b465ee728b) [PhysX] Initialized MultithreadedTaskDispatcher with 16 workers.
 -> (artifact id: '655b1da9bee56a4da4636bf373850a74') in 0.007928 seconds
Number of updated asset objects reloaded before import = 0
Number of asset objects unloaded after import = 0
========================================================================
Received Prepare
Caller must complete domain reload
Begin MonoManager ReloadAssembly
- Loaded All Assemblies, in  1.169 seconds
Native extension for WindowsStandalone target not found
Native extension for WebGL target not found
Mono: successfully reloaded assembly
- Finished resetting the current domain, in  1.468 seconds
Domain Reload Profiling: 2636ms
	BeginReloadAssembly (413ms)
		ExecutionOrderSort (0ms)
		DisableScriptedObjects (49ms)
		BackupInstance (0ms)
		ReleaseScriptingObjects (0ms)
		CreateAndSetChildDomain (140ms)
	RebuildCommonClasses (43ms)
	RebuildNativeTypeToScriptingClass (14ms)
	initialDomainReloadingComplete (51ms)
	LoadAllAssembliesAndSetupDomain (647ms)
		LoadAssemblies (757ms)
		RebuildTransferFunctionScriptingTraits (0ms)
		AnalyzeDomain (60ms)
			TypeCache.Refresh (25ms)
				TypeCache.ScanAssembly (8ms)
			ScanForSourceGeneratedMonoScriptInfo (19ms)
			ResolveRequiredComponents (16ms)
	FinalizeReload (1468ms)
		ReleaseScriptCaches (0ms)
		RebuildScriptCaches (0ms)
		SetupLoadedEditorAssemblies (644ms)
			LogAssemblyErrors (0ms)
			InitializePlatformSupportModulesInManaged (9ms)
			SetLoadedEditorAssemblies (8ms)
			RefreshPlugins (0ms)
			BeforeProcessingInitializeOnLoad (128ms)
			ProcessInitializeOnLoadAttributes (453ms)
			ProcessInitializeOnLoadMethodAttributes (42ms)
			AfterProcessingInitializeOnLoad (3ms)
			EditorAssembliesLoaded (0ms)
		ExecutionOrderSort2 (0ms)
		AwakeInstancesAfterBackupRestoration (23ms)
Refreshing native plugins compatible for Editor in 17.48 ms, found 12 plugins.
Preloading 0 native plugins for Editor in 0.00 ms.
Unloading 4508 Unused Serialized files (Serialized files now loaded: 0)
Unloading 29 unused Assets / (33.9 KB). Loaded Objects now: 5258.
Memory consumption went from 154.6 MB to 154.5 MB.
Total: 4.275100 ms (FindLiveObjects: 0.502400 ms CreateObjectMapping: 0.169200 ms MarkObjects: 3.502200 ms  DeleteObjects: 0.099900 ms)

Prepare: number of updated asset objects reloaded= 0
AssetImportParameters requested are different than current active one (requested -> active):
  custom:container-demuxer-ogg: 62fdf1f143b41e24485cea50d1cbac27 -> 
  custom:scripting/monoscript/fileName/IceDamage.cs: 617b864fe6c6900f333a30028f7985b4 -> 
  custom:video-decoder-ogg-theora: a1e56fd34408186e4bbccfd4996cb3dc -> 
  custom:scripting/monoscript/fileName/FireDamage.cs: efb2a6aa77af2fdb9a73c1c306d058a8 -> 
  custom:framework-win-MediaFoundation: 216162199b28c13a410421893ffa2e32 -> 
  custom:scripting/monoscript/fileName/BounceBullet.cs: 74cff9934f0c61cac4fdbcf6d18cd9b4 -> 
  custom:scripting/monoscript/fileName/PierceBullet.cs: 0861e828a70c44c516206164665de22a -> 
  custom:scripting/monoscript/fileName/TowerPlatform.cs: 22d748f491a7df488a28291040741ab5 -> 
  custom:CustomObjectIndexerAttribute: 9a22284fe3817be447336de3de66b15e -> 
  custom:scripting/monoscript/fileName/BasicBullet.cs: ac25816691d03379d4d30530f033639b -> 
  custom:scripting/monoscript/fileName/IceBullet.cs: 9438161d3c822d717d531ef1f35056f1 -> 
  custom:scripting/monoscript/fileName/DamageEffect.cs: 5073682e440303db605732e95752879e -> 
  custom:container-demuxer-webm: 4f35f7cbe854078d1ac9338744f61a02 -> 
  custom:scripting/monoscript/fileName/ElectricBullet.cs: 66deec48e666439e2ea398141a0f50fc -> 
  custom:container-muxer-webm: aa71ff27fc2769a1b78a27578f13a17b -> 
  custom:video-decoder-webm-vp8: 9c59270c3fd7afecdb556c50c9e8de78 -> 
  custom:scripting/monoscript/fileName/TrackBullet.cs: c3f30cd5a383ab15eb9319b23e058875 -> 
  custom:SearchIndexIgnoredProperties: e643bd26f0fe6173181afceb89e7c659 -> 
  custom:AudioImporter_EditorPlatform: d09bf68614088b80899f8185d706f6e7 -> 
  custom:scripting/monoscript/fileName/BasicDamage.cs: 7e45aaacbc47bb9e86c21a889ea08743 -> 
  custom:video-encoder-webm-vp8: eb34c28f22e8b96e1ab97ce403110664 -> 
  custom:audio-decoder-ogg-vorbis: bf7c407c2cedff20999df2af8eb42d56 -> 
  custom:scripting/monoscript/fileName/FireBullet.cs: 3c0b6521745e387d9418f128ed5af1df -> 
  custom:scripting/monoscript/fileName/DamageType.cs: 5073682e440303db605732e95752879e -> 
  custom:audio-encoder-webm-vorbis: bf7c407c2cedff20999df2af8eb42d56 -> 
  custom:scripting/precompiled-assembly-types:Assembly-CSharp: 62c40b13e098308b2016aa8a66f2c331 -> b30da08c0707e693a5faa73d64a81371
  custom:scripting/monoscript/fileName/ElectricDamage.cs: 452de720cb120844d29de555e72687aa -> 
