Using pre-set license
Built from '2022.3/staging' branch; Version is '2022.3.41f1 (0f988161febf) revision 1022081'; Using compiler version '192829333'; Build Type 'Release'
OS: 'Windows 10  (10.0.19045) 64bit Professional' Language: 'zh' Physical Memory: 15741 MB
BatchMode: 1, IsHumanControllingUs: 0, StartBugReporterOnCrash: 0, Is64bit: 1, IsPro: 1

COMMAND LINE ARGUMENTS:
D:\Work\UnityHub\UnityEditors\2022.3.41f1\Editor\Unity.exe
-adb2
-batchMode
-noUpm
-name
AssetImportWorker0
-projectPath
D:/Work/UnityHub/UnityProjects/BulletRebound
-logFile
Logs/AssetImportWorker0.log
-srvPort
6005
Successfully changed project path to: D:/Work/UnityHub/UnityProjects/BulletRebound
D:/Work/UnityHub/UnityProjects/BulletRebound
[UnityMemory] Configuration Parameters - Can be set up in boot.config
    "memorysetup-bucket-allocator-granularity=16"
    "memorysetup-bucket-allocator-bucket-count=8"
    "memorysetup-bucket-allocator-block-size=33554432"
    "memorysetup-bucket-allocator-block-count=8"
    "memorysetup-main-allocator-block-size=16777216"
    "memorysetup-thread-allocator-block-size=16777216"
    "memorysetup-gfx-main-allocator-block-size=16777216"
    "memorysetup-gfx-thread-allocator-block-size=16777216"
    "memorysetup-cache-allocator-block-size=4194304"
    "memorysetup-typetree-allocator-block-size=2097152"
    "memorysetup-profiler-bucket-allocator-granularity=16"
    "memorysetup-profiler-bucket-allocator-bucket-count=8"
    "memorysetup-profiler-bucket-allocator-block-size=33554432"
    "memorysetup-profiler-bucket-allocator-block-count=8"
    "memorysetup-profiler-allocator-block-size=16777216"
    "memorysetup-profiler-editor-allocator-block-size=1048576"
    "memorysetup-temp-allocator-size-main=16777216"
    "memorysetup-job-temp-allocator-block-size=2097152"
    "memorysetup-job-temp-allocator-block-size-background=1048576"
    "memorysetup-job-temp-allocator-reduction-small-platforms=262144"
    "memorysetup-allocator-temp-initial-block-size-main=262144"
    "memorysetup-allocator-temp-initial-block-size-worker=262144"
    "memorysetup-temp-allocator-size-background-worker=32768"
    "memorysetup-temp-allocator-size-job-worker=262144"
    "memorysetup-temp-allocator-size-preload-manager=33554432"
    "memorysetup-temp-allocator-size-nav-mesh-worker=65536"
    "memorysetup-temp-allocator-size-audio-worker=65536"
    "memorysetup-temp-allocator-size-cloud-worker=32768"
    "memorysetup-temp-allocator-size-gi-baking-worker=262144"
    "memorysetup-temp-allocator-size-gfx=262144"
Player connection [27652]  Target information:

Player connection [27652]  * "[IP] 192.168.1.7 [Port] 0 [Flags] 2 [Guid] 3795161520 [EditorId] 3795161520 [Version] 1048832 [Id] WindowsEditor(7,xarwindows) [Debug] 1 [PackageName] WindowsEditor [ProjectName] Editor" 

Player connection [27652] Host joined multi-casting on [225.0.0.222:54997]...
Player connection [27652] Host joined alternative multi-casting on [225.0.0.222:34997]...
[PhysX] Initialized MultithreadedTaskDispatcher with 12 workers.
Refreshing native plugins compatible for Editor in 7.56 ms, found 4 plugins.
Preloading 0 native plugins for Editor in 0.00 ms.
Initialize engine version: 2022.3.41f1 (0f988161febf)
[Subsystems] Discovering subsystems at path D:/Work/UnityHub/UnityEditors/2022.3.41f1/Editor/Data/Resources/UnitySubsystems
[Subsystems] Discovering subsystems at path D:/Work/UnityHub/UnityProjects/BulletRebound/Assets
GfxDevice: creating device client; threaded=0; jobified=0
Direct3D:
    Version:  Direct3D 11.0 [level 11.1]
    Renderer: NVIDIA GeForce GTX 1650 (ID=0x1f99)
    Vendor:   NVIDIA
    VRAM:     3962 MB
    Driver:   27.21.14.5749
Initialize mono
Mono path[0] = 'D:/Work/UnityHub/UnityEditors/2022.3.41f1/Editor/Data/Managed'
Mono path[1] = 'D:/Work/UnityHub/UnityEditors/2022.3.41f1/Editor/Data/MonoBleedingEdge/lib/mono/unityjit-win32'
Mono config path = 'D:/Work/UnityHub/UnityEditors/2022.3.41f1/Editor/Data/MonoBleedingEdge/etc'
Using monoOptions --debugger-agent=transport=dt_socket,embedding=1,server=y,suspend=n,address=127.0.0.1:56972
Begin MonoManager ReloadAssembly
Registering precompiled unity dll's ...
Register platform support module: D:/Work/UnityHub/UnityEditors/2022.3.41f1/Editor/Data/PlaybackEngines/WebGLSupport/UnityEditor.WebGL.Extensions.dll
Register platform support module: D:/Work/UnityHub/UnityEditors/2022.3.41f1/Editor/Data/PlaybackEngines/WindowsStandaloneSupport/UnityEditor.WindowsStandalone.Extensions.dll
Registered in 0.006424 seconds.
- Loaded All Assemblies, in  0.333 seconds
Native extension for WindowsStandalone target not found
Native extension for WebGL target not found
Mono: successfully reloaded assembly
- Finished resetting the current domain, in  0.255 seconds
Domain Reload Profiling: 588ms
	BeginReloadAssembly (95ms)
		ExecutionOrderSort (0ms)
		DisableScriptedObjects (0ms)
		BackupInstance (0ms)
		ReleaseScriptingObjects (0ms)
		CreateAndSetChildDomain (1ms)
	RebuildCommonClasses (35ms)
	RebuildNativeTypeToScriptingClass (11ms)
	initialDomainReloadingComplete (56ms)
	LoadAllAssembliesAndSetupDomain (136ms)
		LoadAssemblies (94ms)
		RebuildTransferFunctionScriptingTraits (0ms)
		AnalyzeDomain (134ms)
			TypeCache.Refresh (133ms)
				TypeCache.ScanAssembly (121ms)
			ScanForSourceGeneratedMonoScriptInfo (0ms)
			ResolveRequiredComponents (0ms)
	FinalizeReload (255ms)
		ReleaseScriptCaches (0ms)
		RebuildScriptCaches (0ms)
		SetupLoadedEditorAssemblies (210ms)
			LogAssemblyErrors (0ms)
			InitializePlatformSupportModulesInManaged (9ms)
			SetLoadedEditorAssemblies (5ms)
			RefreshPlugins (0ms)
			BeforeProcessingInitializeOnLoad (2ms)
			ProcessInitializeOnLoadAttributes (148ms)
			ProcessInitializeOnLoadMethodAttributes (46ms)
			AfterProcessingInitializeOnLoad (0ms)
			EditorAssembliesLoaded (0ms)
		ExecutionOrderSort2 (0ms)
		AwakeInstancesAfterBackupRestoration (0ms)
========================================================================
Worker process is ready to serve import requests
Caller must complete domain reload
Begin MonoManager ReloadAssembly
- Loaded All Assemblies, in  0.575 seconds
Native extension for WindowsStandalone target not found
Native extension for WebGL target not found
Mono: successfully reloaded assembly
- Finished resetting the current domain, in  0.589 seconds
Domain Reload Profiling: 1164ms
	BeginReloadAssembly (139ms)
		ExecutionOrderSort (0ms)
		DisableScriptedObjects (5ms)
		BackupInstance (0ms)
		ReleaseScriptingObjects (0ms)
		CreateAndSetChildDomain (21ms)
	RebuildCommonClasses (35ms)
	RebuildNativeTypeToScriptingClass (12ms)
	initialDomainReloadingComplete (41ms)
	LoadAllAssembliesAndSetupDomain (348ms)
		LoadAssemblies (251ms)
		RebuildTransferFunctionScriptingTraits (0ms)
		AnalyzeDomain (169ms)
			TypeCache.Refresh (144ms)
				TypeCache.ScanAssembly (129ms)
			ScanForSourceGeneratedMonoScriptInfo (20ms)
			ResolveRequiredComponents (5ms)
	FinalizeReload (590ms)
		ReleaseScriptCaches (0ms)
		RebuildScriptCaches (0ms)
		SetupLoadedEditorAssemblies (429ms)
			LogAssemblyErrors (0ms)
			InitializePlatformSupportModulesInManaged (6ms)
			SetLoadedEditorAssemblies (5ms)
			RefreshPlugins (0ms)
			BeforeProcessingInitializeOnLoad (73ms)
			ProcessInitializeOnLoadAttributes (309ms)
			ProcessInitializeOnLoadMethodAttributes (34ms)
			AfterProcessingInitializeOnLoad (3ms)
			EditorAssembliesLoaded (0ms)
		ExecutionOrderSort2 (0ms)
		AwakeInstancesAfterBackupRestoration (8ms)
Launched and connected shader compiler UnityShaderCompiler.exe after 0.04 seconds
Refreshing native plugins compatible for Editor in 2.61 ms, found 4 plugins.
Preloading 0 native plugins for Editor in 0.00 ms.
Unloading 4059 Unused Serialized files (Serialized files now loaded: 0)
Unloading 38 unused Assets / (241.0 KB). Loaded Objects now: 4522.
Memory consumption went from 141.1 MB to 140.9 MB.
Total: 3.648300 ms (FindLiveObjects: 0.438200 ms CreateObjectMapping: 0.217700 ms MarkObjects: 2.787400 ms  DeleteObjects: 0.203000 ms)

AssetImportParameters requested are different than current active one (requested -> active):
  custom:container-demuxer-ogg: 62fdf1f143b41e24485cea50d1cbac27 -> 
  custom:video-decoder-ogg-theora: a1e56fd34408186e4bbccfd4996cb3dc -> 
  custom:framework-win-MediaFoundation: 216162199b28c13a410421893ffa2e32 -> 
  custom:CustomObjectIndexerAttribute: 9a22284fe3817be447336de3de66b15e -> 
  custom:container-demuxer-webm: 4f35f7cbe854078d1ac9338744f61a02 -> 
  custom:container-muxer-webm: aa71ff27fc2769a1b78a27578f13a17b -> 
  custom:video-decoder-webm-vp8: 9c59270c3fd7afecdb556c50c9e8de78 -> 
  custom:SearchIndexIgnoredProperties: e643bd26f0fe6173181afceb89e7c659 -> 
  custom:AudioImporter_EditorPlatform: d09bf68614088b80899f8185d706f6e7 -> 
  custom:video-encoder-webm-vp8: eb34c28f22e8b96e1ab97ce403110664 -> 
  custom:audio-decoder-ogg-vorbis: bf7c407c2cedff20999df2af8eb42d56 -> 
  custom:audio-encoder-webm-vorbis: bf7c407c2cedff20999df2af8eb42d56 -> 
========================================================================
Received Import Request.
  Time since last request: 353584.881838 seconds.
  path: Assets
  artifactKey: Guid(00000000000000001000000000000000) Importer(815301076,1909f56bfc062723c751e8b465ee728b)
Start importing Assets using Guid(00000000000000001000000000000000) Importer(815301076,1909f56bfc062723c751e8b465ee728b) [PhysX] Initialized MultithreadedTaskDispatcher with 12 workers.
 -> (artifact id: 'ae5280ad91af67e2a353905758f96678') in 0.003170 seconds
Number of updated asset objects reloaded before import = 0
Number of asset objects unloaded after import = 0
========================================================================
Received Import Request.
  Time since last request: 9.086746 seconds.
  path: Assets/MyResources
  artifactKey: Guid(194009f984906d24e89662ca9e191cbc) Importer(815301076,1909f56bfc062723c751e8b465ee728b)
Start importing Assets/MyResources using Guid(194009f984906d24e89662ca9e191cbc) Importer(815301076,1909f56bfc062723c751e8b465ee728b) [PhysX] Initialized MultithreadedTaskDispatcher with 12 workers.
 -> (artifact id: '3b882e019c428e3ccbb25f8efedd2079') in 0.000683 seconds
Number of updated asset objects reloaded before import = 0
Number of asset objects unloaded after import = 0
========================================================================
Received Import Request.
  Time since last request: 5.716318 seconds.
  path: Assets/MyResources/Scripts
  artifactKey: Guid(b44761b3bfa3a2241be83c86c3d7b28b) Importer(815301076,1909f56bfc062723c751e8b465ee728b)
Start importing Assets/MyResources/Scripts using Guid(b44761b3bfa3a2241be83c86c3d7b28b) Importer(815301076,1909f56bfc062723c751e8b465ee728b) [PhysX] Initialized MultithreadedTaskDispatcher with 12 workers.
 -> (artifact id: '74097b6f8ed4623ff9ade8e12b32dc6d') in 0.000656 seconds
Number of updated asset objects reloaded before import = 0
Number of asset objects unloaded after import = 0
========================================================================
Received Import Request.
  Time since last request: 46.577712 seconds.
  path: Assets/MyResources/Scripts/BulletTower.cs
  artifactKey: Guid(da681afa752bc5144a542ccf7de4ffce) Importer(815301076,1909f56bfc062723c751e8b465ee728b)
Start importing Assets/MyResources/Scripts/BulletTower.cs using Guid(da681afa752bc5144a542ccf7de4ffce) Importer(815301076,1909f56bfc062723c751e8b465ee728b) [PhysX] Initialized MultithreadedTaskDispatcher with 12 workers.
 -> (artifact id: '10c263386869e6fddad6dad8906930f3') in 0.000594 seconds
Number of updated asset objects reloaded before import = 0
Number of asset objects unloaded after import = 0
========================================================================
Received Import Request.
  Time since last request: 92.173427 seconds.
  path: Assets/MyResources/Scripts/BulletTower.cs
  artifactKey: Guid(da681afa752bc5144a542ccf7de4ffce) Importer(815301076,1909f56bfc062723c751e8b465ee728b)
Start importing Assets/MyResources/Scripts/BulletTower.cs using Guid(da681afa752bc5144a542ccf7de4ffce) Importer(815301076,1909f56bfc062723c751e8b465ee728b) [PhysX] Initialized MultithreadedTaskDispatcher with 12 workers.
 -> (artifact id: 'f99afabe6c9c14bb22831da5c62e12ca') in 0.000919 seconds
Number of updated asset objects reloaded before import = 0
Number of asset objects unloaded after import = 0
========================================================================
Received Prepare
Caller must complete domain reload
Begin MonoManager ReloadAssembly
- Loaded All Assemblies, in  0.685 seconds
Native extension for WindowsStandalone target not found
Native extension for WebGL target not found
Mono: successfully reloaded assembly
- Finished resetting the current domain, in  0.617 seconds
Domain Reload Profiling: 1303ms
	BeginReloadAssembly (403ms)
		ExecutionOrderSort (0ms)
		DisableScriptedObjects (267ms)
		BackupInstance (0ms)
		ReleaseScriptingObjects (0ms)
		CreateAndSetChildDomain (34ms)
	RebuildCommonClasses (33ms)
	RebuildNativeTypeToScriptingClass (12ms)
	initialDomainReloadingComplete (26ms)
	LoadAllAssembliesAndSetupDomain (211ms)
		LoadAssemblies (258ms)
		RebuildTransferFunctionScriptingTraits (0ms)
		AnalyzeDomain (27ms)
			TypeCache.Refresh (8ms)
				TypeCache.ScanAssembly (0ms)
			ScanForSourceGeneratedMonoScriptInfo (11ms)
			ResolveRequiredComponents (7ms)
	FinalizeReload (618ms)
		ReleaseScriptCaches (0ms)
		RebuildScriptCaches (0ms)
		SetupLoadedEditorAssemblies (427ms)
			LogAssemblyErrors (0ms)
			InitializePlatformSupportModulesInManaged (7ms)
			SetLoadedEditorAssemblies (5ms)
			RefreshPlugins (0ms)
			BeforeProcessingInitializeOnLoad (71ms)
			ProcessInitializeOnLoadAttributes (308ms)
			ProcessInitializeOnLoadMethodAttributes (33ms)
			AfterProcessingInitializeOnLoad (3ms)
			EditorAssembliesLoaded (0ms)
		ExecutionOrderSort2 (0ms)
		AwakeInstancesAfterBackupRestoration (13ms)
Refreshing native plugins compatible for Editor in 2.57 ms, found 4 plugins.
Preloading 0 native plugins for Editor in 0.00 ms.
Unloading 4054 Unused Serialized files (Serialized files now loaded: 0)
Unloading 25 unused Assets / (213.3 KB). Loaded Objects now: 4528.
Memory consumption went from 140.2 MB to 140.0 MB.
Total: 3.371000 ms (FindLiveObjects: 0.312300 ms CreateObjectMapping: 0.111400 ms MarkObjects: 2.765900 ms  DeleteObjects: 0.180200 ms)

Prepare: number of updated asset objects reloaded= 0
AssetImportParameters requested are different than current active one (requested -> active):
  custom:container-demuxer-ogg: 62fdf1f143b41e24485cea50d1cbac27 -> 
  custom:video-decoder-ogg-theora: a1e56fd34408186e4bbccfd4996cb3dc -> 
  custom:framework-win-MediaFoundation: 216162199b28c13a410421893ffa2e32 -> 
  custom:CustomObjectIndexerAttribute: 9a22284fe3817be447336de3de66b15e -> 
  custom:container-demuxer-webm: 4f35f7cbe854078d1ac9338744f61a02 -> 
  custom:scripting/monoscript/fileName/BulletTower.cs: 50552104c9d19a80e5b2d0f1a6d0dd85 -> 
  custom:container-muxer-webm: aa71ff27fc2769a1b78a27578f13a17b -> 
  custom:video-decoder-webm-vp8: 9c59270c3fd7afecdb556c50c9e8de78 -> 
  custom:SearchIndexIgnoredProperties: e643bd26f0fe6173181afceb89e7c659 -> 
  custom:AudioImporter_EditorPlatform: d09bf68614088b80899f8185d706f6e7 -> 
  custom:video-encoder-webm-vp8: eb34c28f22e8b96e1ab97ce403110664 -> 
  custom:audio-decoder-ogg-vorbis: bf7c407c2cedff20999df2af8eb42d56 -> 
  custom:audio-encoder-webm-vorbis: bf7c407c2cedff20999df2af8eb42d56 -> 
  custom:scripting/precompiled-assembly-types:Assembly-CSharp: ca7a8018c2311e2b05ca44ba9fd1b48a -> 
========================================================================
Received Prepare
Caller must complete domain reload
Begin MonoManager ReloadAssembly
- Loaded All Assemblies, in  0.559 seconds
Native extension for WindowsStandalone target not found
Native extension for WebGL target not found
Mono: successfully reloaded assembly
- Finished resetting the current domain, in  0.933 seconds
Domain Reload Profiling: 1491ms
	BeginReloadAssembly (149ms)
		ExecutionOrderSort (0ms)
		DisableScriptedObjects (12ms)
		BackupInstance (0ms)
		ReleaseScriptingObjects (0ms)
		CreateAndSetChildDomain (30ms)
	RebuildCommonClasses (34ms)
	RebuildNativeTypeToScriptingClass (15ms)
	initialDomainReloadingComplete (25ms)
	LoadAllAssembliesAndSetupDomain (334ms)
		LoadAssemblies (306ms)
		RebuildTransferFunctionScriptingTraits (0ms)
		AnalyzeDomain (107ms)
			TypeCache.Refresh (80ms)
				TypeCache.ScanAssembly (70ms)
			ScanForSourceGeneratedMonoScriptInfo (17ms)
			ResolveRequiredComponents (9ms)
	FinalizeReload (933ms)
		ReleaseScriptCaches (0ms)
		RebuildScriptCaches (0ms)
		SetupLoadedEditorAssemblies (510ms)
			LogAssemblyErrors (0ms)
			InitializePlatformSupportModulesInManaged (7ms)
			SetLoadedEditorAssemblies (5ms)
			RefreshPlugins (0ms)
			BeforeProcessingInitializeOnLoad (70ms)
			ProcessInitializeOnLoadAttributes (394ms)
			ProcessInitializeOnLoadMethodAttributes (31ms)
			AfterProcessingInitializeOnLoad (3ms)
			EditorAssembliesLoaded (0ms)
		ExecutionOrderSort2 (0ms)
		AwakeInstancesAfterBackupRestoration (14ms)
Refreshing native plugins compatible for Editor in 26.07 ms, found 4 plugins.
Preloading 0 native plugins for Editor in 0.00 ms.
Unloading 4066 Unused Serialized files (Serialized files now loaded: 0)
Unloading 28 unused Assets / (213.2 KB). Loaded Objects now: 4546.
Memory consumption went from 140.8 MB to 140.6 MB.
Total: 124.702900 ms (FindLiveObjects: 2.081600 ms CreateObjectMapping: 0.573600 ms MarkObjects: 121.729200 ms  DeleteObjects: 0.315800 ms)

Prepare: number of updated asset objects reloaded= 0
AssetImportParameters requested are different than current active one (requested -> active):
  custom:scripting/monoscript/fileName/DOTweenModuleUtils.cs: 34ad347c902a97803d1c13fe65e97957 -> 
  custom:container-demuxer-ogg: 62fdf1f143b41e24485cea50d1cbac27 -> 
  custom:video-decoder-ogg-theora: a1e56fd34408186e4bbccfd4996cb3dc -> 
  custom:scripting/monoscript/fileName/DOTweenModuleUnityVersion.cs: 5fda8b30fb2f0276062c9b201e3b53c4 -> 
  custom:scripting/monoscript/fileName/DOTweenModuleUI.cs: 53c26b618f695b59a868eebdc97332ad -> 
  custom:framework-win-MediaFoundation: 216162199b28c13a410421893ffa2e32 -> 
  custom:scripting/precompiled-assembly-types:Assembly-CSharp-firstpass: c3b8ba213efe735b4b5ada0ee074dcb3 -> 
  custom:scripting/precompiled-assembly-types:DOTween: 41770a3e10244ae0a34e714162bbdba6 -> 
  custom:CustomObjectIndexerAttribute: 9a22284fe3817be447336de3de66b15e -> 
  custom:container-demuxer-webm: 4f35f7cbe854078d1ac9338744f61a02 -> 
  custom:scripting/monoscript/fileName/BulletTower.cs: 50552104c9d19a80e5b2d0f1a6d0dd85 -> 
  custom:container-muxer-webm: aa71ff27fc2769a1b78a27578f13a17b -> 
  custom:video-decoder-webm-vp8: 9c59270c3fd7afecdb556c50c9e8de78 -> 
  custom:SearchIndexIgnoredProperties: e643bd26f0fe6173181afceb89e7c659 -> 
  custom:AudioImporter_EditorPlatform: d09bf68614088b80899f8185d706f6e7 -> 
  custom:scripting/monoscript/fileName/DOTweenModuleAudio.cs: 371877257ce39f5f0996ea556debbc8a -> 
  custom:scripting/monoscript/fileName/DOTweenModulePhysics2D.cs: 63b0e5981d81d026672954b54596f5ae -> 
  custom:scripting/precompiled-assembly-types:DOTweenEditor: 1efdf497b099e4e6944f0dd7fb28c744 -> 
  custom:scripting/monoscript/fileName/DOTweenModuleSprite.cs: e35fb5eb1c483cffc283a374a5e25466 -> 
  custom:video-encoder-webm-vp8: eb34c28f22e8b96e1ab97ce403110664 -> 
  custom:scripting/monoscript/fileName/DOTweenModulePhysics.cs: 87f8974001cd2397421cfdcad1904e83 -> 
  custom:audio-decoder-ogg-vorbis: bf7c407c2cedff20999df2af8eb42d56 -> 
  custom:scripting/precompiled-assembly-types:DOTweenUpgradeManager: 16e542c52fa73d4cbcd5cf54d161ea3b -> 
  custom:audio-encoder-webm-vorbis: bf7c407c2cedff20999df2af8eb42d56 -> 
  custom:scripting/precompiled-assembly-types:Assembly-CSharp: ca7a8018c2311e2b05ca44ba9fd1b48a -> 
========================================================================
Received Prepare
Caller must complete domain reload
Begin MonoManager ReloadAssembly
- Loaded All Assemblies, in  0.634 seconds
Native extension for WindowsStandalone target not found
Native extension for WebGL target not found
Mono: successfully reloaded assembly
- Finished resetting the current domain, in  1.189 seconds
Domain Reload Profiling: 1822ms
	BeginReloadAssembly (170ms)
		ExecutionOrderSort (0ms)
		DisableScriptedObjects (17ms)
		BackupInstance (0ms)
		ReleaseScriptingObjects (0ms)
		CreateAndSetChildDomain (36ms)
	RebuildCommonClasses (36ms)
	RebuildNativeTypeToScriptingClass (14ms)
	initialDomainReloadingComplete (32ms)
	LoadAllAssembliesAndSetupDomain (379ms)
		LoadAssemblies (310ms)
		RebuildTransferFunctionScriptingTraits (0ms)
		AnalyzeDomain (154ms)
			TypeCache.Refresh (113ms)
				TypeCache.ScanAssembly (99ms)
			ScanForSourceGeneratedMonoScriptInfo (30ms)
			ResolveRequiredComponents (9ms)
	FinalizeReload (1190ms)
		ReleaseScriptCaches (0ms)
		RebuildScriptCaches (0ms)
		SetupLoadedEditorAssemblies (462ms)
			LogAssemblyErrors (0ms)
			InitializePlatformSupportModulesInManaged (8ms)
			SetLoadedEditorAssemblies (7ms)
			RefreshPlugins (0ms)
			BeforeProcessingInitializeOnLoad (79ms)
			ProcessInitializeOnLoadAttributes (331ms)
			ProcessInitializeOnLoadMethodAttributes (34ms)
			AfterProcessingInitializeOnLoad (3ms)
			EditorAssembliesLoaded (0ms)
		ExecutionOrderSort2 (0ms)
		AwakeInstancesAfterBackupRestoration (13ms)
Refreshing native plugins compatible for Editor in 2.51 ms, found 4 plugins.
Preloading 0 native plugins for Editor in 0.00 ms.
Unloading 4066 Unused Serialized files (Serialized files now loaded: 0)
Unloading 28 unused Assets / (213.3 KB). Loaded Objects now: 4550.
Memory consumption went from 140.8 MB to 140.6 MB.
Total: 3.227000 ms (FindLiveObjects: 0.337400 ms CreateObjectMapping: 0.113400 ms MarkObjects: 2.581200 ms  DeleteObjects: 0.193900 ms)

Prepare: number of updated asset objects reloaded= 0
AssetImportParameters requested are different than current active one (requested -> active):
  custom:scripting/monoscript/fileName/DOTweenModuleUtils.cs: 34ad347c902a97803d1c13fe65e97957 -> 
  custom:container-demuxer-ogg: 62fdf1f143b41e24485cea50d1cbac27 -> 
  custom:video-decoder-ogg-theora: a1e56fd34408186e4bbccfd4996cb3dc -> 
  custom:scripting/monoscript/fileName/DOTweenModuleUnityVersion.cs: 5fda8b30fb2f0276062c9b201e3b53c4 -> 
  custom:scripting/monoscript/fileName/DOTweenModuleUI.cs: 53c26b618f695b59a868eebdc97332ad -> 
  custom:framework-win-MediaFoundation: 216162199b28c13a410421893ffa2e32 -> 
  custom:scripting/precompiled-assembly-types:Assembly-CSharp-firstpass: c3b8ba213efe735b4b5ada0ee074dcb3 -> 
  custom:scripting/precompiled-assembly-types:DOTween: 41770a3e10244ae0a34e714162bbdba6 -> 
  custom:CustomObjectIndexerAttribute: 9a22284fe3817be447336de3de66b15e -> 
  custom:container-demuxer-webm: 4f35f7cbe854078d1ac9338744f61a02 -> 
  custom:scripting/monoscript/fileName/BulletTower.cs: 50552104c9d19a80e5b2d0f1a6d0dd85 -> 
  custom:container-muxer-webm: aa71ff27fc2769a1b78a27578f13a17b -> 
  custom:video-decoder-webm-vp8: 9c59270c3fd7afecdb556c50c9e8de78 -> 
  custom:SearchIndexIgnoredProperties: e643bd26f0fe6173181afceb89e7c659 -> 
  custom:AudioImporter_EditorPlatform: d09bf68614088b80899f8185d706f6e7 -> 
  custom:scripting/monoscript/fileName/DOTweenModuleAudio.cs: 371877257ce39f5f0996ea556debbc8a -> 
  custom:scripting/monoscript/fileName/DOTweenModulePhysics2D.cs: 63b0e5981d81d026672954b54596f5ae -> 
  custom:scripting/precompiled-assembly-types:DOTweenEditor: 1efdf497b099e4e6944f0dd7fb28c744 -> 
  custom:scripting/monoscript/fileName/DOTweenModuleSprite.cs: e35fb5eb1c483cffc283a374a5e25466 -> 
  custom:video-encoder-webm-vp8: eb34c28f22e8b96e1ab97ce403110664 -> 
  custom:scripting/monoscript/fileName/DOTweenModulePhysics.cs: 87f8974001cd2397421cfdcad1904e83 -> 
  custom:audio-decoder-ogg-vorbis: bf7c407c2cedff20999df2af8eb42d56 -> 
  custom:scripting/precompiled-assembly-types:DOTweenUpgradeManager: 16e542c52fa73d4cbcd5cf54d161ea3b -> 
  custom:audio-encoder-webm-vorbis: bf7c407c2cedff20999df2af8eb42d56 -> 
  custom:scripting/precompiled-assembly-types:Assembly-CSharp: ca7a8018c2311e2b05ca44ba9fd1b48a -> 
========================================================================
Received Prepare
Caller must complete domain reload
Begin MonoManager ReloadAssembly
- Loaded All Assemblies, in  0.542 seconds
Native extension for WindowsStandalone target not found
Native extension for WebGL target not found
Mono: successfully reloaded assembly
- Finished resetting the current domain, in  0.788 seconds
Domain Reload Profiling: 1329ms
	BeginReloadAssembly (155ms)
		ExecutionOrderSort (0ms)
		DisableScriptedObjects (12ms)
		BackupInstance (0ms)
		ReleaseScriptingObjects (0ms)
		CreateAndSetChildDomain (36ms)
	RebuildCommonClasses (35ms)
	RebuildNativeTypeToScriptingClass (12ms)
	initialDomainReloadingComplete (27ms)
	LoadAllAssembliesAndSetupDomain (312ms)
		LoadAssemblies (285ms)
		RebuildTransferFunctionScriptingTraits (0ms)
		AnalyzeDomain (106ms)
			TypeCache.Refresh (83ms)
				TypeCache.ScanAssembly (72ms)
			ScanForSourceGeneratedMonoScriptInfo (16ms)
			ResolveRequiredComponents (5ms)
	FinalizeReload (789ms)
		ReleaseScriptCaches (0ms)
		RebuildScriptCaches (0ms)
		SetupLoadedEditorAssemblies (388ms)
			LogAssemblyErrors (0ms)
			InitializePlatformSupportModulesInManaged (6ms)
			SetLoadedEditorAssemblies (4ms)
			RefreshPlugins (0ms)
			BeforeProcessingInitializeOnLoad (68ms)
			ProcessInitializeOnLoadAttributes (277ms)
			ProcessInitializeOnLoadMethodAttributes (30ms)
			AfterProcessingInitializeOnLoad (3ms)
			EditorAssembliesLoaded (0ms)
		ExecutionOrderSort2 (0ms)
		AwakeInstancesAfterBackupRestoration (14ms)
Refreshing native plugins compatible for Editor in 2.48 ms, found 4 plugins.
Preloading 0 native plugins for Editor in 0.00 ms.
Unloading 4065 Unused Serialized files (Serialized files now loaded: 0)
Unloading 28 unused Assets / (213.8 KB). Loaded Objects now: 4553.
Memory consumption went from 140.7 MB to 140.5 MB.
Total: 3.756300 ms (FindLiveObjects: 0.337500 ms CreateObjectMapping: 0.131800 ms MarkObjects: 3.099000 ms  DeleteObjects: 0.187000 ms)

Prepare: number of updated asset objects reloaded= 0
AssetImportParameters requested are different than current active one (requested -> active):
  custom:scripting/monoscript/fileName/DOTweenModuleUtils.cs: 34ad347c902a97803d1c13fe65e97957 -> 
  custom:container-demuxer-ogg: 62fdf1f143b41e24485cea50d1cbac27 -> 
  custom:video-decoder-ogg-theora: a1e56fd34408186e4bbccfd4996cb3dc -> 
  custom:scripting/monoscript/fileName/DOTweenModuleUnityVersion.cs: 5fda8b30fb2f0276062c9b201e3b53c4 -> 
  custom:scripting/monoscript/fileName/DOTweenModuleUI.cs: 53c26b618f695b59a868eebdc97332ad -> 
  custom:framework-win-MediaFoundation: 216162199b28c13a410421893ffa2e32 -> 
  custom:scripting/precompiled-assembly-types:Assembly-CSharp-firstpass: c3b8ba213efe735b4b5ada0ee074dcb3 -> 
  custom:scripting/precompiled-assembly-types:DOTween: 41770a3e10244ae0a34e714162bbdba6 -> 
  custom:CustomObjectIndexerAttribute: 9a22284fe3817be447336de3de66b15e -> 
  custom:container-demuxer-webm: 4f35f7cbe854078d1ac9338744f61a02 -> 
  custom:scripting/monoscript/fileName/BulletTower.cs: 50552104c9d19a80e5b2d0f1a6d0dd85 -> 
  custom:container-muxer-webm: aa71ff27fc2769a1b78a27578f13a17b -> 
  custom:video-decoder-webm-vp8: 9c59270c3fd7afecdb556c50c9e8de78 -> 
  custom:SearchIndexIgnoredProperties: e643bd26f0fe6173181afceb89e7c659 -> 
  custom:AudioImporter_EditorPlatform: d09bf68614088b80899f8185d706f6e7 -> 
  custom:scripting/monoscript/fileName/DOTweenModuleAudio.cs: 371877257ce39f5f0996ea556debbc8a -> 
  custom:scripting/monoscript/fileName/DOTweenModulePhysics2D.cs: 63b0e5981d81d026672954b54596f5ae -> 
  custom:scripting/precompiled-assembly-types:DOTweenEditor: 1efdf497b099e4e6944f0dd7fb28c744 -> 
  custom:scripting/monoscript/fileName/DOTweenModuleSprite.cs: e35fb5eb1c483cffc283a374a5e25466 -> 
  custom:video-encoder-webm-vp8: eb34c28f22e8b96e1ab97ce403110664 -> 
  custom:scripting/monoscript/fileName/DOTweenModulePhysics.cs: 87f8974001cd2397421cfdcad1904e83 -> 
  custom:audio-decoder-ogg-vorbis: bf7c407c2cedff20999df2af8eb42d56 -> 
  custom:audio-encoder-webm-vorbis: bf7c407c2cedff20999df2af8eb42d56 -> 
  custom:scripting/precompiled-assembly-types:Assembly-CSharp: ca7a8018c2311e2b05ca44ba9fd1b48a -> 
========================================================================
Received Import Request.
  Time since last request: 696.850107 seconds.
  path: Assets/MyResources/Scripts/Managers
  artifactKey: Guid(46468cb328860b54e9884cc3aa1935f1) Importer(815301076,1909f56bfc062723c751e8b465ee728b)
Start importing Assets/MyResources/Scripts/Managers using Guid(46468cb328860b54e9884cc3aa1935f1) Importer(815301076,1909f56bfc062723c751e8b465ee728b) [PhysX] Initialized MultithreadedTaskDispatcher with 12 workers.
 -> (artifact id: 'c02e6ae4e53751db7c82c0dc3f3fb8cc') in 0.002896 seconds
Number of updated asset objects reloaded before import = 0
Number of asset objects unloaded after import = 0
========================================================================
Received Import Request.
  Time since last request: 9.843708 seconds.
  path: Assets/MyResources/Scripts/Time
  artifactKey: Guid(7df7172a84ba2a5449e90e0090e090d2) Importer(815301076,1909f56bfc062723c751e8b465ee728b)
Start importing Assets/MyResources/Scripts/Time using Guid(7df7172a84ba2a5449e90e0090e090d2) Importer(815301076,1909f56bfc062723c751e8b465ee728b) [PhysX] Initialized MultithreadedTaskDispatcher with 12 workers.
 -> (artifact id: '55a658eed9f9a7627eace21a76d41c4b') in 0.000723 seconds
Number of updated asset objects reloaded before import = 0
Number of asset objects unloaded after import = 0
========================================================================
Received Import Request.
  Time since last request: 4.393680 seconds.
  path: Assets/MyResources/Scripts/Time/TimeManager.cs
  artifactKey: Guid(0a08e42833c33ea44a763fe27b603984) Importer(815301076,1909f56bfc062723c751e8b465ee728b)
Start importing Assets/MyResources/Scripts/Time/TimeManager.cs using Guid(0a08e42833c33ea44a763fe27b603984) Importer(815301076,1909f56bfc062723c751e8b465ee728b) [PhysX] Initialized MultithreadedTaskDispatcher with 12 workers.
 -> (artifact id: 'b9f8c95ab3d40088c0e0c0996a1b1ef4') in 0.000682 seconds
Number of updated asset objects reloaded before import = 0
Number of asset objects unloaded after import = 0
========================================================================
Received Import Request.
  Time since last request: 13.540138 seconds.
  path: Assets/MyResources/Scripts/Time/TimeManager.cs
  artifactKey: Guid(0a08e42833c33ea44a763fe27b603984) Importer(815301076,1909f56bfc062723c751e8b465ee728b)
Start importing Assets/MyResources/Scripts/Time/TimeManager.cs using Guid(0a08e42833c33ea44a763fe27b603984) Importer(815301076,1909f56bfc062723c751e8b465ee728b) [PhysX] Initialized MultithreadedTaskDispatcher with 12 workers.
 -> (artifact id: '860ea75359b3077e450280ac1d491866') in 0.000528 seconds
Number of updated asset objects reloaded before import = 0
Number of asset objects unloaded after import = 0
========================================================================
Received Prepare
Caller must complete domain reload
Begin MonoManager ReloadAssembly
- Loaded All Assemblies, in  0.448 seconds
Native extension for WindowsStandalone target not found
Native extension for WebGL target not found
Mono: successfully reloaded assembly
- Finished resetting the current domain, in  0.884 seconds
Domain Reload Profiling: 1332ms
	BeginReloadAssembly (148ms)
		ExecutionOrderSort (0ms)
		DisableScriptedObjects (11ms)
		BackupInstance (0ms)
		ReleaseScriptingObjects (0ms)
		CreateAndSetChildDomain (36ms)
	RebuildCommonClasses (35ms)
	RebuildNativeTypeToScriptingClass (12ms)
	initialDomainReloadingComplete (25ms)
	LoadAllAssembliesAndSetupDomain (228ms)
		LoadAssemblies (275ms)
		RebuildTransferFunctionScriptingTraits (0ms)
		AnalyzeDomain (28ms)
			TypeCache.Refresh (10ms)
				TypeCache.ScanAssembly (0ms)
			ScanForSourceGeneratedMonoScriptInfo (11ms)
			ResolveRequiredComponents (6ms)
	FinalizeReload (885ms)
		ReleaseScriptCaches (0ms)
		RebuildScriptCaches (0ms)
		SetupLoadedEditorAssemblies (425ms)
			LogAssemblyErrors (0ms)
			InitializePlatformSupportModulesInManaged (6ms)
			SetLoadedEditorAssemblies (4ms)
			RefreshPlugins (0ms)
			BeforeProcessingInitializeOnLoad (71ms)
			ProcessInitializeOnLoadAttributes (307ms)
			ProcessInitializeOnLoadMethodAttributes (32ms)
			AfterProcessingInitializeOnLoad (4ms)
			EditorAssembliesLoaded (0ms)
		ExecutionOrderSort2 (0ms)
		AwakeInstancesAfterBackupRestoration (14ms)
Refreshing native plugins compatible for Editor in 2.54 ms, found 4 plugins.
Preloading 0 native plugins for Editor in 0.00 ms.
Unloading 4065 Unused Serialized files (Serialized files now loaded: 0)
Unloading 27 unused Assets / (214.3 KB). Loaded Objects now: 4558.
Memory consumption went from 140.5 MB to 140.3 MB.
Total: 3.239400 ms (FindLiveObjects: 0.330400 ms CreateObjectMapping: 0.112200 ms MarkObjects: 2.604200 ms  DeleteObjects: 0.191000 ms)

Prepare: number of updated asset objects reloaded= 0
AssetImportParameters requested are different than current active one (requested -> active):
  custom:scripting/monoscript/fileName/DOTweenModuleUtils.cs: 34ad347c902a97803d1c13fe65e97957 -> 
  custom:container-demuxer-ogg: 62fdf1f143b41e24485cea50d1cbac27 -> 
  custom:video-decoder-ogg-theora: a1e56fd34408186e4bbccfd4996cb3dc -> 
  custom:scripting/monoscript/fileName/DOTweenModuleUnityVersion.cs: 5fda8b30fb2f0276062c9b201e3b53c4 -> 
  custom:scripting/monoscript/fileName/DOTweenModuleUI.cs: 53c26b618f695b59a868eebdc97332ad -> 
  custom:framework-win-MediaFoundation: 216162199b28c13a410421893ffa2e32 -> 
  custom:scripting/precompiled-assembly-types:Assembly-CSharp-firstpass: c3b8ba213efe735b4b5ada0ee074dcb3 -> 
  custom:scripting/precompiled-assembly-types:DOTween: 41770a3e10244ae0a34e714162bbdba6 -> 
  custom:CustomObjectIndexerAttribute: 9a22284fe3817be447336de3de66b15e -> 
  custom:container-demuxer-webm: 4f35f7cbe854078d1ac9338744f61a02 -> 
  custom:scripting/monoscript/fileName/BulletTower.cs: 50552104c9d19a80e5b2d0f1a6d0dd85 -> 
  custom:scripting/monoscript/fileName/TimeManager.cs: ee896401883365d64d0753163ba65eb8 -> 
  custom:container-muxer-webm: aa71ff27fc2769a1b78a27578f13a17b -> 
  custom:video-decoder-webm-vp8: 9c59270c3fd7afecdb556c50c9e8de78 -> 
  custom:SearchIndexIgnoredProperties: e643bd26f0fe6173181afceb89e7c659 -> 
  custom:AudioImporter_EditorPlatform: d09bf68614088b80899f8185d706f6e7 -> 
  custom:scripting/monoscript/fileName/DOTweenModuleAudio.cs: 371877257ce39f5f0996ea556debbc8a -> 
  custom:scripting/monoscript/fileName/DOTweenModulePhysics2D.cs: 63b0e5981d81d026672954b54596f5ae -> 
  custom:scripting/precompiled-assembly-types:DOTweenEditor: 1efdf497b099e4e6944f0dd7fb28c744 -> 
  custom:scripting/monoscript/fileName/DOTweenModuleSprite.cs: e35fb5eb1c483cffc283a374a5e25466 -> 
  custom:video-encoder-webm-vp8: eb34c28f22e8b96e1ab97ce403110664 -> 
  custom:scripting/monoscript/fileName/DOTweenModulePhysics.cs: 87f8974001cd2397421cfdcad1904e83 -> 
  custom:audio-decoder-ogg-vorbis: bf7c407c2cedff20999df2af8eb42d56 -> 
  custom:audio-encoder-webm-vorbis: bf7c407c2cedff20999df2af8eb42d56 -> 
  custom:scripting/precompiled-assembly-types:Assembly-CSharp: 615ee3a7dad6de979056c2d033b73a9d -> 
========================================================================
Received Prepare
Caller must complete domain reload
Begin MonoManager ReloadAssembly
- Loaded All Assemblies, in  0.462 seconds
Native extension for WindowsStandalone target not found
Native extension for WebGL target not found
Mono: successfully reloaded assembly
- Finished resetting the current domain, in  0.872 seconds
Domain Reload Profiling: 1334ms
	BeginReloadAssembly (150ms)
		ExecutionOrderSort (0ms)
		DisableScriptedObjects (12ms)
		BackupInstance (0ms)
		ReleaseScriptingObjects (0ms)
		CreateAndSetChildDomain (34ms)
	RebuildCommonClasses (40ms)
	RebuildNativeTypeToScriptingClass (15ms)
	initialDomainReloadingComplete (26ms)
	LoadAllAssembliesAndSetupDomain (231ms)
		LoadAssemblies (280ms)
		RebuildTransferFunctionScriptingTraits (0ms)
		AnalyzeDomain (26ms)
			TypeCache.Refresh (9ms)
				TypeCache.ScanAssembly (0ms)
			ScanForSourceGeneratedMonoScriptInfo (10ms)
			ResolveRequiredComponents (6ms)
	FinalizeReload (873ms)
		ReleaseScriptCaches (0ms)
		RebuildScriptCaches (0ms)
		SetupLoadedEditorAssemblies (404ms)
			LogAssemblyErrors (0ms)
			InitializePlatformSupportModulesInManaged (6ms)
			SetLoadedEditorAssemblies (6ms)
			RefreshPlugins (0ms)
			BeforeProcessingInitializeOnLoad (69ms)
			ProcessInitializeOnLoadAttributes (287ms)
			ProcessInitializeOnLoadMethodAttributes (33ms)
			AfterProcessingInitializeOnLoad (3ms)
			EditorAssembliesLoaded (0ms)
		ExecutionOrderSort2 (0ms)
		AwakeInstancesAfterBackupRestoration (17ms)
Refreshing native plugins compatible for Editor in 2.54 ms, found 4 plugins.
Preloading 0 native plugins for Editor in 0.00 ms.
Unloading 4066 Unused Serialized files (Serialized files now loaded: 0)
Unloading 27 unused Assets / (213.3 KB). Loaded Objects now: 4562.
Memory consumption went from 140.8 MB to 140.6 MB.
Total: 3.273700 ms (FindLiveObjects: 0.313500 ms CreateObjectMapping: 0.109500 ms MarkObjects: 2.664300 ms  DeleteObjects: 0.185100 ms)

Prepare: number of updated asset objects reloaded= 0
AssetImportParameters requested are different than current active one (requested -> active):
  custom:scripting/monoscript/fileName/DOTweenModuleUtils.cs: 34ad347c902a97803d1c13fe65e97957 -> 
  custom:container-demuxer-ogg: 62fdf1f143b41e24485cea50d1cbac27 -> 
  custom:video-decoder-ogg-theora: a1e56fd34408186e4bbccfd4996cb3dc -> 
  custom:scripting/monoscript/fileName/DOTweenModuleUnityVersion.cs: 5fda8b30fb2f0276062c9b201e3b53c4 -> 
  custom:scripting/monoscript/fileName/DOTweenModuleUI.cs: 53c26b618f695b59a868eebdc97332ad -> 
  custom:framework-win-MediaFoundation: 216162199b28c13a410421893ffa2e32 -> 
  custom:scripting/precompiled-assembly-types:Assembly-CSharp-firstpass: c3b8ba213efe735b4b5ada0ee074dcb3 -> 
  custom:scripting/precompiled-assembly-types:DOTween: 41770a3e10244ae0a34e714162bbdba6 -> 
  custom:CustomObjectIndexerAttribute: 9a22284fe3817be447336de3de66b15e -> 
  custom:container-demuxer-webm: 4f35f7cbe854078d1ac9338744f61a02 -> 
  custom:scripting/monoscript/fileName/BulletTower.cs: 50552104c9d19a80e5b2d0f1a6d0dd85 -> 
  custom:scripting/monoscript/fileName/TimeManager.cs: ee896401883365d64d0753163ba65eb8 -> 
  custom:container-muxer-webm: aa71ff27fc2769a1b78a27578f13a17b -> 
  custom:video-decoder-webm-vp8: 9c59270c3fd7afecdb556c50c9e8de78 -> 
  custom:SearchIndexIgnoredProperties: e643bd26f0fe6173181afceb89e7c659 -> 
  custom:AudioImporter_EditorPlatform: d09bf68614088b80899f8185d706f6e7 -> 
  custom:scripting/monoscript/fileName/DOTweenModuleAudio.cs: 371877257ce39f5f0996ea556debbc8a -> 
  custom:scripting/monoscript/fileName/DOTweenModulePhysics2D.cs: 63b0e5981d81d026672954b54596f5ae -> 
  custom:scripting/precompiled-assembly-types:DOTweenEditor: 1efdf497b099e4e6944f0dd7fb28c744 -> 
  custom:scripting/monoscript/fileName/DOTweenModuleSprite.cs: e35fb5eb1c483cffc283a374a5e25466 -> 
  custom:video-encoder-webm-vp8: eb34c28f22e8b96e1ab97ce403110664 -> 
  custom:scripting/monoscript/fileName/DOTweenModulePhysics.cs: 87f8974001cd2397421cfdcad1904e83 -> 
  custom:audio-decoder-ogg-vorbis: bf7c407c2cedff20999df2af8eb42d56 -> 
  custom:audio-encoder-webm-vorbis: bf7c407c2cedff20999df2af8eb42d56 -> 
  custom:scripting/precompiled-assembly-types:Assembly-CSharp: 23fec4908cb0a693fc03b7495014d0b3 -> 
========================================================================
Received Prepare
Caller must complete domain reload
Begin MonoManager ReloadAssembly
- Loaded All Assemblies, in  0.440 seconds
Native extension for WindowsStandalone target not found
Native extension for WebGL target not found
Mono: successfully reloaded assembly
- Finished resetting the current domain, in  0.829 seconds
Domain Reload Profiling: 1269ms
	BeginReloadAssembly (145ms)
		ExecutionOrderSort (0ms)
		DisableScriptedObjects (11ms)
		BackupInstance (0ms)
		ReleaseScriptingObjects (0ms)
		CreateAndSetChildDomain (32ms)
	RebuildCommonClasses (34ms)
	RebuildNativeTypeToScriptingClass (12ms)
	initialDomainReloadingComplete (25ms)
	LoadAllAssembliesAndSetupDomain (224ms)
		LoadAssemblies (271ms)
		RebuildTransferFunctionScriptingTraits (0ms)
		AnalyzeDomain (27ms)
			TypeCache.Refresh (9ms)
				TypeCache.ScanAssembly (0ms)
			ScanForSourceGeneratedMonoScriptInfo (11ms)
			ResolveRequiredComponents (6ms)
	FinalizeReload (830ms)
		ReleaseScriptCaches (0ms)
		RebuildScriptCaches (0ms)
		SetupLoadedEditorAssemblies (407ms)
			LogAssemblyErrors (0ms)
			InitializePlatformSupportModulesInManaged (7ms)
			SetLoadedEditorAssemblies (5ms)
			RefreshPlugins (0ms)
			BeforeProcessingInitializeOnLoad (75ms)
			ProcessInitializeOnLoadAttributes (284ms)
			ProcessInitializeOnLoadMethodAttributes (32ms)
			AfterProcessingInitializeOnLoad (3ms)
			EditorAssembliesLoaded (0ms)
		ExecutionOrderSort2 (0ms)
		AwakeInstancesAfterBackupRestoration (12ms)
Refreshing native plugins compatible for Editor in 2.64 ms, found 4 plugins.
Preloading 0 native plugins for Editor in 0.00 ms.
Unloading 4066 Unused Serialized files (Serialized files now loaded: 0)
Unloading 27 unused Assets / (213.5 KB). Loaded Objects now: 4566.
Memory consumption went from 140.8 MB to 140.6 MB.
Total: 3.955700 ms (FindLiveObjects: 0.581700 ms CreateObjectMapping: 0.341800 ms MarkObjects: 2.816200 ms  DeleteObjects: 0.214000 ms)

Prepare: number of updated asset objects reloaded= 0
AssetImportParameters requested are different than current active one (requested -> active):
  custom:scripting/monoscript/fileName/DOTweenModuleUtils.cs: 34ad347c902a97803d1c13fe65e97957 -> 
  custom:container-demuxer-ogg: 62fdf1f143b41e24485cea50d1cbac27 -> 
  custom:video-decoder-ogg-theora: a1e56fd34408186e4bbccfd4996cb3dc -> 
  custom:scripting/monoscript/fileName/DOTweenModuleUnityVersion.cs: 5fda8b30fb2f0276062c9b201e3b53c4 -> 
  custom:scripting/monoscript/fileName/DOTweenModuleUI.cs: 53c26b618f695b59a868eebdc97332ad -> 
  custom:framework-win-MediaFoundation: 216162199b28c13a410421893ffa2e32 -> 
  custom:scripting/precompiled-assembly-types:Assembly-CSharp-firstpass: c3b8ba213efe735b4b5ada0ee074dcb3 -> 
  custom:scripting/precompiled-assembly-types:DOTween: 41770a3e10244ae0a34e714162bbdba6 -> 
  custom:CustomObjectIndexerAttribute: 9a22284fe3817be447336de3de66b15e -> 
  custom:container-demuxer-webm: 4f35f7cbe854078d1ac9338744f61a02 -> 
  custom:scripting/monoscript/fileName/BulletTower.cs: 50552104c9d19a80e5b2d0f1a6d0dd85 -> 
  custom:scripting/monoscript/fileName/TimeManager.cs: ee896401883365d64d0753163ba65eb8 -> 
  custom:container-muxer-webm: aa71ff27fc2769a1b78a27578f13a17b -> 
  custom:video-decoder-webm-vp8: 9c59270c3fd7afecdb556c50c9e8de78 -> 
  custom:SearchIndexIgnoredProperties: e643bd26f0fe6173181afceb89e7c659 -> 
  custom:AudioImporter_EditorPlatform: d09bf68614088b80899f8185d706f6e7 -> 
  custom:scripting/monoscript/fileName/DOTweenModuleAudio.cs: 371877257ce39f5f0996ea556debbc8a -> 
  custom:scripting/monoscript/fileName/DOTweenModulePhysics2D.cs: 63b0e5981d81d026672954b54596f5ae -> 
  custom:scripting/precompiled-assembly-types:DOTweenEditor: 1efdf497b099e4e6944f0dd7fb28c744 -> 
  custom:scripting/monoscript/fileName/DOTweenModuleSprite.cs: e35fb5eb1c483cffc283a374a5e25466 -> 
  custom:video-encoder-webm-vp8: eb34c28f22e8b96e1ab97ce403110664 -> 
  custom:scripting/monoscript/fileName/DOTweenModulePhysics.cs: 87f8974001cd2397421cfdcad1904e83 -> 
  custom:audio-decoder-ogg-vorbis: bf7c407c2cedff20999df2af8eb42d56 -> 
  custom:audio-encoder-webm-vorbis: bf7c407c2cedff20999df2af8eb42d56 -> 
  custom:scripting/precompiled-assembly-types:Assembly-CSharp: 23fec4908cb0a693fc03b7495014d0b3 -> 
========================================================================
Received Prepare
Caller must complete domain reload
Begin MonoManager ReloadAssembly
- Loaded All Assemblies, in  0.414 seconds
Native extension for WindowsStandalone target not found
Native extension for WebGL target not found
Mono: successfully reloaded assembly
- Finished resetting the current domain, in  0.854 seconds
Domain Reload Profiling: 1268ms
	BeginReloadAssembly (147ms)
		ExecutionOrderSort (0ms)
		DisableScriptedObjects (12ms)
		BackupInstance (0ms)
		ReleaseScriptingObjects (0ms)
		CreateAndSetChildDomain (33ms)
	RebuildCommonClasses (34ms)
	RebuildNativeTypeToScriptingClass (11ms)
	initialDomainReloadingComplete (24ms)
	LoadAllAssembliesAndSetupDomain (196ms)
		LoadAssemblies (257ms)
		RebuildTransferFunctionScriptingTraits (0ms)
		AnalyzeDomain (13ms)
			TypeCache.Refresh (6ms)
				TypeCache.ScanAssembly (0ms)
			ScanForSourceGeneratedMonoScriptInfo (0ms)
			ResolveRequiredComponents (6ms)
	FinalizeReload (855ms)
		ReleaseScriptCaches (0ms)
		RebuildScriptCaches (0ms)
		SetupLoadedEditorAssemblies (423ms)
			LogAssemblyErrors (0ms)
			InitializePlatformSupportModulesInManaged (6ms)
			SetLoadedEditorAssemblies (5ms)
			RefreshPlugins (0ms)
			BeforeProcessingInitializeOnLoad (70ms)
			ProcessInitializeOnLoadAttributes (305ms)
			ProcessInitializeOnLoadMethodAttributes (34ms)
			AfterProcessingInitializeOnLoad (3ms)
			EditorAssembliesLoaded (0ms)
		ExecutionOrderSort2 (0ms)
		AwakeInstancesAfterBackupRestoration (13ms)
Refreshing native plugins compatible for Editor in 3.03 ms, found 4 plugins.
Preloading 0 native plugins for Editor in 0.00 ms.
Unloading 4066 Unused Serialized files (Serialized files now loaded: 0)
Unloading 27 unused Assets / (213.1 KB). Loaded Objects now: 4570.
Memory consumption went from 140.8 MB to 140.6 MB.
Total: 3.411700 ms (FindLiveObjects: 0.363300 ms CreateObjectMapping: 0.130500 ms MarkObjects: 2.683300 ms  DeleteObjects: 0.233600 ms)

Prepare: number of updated asset objects reloaded= 0
AssetImportParameters requested are different than current active one (requested -> active):
  custom:scripting/monoscript/fileName/DOTweenModuleUtils.cs: 34ad347c902a97803d1c13fe65e97957 -> 
  custom:container-demuxer-ogg: 62fdf1f143b41e24485cea50d1cbac27 -> 
  custom:video-decoder-ogg-theora: a1e56fd34408186e4bbccfd4996cb3dc -> 
  custom:scripting/monoscript/fileName/DOTweenModuleUnityVersion.cs: 5fda8b30fb2f0276062c9b201e3b53c4 -> 
  custom:scripting/monoscript/fileName/DOTweenModuleUI.cs: 53c26b618f695b59a868eebdc97332ad -> 
  custom:framework-win-MediaFoundation: 216162199b28c13a410421893ffa2e32 -> 
  custom:scripting/precompiled-assembly-types:Assembly-CSharp-firstpass: c3b8ba213efe735b4b5ada0ee074dcb3 -> 
  custom:scripting/precompiled-assembly-types:DOTween: 41770a3e10244ae0a34e714162bbdba6 -> 
  custom:CustomObjectIndexerAttribute: 9a22284fe3817be447336de3de66b15e -> 
  custom:container-demuxer-webm: 4f35f7cbe854078d1ac9338744f61a02 -> 
  custom:scripting/monoscript/fileName/BulletTower.cs: 50552104c9d19a80e5b2d0f1a6d0dd85 -> 
  custom:scripting/monoscript/fileName/TimeManager.cs: ee896401883365d64d0753163ba65eb8 -> 
  custom:container-muxer-webm: aa71ff27fc2769a1b78a27578f13a17b -> 
  custom:video-decoder-webm-vp8: 9c59270c3fd7afecdb556c50c9e8de78 -> 
  custom:SearchIndexIgnoredProperties: e643bd26f0fe6173181afceb89e7c659 -> 
  custom:AudioImporter_EditorPlatform: d09bf68614088b80899f8185d706f6e7 -> 
  custom:scripting/monoscript/fileName/DOTweenModuleAudio.cs: 371877257ce39f5f0996ea556debbc8a -> 
  custom:scripting/monoscript/fileName/DOTweenModulePhysics2D.cs: 63b0e5981d81d026672954b54596f5ae -> 
  custom:scripting/precompiled-assembly-types:DOTweenEditor: 1efdf497b099e4e6944f0dd7fb28c744 -> 
  custom:scripting/monoscript/fileName/DOTweenModuleSprite.cs: e35fb5eb1c483cffc283a374a5e25466 -> 
  custom:video-encoder-webm-vp8: eb34c28f22e8b96e1ab97ce403110664 -> 
  custom:scripting/monoscript/fileName/DOTweenModulePhysics.cs: 87f8974001cd2397421cfdcad1904e83 -> 
  custom:audio-decoder-ogg-vorbis: bf7c407c2cedff20999df2af8eb42d56 -> 
  custom:audio-encoder-webm-vorbis: bf7c407c2cedff20999df2af8eb42d56 -> 
  custom:scripting/precompiled-assembly-types:Assembly-CSharp: 23fec4908cb0a693fc03b7495014d0b3 -> 
========================================================================
Received Prepare
Caller must complete domain reload
Begin MonoManager ReloadAssembly
- Loaded All Assemblies, in  0.422 seconds
Native extension for WindowsStandalone target not found
Native extension for WebGL target not found
Mono: successfully reloaded assembly
- Finished resetting the current domain, in  0.845 seconds
Domain Reload Profiling: 1267ms
	BeginReloadAssembly (152ms)
		ExecutionOrderSort (0ms)
		DisableScriptedObjects (12ms)
		BackupInstance (0ms)
		ReleaseScriptingObjects (0ms)
		CreateAndSetChildDomain (31ms)
	RebuildCommonClasses (33ms)
	RebuildNativeTypeToScriptingClass (12ms)
	initialDomainReloadingComplete (25ms)
	LoadAllAssembliesAndSetupDomain (200ms)
		LoadAssemblies (268ms)
		RebuildTransferFunctionScriptingTraits (0ms)
		AnalyzeDomain (12ms)
			TypeCache.Refresh (6ms)
				TypeCache.ScanAssembly (0ms)
			ScanForSourceGeneratedMonoScriptInfo (0ms)
			ResolveRequiredComponents (6ms)
	FinalizeReload (846ms)
		ReleaseScriptCaches (0ms)
		RebuildScriptCaches (0ms)
		SetupLoadedEditorAssemblies (414ms)
			LogAssemblyErrors (0ms)
			InitializePlatformSupportModulesInManaged (6ms)
			SetLoadedEditorAssemblies (5ms)
			RefreshPlugins (0ms)
			BeforeProcessingInitializeOnLoad (70ms)
			ProcessInitializeOnLoadAttributes (298ms)
			ProcessInitializeOnLoadMethodAttributes (33ms)
			AfterProcessingInitializeOnLoad (3ms)
			EditorAssembliesLoaded (0ms)
		ExecutionOrderSort2 (0ms)
		AwakeInstancesAfterBackupRestoration (13ms)
Refreshing native plugins compatible for Editor in 2.77 ms, found 4 plugins.
Preloading 0 native plugins for Editor in 0.00 ms.
Unloading 4066 Unused Serialized files (Serialized files now loaded: 0)
Unloading 27 unused Assets / (213.3 KB). Loaded Objects now: 4574.
Memory consumption went from 140.8 MB to 140.6 MB.
Total: 3.339400 ms (FindLiveObjects: 0.379500 ms CreateObjectMapping: 0.184100 ms MarkObjects: 2.582000 ms  DeleteObjects: 0.192600 ms)

Prepare: number of updated asset objects reloaded= 0
AssetImportParameters requested are different than current active one (requested -> active):
  custom:scripting/monoscript/fileName/DOTweenModuleUtils.cs: 34ad347c902a97803d1c13fe65e97957 -> 
  custom:container-demuxer-ogg: 62fdf1f143b41e24485cea50d1cbac27 -> 
  custom:video-decoder-ogg-theora: a1e56fd34408186e4bbccfd4996cb3dc -> 
  custom:scripting/monoscript/fileName/DOTweenModuleUnityVersion.cs: 5fda8b30fb2f0276062c9b201e3b53c4 -> 
  custom:scripting/monoscript/fileName/DOTweenModuleUI.cs: 53c26b618f695b59a868eebdc97332ad -> 
  custom:framework-win-MediaFoundation: 216162199b28c13a410421893ffa2e32 -> 
  custom:scripting/precompiled-assembly-types:Assembly-CSharp-firstpass: c3b8ba213efe735b4b5ada0ee074dcb3 -> 
  custom:scripting/precompiled-assembly-types:DOTween: 41770a3e10244ae0a34e714162bbdba6 -> 
  custom:CustomObjectIndexerAttribute: 9a22284fe3817be447336de3de66b15e -> 
  custom:container-demuxer-webm: 4f35f7cbe854078d1ac9338744f61a02 -> 
  custom:scripting/monoscript/fileName/BulletTower.cs: 50552104c9d19a80e5b2d0f1a6d0dd85 -> 
  custom:scripting/monoscript/fileName/TimeManager.cs: ee896401883365d64d0753163ba65eb8 -> 
  custom:container-muxer-webm: aa71ff27fc2769a1b78a27578f13a17b -> 
  custom:video-decoder-webm-vp8: 9c59270c3fd7afecdb556c50c9e8de78 -> 
  custom:SearchIndexIgnoredProperties: e643bd26f0fe6173181afceb89e7c659 -> 
  custom:AudioImporter_EditorPlatform: d09bf68614088b80899f8185d706f6e7 -> 
  custom:scripting/monoscript/fileName/DOTweenModuleAudio.cs: 371877257ce39f5f0996ea556debbc8a -> 
  custom:scripting/monoscript/fileName/DOTweenModulePhysics2D.cs: 63b0e5981d81d026672954b54596f5ae -> 
  custom:scripting/precompiled-assembly-types:DOTweenEditor: 1efdf497b099e4e6944f0dd7fb28c744 -> 
  custom:scripting/monoscript/fileName/DOTweenModuleSprite.cs: e35fb5eb1c483cffc283a374a5e25466 -> 
  custom:video-encoder-webm-vp8: eb34c28f22e8b96e1ab97ce403110664 -> 
  custom:scripting/monoscript/fileName/DOTweenModulePhysics.cs: 87f8974001cd2397421cfdcad1904e83 -> 
  custom:audio-decoder-ogg-vorbis: bf7c407c2cedff20999df2af8eb42d56 -> 
  custom:audio-encoder-webm-vorbis: bf7c407c2cedff20999df2af8eb42d56 -> 
  custom:scripting/precompiled-assembly-types:Assembly-CSharp: 23fec4908cb0a693fc03b7495014d0b3 -> 
========================================================================
Received Prepare
Caller must complete domain reload
Begin MonoManager ReloadAssembly
- Loaded All Assemblies, in  0.429 seconds
Native extension for WindowsStandalone target not found
Native extension for WebGL target not found
Mono: successfully reloaded assembly
- Finished resetting the current domain, in  0.872 seconds
Domain Reload Profiling: 1301ms
	BeginReloadAssembly (146ms)
		ExecutionOrderSort (0ms)
		DisableScriptedObjects (12ms)
		BackupInstance (0ms)
		ReleaseScriptingObjects (0ms)
		CreateAndSetChildDomain (31ms)
	RebuildCommonClasses (34ms)
	RebuildNativeTypeToScriptingClass (12ms)
	initialDomainReloadingComplete (25ms)
	LoadAllAssembliesAndSetupDomain (212ms)
		LoadAssemblies (269ms)
		RebuildTransferFunctionScriptingTraits (0ms)
		AnalyzeDomain (18ms)
			TypeCache.Refresh (7ms)
				TypeCache.ScanAssembly (0ms)
			ScanForSourceGeneratedMonoScriptInfo (0ms)
			ResolveRequiredComponents (9ms)
	FinalizeReload (872ms)
		ReleaseScriptCaches (0ms)
		RebuildScriptCaches (0ms)
		SetupLoadedEditorAssemblies (442ms)
			LogAssemblyErrors (0ms)
			InitializePlatformSupportModulesInManaged (6ms)
			SetLoadedEditorAssemblies (4ms)
			RefreshPlugins (0ms)
			BeforeProcessingInitializeOnLoad (66ms)
			ProcessInitializeOnLoadAttributes (332ms)
			ProcessInitializeOnLoadMethodAttributes (32ms)
			AfterProcessingInitializeOnLoad (3ms)
			EditorAssembliesLoaded (0ms)
		ExecutionOrderSort2 (0ms)
		AwakeInstancesAfterBackupRestoration (12ms)
Refreshing native plugins compatible for Editor in 2.54 ms, found 4 plugins.
Preloading 0 native plugins for Editor in 0.00 ms.
Unloading 4066 Unused Serialized files (Serialized files now loaded: 0)
Unloading 27 unused Assets / (214.5 KB). Loaded Objects now: 4578.
Memory consumption went from 140.8 MB to 140.6 MB.
Total: 3.441000 ms (FindLiveObjects: 0.408300 ms CreateObjectMapping: 0.143500 ms MarkObjects: 2.697800 ms  DeleteObjects: 0.189900 ms)

Prepare: number of updated asset objects reloaded= 0
AssetImportParameters requested are different than current active one (requested -> active):
  custom:scripting/monoscript/fileName/DOTweenModuleUtils.cs: 34ad347c902a97803d1c13fe65e97957 -> 
  custom:container-demuxer-ogg: 62fdf1f143b41e24485cea50d1cbac27 -> 
  custom:video-decoder-ogg-theora: a1e56fd34408186e4bbccfd4996cb3dc -> 
  custom:scripting/monoscript/fileName/DOTweenModuleUnityVersion.cs: 5fda8b30fb2f0276062c9b201e3b53c4 -> 
  custom:scripting/monoscript/fileName/DOTweenModuleUI.cs: 53c26b618f695b59a868eebdc97332ad -> 
  custom:framework-win-MediaFoundation: 216162199b28c13a410421893ffa2e32 -> 
  custom:scripting/precompiled-assembly-types:Assembly-CSharp-firstpass: c3b8ba213efe735b4b5ada0ee074dcb3 -> 
  custom:scripting/precompiled-assembly-types:DOTween: 41770a3e10244ae0a34e714162bbdba6 -> 
  custom:CustomObjectIndexerAttribute: 9a22284fe3817be447336de3de66b15e -> 
  custom:container-demuxer-webm: 4f35f7cbe854078d1ac9338744f61a02 -> 
  custom:scripting/monoscript/fileName/BulletTower.cs: 50552104c9d19a80e5b2d0f1a6d0dd85 -> 
  custom:scripting/monoscript/fileName/TimeManager.cs: ee896401883365d64d0753163ba65eb8 -> 
  custom:container-muxer-webm: aa71ff27fc2769a1b78a27578f13a17b -> 
  custom:video-decoder-webm-vp8: 9c59270c3fd7afecdb556c50c9e8de78 -> 
  custom:SearchIndexIgnoredProperties: e643bd26f0fe6173181afceb89e7c659 -> 
  custom:AudioImporter_EditorPlatform: d09bf68614088b80899f8185d706f6e7 -> 
  custom:scripting/monoscript/fileName/DOTweenModuleAudio.cs: 371877257ce39f5f0996ea556debbc8a -> 
  custom:scripting/monoscript/fileName/DOTweenModulePhysics2D.cs: 63b0e5981d81d026672954b54596f5ae -> 
  custom:scripting/precompiled-assembly-types:DOTweenEditor: 1efdf497b099e4e6944f0dd7fb28c744 -> 
  custom:scripting/monoscript/fileName/DOTweenModuleSprite.cs: e35fb5eb1c483cffc283a374a5e25466 -> 
  custom:video-encoder-webm-vp8: eb34c28f22e8b96e1ab97ce403110664 -> 
  custom:scripting/monoscript/fileName/DOTweenModulePhysics.cs: 87f8974001cd2397421cfdcad1904e83 -> 
  custom:audio-decoder-ogg-vorbis: bf7c407c2cedff20999df2af8eb42d56 -> 
  custom:audio-encoder-webm-vorbis: bf7c407c2cedff20999df2af8eb42d56 -> 
  custom:scripting/precompiled-assembly-types:Assembly-CSharp: 23fec4908cb0a693fc03b7495014d0b3 -> 
========================================================================
Received Prepare
Caller must complete domain reload
Begin MonoManager ReloadAssembly
- Loaded All Assemblies, in  0.421 seconds
Native extension for WindowsStandalone target not found
Native extension for WebGL target not found
Mono: successfully reloaded assembly
- Finished resetting the current domain, in  0.869 seconds
Domain Reload Profiling: 1290ms
	BeginReloadAssembly (146ms)
		ExecutionOrderSort (0ms)
		DisableScriptedObjects (11ms)
		BackupInstance (0ms)
		ReleaseScriptingObjects (0ms)
		CreateAndSetChildDomain (32ms)
	RebuildCommonClasses (34ms)
	RebuildNativeTypeToScriptingClass (11ms)
	initialDomainReloadingComplete (27ms)
	LoadAllAssembliesAndSetupDomain (201ms)
		LoadAssemblies (261ms)
		RebuildTransferFunctionScriptingTraits (0ms)
		AnalyzeDomain (12ms)
			TypeCache.Refresh (5ms)
				TypeCache.ScanAssembly (0ms)
			ScanForSourceGeneratedMonoScriptInfo (0ms)
			ResolveRequiredComponents (6ms)
	FinalizeReload (870ms)
		ReleaseScriptCaches (0ms)
		RebuildScriptCaches (0ms)
		SetupLoadedEditorAssemblies (441ms)
			LogAssemblyErrors (0ms)
			InitializePlatformSupportModulesInManaged (6ms)
			SetLoadedEditorAssemblies (5ms)
			RefreshPlugins (0ms)
			BeforeProcessingInitializeOnLoad (71ms)
			ProcessInitializeOnLoadAttributes (324ms)
			ProcessInitializeOnLoadMethodAttributes (33ms)
			AfterProcessingInitializeOnLoad (3ms)
			EditorAssembliesLoaded (0ms)
		ExecutionOrderSort2 (0ms)
		AwakeInstancesAfterBackupRestoration (14ms)
Refreshing native plugins compatible for Editor in 3.05 ms, found 4 plugins.
Preloading 0 native plugins for Editor in 0.00 ms.
Unloading 4066 Unused Serialized files (Serialized files now loaded: 0)
Unloading 27 unused Assets / (213.3 KB). Loaded Objects now: 4582.
Memory consumption went from 140.8 MB to 140.6 MB.
Total: 3.843500 ms (FindLiveObjects: 0.333400 ms CreateObjectMapping: 0.124000 ms MarkObjects: 3.164600 ms  DeleteObjects: 0.219900 ms)

Prepare: number of updated asset objects reloaded= 0
AssetImportParameters requested are different than current active one (requested -> active):
  custom:scripting/monoscript/fileName/DOTweenModuleUtils.cs: 34ad347c902a97803d1c13fe65e97957 -> 
  custom:container-demuxer-ogg: 62fdf1f143b41e24485cea50d1cbac27 -> 
  custom:video-decoder-ogg-theora: a1e56fd34408186e4bbccfd4996cb3dc -> 
  custom:scripting/monoscript/fileName/DOTweenModuleUnityVersion.cs: 5fda8b30fb2f0276062c9b201e3b53c4 -> 
  custom:scripting/monoscript/fileName/DOTweenModuleUI.cs: 53c26b618f695b59a868eebdc97332ad -> 
  custom:framework-win-MediaFoundation: 216162199b28c13a410421893ffa2e32 -> 
  custom:scripting/precompiled-assembly-types:Assembly-CSharp-firstpass: c3b8ba213efe735b4b5ada0ee074dcb3 -> 
  custom:scripting/precompiled-assembly-types:DOTween: 41770a3e10244ae0a34e714162bbdba6 -> 
  custom:CustomObjectIndexerAttribute: 9a22284fe3817be447336de3de66b15e -> 
  custom:container-demuxer-webm: 4f35f7cbe854078d1ac9338744f61a02 -> 
  custom:scripting/monoscript/fileName/BulletTower.cs: 50552104c9d19a80e5b2d0f1a6d0dd85 -> 
  custom:scripting/monoscript/fileName/TimeManager.cs: ee896401883365d64d0753163ba65eb8 -> 
  custom:container-muxer-webm: aa71ff27fc2769a1b78a27578f13a17b -> 
  custom:video-decoder-webm-vp8: 9c59270c3fd7afecdb556c50c9e8de78 -> 
  custom:SearchIndexIgnoredProperties: e643bd26f0fe6173181afceb89e7c659 -> 
  custom:AudioImporter_EditorPlatform: d09bf68614088b80899f8185d706f6e7 -> 
  custom:scripting/monoscript/fileName/DOTweenModuleAudio.cs: 371877257ce39f5f0996ea556debbc8a -> 
  custom:scripting/monoscript/fileName/DOTweenModulePhysics2D.cs: 63b0e5981d81d026672954b54596f5ae -> 
  custom:scripting/precompiled-assembly-types:DOTweenEditor: 1efdf497b099e4e6944f0dd7fb28c744 -> 
  custom:scripting/monoscript/fileName/DOTweenModuleSprite.cs: e35fb5eb1c483cffc283a374a5e25466 -> 
  custom:video-encoder-webm-vp8: eb34c28f22e8b96e1ab97ce403110664 -> 
  custom:scripting/monoscript/fileName/DOTweenModulePhysics.cs: 87f8974001cd2397421cfdcad1904e83 -> 
  custom:audio-decoder-ogg-vorbis: bf7c407c2cedff20999df2af8eb42d56 -> 
  custom:audio-encoder-webm-vorbis: bf7c407c2cedff20999df2af8eb42d56 -> 
  custom:scripting/precompiled-assembly-types:Assembly-CSharp: 23fec4908cb0a693fc03b7495014d0b3 -> 
========================================================================
Received Prepare
Caller must complete domain reload
Begin MonoManager ReloadAssembly
- Loaded All Assemblies, in  0.485 seconds
Native extension for WindowsStandalone target not found
Native extension for WebGL target not found
Mono: successfully reloaded assembly
- Finished resetting the current domain, in  0.895 seconds
Domain Reload Profiling: 1380ms
	BeginReloadAssembly (153ms)
		ExecutionOrderSort (0ms)
		DisableScriptedObjects (13ms)
		BackupInstance (0ms)
		ReleaseScriptingObjects (0ms)
		CreateAndSetChildDomain (34ms)
	RebuildCommonClasses (40ms)
	RebuildNativeTypeToScriptingClass (12ms)
	initialDomainReloadingComplete (31ms)
	LoadAllAssembliesAndSetupDomain (248ms)
		LoadAssemblies (300ms)
		RebuildTransferFunctionScriptingTraits (0ms)
		AnalyzeDomain (26ms)
			TypeCache.Refresh (9ms)
				TypeCache.ScanAssembly (0ms)
			ScanForSourceGeneratedMonoScriptInfo (10ms)
			ResolveRequiredComponents (6ms)
	FinalizeReload (895ms)
		ReleaseScriptCaches (0ms)
		RebuildScriptCaches (0ms)
		SetupLoadedEditorAssemblies (436ms)
			LogAssemblyErrors (0ms)
			InitializePlatformSupportModulesInManaged (6ms)
			SetLoadedEditorAssemblies (5ms)
			RefreshPlugins (0ms)
			BeforeProcessingInitializeOnLoad (70ms)
			ProcessInitializeOnLoadAttributes (315ms)
			ProcessInitializeOnLoadMethodAttributes (37ms)
			AfterProcessingInitializeOnLoad (3ms)
			EditorAssembliesLoaded (0ms)
		ExecutionOrderSort2 (0ms)
		AwakeInstancesAfterBackupRestoration (12ms)
Script is not up to date after domain reload: guid(da681afa752bc5144a542ccf7de4ffce) path("Assets/MyResources/Scripts/BulletTower.cs") state(2)
Refreshing native plugins compatible for Editor in 5.09 ms, found 4 plugins.
Preloading 0 native plugins for Editor in 0.00 ms.
Unloading 4065 Unused Serialized files (Serialized files now loaded: 0)
Unloading 27 unused Assets / (213.4 KB). Loaded Objects now: 4585.
Memory consumption went from 140.8 MB to 140.6 MB.
Total: 7.286500 ms (FindLiveObjects: 0.749500 ms CreateObjectMapping: 0.505500 ms MarkObjects: 5.731000 ms  DeleteObjects: 0.294900 ms)

Prepare: number of updated asset objects reloaded= 0
AssetImportParameters requested are different than current active one (requested -> active):
  custom:scripting/monoscript/fileName/DOTweenModuleUtils.cs: 34ad347c902a97803d1c13fe65e97957 -> 
  custom:container-demuxer-ogg: 62fdf1f143b41e24485cea50d1cbac27 -> 
  custom:video-decoder-ogg-theora: a1e56fd34408186e4bbccfd4996cb3dc -> 
  custom:scripting/monoscript/fileName/DOTweenModuleUnityVersion.cs: 5fda8b30fb2f0276062c9b201e3b53c4 -> 
  custom:scripting/monoscript/fileName/DOTweenModuleUI.cs: 53c26b618f695b59a868eebdc97332ad -> 
  custom:framework-win-MediaFoundation: 216162199b28c13a410421893ffa2e32 -> 
  custom:scripting/precompiled-assembly-types:Assembly-CSharp-firstpass: c3b8ba213efe735b4b5ada0ee074dcb3 -> 
  custom:scripting/precompiled-assembly-types:DOTween: 41770a3e10244ae0a34e714162bbdba6 -> 
  custom:CustomObjectIndexerAttribute: 9a22284fe3817be447336de3de66b15e -> 
  custom:container-demuxer-webm: 4f35f7cbe854078d1ac9338744f61a02 -> 
  custom:scripting/monoscript/fileName/BulletTower.cs: 50552104c9d19a80e5b2d0f1a6d0dd85 -> 
  custom:scripting/monoscript/fileName/TimeManager.cs: ee896401883365d64d0753163ba65eb8 -> 
  custom:container-muxer-webm: aa71ff27fc2769a1b78a27578f13a17b -> 
  custom:video-decoder-webm-vp8: 9c59270c3fd7afecdb556c50c9e8de78 -> 
  custom:SearchIndexIgnoredProperties: e643bd26f0fe6173181afceb89e7c659 -> 
  custom:AudioImporter_EditorPlatform: d09bf68614088b80899f8185d706f6e7 -> 
  custom:scripting/monoscript/fileName/DOTweenModuleAudio.cs: 371877257ce39f5f0996ea556debbc8a -> 
  custom:scripting/monoscript/fileName/DOTweenModulePhysics2D.cs: 63b0e5981d81d026672954b54596f5ae -> 
  custom:scripting/precompiled-assembly-types:DOTweenEditor: 1efdf497b099e4e6944f0dd7fb28c744 -> 
  custom:scripting/monoscript/fileName/DOTweenModuleSprite.cs: e35fb5eb1c483cffc283a374a5e25466 -> 
  custom:video-encoder-webm-vp8: eb34c28f22e8b96e1ab97ce403110664 -> 
  custom:scripting/monoscript/fileName/DOTweenModulePhysics.cs: 87f8974001cd2397421cfdcad1904e83 -> 
  custom:audio-decoder-ogg-vorbis: bf7c407c2cedff20999df2af8eb42d56 -> 
  custom:audio-encoder-webm-vorbis: bf7c407c2cedff20999df2af8eb42d56 -> 
  custom:scripting/precompiled-assembly-types:Assembly-CSharp: 8614047314928dafdca8ffe5f9afc885 -> 
========================================================================
Received Prepare
Caller must complete domain reload
Begin MonoManager ReloadAssembly
- Loaded All Assemblies, in  0.468 seconds
Native extension for WindowsStandalone target not found
Native extension for WebGL target not found
Mono: successfully reloaded assembly
- Finished resetting the current domain, in  0.881 seconds
Domain Reload Profiling: 1348ms
	BeginReloadAssembly (149ms)
		ExecutionOrderSort (0ms)
		DisableScriptedObjects (12ms)
		BackupInstance (0ms)
		ReleaseScriptingObjects (0ms)
		CreateAndSetChildDomain (32ms)
	RebuildCommonClasses (42ms)
	RebuildNativeTypeToScriptingClass (17ms)
	initialDomainReloadingComplete (25ms)
	LoadAllAssembliesAndSetupDomain (235ms)
		LoadAssemblies (280ms)
		RebuildTransferFunctionScriptingTraits (0ms)
		AnalyzeDomain (33ms)
			TypeCache.Refresh (11ms)
				TypeCache.ScanAssembly (0ms)
			ScanForSourceGeneratedMonoScriptInfo (12ms)
			ResolveRequiredComponents (9ms)
	FinalizeReload (881ms)
		ReleaseScriptCaches (0ms)
		RebuildScriptCaches (0ms)
		SetupLoadedEditorAssemblies (441ms)
			LogAssemblyErrors (0ms)
			InitializePlatformSupportModulesInManaged (8ms)
			SetLoadedEditorAssemblies (5ms)
			RefreshPlugins (0ms)
			BeforeProcessingInitializeOnLoad (69ms)
			ProcessInitializeOnLoadAttributes (322ms)
			ProcessInitializeOnLoadMethodAttributes (33ms)
			AfterProcessingInitializeOnLoad (3ms)
			EditorAssembliesLoaded (0ms)
		ExecutionOrderSort2 (0ms)
		AwakeInstancesAfterBackupRestoration (12ms)
Script is not up to date after domain reload: guid(da681afa752bc5144a542ccf7de4ffce) path("Assets/MyResources/Scripts/BulletTower.cs") state(2)
Refreshing native plugins compatible for Editor in 2.47 ms, found 4 plugins.
Preloading 0 native plugins for Editor in 0.00 ms.
Unloading 4065 Unused Serialized files (Serialized files now loaded: 0)
Unloading 27 unused Assets / (213.3 KB). Loaded Objects now: 4589.
Memory consumption went from 140.8 MB to 140.6 MB.
Total: 3.675700 ms (FindLiveObjects: 0.357800 ms CreateObjectMapping: 0.120500 ms MarkObjects: 2.998700 ms  DeleteObjects: 0.197400 ms)

Prepare: number of updated asset objects reloaded= 0
AssetImportParameters requested are different than current active one (requested -> active):
  custom:scripting/monoscript/fileName/DOTweenModuleUtils.cs: 34ad347c902a97803d1c13fe65e97957 -> 
  custom:container-demuxer-ogg: 62fdf1f143b41e24485cea50d1cbac27 -> 
  custom:video-decoder-ogg-theora: a1e56fd34408186e4bbccfd4996cb3dc -> 
  custom:scripting/monoscript/fileName/DOTweenModuleUnityVersion.cs: 5fda8b30fb2f0276062c9b201e3b53c4 -> 
  custom:scripting/monoscript/fileName/DOTweenModuleUI.cs: 53c26b618f695b59a868eebdc97332ad -> 
  custom:framework-win-MediaFoundation: 216162199b28c13a410421893ffa2e32 -> 
  custom:scripting/precompiled-assembly-types:Assembly-CSharp-firstpass: c3b8ba213efe735b4b5ada0ee074dcb3 -> 
  custom:scripting/precompiled-assembly-types:DOTween: 41770a3e10244ae0a34e714162bbdba6 -> 
  custom:CustomObjectIndexerAttribute: 9a22284fe3817be447336de3de66b15e -> 
  custom:container-demuxer-webm: 4f35f7cbe854078d1ac9338744f61a02 -> 
  custom:scripting/monoscript/fileName/BulletTower.cs: 50552104c9d19a80e5b2d0f1a6d0dd85 -> 
  custom:scripting/monoscript/fileName/TimeManager.cs: ee896401883365d64d0753163ba65eb8 -> 
  custom:container-muxer-webm: aa71ff27fc2769a1b78a27578f13a17b -> 
  custom:video-decoder-webm-vp8: 9c59270c3fd7afecdb556c50c9e8de78 -> 
  custom:SearchIndexIgnoredProperties: e643bd26f0fe6173181afceb89e7c659 -> 
  custom:AudioImporter_EditorPlatform: d09bf68614088b80899f8185d706f6e7 -> 
  custom:scripting/monoscript/fileName/DOTweenModuleAudio.cs: 371877257ce39f5f0996ea556debbc8a -> 
  custom:scripting/monoscript/fileName/DOTweenModulePhysics2D.cs: 63b0e5981d81d026672954b54596f5ae -> 
  custom:scripting/precompiled-assembly-types:DOTweenEditor: 1efdf497b099e4e6944f0dd7fb28c744 -> 
  custom:scripting/monoscript/fileName/DOTweenModuleSprite.cs: e35fb5eb1c483cffc283a374a5e25466 -> 
  custom:video-encoder-webm-vp8: eb34c28f22e8b96e1ab97ce403110664 -> 
  custom:scripting/monoscript/fileName/DOTweenModulePhysics.cs: 87f8974001cd2397421cfdcad1904e83 -> 
  custom:audio-decoder-ogg-vorbis: bf7c407c2cedff20999df2af8eb42d56 -> 
  custom:audio-encoder-webm-vorbis: bf7c407c2cedff20999df2af8eb42d56 -> 
  custom:scripting/precompiled-assembly-types:Assembly-CSharp: 8614047314928dafdca8ffe5f9afc885 -> 
========================================================================
Received Prepare
Caller must complete domain reload
Begin MonoManager ReloadAssembly
- Loaded All Assemblies, in  0.488 seconds
Native extension for WindowsStandalone target not found
Native extension for WebGL target not found
Mono: successfully reloaded assembly
- Finished resetting the current domain, in  1.040 seconds
Domain Reload Profiling: 1528ms
	BeginReloadAssembly (174ms)
		ExecutionOrderSort (0ms)
		DisableScriptedObjects (25ms)
		BackupInstance (0ms)
		ReleaseScriptingObjects (0ms)
		CreateAndSetChildDomain (34ms)
	RebuildCommonClasses (35ms)
	RebuildNativeTypeToScriptingClass (12ms)
	initialDomainReloadingComplete (24ms)
	LoadAllAssembliesAndSetupDomain (241ms)
		LoadAssemblies (297ms)
		RebuildTransferFunctionScriptingTraits (0ms)
		AnalyzeDomain (31ms)
			TypeCache.Refresh (10ms)
				TypeCache.ScanAssembly (0ms)
			ScanForSourceGeneratedMonoScriptInfo (13ms)
			ResolveRequiredComponents (7ms)
	FinalizeReload (1041ms)
		ReleaseScriptCaches (0ms)
		RebuildScriptCaches (0ms)
		SetupLoadedEditorAssemblies (489ms)
			LogAssemblyErrors (0ms)
			InitializePlatformSupportModulesInManaged (7ms)
			SetLoadedEditorAssemblies (4ms)
			RefreshPlugins (0ms)
			BeforeProcessingInitializeOnLoad (98ms)
			ProcessInitializeOnLoadAttributes (344ms)
			ProcessInitializeOnLoadMethodAttributes (33ms)
			AfterProcessingInitializeOnLoad (3ms)
			EditorAssembliesLoaded (0ms)
		ExecutionOrderSort2 (0ms)
		AwakeInstancesAfterBackupRestoration (12ms)
Refreshing native plugins compatible for Editor in 2.50 ms, found 4 plugins.
Preloading 0 native plugins for Editor in 0.00 ms.
Unloading 4066 Unused Serialized files (Serialized files now loaded: 0)
Unloading 27 unused Assets / (213.1 KB). Loaded Objects now: 4594.
Memory consumption went from 140.8 MB to 140.6 MB.
Total: 3.764800 ms (FindLiveObjects: 0.376200 ms CreateObjectMapping: 0.138400 ms MarkObjects: 3.056700 ms  DeleteObjects: 0.192500 ms)

Prepare: number of updated asset objects reloaded= 0
AssetImportParameters requested are different than current active one (requested -> active):
  custom:scripting/monoscript/fileName/DOTweenModuleUtils.cs: 34ad347c902a97803d1c13fe65e97957 -> 
  custom:container-demuxer-ogg: 62fdf1f143b41e24485cea50d1cbac27 -> 
  custom:video-decoder-ogg-theora: a1e56fd34408186e4bbccfd4996cb3dc -> 
  custom:scripting/monoscript/fileName/DOTweenModuleUnityVersion.cs: 5fda8b30fb2f0276062c9b201e3b53c4 -> 
  custom:scripting/monoscript/fileName/DOTweenModuleUI.cs: 53c26b618f695b59a868eebdc97332ad -> 
  custom:framework-win-MediaFoundation: 216162199b28c13a410421893ffa2e32 -> 
  custom:scripting/precompiled-assembly-types:Assembly-CSharp-firstpass: c3b8ba213efe735b4b5ada0ee074dcb3 -> 
  custom:scripting/precompiled-assembly-types:DOTween: 41770a3e10244ae0a34e714162bbdba6 -> 
  custom:CustomObjectIndexerAttribute: 9a22284fe3817be447336de3de66b15e -> 
  custom:container-demuxer-webm: 4f35f7cbe854078d1ac9338744f61a02 -> 
  custom:scripting/monoscript/fileName/BulletTower.cs: 50552104c9d19a80e5b2d0f1a6d0dd85 -> 
  custom:scripting/monoscript/fileName/TimeManager.cs: ee896401883365d64d0753163ba65eb8 -> 
  custom:container-muxer-webm: aa71ff27fc2769a1b78a27578f13a17b -> 
  custom:video-decoder-webm-vp8: 9c59270c3fd7afecdb556c50c9e8de78 -> 
  custom:SearchIndexIgnoredProperties: e643bd26f0fe6173181afceb89e7c659 -> 
  custom:AudioImporter_EditorPlatform: d09bf68614088b80899f8185d706f6e7 -> 
  custom:scripting/monoscript/fileName/DOTweenModuleAudio.cs: 371877257ce39f5f0996ea556debbc8a -> 
  custom:scripting/monoscript/fileName/DOTweenModulePhysics2D.cs: 63b0e5981d81d026672954b54596f5ae -> 
  custom:scripting/precompiled-assembly-types:DOTweenEditor: 1efdf497b099e4e6944f0dd7fb28c744 -> 
  custom:scripting/monoscript/fileName/DOTweenModuleSprite.cs: e35fb5eb1c483cffc283a374a5e25466 -> 
  custom:video-encoder-webm-vp8: eb34c28f22e8b96e1ab97ce403110664 -> 
  custom:scripting/monoscript/fileName/DOTweenModulePhysics.cs: 87f8974001cd2397421cfdcad1904e83 -> 
  custom:audio-decoder-ogg-vorbis: bf7c407c2cedff20999df2af8eb42d56 -> 
  custom:audio-encoder-webm-vorbis: bf7c407c2cedff20999df2af8eb42d56 -> 
  custom:scripting/precompiled-assembly-types:Assembly-CSharp: 8614047314928dafdca8ffe5f9afc885 -> 
========================================================================
Received Prepare
Caller must complete domain reload
Begin MonoManager ReloadAssembly
- Loaded All Assemblies, in  0.454 seconds
Native extension for WindowsStandalone target not found
Native extension for WebGL target not found
Mono: successfully reloaded assembly
- Finished resetting the current domain, in  0.841 seconds
Domain Reload Profiling: 1294ms
	BeginReloadAssembly (151ms)
		ExecutionOrderSort (0ms)
		DisableScriptedObjects (13ms)
		BackupInstance (0ms)
		ReleaseScriptingObjects (0ms)
		CreateAndSetChildDomain (34ms)
	RebuildCommonClasses (32ms)
	RebuildNativeTypeToScriptingClass (13ms)
	initialDomainReloadingComplete (25ms)
	LoadAllAssembliesAndSetupDomain (231ms)
		LoadAssemblies (281ms)
		RebuildTransferFunctionScriptingTraits (0ms)
		AnalyzeDomain (26ms)
			TypeCache.Refresh (8ms)
				TypeCache.ScanAssembly (0ms)
			ScanForSourceGeneratedMonoScriptInfo (11ms)
			ResolveRequiredComponents (6ms)
	FinalizeReload (841ms)
		ReleaseScriptCaches (0ms)
		RebuildScriptCaches (0ms)
		SetupLoadedEditorAssemblies (418ms)
			LogAssemblyErrors (0ms)
			InitializePlatformSupportModulesInManaged (6ms)
			SetLoadedEditorAssemblies (5ms)
			RefreshPlugins (0ms)
			BeforeProcessingInitializeOnLoad (69ms)
			ProcessInitializeOnLoadAttributes (302ms)
			ProcessInitializeOnLoadMethodAttributes (32ms)
			AfterProcessingInitializeOnLoad (3ms)
			EditorAssembliesLoaded (0ms)
		ExecutionOrderSort2 (0ms)
		AwakeInstancesAfterBackupRestoration (12ms)
Refreshing native plugins compatible for Editor in 2.45 ms, found 4 plugins.
Preloading 0 native plugins for Editor in 0.00 ms.
Unloading 4066 Unused Serialized files (Serialized files now loaded: 0)
Unloading 27 unused Assets / (214.4 KB). Loaded Objects now: 4598.
Memory consumption went from 140.8 MB to 140.6 MB.
Total: 4.131800 ms (FindLiveObjects: 0.365000 ms CreateObjectMapping: 0.163800 ms MarkObjects: 3.405900 ms  DeleteObjects: 0.195400 ms)

Prepare: number of updated asset objects reloaded= 0
AssetImportParameters requested are different than current active one (requested -> active):
  custom:scripting/monoscript/fileName/DOTweenModuleUtils.cs: 34ad347c902a97803d1c13fe65e97957 -> 
  custom:container-demuxer-ogg: 62fdf1f143b41e24485cea50d1cbac27 -> 
  custom:video-decoder-ogg-theora: a1e56fd34408186e4bbccfd4996cb3dc -> 
  custom:scripting/monoscript/fileName/DOTweenModuleUnityVersion.cs: 5fda8b30fb2f0276062c9b201e3b53c4 -> 
  custom:scripting/monoscript/fileName/DOTweenModuleUI.cs: 53c26b618f695b59a868eebdc97332ad -> 
  custom:framework-win-MediaFoundation: 216162199b28c13a410421893ffa2e32 -> 
  custom:scripting/precompiled-assembly-types:Assembly-CSharp-firstpass: c3b8ba213efe735b4b5ada0ee074dcb3 -> 
  custom:scripting/precompiled-assembly-types:DOTween: 41770a3e10244ae0a34e714162bbdba6 -> 
  custom:CustomObjectIndexerAttribute: 9a22284fe3817be447336de3de66b15e -> 
  custom:container-demuxer-webm: 4f35f7cbe854078d1ac9338744f61a02 -> 
  custom:scripting/monoscript/fileName/BulletTower.cs: 50552104c9d19a80e5b2d0f1a6d0dd85 -> 
  custom:scripting/monoscript/fileName/TimeManager.cs: ee896401883365d64d0753163ba65eb8 -> 
  custom:container-muxer-webm: aa71ff27fc2769a1b78a27578f13a17b -> 
  custom:video-decoder-webm-vp8: 9c59270c3fd7afecdb556c50c9e8de78 -> 
  custom:SearchIndexIgnoredProperties: e643bd26f0fe6173181afceb89e7c659 -> 
  custom:AudioImporter_EditorPlatform: d09bf68614088b80899f8185d706f6e7 -> 
  custom:scripting/monoscript/fileName/DOTweenModuleAudio.cs: 371877257ce39f5f0996ea556debbc8a -> 
  custom:scripting/monoscript/fileName/DOTweenModulePhysics2D.cs: 63b0e5981d81d026672954b54596f5ae -> 
  custom:scripting/precompiled-assembly-types:DOTweenEditor: 1efdf497b099e4e6944f0dd7fb28c744 -> 
  custom:scripting/monoscript/fileName/DOTweenModuleSprite.cs: e35fb5eb1c483cffc283a374a5e25466 -> 
  custom:video-encoder-webm-vp8: eb34c28f22e8b96e1ab97ce403110664 -> 
  custom:scripting/monoscript/fileName/DOTweenModulePhysics.cs: 87f8974001cd2397421cfdcad1904e83 -> 
  custom:audio-decoder-ogg-vorbis: bf7c407c2cedff20999df2af8eb42d56 -> 
  custom:audio-encoder-webm-vorbis: bf7c407c2cedff20999df2af8eb42d56 -> 
  custom:scripting/precompiled-assembly-types:Assembly-CSharp: aad5c7a5bb258abf12c33f0d6747af72 -> 
========================================================================
Received Prepare
Caller must complete domain reload
Begin MonoManager ReloadAssembly
- Loaded All Assemblies, in  0.466 seconds
Native extension for WindowsStandalone target not found
Native extension for WebGL target not found
Mono: successfully reloaded assembly
- Finished resetting the current domain, in  0.875 seconds
Domain Reload Profiling: 1341ms
	BeginReloadAssembly (155ms)
		ExecutionOrderSort (0ms)
		DisableScriptedObjects (12ms)
		BackupInstance (0ms)
		ReleaseScriptingObjects (0ms)
		CreateAndSetChildDomain (33ms)
	RebuildCommonClasses (39ms)
	RebuildNativeTypeToScriptingClass (13ms)
	initialDomainReloadingComplete (30ms)
	LoadAllAssembliesAndSetupDomain (229ms)
		LoadAssemblies (286ms)
		RebuildTransferFunctionScriptingTraits (0ms)
		AnalyzeDomain (26ms)
			TypeCache.Refresh (8ms)
				TypeCache.ScanAssembly (0ms)
			ScanForSourceGeneratedMonoScriptInfo (11ms)
			ResolveRequiredComponents (6ms)
	FinalizeReload (876ms)
		ReleaseScriptCaches (0ms)
		RebuildScriptCaches (0ms)
		SetupLoadedEditorAssemblies (421ms)
			LogAssemblyErrors (0ms)
			InitializePlatformSupportModulesInManaged (6ms)
			SetLoadedEditorAssemblies (4ms)
			RefreshPlugins (0ms)
			BeforeProcessingInitializeOnLoad (68ms)
			ProcessInitializeOnLoadAttributes (294ms)
			ProcessInitializeOnLoadMethodAttributes (44ms)
			AfterProcessingInitializeOnLoad (3ms)
			EditorAssembliesLoaded (0ms)
		ExecutionOrderSort2 (0ms)
		AwakeInstancesAfterBackupRestoration (12ms)
Script is not up to date after domain reload: guid(da681afa752bc5144a542ccf7de4ffce) path("Assets/MyResources/Scripts/BulletTower.cs") state(2)
Refreshing native plugins compatible for Editor in 4.60 ms, found 4 plugins.
Preloading 0 native plugins for Editor in 0.00 ms.
Unloading 4065 Unused Serialized files (Serialized files now loaded: 0)
Unloading 27 unused Assets / (213.5 KB). Loaded Objects now: 4601.
Memory consumption went from 140.8 MB to 140.6 MB.
Total: 11.352500 ms (FindLiveObjects: 0.503000 ms CreateObjectMapping: 0.348600 ms MarkObjects: 10.176800 ms  DeleteObjects: 0.322100 ms)

Prepare: number of updated asset objects reloaded= 0
AssetImportParameters requested are different than current active one (requested -> active):
  custom:scripting/monoscript/fileName/DOTweenModuleUtils.cs: 34ad347c902a97803d1c13fe65e97957 -> 
  custom:container-demuxer-ogg: 62fdf1f143b41e24485cea50d1cbac27 -> 
  custom:video-decoder-ogg-theora: a1e56fd34408186e4bbccfd4996cb3dc -> 
  custom:scripting/monoscript/fileName/DOTweenModuleUnityVersion.cs: 5fda8b30fb2f0276062c9b201e3b53c4 -> 
  custom:scripting/monoscript/fileName/DOTweenModuleUI.cs: 53c26b618f695b59a868eebdc97332ad -> 
  custom:framework-win-MediaFoundation: 216162199b28c13a410421893ffa2e32 -> 
  custom:scripting/precompiled-assembly-types:Assembly-CSharp-firstpass: c3b8ba213efe735b4b5ada0ee074dcb3 -> 
  custom:scripting/precompiled-assembly-types:DOTween: 41770a3e10244ae0a34e714162bbdba6 -> 
  custom:CustomObjectIndexerAttribute: 9a22284fe3817be447336de3de66b15e -> 
  custom:container-demuxer-webm: 4f35f7cbe854078d1ac9338744f61a02 -> 
  custom:scripting/monoscript/fileName/BulletTower.cs: 50552104c9d19a80e5b2d0f1a6d0dd85 -> 
  custom:scripting/monoscript/fileName/TimeManager.cs: ee896401883365d64d0753163ba65eb8 -> 
  custom:container-muxer-webm: aa71ff27fc2769a1b78a27578f13a17b -> 
  custom:video-decoder-webm-vp8: 9c59270c3fd7afecdb556c50c9e8de78 -> 
  custom:SearchIndexIgnoredProperties: e643bd26f0fe6173181afceb89e7c659 -> 
  custom:AudioImporter_EditorPlatform: d09bf68614088b80899f8185d706f6e7 -> 
  custom:scripting/monoscript/fileName/DOTweenModuleAudio.cs: 371877257ce39f5f0996ea556debbc8a -> 
  custom:scripting/monoscript/fileName/DOTweenModulePhysics2D.cs: 63b0e5981d81d026672954b54596f5ae -> 
  custom:scripting/precompiled-assembly-types:DOTweenEditor: 1efdf497b099e4e6944f0dd7fb28c744 -> 
  custom:scripting/monoscript/fileName/DOTweenModuleSprite.cs: e35fb5eb1c483cffc283a374a5e25466 -> 
  custom:video-encoder-webm-vp8: eb34c28f22e8b96e1ab97ce403110664 -> 
  custom:scripting/monoscript/fileName/DOTweenModulePhysics.cs: 87f8974001cd2397421cfdcad1904e83 -> 
  custom:audio-decoder-ogg-vorbis: bf7c407c2cedff20999df2af8eb42d56 -> 
  custom:audio-encoder-webm-vorbis: bf7c407c2cedff20999df2af8eb42d56 -> 
  custom:scripting/precompiled-assembly-types:Assembly-CSharp: aad5c7a5bb258abf12c33f0d6747af72 -> 
========================================================================
Received Prepare
Caller must complete domain reload
Begin MonoManager ReloadAssembly
- Loaded All Assemblies, in  0.446 seconds
Native extension for WindowsStandalone target not found
Native extension for WebGL target not found
Mono: successfully reloaded assembly
- Finished resetting the current domain, in  0.838 seconds
Domain Reload Profiling: 1284ms
	BeginReloadAssembly (146ms)
		ExecutionOrderSort (0ms)
		DisableScriptedObjects (12ms)
		BackupInstance (0ms)
		ReleaseScriptingObjects (0ms)
		CreateAndSetChildDomain (33ms)
	RebuildCommonClasses (36ms)
	RebuildNativeTypeToScriptingClass (12ms)
	initialDomainReloadingComplete (24ms)
	LoadAllAssembliesAndSetupDomain (228ms)
		LoadAssemblies (274ms)
		RebuildTransferFunctionScriptingTraits (0ms)
		AnalyzeDomain (26ms)
			TypeCache.Refresh (8ms)
				TypeCache.ScanAssembly (0ms)
			ScanForSourceGeneratedMonoScriptInfo (10ms)
			ResolveRequiredComponents (6ms)
	FinalizeReload (839ms)
		ReleaseScriptCaches (0ms)
		RebuildScriptCaches (0ms)
		SetupLoadedEditorAssemblies (408ms)
			LogAssemblyErrors (0ms)
			InitializePlatformSupportModulesInManaged (7ms)
			SetLoadedEditorAssemblies (4ms)
			RefreshPlugins (0ms)
			BeforeProcessingInitializeOnLoad (69ms)
			ProcessInitializeOnLoadAttributes (293ms)
			ProcessInitializeOnLoadMethodAttributes (32ms)
			AfterProcessingInitializeOnLoad (3ms)
			EditorAssembliesLoaded (0ms)
		ExecutionOrderSort2 (0ms)
		AwakeInstancesAfterBackupRestoration (12ms)
Refreshing native plugins compatible for Editor in 2.56 ms, found 4 plugins.
Preloading 0 native plugins for Editor in 0.00 ms.
Unloading 4066 Unused Serialized files (Serialized files now loaded: 0)
Unloading 27 unused Assets / (213.3 KB). Loaded Objects now: 4606.
Memory consumption went from 140.8 MB to 140.6 MB.
Total: 4.168100 ms (FindLiveObjects: 0.578400 ms CreateObjectMapping: 0.310300 ms MarkObjects: 3.087300 ms  DeleteObjects: 0.190500 ms)

Prepare: number of updated asset objects reloaded= 0
AssetImportParameters requested are different than current active one (requested -> active):
  custom:scripting/monoscript/fileName/DOTweenModuleUtils.cs: 34ad347c902a97803d1c13fe65e97957 -> 
  custom:container-demuxer-ogg: 62fdf1f143b41e24485cea50d1cbac27 -> 
  custom:video-decoder-ogg-theora: a1e56fd34408186e4bbccfd4996cb3dc -> 
  custom:scripting/monoscript/fileName/DOTweenModuleUnityVersion.cs: 5fda8b30fb2f0276062c9b201e3b53c4 -> 
  custom:scripting/monoscript/fileName/DOTweenModuleUI.cs: 53c26b618f695b59a868eebdc97332ad -> 
  custom:framework-win-MediaFoundation: 216162199b28c13a410421893ffa2e32 -> 
  custom:scripting/precompiled-assembly-types:Assembly-CSharp-firstpass: c3b8ba213efe735b4b5ada0ee074dcb3 -> 
  custom:scripting/precompiled-assembly-types:DOTween: 41770a3e10244ae0a34e714162bbdba6 -> 
  custom:CustomObjectIndexerAttribute: 9a22284fe3817be447336de3de66b15e -> 
  custom:container-demuxer-webm: 4f35f7cbe854078d1ac9338744f61a02 -> 
  custom:scripting/monoscript/fileName/BulletTower.cs: 50552104c9d19a80e5b2d0f1a6d0dd85 -> 
  custom:scripting/monoscript/fileName/TimeManager.cs: ee896401883365d64d0753163ba65eb8 -> 
  custom:container-muxer-webm: aa71ff27fc2769a1b78a27578f13a17b -> 
  custom:video-decoder-webm-vp8: 9c59270c3fd7afecdb556c50c9e8de78 -> 
  custom:SearchIndexIgnoredProperties: e643bd26f0fe6173181afceb89e7c659 -> 
  custom:AudioImporter_EditorPlatform: d09bf68614088b80899f8185d706f6e7 -> 
  custom:scripting/monoscript/fileName/DOTweenModuleAudio.cs: 371877257ce39f5f0996ea556debbc8a -> 
  custom:scripting/monoscript/fileName/DOTweenModulePhysics2D.cs: 63b0e5981d81d026672954b54596f5ae -> 
  custom:scripting/precompiled-assembly-types:DOTweenEditor: 1efdf497b099e4e6944f0dd7fb28c744 -> 
  custom:scripting/monoscript/fileName/DOTweenModuleSprite.cs: e35fb5eb1c483cffc283a374a5e25466 -> 
  custom:video-encoder-webm-vp8: eb34c28f22e8b96e1ab97ce403110664 -> 
  custom:scripting/monoscript/fileName/DOTweenModulePhysics.cs: 87f8974001cd2397421cfdcad1904e83 -> 
  custom:audio-decoder-ogg-vorbis: bf7c407c2cedff20999df2af8eb42d56 -> 
  custom:audio-encoder-webm-vorbis: bf7c407c2cedff20999df2af8eb42d56 -> 
  custom:scripting/precompiled-assembly-types:Assembly-CSharp: 14fe40864b0543996b6c2b73469dd048 -> 
========================================================================
Received Prepare
Caller must complete domain reload
Begin MonoManager ReloadAssembly
- Loaded All Assemblies, in  0.463 seconds
Native extension for WindowsStandalone target not found
Native extension for WebGL target not found
Mono: successfully reloaded assembly
- Finished resetting the current domain, in  0.903 seconds
Domain Reload Profiling: 1366ms
	BeginReloadAssembly (148ms)
		ExecutionOrderSort (0ms)
		DisableScriptedObjects (12ms)
		BackupInstance (0ms)
		ReleaseScriptingObjects (0ms)
		CreateAndSetChildDomain (33ms)
	RebuildCommonClasses (41ms)
	RebuildNativeTypeToScriptingClass (12ms)
	initialDomainReloadingComplete (25ms)
	LoadAllAssembliesAndSetupDomain (237ms)
		LoadAssemblies (285ms)
		RebuildTransferFunctionScriptingTraits (0ms)
		AnalyzeDomain (27ms)
			TypeCache.Refresh (9ms)
				TypeCache.ScanAssembly (0ms)
			ScanForSourceGeneratedMonoScriptInfo (11ms)
			ResolveRequiredComponents (7ms)
	FinalizeReload (903ms)
		ReleaseScriptCaches (0ms)
		RebuildScriptCaches (0ms)
		SetupLoadedEditorAssemblies (466ms)
			LogAssemblyErrors (0ms)
			InitializePlatformSupportModulesInManaged (6ms)
			SetLoadedEditorAssemblies (6ms)
			RefreshPlugins (0ms)
			BeforeProcessingInitializeOnLoad (76ms)
			ProcessInitializeOnLoadAttributes (341ms)
			ProcessInitializeOnLoadMethodAttributes (34ms)
			AfterProcessingInitializeOnLoad (3ms)
			EditorAssembliesLoaded (0ms)
		ExecutionOrderSort2 (0ms)
		AwakeInstancesAfterBackupRestoration (15ms)
Refreshing native plugins compatible for Editor in 2.46 ms, found 4 plugins.
Preloading 0 native plugins for Editor in 0.00 ms.
Unloading 4066 Unused Serialized files (Serialized files now loaded: 0)
Unloading 27 unused Assets / (213.6 KB). Loaded Objects now: 4610.
Memory consumption went from 140.8 MB to 140.6 MB.
Total: 3.139700 ms (FindLiveObjects: 0.321600 ms CreateObjectMapping: 0.115200 ms MarkObjects: 2.485500 ms  DeleteObjects: 0.215900 ms)

Prepare: number of updated asset objects reloaded= 0
AssetImportParameters requested are different than current active one (requested -> active):
  custom:scripting/monoscript/fileName/DOTweenModuleUtils.cs: 34ad347c902a97803d1c13fe65e97957 -> 
  custom:container-demuxer-ogg: 62fdf1f143b41e24485cea50d1cbac27 -> 
  custom:video-decoder-ogg-theora: a1e56fd34408186e4bbccfd4996cb3dc -> 
  custom:scripting/monoscript/fileName/DOTweenModuleUnityVersion.cs: 5fda8b30fb2f0276062c9b201e3b53c4 -> 
  custom:scripting/monoscript/fileName/DOTweenModuleUI.cs: 53c26b618f695b59a868eebdc97332ad -> 
  custom:framework-win-MediaFoundation: 216162199b28c13a410421893ffa2e32 -> 
  custom:scripting/precompiled-assembly-types:Assembly-CSharp-firstpass: c3b8ba213efe735b4b5ada0ee074dcb3 -> 
  custom:scripting/precompiled-assembly-types:DOTween: 41770a3e10244ae0a34e714162bbdba6 -> 
  custom:CustomObjectIndexerAttribute: 9a22284fe3817be447336de3de66b15e -> 
  custom:container-demuxer-webm: 4f35f7cbe854078d1ac9338744f61a02 -> 
  custom:scripting/monoscript/fileName/BulletTower.cs: 50552104c9d19a80e5b2d0f1a6d0dd85 -> 
  custom:scripting/monoscript/fileName/TimeManager.cs: ee896401883365d64d0753163ba65eb8 -> 
  custom:container-muxer-webm: aa71ff27fc2769a1b78a27578f13a17b -> 
  custom:video-decoder-webm-vp8: 9c59270c3fd7afecdb556c50c9e8de78 -> 
  custom:SearchIndexIgnoredProperties: e643bd26f0fe6173181afceb89e7c659 -> 
  custom:AudioImporter_EditorPlatform: d09bf68614088b80899f8185d706f6e7 -> 
  custom:scripting/monoscript/fileName/DOTweenModuleAudio.cs: 371877257ce39f5f0996ea556debbc8a -> 
  custom:scripting/monoscript/fileName/DOTweenModulePhysics2D.cs: 63b0e5981d81d026672954b54596f5ae -> 
  custom:scripting/precompiled-assembly-types:DOTweenEditor: 1efdf497b099e4e6944f0dd7fb28c744 -> 
  custom:scripting/monoscript/fileName/DOTweenModuleSprite.cs: e35fb5eb1c483cffc283a374a5e25466 -> 
  custom:video-encoder-webm-vp8: eb34c28f22e8b96e1ab97ce403110664 -> 
  custom:scripting/monoscript/fileName/DOTweenModulePhysics.cs: 87f8974001cd2397421cfdcad1904e83 -> 
  custom:audio-decoder-ogg-vorbis: bf7c407c2cedff20999df2af8eb42d56 -> 
  custom:audio-encoder-webm-vorbis: bf7c407c2cedff20999df2af8eb42d56 -> 
  custom:scripting/precompiled-assembly-types:Assembly-CSharp: 2e6428a28ee760310d20be48ca5bf842 -> 
========================================================================
Received Import Request.
  Time since last request: 950.943437 seconds.
  path: Assets/MyResources/Scripts/Bullet
  artifactKey: Guid(97ef51e1f1536a444ba65ea4afd2238e) Importer(815301076,1909f56bfc062723c751e8b465ee728b)
Start importing Assets/MyResources/Scripts/Bullet using Guid(97ef51e1f1536a444ba65ea4afd2238e) Importer(815301076,1909f56bfc062723c751e8b465ee728b) [PhysX] Initialized MultithreadedTaskDispatcher with 12 workers.
 -> (artifact id: '7e262e94555304ec5d4706600f5d07ff') in 0.002181 seconds
Number of updated asset objects reloaded before import = 0
Number of asset objects unloaded after import = 0
========================================================================
Received Import Request.
  Time since last request: 5.745107 seconds.
  path: Assets/MyResources/Scripts/Bullet/Bullet.cs
  artifactKey: Guid(5fc9251fb3bdab94c8eb79b700f2f984) Importer(815301076,1909f56bfc062723c751e8b465ee728b)
Start importing Assets/MyResources/Scripts/Bullet/Bullet.cs using Guid(5fc9251fb3bdab94c8eb79b700f2f984) Importer(815301076,1909f56bfc062723c751e8b465ee728b) [PhysX] Initialized MultithreadedTaskDispatcher with 12 workers.
 -> (artifact id: '450736c719c83ad6575af3b7b10fe670') in 0.000556 seconds
Number of updated asset objects reloaded before import = 0
Number of asset objects unloaded after import = 0
========================================================================
Received Prepare
Caller must complete domain reload
Begin MonoManager ReloadAssembly
- Loaded All Assemblies, in  0.455 seconds
Native extension for WindowsStandalone target not found
Native extension for WebGL target not found
Mono: successfully reloaded assembly
- Finished resetting the current domain, in  0.930 seconds
Domain Reload Profiling: 1385ms
	BeginReloadAssembly (151ms)
		ExecutionOrderSort (0ms)
		DisableScriptedObjects (14ms)
		BackupInstance (0ms)
		ReleaseScriptingObjects (0ms)
		CreateAndSetChildDomain (34ms)
	RebuildCommonClasses (37ms)
	RebuildNativeTypeToScriptingClass (12ms)
	initialDomainReloadingComplete (25ms)
	LoadAllAssembliesAndSetupDomain (229ms)
		LoadAssemblies (277ms)
		RebuildTransferFunctionScriptingTraits (0ms)
		AnalyzeDomain (28ms)
			TypeCache.Refresh (9ms)
				TypeCache.ScanAssembly (0ms)
			ScanForSourceGeneratedMonoScriptInfo (11ms)
			ResolveRequiredComponents (6ms)
	FinalizeReload (930ms)
		ReleaseScriptCaches (0ms)
		RebuildScriptCaches (0ms)
		SetupLoadedEditorAssemblies (473ms)
			LogAssemblyErrors (0ms)
			InitializePlatformSupportModulesInManaged (7ms)
			SetLoadedEditorAssemblies (6ms)
			RefreshPlugins (0ms)
			BeforeProcessingInitializeOnLoad (109ms)
			ProcessInitializeOnLoadAttributes (308ms)
			ProcessInitializeOnLoadMethodAttributes (39ms)
			AfterProcessingInitializeOnLoad (3ms)
			EditorAssembliesLoaded (0ms)
		ExecutionOrderSort2 (0ms)
		AwakeInstancesAfterBackupRestoration (14ms)
Refreshing native plugins compatible for Editor in 2.93 ms, found 4 plugins.
Preloading 0 native plugins for Editor in 0.00 ms.
Unloading 4066 Unused Serialized files (Serialized files now loaded: 0)
Unloading 27 unused Assets / (213.3 KB). Loaded Objects now: 4615.
Memory consumption went from 140.6 MB to 140.4 MB.
Total: 3.416900 ms (FindLiveObjects: 0.406100 ms CreateObjectMapping: 0.157100 ms MarkObjects: 2.641100 ms  DeleteObjects: 0.211700 ms)

Prepare: number of updated asset objects reloaded= 0
AssetImportParameters requested are different than current active one (requested -> active):
  custom:scripting/monoscript/fileName/DOTweenModuleUtils.cs: 34ad347c902a97803d1c13fe65e97957 -> 
  custom:container-demuxer-ogg: 62fdf1f143b41e24485cea50d1cbac27 -> 
  custom:video-decoder-ogg-theora: a1e56fd34408186e4bbccfd4996cb3dc -> 
  custom:scripting/monoscript/fileName/DOTweenModuleUnityVersion.cs: 5fda8b30fb2f0276062c9b201e3b53c4 -> 
  custom:scripting/monoscript/fileName/DOTweenModuleUI.cs: 53c26b618f695b59a868eebdc97332ad -> 
  custom:framework-win-MediaFoundation: 216162199b28c13a410421893ffa2e32 -> 
  custom:scripting/precompiled-assembly-types:Assembly-CSharp-firstpass: c3b8ba213efe735b4b5ada0ee074dcb3 -> 
  custom:scripting/precompiled-assembly-types:DOTween: 41770a3e10244ae0a34e714162bbdba6 -> 
  custom:CustomObjectIndexerAttribute: 9a22284fe3817be447336de3de66b15e -> 
  custom:container-demuxer-webm: 4f35f7cbe854078d1ac9338744f61a02 -> 
  custom:scripting/monoscript/fileName/BulletTower.cs: 50552104c9d19a80e5b2d0f1a6d0dd85 -> 
  custom:scripting/monoscript/fileName/TimeManager.cs: ee896401883365d64d0753163ba65eb8 -> 
  custom:container-muxer-webm: aa71ff27fc2769a1b78a27578f13a17b -> 
  custom:video-decoder-webm-vp8: 9c59270c3fd7afecdb556c50c9e8de78 -> 
  custom:SearchIndexIgnoredProperties: e643bd26f0fe6173181afceb89e7c659 -> 
  custom:AudioImporter_EditorPlatform: d09bf68614088b80899f8185d706f6e7 -> 
  custom:scripting/monoscript/fileName/DOTweenModuleAudio.cs: 371877257ce39f5f0996ea556debbc8a -> 
  custom:scripting/monoscript/fileName/DOTweenModulePhysics2D.cs: 63b0e5981d81d026672954b54596f5ae -> 
  custom:scripting/precompiled-assembly-types:DOTweenEditor: 1efdf497b099e4e6944f0dd7fb28c744 -> 
  custom:scripting/monoscript/fileName/DOTweenModuleSprite.cs: e35fb5eb1c483cffc283a374a5e25466 -> 
  custom:video-encoder-webm-vp8: eb34c28f22e8b96e1ab97ce403110664 -> 
  custom:scripting/monoscript/fileName/DOTweenModulePhysics.cs: 87f8974001cd2397421cfdcad1904e83 -> 
  custom:audio-decoder-ogg-vorbis: bf7c407c2cedff20999df2af8eb42d56 -> 
  custom:scripting/monoscript/fileName/Bullet.cs: a4f5918e799041ba1f6608f13912eb8b -> 
  custom:audio-encoder-webm-vorbis: bf7c407c2cedff20999df2af8eb42d56 -> 
  custom:scripting/precompiled-assembly-types:Assembly-CSharp: e54580a8870340c6bd0aeaba1261d020 -> 
========================================================================
Received Prepare
Caller must complete domain reload
Begin MonoManager ReloadAssembly
- Loaded All Assemblies, in  0.444 seconds
Native extension for WindowsStandalone target not found
Native extension for WebGL target not found
Mono: successfully reloaded assembly
- Finished resetting the current domain, in  0.843 seconds
Domain Reload Profiling: 1287ms
	BeginReloadAssembly (145ms)
		ExecutionOrderSort (0ms)
		DisableScriptedObjects (14ms)
		BackupInstance (0ms)
		ReleaseScriptingObjects (0ms)
		CreateAndSetChildDomain (30ms)
	RebuildCommonClasses (35ms)
	RebuildNativeTypeToScriptingClass (12ms)
	initialDomainReloadingComplete (25ms)
	LoadAllAssembliesAndSetupDomain (226ms)
		LoadAssemblies (274ms)
		RebuildTransferFunctionScriptingTraits (0ms)
		AnalyzeDomain (27ms)
			TypeCache.Refresh (9ms)
				TypeCache.ScanAssembly (0ms)
			ScanForSourceGeneratedMonoScriptInfo (11ms)
			ResolveRequiredComponents (6ms)
	FinalizeReload (843ms)
		ReleaseScriptCaches (0ms)
		RebuildScriptCaches (0ms)
		SetupLoadedEditorAssemblies (408ms)
			LogAssemblyErrors (0ms)
			InitializePlatformSupportModulesInManaged (6ms)
			SetLoadedEditorAssemblies (5ms)
			RefreshPlugins (0ms)
			BeforeProcessingInitializeOnLoad (71ms)
			ProcessInitializeOnLoadAttributes (291ms)
			ProcessInitializeOnLoadMethodAttributes (32ms)
			AfterProcessingInitializeOnLoad (4ms)
			EditorAssembliesLoaded (0ms)
		ExecutionOrderSort2 (0ms)
		AwakeInstancesAfterBackupRestoration (14ms)
Refreshing native plugins compatible for Editor in 2.55 ms, found 4 plugins.
Preloading 0 native plugins for Editor in 0.00 ms.
Unloading 4067 Unused Serialized files (Serialized files now loaded: 0)
Unloading 27 unused Assets / (214.2 KB). Loaded Objects now: 4619.
Memory consumption went from 140.8 MB to 140.6 MB.
Total: 3.286800 ms (FindLiveObjects: 0.383300 ms CreateObjectMapping: 0.112500 ms MarkObjects: 2.588000 ms  DeleteObjects: 0.201500 ms)

Prepare: number of updated asset objects reloaded= 0
AssetImportParameters requested are different than current active one (requested -> active):
  custom:scripting/monoscript/fileName/DOTweenModuleUtils.cs: 34ad347c902a97803d1c13fe65e97957 -> 
  custom:container-demuxer-ogg: 62fdf1f143b41e24485cea50d1cbac27 -> 
  custom:video-decoder-ogg-theora: a1e56fd34408186e4bbccfd4996cb3dc -> 
  custom:scripting/monoscript/fileName/DOTweenModuleUnityVersion.cs: 5fda8b30fb2f0276062c9b201e3b53c4 -> 
  custom:scripting/monoscript/fileName/DOTweenModuleUI.cs: 53c26b618f695b59a868eebdc97332ad -> 
  custom:framework-win-MediaFoundation: 216162199b28c13a410421893ffa2e32 -> 
  custom:scripting/precompiled-assembly-types:Assembly-CSharp-firstpass: c3b8ba213efe735b4b5ada0ee074dcb3 -> 
  custom:scripting/precompiled-assembly-types:DOTween: 41770a3e10244ae0a34e714162bbdba6 -> 
  custom:CustomObjectIndexerAttribute: 9a22284fe3817be447336de3de66b15e -> 
  custom:container-demuxer-webm: 4f35f7cbe854078d1ac9338744f61a02 -> 
  custom:scripting/monoscript/fileName/BulletTower.cs: 50552104c9d19a80e5b2d0f1a6d0dd85 -> 
  custom:scripting/monoscript/fileName/TimeManager.cs: ee896401883365d64d0753163ba65eb8 -> 
  custom:container-muxer-webm: aa71ff27fc2769a1b78a27578f13a17b -> 
  custom:video-decoder-webm-vp8: 9c59270c3fd7afecdb556c50c9e8de78 -> 
  custom:SearchIndexIgnoredProperties: e643bd26f0fe6173181afceb89e7c659 -> 
  custom:AudioImporter_EditorPlatform: d09bf68614088b80899f8185d706f6e7 -> 
  custom:scripting/monoscript/fileName/DOTweenModuleAudio.cs: 371877257ce39f5f0996ea556debbc8a -> 
  custom:scripting/monoscript/fileName/DOTweenModulePhysics2D.cs: 63b0e5981d81d026672954b54596f5ae -> 
  custom:scripting/precompiled-assembly-types:DOTweenEditor: 1efdf497b099e4e6944f0dd7fb28c744 -> 
  custom:scripting/monoscript/fileName/DOTweenModuleSprite.cs: e35fb5eb1c483cffc283a374a5e25466 -> 
  custom:video-encoder-webm-vp8: eb34c28f22e8b96e1ab97ce403110664 -> 
  custom:scripting/monoscript/fileName/DOTweenModulePhysics.cs: 87f8974001cd2397421cfdcad1904e83 -> 
  custom:audio-decoder-ogg-vorbis: bf7c407c2cedff20999df2af8eb42d56 -> 
  custom:scripting/monoscript/fileName/Bullet.cs: a4f5918e799041ba1f6608f13912eb8b -> 
  custom:audio-encoder-webm-vorbis: bf7c407c2cedff20999df2af8eb42d56 -> 
  custom:scripting/precompiled-assembly-types:Assembly-CSharp: e54580a8870340c6bd0aeaba1261d020 -> 
========================================================================
Received Import Request.
  Time since last request: 113.593762 seconds.
  path: Assets/MyResources/Scripts/Bullet/Bullet.cs
  artifactKey: Guid(5fc9251fb3bdab94c8eb79b700f2f984) Importer(815301076,1909f56bfc062723c751e8b465ee728b)
Start importing Assets/MyResources/Scripts/Bullet/Bullet.cs using Guid(5fc9251fb3bdab94c8eb79b700f2f984) Importer(815301076,1909f56bfc062723c751e8b465ee728b) [PhysX] Initialized MultithreadedTaskDispatcher with 12 workers.
 -> (artifact id: '6c8878aef89ec37b4497b9fb54b7ba36') in 0.002283 seconds
Number of updated asset objects reloaded before import = 0
Number of asset objects unloaded after import = 0
========================================================================
Received Import Request.
  Time since last request: 146.728244 seconds.
  path: Assets/MyResources/Scripts/Bullet/Bullet.cs
  artifactKey: Guid(5fc9251fb3bdab94c8eb79b700f2f984) Importer(815301076,1909f56bfc062723c751e8b465ee728b)
Start importing Assets/MyResources/Scripts/Bullet/Bullet.cs using Guid(5fc9251fb3bdab94c8eb79b700f2f984) Importer(815301076,1909f56bfc062723c751e8b465ee728b) [PhysX] Initialized MultithreadedTaskDispatcher with 12 workers.
 -> (artifact id: 'eb55f6ac32e7faf94cb3d40f2d356824') in 0.000555 seconds
Number of updated asset objects reloaded before import = 0
Number of asset objects unloaded after import = 0
========================================================================
Received Import Request.
  Time since last request: 1.531103 seconds.
  path: Assets/MyResources/Scripts/Bullet/Bullet.cs
  artifactKey: Guid(5fc9251fb3bdab94c8eb79b700f2f984) Importer(815301076,1909f56bfc062723c751e8b465ee728b)
Start importing Assets/MyResources/Scripts/Bullet/Bullet.cs using Guid(5fc9251fb3bdab94c8eb79b700f2f984) Importer(815301076,1909f56bfc062723c751e8b465ee728b) [PhysX] Initialized MultithreadedTaskDispatcher with 12 workers.
 -> (artifact id: 'eabe664baa1787b18cce83f70b150c1f') in 0.000608 seconds
Number of updated asset objects reloaded before import = 0
Number of asset objects unloaded after import = 0
========================================================================
Received Import Request.
  Time since last request: 4.188431 seconds.
  path: Assets/MyResources/Scripts/Bullet/Bullet.cs
  artifactKey: Guid(5fc9251fb3bdab94c8eb79b700f2f984) Importer(815301076,1909f56bfc062723c751e8b465ee728b)
Start importing Assets/MyResources/Scripts/Bullet/Bullet.cs using Guid(5fc9251fb3bdab94c8eb79b700f2f984) Importer(815301076,1909f56bfc062723c751e8b465ee728b) [PhysX] Initialized MultithreadedTaskDispatcher with 12 workers.
 -> (artifact id: 'fc78546ed91f08d72aec8ec5637e56c1') in 0.000463 seconds
Number of updated asset objects reloaded before import = 0
Number of asset objects unloaded after import = 0
========================================================================
Received Import Request.
  Time since last request: 4.685054 seconds.
  path: Assets/MyResources/Scripts/Bullet/Bullet.cs
  artifactKey: Guid(5fc9251fb3bdab94c8eb79b700f2f984) Importer(815301076,1909f56bfc062723c751e8b465ee728b)
Start importing Assets/MyResources/Scripts/Bullet/Bullet.cs using Guid(5fc9251fb3bdab94c8eb79b700f2f984) Importer(815301076,1909f56bfc062723c751e8b465ee728b) [PhysX] Initialized MultithreadedTaskDispatcher with 12 workers.
 -> (artifact id: 'ffbed60507b216b1bef5a592442ee521') in 0.000549 seconds
Number of updated asset objects reloaded before import = 0
Number of asset objects unloaded after import = 0
========================================================================
Received Prepare
Caller must complete domain reload
Begin MonoManager ReloadAssembly
- Loaded All Assemblies, in  0.462 seconds
Native extension for WindowsStandalone target not found
Native extension for WebGL target not found
Mono: successfully reloaded assembly
- Finished resetting the current domain, in  0.850 seconds
Domain Reload Profiling: 1312ms
	BeginReloadAssembly (145ms)
		ExecutionOrderSort (0ms)
		DisableScriptedObjects (12ms)
		BackupInstance (0ms)
		ReleaseScriptingObjects (0ms)
		CreateAndSetChildDomain (31ms)
	RebuildCommonClasses (36ms)
	RebuildNativeTypeToScriptingClass (12ms)
	initialDomainReloadingComplete (29ms)
	LoadAllAssembliesAndSetupDomain (238ms)
		LoadAssemblies (279ms)
		RebuildTransferFunctionScriptingTraits (0ms)
		AnalyzeDomain (34ms)
			TypeCache.Refresh (9ms)
				TypeCache.ScanAssembly (0ms)
			ScanForSourceGeneratedMonoScriptInfo (11ms)
			ResolveRequiredComponents (12ms)
	FinalizeReload (851ms)
		ReleaseScriptCaches (0ms)
		RebuildScriptCaches (0ms)
		SetupLoadedEditorAssemblies (414ms)
			LogAssemblyErrors (0ms)
			InitializePlatformSupportModulesInManaged (6ms)
			SetLoadedEditorAssemblies (6ms)
			RefreshPlugins (0ms)
			BeforeProcessingInitializeOnLoad (75ms)
			ProcessInitializeOnLoadAttributes (293ms)
			ProcessInitializeOnLoadMethodAttributes (31ms)
			AfterProcessingInitializeOnLoad (3ms)
			EditorAssembliesLoaded (0ms)
		ExecutionOrderSort2 (0ms)
		AwakeInstancesAfterBackupRestoration (12ms)
Refreshing native plugins compatible for Editor in 2.78 ms, found 4 plugins.
Preloading 0 native plugins for Editor in 0.00 ms.
Unloading 4066 Unused Serialized files (Serialized files now loaded: 0)
Unloading 27 unused Assets / (213.3 KB). Loaded Objects now: 4623.
Memory consumption went from 140.6 MB to 140.4 MB.
Total: 3.475100 ms (FindLiveObjects: 0.443500 ms CreateObjectMapping: 0.227400 ms MarkObjects: 2.616300 ms  DeleteObjects: 0.186300 ms)

Prepare: number of updated asset objects reloaded= 0
AssetImportParameters requested are different than current active one (requested -> active):
  custom:scripting/monoscript/fileName/DOTweenModuleUtils.cs: 34ad347c902a97803d1c13fe65e97957 -> 
  custom:container-demuxer-ogg: 62fdf1f143b41e24485cea50d1cbac27 -> 
  custom:video-decoder-ogg-theora: a1e56fd34408186e4bbccfd4996cb3dc -> 
  custom:scripting/monoscript/fileName/DOTweenModuleUnityVersion.cs: 5fda8b30fb2f0276062c9b201e3b53c4 -> 
  custom:scripting/monoscript/fileName/DOTweenModuleUI.cs: 53c26b618f695b59a868eebdc97332ad -> 
  custom:framework-win-MediaFoundation: 216162199b28c13a410421893ffa2e32 -> 
  custom:scripting/precompiled-assembly-types:Assembly-CSharp-firstpass: c3b8ba213efe735b4b5ada0ee074dcb3 -> 
  custom:scripting/precompiled-assembly-types:DOTween: 41770a3e10244ae0a34e714162bbdba6 -> 
  custom:CustomObjectIndexerAttribute: 9a22284fe3817be447336de3de66b15e -> 
  custom:container-demuxer-webm: 4f35f7cbe854078d1ac9338744f61a02 -> 
  custom:scripting/monoscript/fileName/BulletTower.cs: 50552104c9d19a80e5b2d0f1a6d0dd85 -> 
  custom:scripting/monoscript/fileName/TimeManager.cs: ee896401883365d64d0753163ba65eb8 -> 
  custom:container-muxer-webm: aa71ff27fc2769a1b78a27578f13a17b -> 
  custom:video-decoder-webm-vp8: 9c59270c3fd7afecdb556c50c9e8de78 -> 
  custom:SearchIndexIgnoredProperties: e643bd26f0fe6173181afceb89e7c659 -> 
  custom:AudioImporter_EditorPlatform: d09bf68614088b80899f8185d706f6e7 -> 
  custom:scripting/monoscript/fileName/DOTweenModuleAudio.cs: 371877257ce39f5f0996ea556debbc8a -> 
  custom:scripting/monoscript/fileName/DOTweenModulePhysics2D.cs: 63b0e5981d81d026672954b54596f5ae -> 
  custom:scripting/precompiled-assembly-types:DOTweenEditor: 1efdf497b099e4e6944f0dd7fb28c744 -> 
  custom:scripting/monoscript/fileName/DOTweenModuleSprite.cs: e35fb5eb1c483cffc283a374a5e25466 -> 
  custom:video-encoder-webm-vp8: eb34c28f22e8b96e1ab97ce403110664 -> 
  custom:scripting/monoscript/fileName/DOTweenModulePhysics.cs: 87f8974001cd2397421cfdcad1904e83 -> 
  custom:audio-decoder-ogg-vorbis: bf7c407c2cedff20999df2af8eb42d56 -> 
  custom:scripting/monoscript/fileName/Bullet.cs: a4f5918e799041ba1f6608f13912eb8b -> 
  custom:audio-encoder-webm-vorbis: bf7c407c2cedff20999df2af8eb42d56 -> 
  custom:scripting/precompiled-assembly-types:Assembly-CSharp: e54580a8870340c6bd0aeaba1261d020 -> 
========================================================================
Received Import Request.
  Time since last request: 51.726843 seconds.
  path: Assets/MyResources/Scripts/Bullet/Bullet.cs
  artifactKey: Guid(5fc9251fb3bdab94c8eb79b700f2f984) Importer(815301076,1909f56bfc062723c751e8b465ee728b)
Start importing Assets/MyResources/Scripts/Bullet/Bullet.cs using Guid(5fc9251fb3bdab94c8eb79b700f2f984) Importer(815301076,1909f56bfc062723c751e8b465ee728b) [PhysX] Initialized MultithreadedTaskDispatcher with 12 workers.
 -> (artifact id: 'eae16dbc670dda07b226cdcbbe795631') in 0.002001 seconds
Number of updated asset objects reloaded before import = 0
Number of asset objects unloaded after import = 0
========================================================================
Received Prepare
Caller must complete domain reload
Begin MonoManager ReloadAssembly
- Loaded All Assemblies, in  0.470 seconds
Native extension for WindowsStandalone target not found
Native extension for WebGL target not found
Mono: successfully reloaded assembly
- Finished resetting the current domain, in  0.848 seconds
Domain Reload Profiling: 1317ms
	BeginReloadAssembly (150ms)
		ExecutionOrderSort (0ms)
		DisableScriptedObjects (13ms)
		BackupInstance (0ms)
		ReleaseScriptingObjects (0ms)
		CreateAndSetChildDomain (35ms)
	RebuildCommonClasses (43ms)
	RebuildNativeTypeToScriptingClass (15ms)
	initialDomainReloadingComplete (29ms)
	LoadAllAssembliesAndSetupDomain (231ms)
		LoadAssemblies (277ms)
		RebuildTransferFunctionScriptingTraits (0ms)
		AnalyzeDomain (30ms)
			TypeCache.Refresh (9ms)
				TypeCache.ScanAssembly (0ms)
			ScanForSourceGeneratedMonoScriptInfo (10ms)
			ResolveRequiredComponents (10ms)
	FinalizeReload (849ms)
		ReleaseScriptCaches (0ms)
		RebuildScriptCaches (0ms)
		SetupLoadedEditorAssemblies (415ms)
			LogAssemblyErrors (0ms)
			InitializePlatformSupportModulesInManaged (6ms)
			SetLoadedEditorAssemblies (4ms)
			RefreshPlugins (0ms)
			BeforeProcessingInitializeOnLoad (67ms)
			ProcessInitializeOnLoadAttributes (304ms)
			ProcessInitializeOnLoadMethodAttributes (31ms)
			AfterProcessingInitializeOnLoad (3ms)
			EditorAssembliesLoaded (0ms)
		ExecutionOrderSort2 (0ms)
		AwakeInstancesAfterBackupRestoration (13ms)
Refreshing native plugins compatible for Editor in 2.62 ms, found 4 plugins.
Preloading 0 native plugins for Editor in 0.00 ms.
Unloading 4066 Unused Serialized files (Serialized files now loaded: 0)
Unloading 27 unused Assets / (213.3 KB). Loaded Objects now: 4627.
Memory consumption went from 140.6 MB to 140.4 MB.
Total: 3.986800 ms (FindLiveObjects: 0.555600 ms CreateObjectMapping: 0.294400 ms MarkObjects: 2.943700 ms  DeleteObjects: 0.191200 ms)

Prepare: number of updated asset objects reloaded= 0
AssetImportParameters requested are different than current active one (requested -> active):
  custom:scripting/monoscript/fileName/DOTweenModuleUtils.cs: 34ad347c902a97803d1c13fe65e97957 -> 
  custom:container-demuxer-ogg: 62fdf1f143b41e24485cea50d1cbac27 -> 
  custom:video-decoder-ogg-theora: a1e56fd34408186e4bbccfd4996cb3dc -> 
  custom:scripting/monoscript/fileName/DOTweenModuleUnityVersion.cs: 5fda8b30fb2f0276062c9b201e3b53c4 -> 
  custom:scripting/monoscript/fileName/DOTweenModuleUI.cs: 53c26b618f695b59a868eebdc97332ad -> 
  custom:framework-win-MediaFoundation: 216162199b28c13a410421893ffa2e32 -> 
  custom:scripting/precompiled-assembly-types:Assembly-CSharp-firstpass: c3b8ba213efe735b4b5ada0ee074dcb3 -> 
  custom:scripting/precompiled-assembly-types:DOTween: 41770a3e10244ae0a34e714162bbdba6 -> 
  custom:CustomObjectIndexerAttribute: 9a22284fe3817be447336de3de66b15e -> 
  custom:container-demuxer-webm: 4f35f7cbe854078d1ac9338744f61a02 -> 
  custom:scripting/monoscript/fileName/BulletTower.cs: 50552104c9d19a80e5b2d0f1a6d0dd85 -> 
  custom:scripting/monoscript/fileName/TimeManager.cs: ee896401883365d64d0753163ba65eb8 -> 
  custom:container-muxer-webm: aa71ff27fc2769a1b78a27578f13a17b -> 
  custom:video-decoder-webm-vp8: 9c59270c3fd7afecdb556c50c9e8de78 -> 
  custom:SearchIndexIgnoredProperties: e643bd26f0fe6173181afceb89e7c659 -> 
  custom:AudioImporter_EditorPlatform: d09bf68614088b80899f8185d706f6e7 -> 
  custom:scripting/monoscript/fileName/DOTweenModuleAudio.cs: 371877257ce39f5f0996ea556debbc8a -> 
  custom:scripting/monoscript/fileName/DOTweenModulePhysics2D.cs: 63b0e5981d81d026672954b54596f5ae -> 
  custom:scripting/precompiled-assembly-types:DOTweenEditor: 1efdf497b099e4e6944f0dd7fb28c744 -> 
  custom:scripting/monoscript/fileName/DOTweenModuleSprite.cs: e35fb5eb1c483cffc283a374a5e25466 -> 
  custom:video-encoder-webm-vp8: eb34c28f22e8b96e1ab97ce403110664 -> 
  custom:scripting/monoscript/fileName/DOTweenModulePhysics.cs: 87f8974001cd2397421cfdcad1904e83 -> 
  custom:audio-decoder-ogg-vorbis: bf7c407c2cedff20999df2af8eb42d56 -> 
  custom:scripting/monoscript/fileName/Bullet.cs: a4f5918e799041ba1f6608f13912eb8b -> 
  custom:audio-encoder-webm-vorbis: bf7c407c2cedff20999df2af8eb42d56 -> 
  custom:scripting/precompiled-assembly-types:Assembly-CSharp: e54580a8870340c6bd0aeaba1261d020 -> 
========================================================================
Received Import Request.
  Time since last request: 8.294240 seconds.
  path: Assets/MyResources/Scripts/Bullet/Bullet.cs
  artifactKey: Guid(5fc9251fb3bdab94c8eb79b700f2f984) Importer(815301076,1909f56bfc062723c751e8b465ee728b)
Start importing Assets/MyResources/Scripts/Bullet/Bullet.cs using Guid(5fc9251fb3bdab94c8eb79b700f2f984) Importer(815301076,1909f56bfc062723c751e8b465ee728b) [PhysX] Initialized MultithreadedTaskDispatcher with 12 workers.
 -> (artifact id: '21cf4025d1111b766998576f5184f276') in 0.001943 seconds
Number of updated asset objects reloaded before import = 0
Number of asset objects unloaded after import = 0
========================================================================
Received Prepare
Caller must complete domain reload
Begin MonoManager ReloadAssembly
- Loaded All Assemblies, in  0.458 seconds
Native extension for WindowsStandalone target not found
Native extension for WebGL target not found
Mono: successfully reloaded assembly
- Finished resetting the current domain, in  0.845 seconds
Domain Reload Profiling: 1302ms
	BeginReloadAssembly (161ms)
		ExecutionOrderSort (0ms)
		DisableScriptedObjects (12ms)
		BackupInstance (0ms)
		ReleaseScriptingObjects (0ms)
		CreateAndSetChildDomain (33ms)
	RebuildCommonClasses (34ms)
	RebuildNativeTypeToScriptingClass (11ms)
	initialDomainReloadingComplete (28ms)
	LoadAllAssembliesAndSetupDomain (222ms)
		LoadAssemblies (284ms)
		RebuildTransferFunctionScriptingTraits (0ms)
		AnalyzeDomain (27ms)
			TypeCache.Refresh (9ms)
				TypeCache.ScanAssembly (0ms)
			ScanForSourceGeneratedMonoScriptInfo (11ms)
			ResolveRequiredComponents (6ms)
	FinalizeReload (846ms)
		ReleaseScriptCaches (0ms)
		RebuildScriptCaches (0ms)
		SetupLoadedEditorAssemblies (407ms)
			LogAssemblyErrors (0ms)
			InitializePlatformSupportModulesInManaged (7ms)
			SetLoadedEditorAssemblies (5ms)
			RefreshPlugins (0ms)
			BeforeProcessingInitializeOnLoad (68ms)
			ProcessInitializeOnLoadAttributes (294ms)
			ProcessInitializeOnLoadMethodAttributes (29ms)
			AfterProcessingInitializeOnLoad (3ms)
			EditorAssembliesLoaded (0ms)
		ExecutionOrderSort2 (0ms)
		AwakeInstancesAfterBackupRestoration (12ms)
Refreshing native plugins compatible for Editor in 2.64 ms, found 4 plugins.
Preloading 0 native plugins for Editor in 0.00 ms.
Unloading 4066 Unused Serialized files (Serialized files now loaded: 0)
Unloading 27 unused Assets / (213.5 KB). Loaded Objects now: 4631.
Memory consumption went from 140.6 MB to 140.4 MB.
Total: 3.578200 ms (FindLiveObjects: 0.549200 ms CreateObjectMapping: 0.294200 ms MarkObjects: 2.544000 ms  DeleteObjects: 0.187800 ms)

Prepare: number of updated asset objects reloaded= 0
AssetImportParameters requested are different than current active one (requested -> active):
  custom:scripting/monoscript/fileName/DOTweenModuleUtils.cs: 34ad347c902a97803d1c13fe65e97957 -> 
  custom:container-demuxer-ogg: 62fdf1f143b41e24485cea50d1cbac27 -> 
  custom:video-decoder-ogg-theora: a1e56fd34408186e4bbccfd4996cb3dc -> 
  custom:scripting/monoscript/fileName/DOTweenModuleUnityVersion.cs: 5fda8b30fb2f0276062c9b201e3b53c4 -> 
  custom:scripting/monoscript/fileName/DOTweenModuleUI.cs: 53c26b618f695b59a868eebdc97332ad -> 
  custom:framework-win-MediaFoundation: 216162199b28c13a410421893ffa2e32 -> 
  custom:scripting/precompiled-assembly-types:Assembly-CSharp-firstpass: c3b8ba213efe735b4b5ada0ee074dcb3 -> 
  custom:scripting/precompiled-assembly-types:DOTween: 41770a3e10244ae0a34e714162bbdba6 -> 
  custom:CustomObjectIndexerAttribute: 9a22284fe3817be447336de3de66b15e -> 
  custom:container-demuxer-webm: 4f35f7cbe854078d1ac9338744f61a02 -> 
  custom:scripting/monoscript/fileName/BulletTower.cs: 50552104c9d19a80e5b2d0f1a6d0dd85 -> 
  custom:scripting/monoscript/fileName/TimeManager.cs: ee896401883365d64d0753163ba65eb8 -> 
  custom:container-muxer-webm: aa71ff27fc2769a1b78a27578f13a17b -> 
  custom:video-decoder-webm-vp8: 9c59270c3fd7afecdb556c50c9e8de78 -> 
  custom:SearchIndexIgnoredProperties: e643bd26f0fe6173181afceb89e7c659 -> 
  custom:AudioImporter_EditorPlatform: d09bf68614088b80899f8185d706f6e7 -> 
  custom:scripting/monoscript/fileName/DOTweenModuleAudio.cs: 371877257ce39f5f0996ea556debbc8a -> 
  custom:scripting/monoscript/fileName/DOTweenModulePhysics2D.cs: 63b0e5981d81d026672954b54596f5ae -> 
  custom:scripting/precompiled-assembly-types:DOTweenEditor: 1efdf497b099e4e6944f0dd7fb28c744 -> 
  custom:scripting/monoscript/fileName/DOTweenModuleSprite.cs: e35fb5eb1c483cffc283a374a5e25466 -> 
  custom:video-encoder-webm-vp8: eb34c28f22e8b96e1ab97ce403110664 -> 
  custom:scripting/monoscript/fileName/DOTweenModulePhysics.cs: 87f8974001cd2397421cfdcad1904e83 -> 
  custom:audio-decoder-ogg-vorbis: bf7c407c2cedff20999df2af8eb42d56 -> 
  custom:scripting/monoscript/fileName/Bullet.cs: a4f5918e799041ba1f6608f13912eb8b -> 
  custom:audio-encoder-webm-vorbis: bf7c407c2cedff20999df2af8eb42d56 -> 
  custom:scripting/precompiled-assembly-types:Assembly-CSharp: e54580a8870340c6bd0aeaba1261d020 -> 
========================================================================
Received Import Request.
  Time since last request: 8.572898 seconds.
  path: Assets/MyResources/Scripts/Bullet/Bullet.cs
  artifactKey: Guid(5fc9251fb3bdab94c8eb79b700f2f984) Importer(815301076,1909f56bfc062723c751e8b465ee728b)
Start importing Assets/MyResources/Scripts/Bullet/Bullet.cs using Guid(5fc9251fb3bdab94c8eb79b700f2f984) Importer(815301076,1909f56bfc062723c751e8b465ee728b) [PhysX] Initialized MultithreadedTaskDispatcher with 12 workers.
 -> (artifact id: 'ae0d4c3704ba4ea89a2167e3aa478223') in 0.002173 seconds
Number of updated asset objects reloaded before import = 0
Number of asset objects unloaded after import = 0
========================================================================
Received Prepare
Caller must complete domain reload
Begin MonoManager ReloadAssembly
- Loaded All Assemblies, in  0.460 seconds
Native extension for WindowsStandalone target not found
Native extension for WebGL target not found
Mono: successfully reloaded assembly
- Finished resetting the current domain, in  0.825 seconds
Domain Reload Profiling: 1284ms
	BeginReloadAssembly (150ms)
		ExecutionOrderSort (0ms)
		DisableScriptedObjects (12ms)
		BackupInstance (0ms)
		ReleaseScriptingObjects (0ms)
		CreateAndSetChildDomain (33ms)
	RebuildCommonClasses (34ms)
	RebuildNativeTypeToScriptingClass (12ms)
	initialDomainReloadingComplete (31ms)
	LoadAllAssembliesAndSetupDomain (231ms)
		LoadAssemblies (281ms)
		RebuildTransferFunctionScriptingTraits (0ms)
		AnalyzeDomain (26ms)
			TypeCache.Refresh (8ms)
				TypeCache.ScanAssembly (0ms)
			ScanForSourceGeneratedMonoScriptInfo (11ms)
			ResolveRequiredComponents (6ms)
	FinalizeReload (826ms)
		ReleaseScriptCaches (0ms)
		RebuildScriptCaches (0ms)
		SetupLoadedEditorAssemblies (399ms)
			LogAssemblyErrors (0ms)
			InitializePlatformSupportModulesInManaged (6ms)
			SetLoadedEditorAssemblies (5ms)
			RefreshPlugins (0ms)
			BeforeProcessingInitializeOnLoad (66ms)
			ProcessInitializeOnLoadAttributes (287ms)
			ProcessInitializeOnLoadMethodAttributes (31ms)
			AfterProcessingInitializeOnLoad (4ms)
			EditorAssembliesLoaded (0ms)
		ExecutionOrderSort2 (0ms)
		AwakeInstancesAfterBackupRestoration (13ms)
Refreshing native plugins compatible for Editor in 3.17 ms, found 4 plugins.
Preloading 0 native plugins for Editor in 0.00 ms.
Unloading 4066 Unused Serialized files (Serialized files now loaded: 0)
Unloading 27 unused Assets / (213.4 KB). Loaded Objects now: 4635.
Memory consumption went from 140.6 MB to 140.4 MB.
Total: 3.524900 ms (FindLiveObjects: 0.456900 ms CreateObjectMapping: 0.142500 ms MarkObjects: 2.669100 ms  DeleteObjects: 0.254600 ms)

Prepare: number of updated asset objects reloaded= 0
AssetImportParameters requested are different than current active one (requested -> active):
  custom:scripting/monoscript/fileName/DOTweenModuleUtils.cs: 34ad347c902a97803d1c13fe65e97957 -> 
  custom:container-demuxer-ogg: 62fdf1f143b41e24485cea50d1cbac27 -> 
  custom:video-decoder-ogg-theora: a1e56fd34408186e4bbccfd4996cb3dc -> 
  custom:scripting/monoscript/fileName/DOTweenModuleUnityVersion.cs: 5fda8b30fb2f0276062c9b201e3b53c4 -> 
  custom:scripting/monoscript/fileName/DOTweenModuleUI.cs: 53c26b618f695b59a868eebdc97332ad -> 
  custom:framework-win-MediaFoundation: 216162199b28c13a410421893ffa2e32 -> 
  custom:scripting/precompiled-assembly-types:Assembly-CSharp-firstpass: c3b8ba213efe735b4b5ada0ee074dcb3 -> 
  custom:scripting/precompiled-assembly-types:DOTween: 41770a3e10244ae0a34e714162bbdba6 -> 
  custom:CustomObjectIndexerAttribute: 9a22284fe3817be447336de3de66b15e -> 
  custom:container-demuxer-webm: 4f35f7cbe854078d1ac9338744f61a02 -> 
  custom:scripting/monoscript/fileName/BulletTower.cs: 50552104c9d19a80e5b2d0f1a6d0dd85 -> 
  custom:scripting/monoscript/fileName/TimeManager.cs: ee896401883365d64d0753163ba65eb8 -> 
  custom:container-muxer-webm: aa71ff27fc2769a1b78a27578f13a17b -> 
  custom:video-decoder-webm-vp8: 9c59270c3fd7afecdb556c50c9e8de78 -> 
  custom:SearchIndexIgnoredProperties: e643bd26f0fe6173181afceb89e7c659 -> 
  custom:AudioImporter_EditorPlatform: d09bf68614088b80899f8185d706f6e7 -> 
  custom:scripting/monoscript/fileName/DOTweenModuleAudio.cs: 371877257ce39f5f0996ea556debbc8a -> 
  custom:scripting/monoscript/fileName/DOTweenModulePhysics2D.cs: 63b0e5981d81d026672954b54596f5ae -> 
  custom:scripting/precompiled-assembly-types:DOTweenEditor: 1efdf497b099e4e6944f0dd7fb28c744 -> 
  custom:scripting/monoscript/fileName/DOTweenModuleSprite.cs: e35fb5eb1c483cffc283a374a5e25466 -> 
  custom:video-encoder-webm-vp8: eb34c28f22e8b96e1ab97ce403110664 -> 
  custom:scripting/monoscript/fileName/DOTweenModulePhysics.cs: 87f8974001cd2397421cfdcad1904e83 -> 
  custom:audio-decoder-ogg-vorbis: bf7c407c2cedff20999df2af8eb42d56 -> 
  custom:scripting/monoscript/fileName/Bullet.cs: a4f5918e799041ba1f6608f13912eb8b -> 
  custom:audio-encoder-webm-vorbis: bf7c407c2cedff20999df2af8eb42d56 -> 
  custom:scripting/precompiled-assembly-types:Assembly-CSharp: e54580a8870340c6bd0aeaba1261d020 -> 
========================================================================
Received Import Request.
  Time since last request: 5.768036 seconds.
  path: Assets/MyResources/Scripts/Bullet/Bullet.cs
  artifactKey: Guid(5fc9251fb3bdab94c8eb79b700f2f984) Importer(815301076,1909f56bfc062723c751e8b465ee728b)
Start importing Assets/MyResources/Scripts/Bullet/Bullet.cs using Guid(5fc9251fb3bdab94c8eb79b700f2f984) Importer(815301076,1909f56bfc062723c751e8b465ee728b) [PhysX] Initialized MultithreadedTaskDispatcher with 12 workers.
 -> (artifact id: 'c0359a26612e877d159981e00fb186a8') in 0.002834 seconds
Number of updated asset objects reloaded before import = 0
Number of asset objects unloaded after import = 0
========================================================================
Received Prepare
Caller must complete domain reload
Begin MonoManager ReloadAssembly
- Loaded All Assemblies, in  0.456 seconds
Native extension for WindowsStandalone target not found
Native extension for WebGL target not found
Mono: successfully reloaded assembly
- Finished resetting the current domain, in  0.831 seconds
Domain Reload Profiling: 1287ms
	BeginReloadAssembly (157ms)
		ExecutionOrderSort (0ms)
		DisableScriptedObjects (12ms)
		BackupInstance (0ms)
		ReleaseScriptingObjects (0ms)
		CreateAndSetChildDomain (31ms)
	RebuildCommonClasses (36ms)
	RebuildNativeTypeToScriptingClass (18ms)
	initialDomainReloadingComplete (26ms)
	LoadAllAssembliesAndSetupDomain (219ms)
		LoadAssemblies (278ms)
		RebuildTransferFunctionScriptingTraits (0ms)
		AnalyzeDomain (27ms)
			TypeCache.Refresh (8ms)
				TypeCache.ScanAssembly (0ms)
			ScanForSourceGeneratedMonoScriptInfo (11ms)
			ResolveRequiredComponents (7ms)
	FinalizeReload (831ms)
		ReleaseScriptCaches (0ms)
		RebuildScriptCaches (0ms)
		SetupLoadedEditorAssemblies (406ms)
			LogAssemblyErrors (0ms)
			InitializePlatformSupportModulesInManaged (6ms)
			SetLoadedEditorAssemblies (5ms)
			RefreshPlugins (0ms)
			BeforeProcessingInitializeOnLoad (68ms)
			ProcessInitializeOnLoadAttributes (295ms)
			ProcessInitializeOnLoadMethodAttributes (30ms)
			AfterProcessingInitializeOnLoad (3ms)
			EditorAssembliesLoaded (0ms)
		ExecutionOrderSort2 (0ms)
		AwakeInstancesAfterBackupRestoration (12ms)
Refreshing native plugins compatible for Editor in 2.43 ms, found 4 plugins.
Preloading 0 native plugins for Editor in 0.00 ms.
Unloading 4066 Unused Serialized files (Serialized files now loaded: 0)
Unloading 27 unused Assets / (214.3 KB). Loaded Objects now: 4639.
Memory consumption went from 140.6 MB to 140.4 MB.
Total: 3.361000 ms (FindLiveObjects: 0.459100 ms CreateObjectMapping: 0.130800 ms MarkObjects: 2.574400 ms  DeleteObjects: 0.195000 ms)

Prepare: number of updated asset objects reloaded= 0
AssetImportParameters requested are different than current active one (requested -> active):
  custom:scripting/monoscript/fileName/DOTweenModuleUtils.cs: 34ad347c902a97803d1c13fe65e97957 -> 
  custom:container-demuxer-ogg: 62fdf1f143b41e24485cea50d1cbac27 -> 
  custom:video-decoder-ogg-theora: a1e56fd34408186e4bbccfd4996cb3dc -> 
  custom:scripting/monoscript/fileName/DOTweenModuleUnityVersion.cs: 5fda8b30fb2f0276062c9b201e3b53c4 -> 
  custom:scripting/monoscript/fileName/DOTweenModuleUI.cs: 53c26b618f695b59a868eebdc97332ad -> 
  custom:framework-win-MediaFoundation: 216162199b28c13a410421893ffa2e32 -> 
  custom:scripting/precompiled-assembly-types:Assembly-CSharp-firstpass: c3b8ba213efe735b4b5ada0ee074dcb3 -> 
  custom:scripting/precompiled-assembly-types:DOTween: 41770a3e10244ae0a34e714162bbdba6 -> 
  custom:CustomObjectIndexerAttribute: 9a22284fe3817be447336de3de66b15e -> 
  custom:container-demuxer-webm: 4f35f7cbe854078d1ac9338744f61a02 -> 
  custom:scripting/monoscript/fileName/BulletTower.cs: 50552104c9d19a80e5b2d0f1a6d0dd85 -> 
  custom:scripting/monoscript/fileName/TimeManager.cs: ee896401883365d64d0753163ba65eb8 -> 
  custom:container-muxer-webm: aa71ff27fc2769a1b78a27578f13a17b -> 
  custom:video-decoder-webm-vp8: 9c59270c3fd7afecdb556c50c9e8de78 -> 
  custom:SearchIndexIgnoredProperties: e643bd26f0fe6173181afceb89e7c659 -> 
  custom:AudioImporter_EditorPlatform: d09bf68614088b80899f8185d706f6e7 -> 
  custom:scripting/monoscript/fileName/DOTweenModuleAudio.cs: 371877257ce39f5f0996ea556debbc8a -> 
  custom:scripting/monoscript/fileName/DOTweenModulePhysics2D.cs: 63b0e5981d81d026672954b54596f5ae -> 
  custom:scripting/precompiled-assembly-types:DOTweenEditor: 1efdf497b099e4e6944f0dd7fb28c744 -> 
  custom:scripting/monoscript/fileName/DOTweenModuleSprite.cs: e35fb5eb1c483cffc283a374a5e25466 -> 
  custom:video-encoder-webm-vp8: eb34c28f22e8b96e1ab97ce403110664 -> 
  custom:scripting/monoscript/fileName/DOTweenModulePhysics.cs: 87f8974001cd2397421cfdcad1904e83 -> 
  custom:audio-decoder-ogg-vorbis: bf7c407c2cedff20999df2af8eb42d56 -> 
  custom:scripting/monoscript/fileName/Bullet.cs: a4f5918e799041ba1f6608f13912eb8b -> 
  custom:audio-encoder-webm-vorbis: bf7c407c2cedff20999df2af8eb42d56 -> 
  custom:scripting/precompiled-assembly-types:Assembly-CSharp: e54580a8870340c6bd0aeaba1261d020 -> 
========================================================================
Received Prepare
Caller must complete domain reload
Begin MonoManager ReloadAssembly
- Loaded All Assemblies, in  0.444 seconds
Native extension for WindowsStandalone target not found
Native extension for WebGL target not found
Mono: successfully reloaded assembly
- Finished resetting the current domain, in  0.831 seconds
Domain Reload Profiling: 1274ms
	BeginReloadAssembly (146ms)
		ExecutionOrderSort (0ms)
		DisableScriptedObjects (12ms)
		BackupInstance (0ms)
		ReleaseScriptingObjects (0ms)
		CreateAndSetChildDomain (35ms)
	RebuildCommonClasses (34ms)
	RebuildNativeTypeToScriptingClass (12ms)
	initialDomainReloadingComplete (25ms)
	LoadAllAssembliesAndSetupDomain (226ms)
		LoadAssemblies (270ms)
		RebuildTransferFunctionScriptingTraits (0ms)
		AnalyzeDomain (28ms)
			TypeCache.Refresh (9ms)
				TypeCache.ScanAssembly (0ms)
			ScanForSourceGeneratedMonoScriptInfo (11ms)
			ResolveRequiredComponents (6ms)
	FinalizeReload (831ms)
		ReleaseScriptCaches (0ms)
		RebuildScriptCaches (0ms)
		SetupLoadedEditorAssemblies (397ms)
			LogAssemblyErrors (0ms)
			InitializePlatformSupportModulesInManaged (6ms)
			SetLoadedEditorAssemblies (4ms)
			RefreshPlugins (0ms)
			BeforeProcessingInitializeOnLoad (68ms)
			ProcessInitializeOnLoadAttributes (284ms)
			ProcessInitializeOnLoadMethodAttributes (32ms)
			AfterProcessingInitializeOnLoad (3ms)
			EditorAssembliesLoaded (0ms)
		ExecutionOrderSort2 (0ms)
		AwakeInstancesAfterBackupRestoration (13ms)
Refreshing native plugins compatible for Editor in 2.42 ms, found 4 plugins.
Preloading 0 native plugins for Editor in 0.00 ms.
Unloading 4067 Unused Serialized files (Serialized files now loaded: 0)
Unloading 27 unused Assets / (213.4 KB). Loaded Objects now: 4643.
Memory consumption went from 140.9 MB to 140.7 MB.
Total: 3.824500 ms (FindLiveObjects: 0.594700 ms CreateObjectMapping: 0.336300 ms MarkObjects: 2.691700 ms  DeleteObjects: 0.200100 ms)

Prepare: number of updated asset objects reloaded= 0
AssetImportParameters requested are different than current active one (requested -> active):
  custom:scripting/monoscript/fileName/DOTweenModuleUtils.cs: 34ad347c902a97803d1c13fe65e97957 -> 
  custom:container-demuxer-ogg: 62fdf1f143b41e24485cea50d1cbac27 -> 
  custom:video-decoder-ogg-theora: a1e56fd34408186e4bbccfd4996cb3dc -> 
  custom:scripting/monoscript/fileName/DOTweenModuleUnityVersion.cs: 5fda8b30fb2f0276062c9b201e3b53c4 -> 
  custom:scripting/monoscript/fileName/DOTweenModuleUI.cs: 53c26b618f695b59a868eebdc97332ad -> 
  custom:framework-win-MediaFoundation: 216162199b28c13a410421893ffa2e32 -> 
  custom:scripting/precompiled-assembly-types:Assembly-CSharp-firstpass: c3b8ba213efe735b4b5ada0ee074dcb3 -> 
  custom:scripting/precompiled-assembly-types:DOTween: 41770a3e10244ae0a34e714162bbdba6 -> 
  custom:CustomObjectIndexerAttribute: 9a22284fe3817be447336de3de66b15e -> 
  custom:container-demuxer-webm: 4f35f7cbe854078d1ac9338744f61a02 -> 
  custom:scripting/monoscript/fileName/BulletTower.cs: 50552104c9d19a80e5b2d0f1a6d0dd85 -> 
  custom:scripting/monoscript/fileName/TimeManager.cs: ee896401883365d64d0753163ba65eb8 -> 
  custom:container-muxer-webm: aa71ff27fc2769a1b78a27578f13a17b -> 
  custom:video-decoder-webm-vp8: 9c59270c3fd7afecdb556c50c9e8de78 -> 
  custom:SearchIndexIgnoredProperties: e643bd26f0fe6173181afceb89e7c659 -> 
  custom:AudioImporter_EditorPlatform: d09bf68614088b80899f8185d706f6e7 -> 
  custom:scripting/monoscript/fileName/DOTweenModuleAudio.cs: 371877257ce39f5f0996ea556debbc8a -> 
  custom:scripting/monoscript/fileName/DOTweenModulePhysics2D.cs: 63b0e5981d81d026672954b54596f5ae -> 
  custom:scripting/precompiled-assembly-types:DOTweenEditor: 1efdf497b099e4e6944f0dd7fb28c744 -> 
  custom:scripting/monoscript/fileName/DOTweenModuleSprite.cs: e35fb5eb1c483cffc283a374a5e25466 -> 
  custom:video-encoder-webm-vp8: eb34c28f22e8b96e1ab97ce403110664 -> 
  custom:scripting/monoscript/fileName/DOTweenModulePhysics.cs: 87f8974001cd2397421cfdcad1904e83 -> 
  custom:audio-decoder-ogg-vorbis: bf7c407c2cedff20999df2af8eb42d56 -> 
  custom:scripting/monoscript/fileName/Bullet.cs: a4f5918e799041ba1f6608f13912eb8b -> 
  custom:audio-encoder-webm-vorbis: bf7c407c2cedff20999df2af8eb42d56 -> 
  custom:scripting/precompiled-assembly-types:Assembly-CSharp: e54580a8870340c6bd0aeaba1261d020 -> 
========================================================================
Received Prepare
Caller must complete domain reload
Begin MonoManager ReloadAssembly
- Loaded All Assemblies, in  0.450 seconds
Native extension for WindowsStandalone target not found
Native extension for WebGL target not found
Mono: successfully reloaded assembly
- Finished resetting the current domain, in  0.845 seconds
Domain Reload Profiling: 1295ms
	BeginReloadAssembly (143ms)
		ExecutionOrderSort (0ms)
		DisableScriptedObjects (12ms)
		BackupInstance (0ms)
		ReleaseScriptingObjects (0ms)
		CreateAndSetChildDomain (31ms)
	RebuildCommonClasses (38ms)
	RebuildNativeTypeToScriptingClass (12ms)
	initialDomainReloadingComplete (25ms)
	LoadAllAssembliesAndSetupDomain (232ms)
		LoadAssemblies (277ms)
		RebuildTransferFunctionScriptingTraits (0ms)
		AnalyzeDomain (28ms)
			TypeCache.Refresh (9ms)
				TypeCache.ScanAssembly (0ms)
			ScanForSourceGeneratedMonoScriptInfo (12ms)
			ResolveRequiredComponents (6ms)
	FinalizeReload (846ms)
		ReleaseScriptCaches (0ms)
		RebuildScriptCaches (0ms)
		SetupLoadedEditorAssemblies (404ms)
			LogAssemblyErrors (0ms)
			InitializePlatformSupportModulesInManaged (6ms)
			SetLoadedEditorAssemblies (4ms)
			RefreshPlugins (0ms)
			BeforeProcessingInitializeOnLoad (70ms)
			ProcessInitializeOnLoadAttributes (287ms)
			ProcessInitializeOnLoadMethodAttributes (34ms)
			AfterProcessingInitializeOnLoad (3ms)
			EditorAssembliesLoaded (0ms)
		ExecutionOrderSort2 (0ms)
		AwakeInstancesAfterBackupRestoration (12ms)
Refreshing native plugins compatible for Editor in 3.18 ms, found 4 plugins.
Preloading 0 native plugins for Editor in 0.00 ms.
Unloading 4067 Unused Serialized files (Serialized files now loaded: 0)
Unloading 27 unused Assets / (213.3 KB). Loaded Objects now: 4647.
Memory consumption went from 140.9 MB to 140.7 MB.
Total: 3.790500 ms (FindLiveObjects: 0.362000 ms CreateObjectMapping: 0.125500 ms MarkObjects: 3.115900 ms  DeleteObjects: 0.185900 ms)

Prepare: number of updated asset objects reloaded= 0
AssetImportParameters requested are different than current active one (requested -> active):
  custom:scripting/monoscript/fileName/DOTweenModuleUtils.cs: 34ad347c902a97803d1c13fe65e97957 -> 
  custom:container-demuxer-ogg: 62fdf1f143b41e24485cea50d1cbac27 -> 
  custom:video-decoder-ogg-theora: a1e56fd34408186e4bbccfd4996cb3dc -> 
  custom:scripting/monoscript/fileName/DOTweenModuleUnityVersion.cs: 5fda8b30fb2f0276062c9b201e3b53c4 -> 
  custom:scripting/monoscript/fileName/DOTweenModuleUI.cs: 53c26b618f695b59a868eebdc97332ad -> 
  custom:framework-win-MediaFoundation: 216162199b28c13a410421893ffa2e32 -> 
  custom:scripting/precompiled-assembly-types:Assembly-CSharp-firstpass: c3b8ba213efe735b4b5ada0ee074dcb3 -> 
  custom:scripting/precompiled-assembly-types:DOTween: 41770a3e10244ae0a34e714162bbdba6 -> 
  custom:CustomObjectIndexerAttribute: 9a22284fe3817be447336de3de66b15e -> 
  custom:container-demuxer-webm: 4f35f7cbe854078d1ac9338744f61a02 -> 
  custom:scripting/monoscript/fileName/BulletTower.cs: 50552104c9d19a80e5b2d0f1a6d0dd85 -> 
  custom:scripting/monoscript/fileName/TimeManager.cs: ee896401883365d64d0753163ba65eb8 -> 
  custom:container-muxer-webm: aa71ff27fc2769a1b78a27578f13a17b -> 
  custom:video-decoder-webm-vp8: 9c59270c3fd7afecdb556c50c9e8de78 -> 
  custom:SearchIndexIgnoredProperties: e643bd26f0fe6173181afceb89e7c659 -> 
  custom:AudioImporter_EditorPlatform: d09bf68614088b80899f8185d706f6e7 -> 
  custom:scripting/monoscript/fileName/DOTweenModuleAudio.cs: 371877257ce39f5f0996ea556debbc8a -> 
  custom:scripting/monoscript/fileName/DOTweenModulePhysics2D.cs: 63b0e5981d81d026672954b54596f5ae -> 
  custom:scripting/precompiled-assembly-types:DOTweenEditor: 1efdf497b099e4e6944f0dd7fb28c744 -> 
  custom:scripting/monoscript/fileName/DOTweenModuleSprite.cs: e35fb5eb1c483cffc283a374a5e25466 -> 
  custom:video-encoder-webm-vp8: eb34c28f22e8b96e1ab97ce403110664 -> 
  custom:scripting/monoscript/fileName/DOTweenModulePhysics.cs: 87f8974001cd2397421cfdcad1904e83 -> 
  custom:audio-decoder-ogg-vorbis: bf7c407c2cedff20999df2af8eb42d56 -> 
  custom:scripting/monoscript/fileName/Bullet.cs: a4f5918e799041ba1f6608f13912eb8b -> 
  custom:audio-encoder-webm-vorbis: bf7c407c2cedff20999df2af8eb42d56 -> 
  custom:scripting/precompiled-assembly-types:Assembly-CSharp: e54580a8870340c6bd0aeaba1261d020 -> 
========================================================================
Received Prepare
Caller must complete domain reload
Begin MonoManager ReloadAssembly
- Loaded All Assemblies, in  0.468 seconds
Native extension for WindowsStandalone target not found
Native extension for WebGL target not found
Mono: successfully reloaded assembly
- Finished resetting the current domain, in  0.904 seconds
Domain Reload Profiling: 1371ms
	BeginReloadAssembly (150ms)
		ExecutionOrderSort (0ms)
		DisableScriptedObjects (14ms)
		BackupInstance (0ms)
		ReleaseScriptingObjects (0ms)
		CreateAndSetChildDomain (31ms)
	RebuildCommonClasses (36ms)
	RebuildNativeTypeToScriptingClass (12ms)
	initialDomainReloadingComplete (25ms)
	LoadAllAssembliesAndSetupDomain (244ms)
		LoadAssemblies (295ms)
		RebuildTransferFunctionScriptingTraits (0ms)
		AnalyzeDomain (27ms)
			TypeCache.Refresh (9ms)
				TypeCache.ScanAssembly (0ms)
			ScanForSourceGeneratedMonoScriptInfo (11ms)
			ResolveRequiredComponents (6ms)
	FinalizeReload (904ms)
		ReleaseScriptCaches (0ms)
		RebuildScriptCaches (0ms)
		SetupLoadedEditorAssemblies (454ms)
			LogAssemblyErrors (0ms)
			InitializePlatformSupportModulesInManaged (6ms)
			SetLoadedEditorAssemblies (5ms)
			RefreshPlugins (0ms)
			BeforeProcessingInitializeOnLoad (69ms)
			ProcessInitializeOnLoadAttributes (334ms)
			ProcessInitializeOnLoadMethodAttributes (36ms)
			AfterProcessingInitializeOnLoad (3ms)
			EditorAssembliesLoaded (0ms)
		ExecutionOrderSort2 (0ms)
		AwakeInstancesAfterBackupRestoration (13ms)
Script is not up to date after domain reload: guid(5fc9251fb3bdab94c8eb79b700f2f984) path("Assets/MyResources/Scripts/Bullet/Bullet.cs") state(2)
Refreshing native plugins compatible for Editor in 2.42 ms, found 4 plugins.
Preloading 0 native plugins for Editor in 0.00 ms.
Unloading 4066 Unused Serialized files (Serialized files now loaded: 0)
Unloading 27 unused Assets / (213.5 KB). Loaded Objects now: 4650.
Memory consumption went from 140.9 MB to 140.7 MB.
Total: 3.232000 ms (FindLiveObjects: 0.357200 ms CreateObjectMapping: 0.139300 ms MarkObjects: 2.550700 ms  DeleteObjects: 0.183600 ms)

Prepare: number of updated asset objects reloaded= 0
AssetImportParameters requested are different than current active one (requested -> active):
  custom:scripting/monoscript/fileName/DOTweenModuleUtils.cs: 34ad347c902a97803d1c13fe65e97957 -> 
  custom:container-demuxer-ogg: 62fdf1f143b41e24485cea50d1cbac27 -> 
  custom:video-decoder-ogg-theora: a1e56fd34408186e4bbccfd4996cb3dc -> 
  custom:scripting/monoscript/fileName/DOTweenModuleUnityVersion.cs: 5fda8b30fb2f0276062c9b201e3b53c4 -> 
  custom:scripting/monoscript/fileName/DOTweenModuleUI.cs: 53c26b618f695b59a868eebdc97332ad -> 
  custom:framework-win-MediaFoundation: 216162199b28c13a410421893ffa2e32 -> 
  custom:scripting/precompiled-assembly-types:Assembly-CSharp-firstpass: c3b8ba213efe735b4b5ada0ee074dcb3 -> 
  custom:scripting/precompiled-assembly-types:DOTween: 41770a3e10244ae0a34e714162bbdba6 -> 
  custom:CustomObjectIndexerAttribute: 9a22284fe3817be447336de3de66b15e -> 
  custom:container-demuxer-webm: 4f35f7cbe854078d1ac9338744f61a02 -> 
  custom:scripting/monoscript/fileName/BulletTower.cs: 50552104c9d19a80e5b2d0f1a6d0dd85 -> 
  custom:scripting/monoscript/fileName/TimeManager.cs: ee896401883365d64d0753163ba65eb8 -> 
  custom:container-muxer-webm: aa71ff27fc2769a1b78a27578f13a17b -> 
  custom:video-decoder-webm-vp8: 9c59270c3fd7afecdb556c50c9e8de78 -> 
  custom:SearchIndexIgnoredProperties: e643bd26f0fe6173181afceb89e7c659 -> 
  custom:AudioImporter_EditorPlatform: d09bf68614088b80899f8185d706f6e7 -> 
  custom:scripting/monoscript/fileName/DOTweenModuleAudio.cs: 371877257ce39f5f0996ea556debbc8a -> 
  custom:scripting/monoscript/fileName/DOTweenModulePhysics2D.cs: 63b0e5981d81d026672954b54596f5ae -> 
  custom:scripting/precompiled-assembly-types:DOTweenEditor: 1efdf497b099e4e6944f0dd7fb28c744 -> 
  custom:scripting/monoscript/fileName/DOTweenModuleSprite.cs: e35fb5eb1c483cffc283a374a5e25466 -> 
  custom:video-encoder-webm-vp8: eb34c28f22e8b96e1ab97ce403110664 -> 
  custom:scripting/monoscript/fileName/DOTweenModulePhysics.cs: 87f8974001cd2397421cfdcad1904e83 -> 
  custom:audio-decoder-ogg-vorbis: bf7c407c2cedff20999df2af8eb42d56 -> 
  custom:scripting/monoscript/fileName/Bullet.cs: a4f5918e799041ba1f6608f13912eb8b -> 
  custom:audio-encoder-webm-vorbis: bf7c407c2cedff20999df2af8eb42d56 -> 
  custom:scripting/precompiled-assembly-types:Assembly-CSharp: e54580a8870340c6bd0aeaba1261d020 -> 
========================================================================
Received Prepare
Caller must complete domain reload
Begin MonoManager ReloadAssembly
- Loaded All Assemblies, in  0.457 seconds
Native extension for WindowsStandalone target not found
Native extension for WebGL target not found
Mono: successfully reloaded assembly
- Finished resetting the current domain, in  0.865 seconds
Domain Reload Profiling: 1321ms
	BeginReloadAssembly (155ms)
		ExecutionOrderSort (0ms)
		DisableScriptedObjects (12ms)
		BackupInstance (0ms)
		ReleaseScriptingObjects (0ms)
		CreateAndSetChildDomain (36ms)
	RebuildCommonClasses (35ms)
	RebuildNativeTypeToScriptingClass (14ms)
	initialDomainReloadingComplete (26ms)
	LoadAllAssembliesAndSetupDomain (226ms)
		LoadAssemblies (273ms)
		RebuildTransferFunctionScriptingTraits (0ms)
		AnalyzeDomain (26ms)
			TypeCache.Refresh (9ms)
				TypeCache.ScanAssembly (0ms)
			ScanForSourceGeneratedMonoScriptInfo (10ms)
			ResolveRequiredComponents (6ms)
	FinalizeReload (866ms)
		ReleaseScriptCaches (0ms)
		RebuildScriptCaches (0ms)
		SetupLoadedEditorAssemblies (405ms)
			LogAssemblyErrors (0ms)
			InitializePlatformSupportModulesInManaged (6ms)
			SetLoadedEditorAssemblies (4ms)
			RefreshPlugins (0ms)
			BeforeProcessingInitializeOnLoad (69ms)
			ProcessInitializeOnLoadAttributes (292ms)
			ProcessInitializeOnLoadMethodAttributes (30ms)
			AfterProcessingInitializeOnLoad (3ms)
			EditorAssembliesLoaded (0ms)
		ExecutionOrderSort2 (0ms)
		AwakeInstancesAfterBackupRestoration (13ms)
Refreshing native plugins compatible for Editor in 2.44 ms, found 4 plugins.
Preloading 0 native plugins for Editor in 0.00 ms.
Unloading 4067 Unused Serialized files (Serialized files now loaded: 0)
Unloading 27 unused Assets / (213.6 KB). Loaded Objects now: 4655.
Memory consumption went from 140.9 MB to 140.7 MB.
Total: 3.246400 ms (FindLiveObjects: 0.435300 ms CreateObjectMapping: 0.125300 ms MarkObjects: 2.500800 ms  DeleteObjects: 0.183400 ms)

Prepare: number of updated asset objects reloaded= 0
AssetImportParameters requested are different than current active one (requested -> active):
  custom:scripting/monoscript/fileName/DOTweenModuleUtils.cs: 34ad347c902a97803d1c13fe65e97957 -> 
  custom:container-demuxer-ogg: 62fdf1f143b41e24485cea50d1cbac27 -> 
  custom:video-decoder-ogg-theora: a1e56fd34408186e4bbccfd4996cb3dc -> 
  custom:scripting/monoscript/fileName/DOTweenModuleUnityVersion.cs: 5fda8b30fb2f0276062c9b201e3b53c4 -> 
  custom:scripting/monoscript/fileName/DOTweenModuleUI.cs: 53c26b618f695b59a868eebdc97332ad -> 
  custom:framework-win-MediaFoundation: 216162199b28c13a410421893ffa2e32 -> 
  custom:scripting/precompiled-assembly-types:Assembly-CSharp-firstpass: c3b8ba213efe735b4b5ada0ee074dcb3 -> 
  custom:scripting/precompiled-assembly-types:DOTween: 41770a3e10244ae0a34e714162bbdba6 -> 
  custom:CustomObjectIndexerAttribute: 9a22284fe3817be447336de3de66b15e -> 
  custom:container-demuxer-webm: 4f35f7cbe854078d1ac9338744f61a02 -> 
  custom:scripting/monoscript/fileName/BulletTower.cs: 50552104c9d19a80e5b2d0f1a6d0dd85 -> 
  custom:scripting/monoscript/fileName/TimeManager.cs: ee896401883365d64d0753163ba65eb8 -> 
  custom:container-muxer-webm: aa71ff27fc2769a1b78a27578f13a17b -> 
  custom:video-decoder-webm-vp8: 9c59270c3fd7afecdb556c50c9e8de78 -> 
  custom:SearchIndexIgnoredProperties: e643bd26f0fe6173181afceb89e7c659 -> 
  custom:AudioImporter_EditorPlatform: d09bf68614088b80899f8185d706f6e7 -> 
  custom:scripting/monoscript/fileName/DOTweenModuleAudio.cs: 371877257ce39f5f0996ea556debbc8a -> 
  custom:scripting/monoscript/fileName/DOTweenModulePhysics2D.cs: 63b0e5981d81d026672954b54596f5ae -> 
  custom:scripting/precompiled-assembly-types:DOTweenEditor: 1efdf497b099e4e6944f0dd7fb28c744 -> 
  custom:scripting/monoscript/fileName/DOTweenModuleSprite.cs: e35fb5eb1c483cffc283a374a5e25466 -> 
  custom:video-encoder-webm-vp8: eb34c28f22e8b96e1ab97ce403110664 -> 
  custom:scripting/monoscript/fileName/DOTweenModulePhysics.cs: 87f8974001cd2397421cfdcad1904e83 -> 
  custom:audio-decoder-ogg-vorbis: bf7c407c2cedff20999df2af8eb42d56 -> 
  custom:scripting/monoscript/fileName/Bullet.cs: a4f5918e799041ba1f6608f13912eb8b -> 
  custom:audio-encoder-webm-vorbis: bf7c407c2cedff20999df2af8eb42d56 -> 
  custom:scripting/precompiled-assembly-types:Assembly-CSharp: e54580a8870340c6bd0aeaba1261d020 -> 
========================================================================
Received Prepare
Caller must complete domain reload
Begin MonoManager ReloadAssembly
- Loaded All Assemblies, in  0.454 seconds
Native extension for WindowsStandalone target not found
Native extension for WebGL target not found
Mono: successfully reloaded assembly
- Finished resetting the current domain, in  0.861 seconds
Domain Reload Profiling: 1315ms
	BeginReloadAssembly (152ms)
		ExecutionOrderSort (0ms)
		DisableScriptedObjects (12ms)
		BackupInstance (0ms)
		ReleaseScriptingObjects (0ms)
		CreateAndSetChildDomain (35ms)
	RebuildCommonClasses (34ms)
	RebuildNativeTypeToScriptingClass (12ms)
	initialDomainReloadingComplete (26ms)
	LoadAllAssembliesAndSetupDomain (230ms)
		LoadAssemblies (279ms)
		RebuildTransferFunctionScriptingTraits (0ms)
		AnalyzeDomain (28ms)
			TypeCache.Refresh (9ms)
				TypeCache.ScanAssembly (0ms)
			ScanForSourceGeneratedMonoScriptInfo (11ms)
			ResolveRequiredComponents (6ms)
	FinalizeReload (862ms)
		ReleaseScriptCaches (0ms)
		RebuildScriptCaches (0ms)
		SetupLoadedEditorAssemblies (412ms)
			LogAssemblyErrors (0ms)
			InitializePlatformSupportModulesInManaged (6ms)
			SetLoadedEditorAssemblies (5ms)
			RefreshPlugins (0ms)
			BeforeProcessingInitializeOnLoad (69ms)
			ProcessInitializeOnLoadAttributes (291ms)
			ProcessInitializeOnLoadMethodAttributes (38ms)
			AfterProcessingInitializeOnLoad (3ms)
			EditorAssembliesLoaded (0ms)
		ExecutionOrderSort2 (0ms)
		AwakeInstancesAfterBackupRestoration (13ms)
Refreshing native plugins compatible for Editor in 2.47 ms, found 4 plugins.
Preloading 0 native plugins for Editor in 0.00 ms.
Unloading 4067 Unused Serialized files (Serialized files now loaded: 0)
Unloading 27 unused Assets / (214.5 KB). Loaded Objects now: 4659.
Memory consumption went from 140.9 MB to 140.7 MB.
Total: 3.388200 ms (FindLiveObjects: 0.387300 ms CreateObjectMapping: 0.129100 ms MarkObjects: 2.674000 ms  DeleteObjects: 0.195500 ms)

Prepare: number of updated asset objects reloaded= 0
AssetImportParameters requested are different than current active one (requested -> active):
  custom:scripting/monoscript/fileName/DOTweenModuleUtils.cs: 34ad347c902a97803d1c13fe65e97957 -> 
  custom:container-demuxer-ogg: 62fdf1f143b41e24485cea50d1cbac27 -> 
  custom:video-decoder-ogg-theora: a1e56fd34408186e4bbccfd4996cb3dc -> 
  custom:scripting/monoscript/fileName/DOTweenModuleUnityVersion.cs: 5fda8b30fb2f0276062c9b201e3b53c4 -> 
  custom:scripting/monoscript/fileName/DOTweenModuleUI.cs: 53c26b618f695b59a868eebdc97332ad -> 
  custom:framework-win-MediaFoundation: 216162199b28c13a410421893ffa2e32 -> 
  custom:scripting/precompiled-assembly-types:Assembly-CSharp-firstpass: c3b8ba213efe735b4b5ada0ee074dcb3 -> 
  custom:scripting/precompiled-assembly-types:DOTween: 41770a3e10244ae0a34e714162bbdba6 -> 
  custom:CustomObjectIndexerAttribute: 9a22284fe3817be447336de3de66b15e -> 
  custom:container-demuxer-webm: 4f35f7cbe854078d1ac9338744f61a02 -> 
  custom:scripting/monoscript/fileName/BulletTower.cs: 50552104c9d19a80e5b2d0f1a6d0dd85 -> 
  custom:scripting/monoscript/fileName/TimeManager.cs: ee896401883365d64d0753163ba65eb8 -> 
  custom:container-muxer-webm: aa71ff27fc2769a1b78a27578f13a17b -> 
  custom:video-decoder-webm-vp8: 9c59270c3fd7afecdb556c50c9e8de78 -> 
  custom:SearchIndexIgnoredProperties: e643bd26f0fe6173181afceb89e7c659 -> 
  custom:AudioImporter_EditorPlatform: d09bf68614088b80899f8185d706f6e7 -> 
  custom:scripting/monoscript/fileName/DOTweenModuleAudio.cs: 371877257ce39f5f0996ea556debbc8a -> 
  custom:scripting/monoscript/fileName/DOTweenModulePhysics2D.cs: 63b0e5981d81d026672954b54596f5ae -> 
  custom:scripting/precompiled-assembly-types:DOTweenEditor: 1efdf497b099e4e6944f0dd7fb28c744 -> 
  custom:scripting/monoscript/fileName/DOTweenModuleSprite.cs: e35fb5eb1c483cffc283a374a5e25466 -> 
  custom:video-encoder-webm-vp8: eb34c28f22e8b96e1ab97ce403110664 -> 
  custom:scripting/monoscript/fileName/DOTweenModulePhysics.cs: 87f8974001cd2397421cfdcad1904e83 -> 
  custom:audio-decoder-ogg-vorbis: bf7c407c2cedff20999df2af8eb42d56 -> 
  custom:scripting/monoscript/fileName/Bullet.cs: a4f5918e799041ba1f6608f13912eb8b -> 
  custom:audio-encoder-webm-vorbis: bf7c407c2cedff20999df2af8eb42d56 -> 
  custom:scripting/precompiled-assembly-types:Assembly-CSharp: e54580a8870340c6bd0aeaba1261d020 -> 
========================================================================
Received Prepare
Caller must complete domain reload
Begin MonoManager ReloadAssembly
- Loaded All Assemblies, in  0.480 seconds
Native extension for WindowsStandalone target not found
Native extension for WebGL target not found
Mono: successfully reloaded assembly
- Finished resetting the current domain, in  0.852 seconds
Domain Reload Profiling: 1332ms
	BeginReloadAssembly (160ms)
		ExecutionOrderSort (0ms)
		DisableScriptedObjects (12ms)
		BackupInstance (0ms)
		ReleaseScriptingObjects (0ms)
		CreateAndSetChildDomain (32ms)
	RebuildCommonClasses (36ms)
	RebuildNativeTypeToScriptingClass (16ms)
	initialDomainReloadingComplete (32ms)
	LoadAllAssembliesAndSetupDomain (235ms)
		LoadAssemblies (294ms)
		RebuildTransferFunctionScriptingTraits (0ms)
		AnalyzeDomain (31ms)
			TypeCache.Refresh (12ms)
				TypeCache.ScanAssembly (0ms)
			ScanForSourceGeneratedMonoScriptInfo (11ms)
			ResolveRequiredComponents (6ms)
	FinalizeReload (853ms)
		ReleaseScriptCaches (0ms)
		RebuildScriptCaches (0ms)
		SetupLoadedEditorAssemblies (396ms)
			LogAssemblyErrors (0ms)
			InitializePlatformSupportModulesInManaged (8ms)
			SetLoadedEditorAssemblies (5ms)
			RefreshPlugins (0ms)
			BeforeProcessingInitializeOnLoad (68ms)
			ProcessInitializeOnLoadAttributes (282ms)
			ProcessInitializeOnLoadMethodAttributes (31ms)
			AfterProcessingInitializeOnLoad (3ms)
			EditorAssembliesLoaded (0ms)
		ExecutionOrderSort2 (0ms)
		AwakeInstancesAfterBackupRestoration (12ms)
Refreshing native plugins compatible for Editor in 2.36 ms, found 4 plugins.
Preloading 0 native plugins for Editor in 0.00 ms.
Unloading 4067 Unused Serialized files (Serialized files now loaded: 0)
Unloading 27 unused Assets / (213.4 KB). Loaded Objects now: 4663.
Memory consumption went from 140.9 MB to 140.7 MB.
Total: 4.657200 ms (FindLiveObjects: 0.482700 ms CreateObjectMapping: 0.255400 ms MarkObjects: 3.697100 ms  DeleteObjects: 0.220600 ms)

Prepare: number of updated asset objects reloaded= 0
AssetImportParameters requested are different than current active one (requested -> active):
  custom:scripting/monoscript/fileName/DOTweenModuleUtils.cs: 34ad347c902a97803d1c13fe65e97957 -> 
  custom:container-demuxer-ogg: 62fdf1f143b41e24485cea50d1cbac27 -> 
  custom:video-decoder-ogg-theora: a1e56fd34408186e4bbccfd4996cb3dc -> 
  custom:scripting/monoscript/fileName/DOTweenModuleUnityVersion.cs: 5fda8b30fb2f0276062c9b201e3b53c4 -> 
  custom:scripting/monoscript/fileName/DOTweenModuleUI.cs: 53c26b618f695b59a868eebdc97332ad -> 
  custom:framework-win-MediaFoundation: 216162199b28c13a410421893ffa2e32 -> 
  custom:scripting/precompiled-assembly-types:Assembly-CSharp-firstpass: c3b8ba213efe735b4b5ada0ee074dcb3 -> 
  custom:scripting/precompiled-assembly-types:DOTween: 41770a3e10244ae0a34e714162bbdba6 -> 
  custom:CustomObjectIndexerAttribute: 9a22284fe3817be447336de3de66b15e -> 
  custom:container-demuxer-webm: 4f35f7cbe854078d1ac9338744f61a02 -> 
  custom:scripting/monoscript/fileName/BulletTower.cs: 50552104c9d19a80e5b2d0f1a6d0dd85 -> 
  custom:scripting/monoscript/fileName/TimeManager.cs: ee896401883365d64d0753163ba65eb8 -> 
  custom:container-muxer-webm: aa71ff27fc2769a1b78a27578f13a17b -> 
  custom:video-decoder-webm-vp8: 9c59270c3fd7afecdb556c50c9e8de78 -> 
  custom:SearchIndexIgnoredProperties: e643bd26f0fe6173181afceb89e7c659 -> 
  custom:AudioImporter_EditorPlatform: d09bf68614088b80899f8185d706f6e7 -> 
  custom:scripting/monoscript/fileName/DOTweenModuleAudio.cs: 371877257ce39f5f0996ea556debbc8a -> 
  custom:scripting/monoscript/fileName/DOTweenModulePhysics2D.cs: 63b0e5981d81d026672954b54596f5ae -> 
  custom:scripting/precompiled-assembly-types:DOTweenEditor: 1efdf497b099e4e6944f0dd7fb28c744 -> 
  custom:scripting/monoscript/fileName/DOTweenModuleSprite.cs: e35fb5eb1c483cffc283a374a5e25466 -> 
  custom:video-encoder-webm-vp8: eb34c28f22e8b96e1ab97ce403110664 -> 
  custom:scripting/monoscript/fileName/DOTweenModulePhysics.cs: 87f8974001cd2397421cfdcad1904e83 -> 
  custom:audio-decoder-ogg-vorbis: bf7c407c2cedff20999df2af8eb42d56 -> 
  custom:scripting/monoscript/fileName/Bullet.cs: a4f5918e799041ba1f6608f13912eb8b -> 
  custom:audio-encoder-webm-vorbis: bf7c407c2cedff20999df2af8eb42d56 -> 
  custom:scripting/precompiled-assembly-types:Assembly-CSharp: e54580a8870340c6bd0aeaba1261d020 -> 
========================================================================
Received Prepare
Caller must complete domain reload
Begin MonoManager ReloadAssembly
- Loaded All Assemblies, in  0.455 seconds
Native extension for WindowsStandalone target not found
Native extension for WebGL target not found
Mono: successfully reloaded assembly
- Finished resetting the current domain, in  0.823 seconds
Domain Reload Profiling: 1278ms
	BeginReloadAssembly (149ms)
		ExecutionOrderSort (0ms)
		DisableScriptedObjects (12ms)
		BackupInstance (0ms)
		ReleaseScriptingObjects (0ms)
		CreateAndSetChildDomain (31ms)
	RebuildCommonClasses (34ms)
	RebuildNativeTypeToScriptingClass (13ms)
	initialDomainReloadingComplete (26ms)
	LoadAllAssembliesAndSetupDomain (232ms)
		LoadAssemblies (282ms)
		RebuildTransferFunctionScriptingTraits (0ms)
		AnalyzeDomain (28ms)
			TypeCache.Refresh (9ms)
				TypeCache.ScanAssembly (0ms)
			ScanForSourceGeneratedMonoScriptInfo (11ms)
			ResolveRequiredComponents (7ms)
	FinalizeReload (824ms)
		ReleaseScriptCaches (0ms)
		RebuildScriptCaches (0ms)
		SetupLoadedEditorAssemblies (385ms)
			LogAssemblyErrors (0ms)
			InitializePlatformSupportModulesInManaged (5ms)
			SetLoadedEditorAssemblies (4ms)
			RefreshPlugins (0ms)
			BeforeProcessingInitializeOnLoad (66ms)
			ProcessInitializeOnLoadAttributes (276ms)
			ProcessInitializeOnLoadMethodAttributes (30ms)
			AfterProcessingInitializeOnLoad (3ms)
			EditorAssembliesLoaded (0ms)
		ExecutionOrderSort2 (0ms)
		AwakeInstancesAfterBackupRestoration (12ms)
Refreshing native plugins compatible for Editor in 2.75 ms, found 4 plugins.
Preloading 0 native plugins for Editor in 0.00 ms.
Unloading 4067 Unused Serialized files (Serialized files now loaded: 0)
Unloading 27 unused Assets / (213.5 KB). Loaded Objects now: 4667.
Memory consumption went from 140.9 MB to 140.7 MB.
Total: 3.289100 ms (FindLiveObjects: 0.439600 ms CreateObjectMapping: 0.150800 ms MarkObjects: 2.513300 ms  DeleteObjects: 0.184200 ms)

Prepare: number of updated asset objects reloaded= 0
AssetImportParameters requested are different than current active one (requested -> active):
  custom:scripting/monoscript/fileName/DOTweenModuleUtils.cs: 34ad347c902a97803d1c13fe65e97957 -> 
  custom:container-demuxer-ogg: 62fdf1f143b41e24485cea50d1cbac27 -> 
  custom:video-decoder-ogg-theora: a1e56fd34408186e4bbccfd4996cb3dc -> 
  custom:scripting/monoscript/fileName/DOTweenModuleUnityVersion.cs: 5fda8b30fb2f0276062c9b201e3b53c4 -> 
  custom:scripting/monoscript/fileName/DOTweenModuleUI.cs: 53c26b618f695b59a868eebdc97332ad -> 
  custom:framework-win-MediaFoundation: 216162199b28c13a410421893ffa2e32 -> 
  custom:scripting/precompiled-assembly-types:Assembly-CSharp-firstpass: c3b8ba213efe735b4b5ada0ee074dcb3 -> 
  custom:scripting/precompiled-assembly-types:DOTween: 41770a3e10244ae0a34e714162bbdba6 -> 
  custom:CustomObjectIndexerAttribute: 9a22284fe3817be447336de3de66b15e -> 
  custom:container-demuxer-webm: 4f35f7cbe854078d1ac9338744f61a02 -> 
  custom:scripting/monoscript/fileName/BulletTower.cs: 50552104c9d19a80e5b2d0f1a6d0dd85 -> 
  custom:scripting/monoscript/fileName/TimeManager.cs: ee896401883365d64d0753163ba65eb8 -> 
  custom:container-muxer-webm: aa71ff27fc2769a1b78a27578f13a17b -> 
  custom:video-decoder-webm-vp8: 9c59270c3fd7afecdb556c50c9e8de78 -> 
  custom:SearchIndexIgnoredProperties: e643bd26f0fe6173181afceb89e7c659 -> 
  custom:AudioImporter_EditorPlatform: d09bf68614088b80899f8185d706f6e7 -> 
  custom:scripting/monoscript/fileName/DOTweenModuleAudio.cs: 371877257ce39f5f0996ea556debbc8a -> 
  custom:scripting/monoscript/fileName/DOTweenModulePhysics2D.cs: 63b0e5981d81d026672954b54596f5ae -> 
  custom:scripting/precompiled-assembly-types:DOTweenEditor: 1efdf497b099e4e6944f0dd7fb28c744 -> 
  custom:scripting/monoscript/fileName/DOTweenModuleSprite.cs: e35fb5eb1c483cffc283a374a5e25466 -> 
  custom:video-encoder-webm-vp8: eb34c28f22e8b96e1ab97ce403110664 -> 
  custom:scripting/monoscript/fileName/DOTweenModulePhysics.cs: 87f8974001cd2397421cfdcad1904e83 -> 
  custom:audio-decoder-ogg-vorbis: bf7c407c2cedff20999df2af8eb42d56 -> 
  custom:scripting/monoscript/fileName/Bullet.cs: a4f5918e799041ba1f6608f13912eb8b -> 
  custom:audio-encoder-webm-vorbis: bf7c407c2cedff20999df2af8eb42d56 -> 
  custom:scripting/precompiled-assembly-types:Assembly-CSharp: e54580a8870340c6bd0aeaba1261d020 -> 
========================================================================
Received Prepare
Caller must complete domain reload
Begin MonoManager ReloadAssembly
- Loaded All Assemblies, in  0.437 seconds
Native extension for WindowsStandalone target not found
Native extension for WebGL target not found
Mono: successfully reloaded assembly
- Finished resetting the current domain, in  0.859 seconds
Domain Reload Profiling: 1297ms
	BeginReloadAssembly (146ms)
		ExecutionOrderSort (0ms)
		DisableScriptedObjects (12ms)
		BackupInstance (0ms)
		ReleaseScriptingObjects (0ms)
		CreateAndSetChildDomain (31ms)
	RebuildCommonClasses (33ms)
	RebuildNativeTypeToScriptingClass (12ms)
	initialDomainReloadingComplete (25ms)
	LoadAllAssembliesAndSetupDomain (220ms)
		LoadAssemblies (268ms)
		RebuildTransferFunctionScriptingTraits (0ms)
		AnalyzeDomain (27ms)
			TypeCache.Refresh (10ms)
				TypeCache.ScanAssembly (0ms)
			ScanForSourceGeneratedMonoScriptInfo (10ms)
			ResolveRequiredComponents (6ms)
	FinalizeReload (860ms)
		ReleaseScriptCaches (0ms)
		RebuildScriptCaches (0ms)
		SetupLoadedEditorAssemblies (407ms)
			LogAssemblyErrors (0ms)
			InitializePlatformSupportModulesInManaged (6ms)
			SetLoadedEditorAssemblies (5ms)
			RefreshPlugins (0ms)
			BeforeProcessingInitializeOnLoad (81ms)
			ProcessInitializeOnLoadAttributes (281ms)
			ProcessInitializeOnLoadMethodAttributes (31ms)
			AfterProcessingInitializeOnLoad (3ms)
			EditorAssembliesLoaded (0ms)
		ExecutionOrderSort2 (0ms)
		AwakeInstancesAfterBackupRestoration (12ms)
Refreshing native plugins compatible for Editor in 2.62 ms, found 4 plugins.
Preloading 0 native plugins for Editor in 0.00 ms.
Unloading 4067 Unused Serialized files (Serialized files now loaded: 0)
Unloading 27 unused Assets / (213.5 KB). Loaded Objects now: 4671.
Memory consumption went from 140.9 MB to 140.7 MB.
Total: 3.313100 ms (FindLiveObjects: 0.329100 ms CreateObjectMapping: 0.116700 ms MarkObjects: 2.679900 ms  DeleteObjects: 0.185300 ms)

Prepare: number of updated asset objects reloaded= 0
AssetImportParameters requested are different than current active one (requested -> active):
  custom:scripting/monoscript/fileName/DOTweenModuleUtils.cs: 34ad347c902a97803d1c13fe65e97957 -> 
  custom:container-demuxer-ogg: 62fdf1f143b41e24485cea50d1cbac27 -> 
  custom:video-decoder-ogg-theora: a1e56fd34408186e4bbccfd4996cb3dc -> 
  custom:scripting/monoscript/fileName/DOTweenModuleUnityVersion.cs: 5fda8b30fb2f0276062c9b201e3b53c4 -> 
  custom:scripting/monoscript/fileName/DOTweenModuleUI.cs: 53c26b618f695b59a868eebdc97332ad -> 
  custom:framework-win-MediaFoundation: 216162199b28c13a410421893ffa2e32 -> 
  custom:scripting/precompiled-assembly-types:Assembly-CSharp-firstpass: c3b8ba213efe735b4b5ada0ee074dcb3 -> 
  custom:scripting/precompiled-assembly-types:DOTween: 41770a3e10244ae0a34e714162bbdba6 -> 
  custom:CustomObjectIndexerAttribute: 9a22284fe3817be447336de3de66b15e -> 
  custom:container-demuxer-webm: 4f35f7cbe854078d1ac9338744f61a02 -> 
  custom:scripting/monoscript/fileName/BulletTower.cs: 50552104c9d19a80e5b2d0f1a6d0dd85 -> 
  custom:scripting/monoscript/fileName/TimeManager.cs: ee896401883365d64d0753163ba65eb8 -> 
  custom:container-muxer-webm: aa71ff27fc2769a1b78a27578f13a17b -> 
  custom:video-decoder-webm-vp8: 9c59270c3fd7afecdb556c50c9e8de78 -> 
  custom:SearchIndexIgnoredProperties: e643bd26f0fe6173181afceb89e7c659 -> 
  custom:AudioImporter_EditorPlatform: d09bf68614088b80899f8185d706f6e7 -> 
  custom:scripting/monoscript/fileName/DOTweenModuleAudio.cs: 371877257ce39f5f0996ea556debbc8a -> 
  custom:scripting/monoscript/fileName/DOTweenModulePhysics2D.cs: 63b0e5981d81d026672954b54596f5ae -> 
  custom:scripting/precompiled-assembly-types:DOTweenEditor: 1efdf497b099e4e6944f0dd7fb28c744 -> 
  custom:scripting/monoscript/fileName/DOTweenModuleSprite.cs: e35fb5eb1c483cffc283a374a5e25466 -> 
  custom:video-encoder-webm-vp8: eb34c28f22e8b96e1ab97ce403110664 -> 
  custom:scripting/monoscript/fileName/DOTweenModulePhysics.cs: 87f8974001cd2397421cfdcad1904e83 -> 
  custom:audio-decoder-ogg-vorbis: bf7c407c2cedff20999df2af8eb42d56 -> 
  custom:scripting/monoscript/fileName/Bullet.cs: a4f5918e799041ba1f6608f13912eb8b -> 
  custom:audio-encoder-webm-vorbis: bf7c407c2cedff20999df2af8eb42d56 -> 
  custom:scripting/precompiled-assembly-types:Assembly-CSharp: e54580a8870340c6bd0aeaba1261d020 -> 
========================================================================
Received Prepare
Caller must complete domain reload
Begin MonoManager ReloadAssembly
- Loaded All Assemblies, in  0.474 seconds
Native extension for WindowsStandalone target not found
Native extension for WebGL target not found
Mono: successfully reloaded assembly
- Finished resetting the current domain, in  0.842 seconds
Domain Reload Profiling: 1316ms
	BeginReloadAssembly (154ms)
		ExecutionOrderSort (0ms)
		DisableScriptedObjects (13ms)
		BackupInstance (0ms)
		ReleaseScriptingObjects (0ms)
		CreateAndSetChildDomain (38ms)
	RebuildCommonClasses (40ms)
	RebuildNativeTypeToScriptingClass (12ms)
	initialDomainReloadingComplete (27ms)
	LoadAllAssembliesAndSetupDomain (241ms)
		LoadAssemblies (286ms)
		RebuildTransferFunctionScriptingTraits (0ms)
		AnalyzeDomain (27ms)
			TypeCache.Refresh (10ms)
				TypeCache.ScanAssembly (0ms)
			ScanForSourceGeneratedMonoScriptInfo (11ms)
			ResolveRequiredComponents (6ms)
	FinalizeReload (843ms)
		ReleaseScriptCaches (0ms)
		RebuildScriptCaches (0ms)
		SetupLoadedEditorAssemblies (410ms)
			LogAssemblyErrors (0ms)
			InitializePlatformSupportModulesInManaged (6ms)
			SetLoadedEditorAssemblies (5ms)
			RefreshPlugins (0ms)
			BeforeProcessingInitializeOnLoad (69ms)
			ProcessInitializeOnLoadAttributes (291ms)
			ProcessInitializeOnLoadMethodAttributes (36ms)
			AfterProcessingInitializeOnLoad (3ms)
			EditorAssembliesLoaded (0ms)
		ExecutionOrderSort2 (0ms)
		AwakeInstancesAfterBackupRestoration (16ms)
Refreshing native plugins compatible for Editor in 2.57 ms, found 4 plugins.
Preloading 0 native plugins for Editor in 0.00 ms.
Unloading 4067 Unused Serialized files (Serialized files now loaded: 0)
Unloading 27 unused Assets / (213.5 KB). Loaded Objects now: 4675.
Memory consumption went from 140.9 MB to 140.7 MB.
Total: 4.030300 ms (FindLiveObjects: 0.464700 ms CreateObjectMapping: 0.293100 ms MarkObjects: 3.078300 ms  DeleteObjects: 0.192300 ms)

Prepare: number of updated asset objects reloaded= 0
AssetImportParameters requested are different than current active one (requested -> active):
  custom:scripting/monoscript/fileName/DOTweenModuleUtils.cs: 34ad347c902a97803d1c13fe65e97957 -> 
  custom:container-demuxer-ogg: 62fdf1f143b41e24485cea50d1cbac27 -> 
  custom:video-decoder-ogg-theora: a1e56fd34408186e4bbccfd4996cb3dc -> 
  custom:scripting/monoscript/fileName/DOTweenModuleUnityVersion.cs: 5fda8b30fb2f0276062c9b201e3b53c4 -> 
  custom:scripting/monoscript/fileName/DOTweenModuleUI.cs: 53c26b618f695b59a868eebdc97332ad -> 
  custom:framework-win-MediaFoundation: 216162199b28c13a410421893ffa2e32 -> 
  custom:scripting/precompiled-assembly-types:Assembly-CSharp-firstpass: c3b8ba213efe735b4b5ada0ee074dcb3 -> 
  custom:scripting/precompiled-assembly-types:DOTween: 41770a3e10244ae0a34e714162bbdba6 -> 
  custom:CustomObjectIndexerAttribute: 9a22284fe3817be447336de3de66b15e -> 
  custom:container-demuxer-webm: 4f35f7cbe854078d1ac9338744f61a02 -> 
  custom:scripting/monoscript/fileName/BulletTower.cs: 50552104c9d19a80e5b2d0f1a6d0dd85 -> 
  custom:scripting/monoscript/fileName/TimeManager.cs: ee896401883365d64d0753163ba65eb8 -> 
  custom:container-muxer-webm: aa71ff27fc2769a1b78a27578f13a17b -> 
  custom:video-decoder-webm-vp8: 9c59270c3fd7afecdb556c50c9e8de78 -> 
  custom:SearchIndexIgnoredProperties: e643bd26f0fe6173181afceb89e7c659 -> 
  custom:AudioImporter_EditorPlatform: d09bf68614088b80899f8185d706f6e7 -> 
  custom:scripting/monoscript/fileName/DOTweenModuleAudio.cs: 371877257ce39f5f0996ea556debbc8a -> 
  custom:scripting/monoscript/fileName/DOTweenModulePhysics2D.cs: 63b0e5981d81d026672954b54596f5ae -> 
  custom:scripting/precompiled-assembly-types:DOTweenEditor: 1efdf497b099e4e6944f0dd7fb28c744 -> 
  custom:scripting/monoscript/fileName/DOTweenModuleSprite.cs: e35fb5eb1c483cffc283a374a5e25466 -> 
  custom:video-encoder-webm-vp8: eb34c28f22e8b96e1ab97ce403110664 -> 
  custom:scripting/monoscript/fileName/DOTweenModulePhysics.cs: 87f8974001cd2397421cfdcad1904e83 -> 
  custom:audio-decoder-ogg-vorbis: bf7c407c2cedff20999df2af8eb42d56 -> 
  custom:scripting/monoscript/fileName/Bullet.cs: a4f5918e799041ba1f6608f13912eb8b -> 
  custom:audio-encoder-webm-vorbis: bf7c407c2cedff20999df2af8eb42d56 -> 
  custom:scripting/precompiled-assembly-types:Assembly-CSharp: e54580a8870340c6bd0aeaba1261d020 -> 
========================================================================
Received Import Request.
  Time since last request: 514.074345 seconds.
  path: Assets/MyResources/Prefabs
  artifactKey: Guid(9b03169f60a8190409f33259ac6764ae) Importer(815301076,1909f56bfc062723c751e8b465ee728b)
Start importing Assets/MyResources/Prefabs using Guid(9b03169f60a8190409f33259ac6764ae) Importer(815301076,1909f56bfc062723c751e8b465ee728b) [PhysX] Initialized MultithreadedTaskDispatcher with 12 workers.
 -> (artifact id: 'fcdb995d0e99060f91401a626ad2c6ab') in 0.002329 seconds
Number of updated asset objects reloaded before import = 0
Number of asset objects unloaded after import = 0
========================================================================
Received Import Request.
  Time since last request: 3.202711 seconds.
  path: Assets/MyResources/Prefabs/子弹.prefab
  artifactKey: Guid(ceb04ccf67539e24a9ee9e779b53b740) Importer(815301076,1909f56bfc062723c751e8b465ee728b)
Start importing Assets/MyResources/Prefabs/子弹.prefab using Guid(ceb04ccf67539e24a9ee9e779b53b740) Importer(815301076,1909f56bfc062723c751e8b465ee728b) [PhysX] Initialized MultithreadedTaskDispatcher with 12 workers.
[PhysX] Initialized MultithreadedTaskDispatcher with 12 workers.
 -> (artifact id: 'ebe97fe7601b07a7150f8614755188cb') in 0.108227 seconds
Number of updated asset objects reloaded before import = 0
Number of asset objects unloaded after import = 9
========================================================================
Received Prepare
Caller must complete domain reload
Begin MonoManager ReloadAssembly
- Loaded All Assemblies, in  0.429 seconds
Native extension for WindowsStandalone target not found
Native extension for WebGL target not found
Mono: successfully reloaded assembly
- Finished resetting the current domain, in  0.886 seconds
Domain Reload Profiling: 1314ms
	BeginReloadAssembly (143ms)
		ExecutionOrderSort (0ms)
		DisableScriptedObjects (11ms)
		BackupInstance (0ms)
		ReleaseScriptingObjects (0ms)
		CreateAndSetChildDomain (32ms)
	RebuildCommonClasses (35ms)
	RebuildNativeTypeToScriptingClass (12ms)
	initialDomainReloadingComplete (29ms)
	LoadAllAssembliesAndSetupDomain (209ms)
		LoadAssemblies (269ms)
		RebuildTransferFunctionScriptingTraits (0ms)
		AnalyzeDomain (13ms)
			TypeCache.Refresh (5ms)
				TypeCache.ScanAssembly (0ms)
			ScanForSourceGeneratedMonoScriptInfo (0ms)
			ResolveRequiredComponents (6ms)
	FinalizeReload (886ms)
		ReleaseScriptCaches (0ms)
		RebuildScriptCaches (0ms)
		SetupLoadedEditorAssemblies (452ms)
			LogAssemblyErrors (0ms)
			InitializePlatformSupportModulesInManaged (6ms)
			SetLoadedEditorAssemblies (5ms)
			RefreshPlugins (0ms)
			BeforeProcessingInitializeOnLoad (78ms)
			ProcessInitializeOnLoadAttributes (323ms)
			ProcessInitializeOnLoadMethodAttributes (36ms)
			AfterProcessingInitializeOnLoad (3ms)
			EditorAssembliesLoaded (0ms)
		ExecutionOrderSort2 (0ms)
		AwakeInstancesAfterBackupRestoration (13ms)
Refreshing native plugins compatible for Editor in 2.61 ms, found 4 plugins.
Preloading 0 native plugins for Editor in 0.00 ms.
Unloading 4066 Unused Serialized files (Serialized files now loaded: 0)
Unloading 27 unused Assets / (213.7 KB). Loaded Objects now: 4687.
Memory consumption went from 145.1 MB to 144.9 MB.
Total: 3.488000 ms (FindLiveObjects: 0.395600 ms CreateObjectMapping: 0.136100 ms MarkObjects: 2.772300 ms  DeleteObjects: 0.182800 ms)

Prepare: number of updated asset objects reloaded= 0
AssetImportParameters requested are different than current active one (requested -> active):
  custom:scripting/monoscript/fileName/DOTweenModuleUtils.cs: 34ad347c902a97803d1c13fe65e97957 -> 
  custom:container-demuxer-ogg: 62fdf1f143b41e24485cea50d1cbac27 -> 
  custom:video-decoder-ogg-theora: a1e56fd34408186e4bbccfd4996cb3dc -> 
  custom:scripting/monoscript/fileName/DOTweenModuleUnityVersion.cs: 5fda8b30fb2f0276062c9b201e3b53c4 -> 
  custom:scripting/monoscript/fileName/DOTweenModuleUI.cs: 53c26b618f695b59a868eebdc97332ad -> 
  custom:framework-win-MediaFoundation: 216162199b28c13a410421893ffa2e32 -> 
  custom:scripting/precompiled-assembly-types:Assembly-CSharp-firstpass: c3b8ba213efe735b4b5ada0ee074dcb3 -> 
  custom:scripting/precompiled-assembly-types:DOTween: 41770a3e10244ae0a34e714162bbdba6 -> 
  custom:CustomObjectIndexerAttribute: 9a22284fe3817be447336de3de66b15e -> 
  custom:container-demuxer-webm: 4f35f7cbe854078d1ac9338744f61a02 -> 
  custom:scripting/monoscript/fileName/BulletTower.cs: 50552104c9d19a80e5b2d0f1a6d0dd85 -> 
  custom:scripting/monoscript/fileName/TimeManager.cs: ee896401883365d64d0753163ba65eb8 -> 
  custom:container-muxer-webm: aa71ff27fc2769a1b78a27578f13a17b -> 
  custom:video-decoder-webm-vp8: 9c59270c3fd7afecdb556c50c9e8de78 -> 
  custom:SearchIndexIgnoredProperties: e643bd26f0fe6173181afceb89e7c659 -> 
  custom:AudioImporter_EditorPlatform: d09bf68614088b80899f8185d706f6e7 -> 
  custom:scripting/monoscript/fileName/DOTweenModuleAudio.cs: 371877257ce39f5f0996ea556debbc8a -> 
  custom:scripting/monoscript/fileName/DOTweenModulePhysics2D.cs: 63b0e5981d81d026672954b54596f5ae -> 
  custom:scripting/precompiled-assembly-types:DOTweenEditor: 1efdf497b099e4e6944f0dd7fb28c744 -> 
  custom:scripting/monoscript/fileName/DOTweenModuleSprite.cs: e35fb5eb1c483cffc283a374a5e25466 -> 
  custom:video-encoder-webm-vp8: eb34c28f22e8b96e1ab97ce403110664 -> 
  custom:scripting/monoscript/fileName/DOTweenModulePhysics.cs: 87f8974001cd2397421cfdcad1904e83 -> 
  custom:audio-decoder-ogg-vorbis: bf7c407c2cedff20999df2af8eb42d56 -> 
  custom:scripting/monoscript/fileName/Bullet.cs: a4f5918e799041ba1f6608f13912eb8b -> 
  custom:audio-encoder-webm-vorbis: bf7c407c2cedff20999df2af8eb42d56 -> 
  custom:scripting/precompiled-assembly-types:Assembly-CSharp: e54580a8870340c6bd0aeaba1261d020 -> 
========================================================================
Received Prepare
Caller must complete domain reload
Begin MonoManager ReloadAssembly
- Loaded All Assemblies, in  0.452 seconds
Native extension for WindowsStandalone target not found
Native extension for WebGL target not found
Mono: successfully reloaded assembly
- Finished resetting the current domain, in  0.813 seconds
Domain Reload Profiling: 1264ms
	BeginReloadAssembly (146ms)
		ExecutionOrderSort (0ms)
		DisableScriptedObjects (12ms)
		BackupInstance (0ms)
		ReleaseScriptingObjects (0ms)
		CreateAndSetChildDomain (31ms)
	RebuildCommonClasses (35ms)
	RebuildNativeTypeToScriptingClass (13ms)
	initialDomainReloadingComplete (30ms)
	LoadAllAssembliesAndSetupDomain (227ms)
		LoadAssemblies (270ms)
		RebuildTransferFunctionScriptingTraits (0ms)
		AnalyzeDomain (32ms)
			TypeCache.Refresh (11ms)
				TypeCache.ScanAssembly (0ms)
			ScanForSourceGeneratedMonoScriptInfo (13ms)
			ResolveRequiredComponents (6ms)
	FinalizeReload (814ms)
		ReleaseScriptCaches (0ms)
		RebuildScriptCaches (0ms)
		SetupLoadedEditorAssemblies (392ms)
			LogAssemblyErrors (0ms)
			InitializePlatformSupportModulesInManaged (6ms)
			SetLoadedEditorAssemblies (5ms)
			RefreshPlugins (0ms)
			BeforeProcessingInitializeOnLoad (68ms)
			ProcessInitializeOnLoadAttributes (281ms)
			ProcessInitializeOnLoadMethodAttributes (29ms)
			AfterProcessingInitializeOnLoad (3ms)
			EditorAssembliesLoaded (0ms)
		ExecutionOrderSort2 (0ms)
		AwakeInstancesAfterBackupRestoration (13ms)
Refreshing native plugins compatible for Editor in 2.45 ms, found 4 plugins.
Preloading 0 native plugins for Editor in 0.00 ms.
Unloading 4067 Unused Serialized files (Serialized files now loaded: 0)
Unloading 27 unused Assets / (213.6 KB). Loaded Objects now: 4691.
Memory consumption went from 145.4 MB to 145.2 MB.
Total: 3.826400 ms (FindLiveObjects: 0.361000 ms CreateObjectMapping: 0.114200 ms MarkObjects: 3.162900 ms  DeleteObjects: 0.187100 ms)

Prepare: number of updated asset objects reloaded= 0
AssetImportParameters requested are different than current active one (requested -> active):
  custom:scripting/monoscript/fileName/DOTweenModuleUtils.cs: 34ad347c902a97803d1c13fe65e97957 -> 
  custom:container-demuxer-ogg: 62fdf1f143b41e24485cea50d1cbac27 -> 
  custom:video-decoder-ogg-theora: a1e56fd34408186e4bbccfd4996cb3dc -> 
  custom:scripting/monoscript/fileName/DOTweenModuleUnityVersion.cs: 5fda8b30fb2f0276062c9b201e3b53c4 -> 
  custom:scripting/monoscript/fileName/DOTweenModuleUI.cs: 53c26b618f695b59a868eebdc97332ad -> 
  custom:framework-win-MediaFoundation: 216162199b28c13a410421893ffa2e32 -> 
  custom:scripting/precompiled-assembly-types:Assembly-CSharp-firstpass: c3b8ba213efe735b4b5ada0ee074dcb3 -> 
  custom:scripting/precompiled-assembly-types:DOTween: 41770a3e10244ae0a34e714162bbdba6 -> 
  custom:CustomObjectIndexerAttribute: 9a22284fe3817be447336de3de66b15e -> 
  custom:container-demuxer-webm: 4f35f7cbe854078d1ac9338744f61a02 -> 
  custom:scripting/monoscript/fileName/BulletTower.cs: 50552104c9d19a80e5b2d0f1a6d0dd85 -> 
  custom:scripting/monoscript/fileName/TimeManager.cs: ee896401883365d64d0753163ba65eb8 -> 
  custom:container-muxer-webm: aa71ff27fc2769a1b78a27578f13a17b -> 
  custom:video-decoder-webm-vp8: 9c59270c3fd7afecdb556c50c9e8de78 -> 
  custom:SearchIndexIgnoredProperties: e643bd26f0fe6173181afceb89e7c659 -> 
  custom:AudioImporter_EditorPlatform: d09bf68614088b80899f8185d706f6e7 -> 
  custom:scripting/monoscript/fileName/DOTweenModuleAudio.cs: 371877257ce39f5f0996ea556debbc8a -> 
  custom:scripting/monoscript/fileName/DOTweenModulePhysics2D.cs: 63b0e5981d81d026672954b54596f5ae -> 
  custom:scripting/precompiled-assembly-types:DOTweenEditor: 1efdf497b099e4e6944f0dd7fb28c744 -> 
  custom:scripting/monoscript/fileName/DOTweenModuleSprite.cs: e35fb5eb1c483cffc283a374a5e25466 -> 
  custom:video-encoder-webm-vp8: eb34c28f22e8b96e1ab97ce403110664 -> 
  custom:scripting/monoscript/fileName/DOTweenModulePhysics.cs: 87f8974001cd2397421cfdcad1904e83 -> 
  custom:audio-decoder-ogg-vorbis: bf7c407c2cedff20999df2af8eb42d56 -> 
  custom:scripting/monoscript/fileName/Bullet.cs: a4f5918e799041ba1f6608f13912eb8b -> 
  custom:audio-encoder-webm-vorbis: bf7c407c2cedff20999df2af8eb42d56 -> 
  custom:scripting/precompiled-assembly-types:Assembly-CSharp: e54580a8870340c6bd0aeaba1261d020 -> 
========================================================================
Received Prepare
Caller must complete domain reload
Begin MonoManager ReloadAssembly
- Loaded All Assemblies, in  0.426 seconds
Native extension for WindowsStandalone target not found
Native extension for WebGL target not found
Mono: successfully reloaded assembly
- Finished resetting the current domain, in  0.857 seconds
Domain Reload Profiling: 1283ms
	BeginReloadAssembly (141ms)
		ExecutionOrderSort (0ms)
		DisableScriptedObjects (12ms)
		BackupInstance (0ms)
		ReleaseScriptingObjects (0ms)
		CreateAndSetChildDomain (30ms)
	RebuildCommonClasses (35ms)
	RebuildNativeTypeToScriptingClass (12ms)
	initialDomainReloadingComplete (28ms)
	LoadAllAssembliesAndSetupDomain (209ms)
		LoadAssemblies (268ms)
		RebuildTransferFunctionScriptingTraits (0ms)
		AnalyzeDomain (12ms)
			TypeCache.Refresh (5ms)
				TypeCache.ScanAssembly (0ms)
			ScanForSourceGeneratedMonoScriptInfo (0ms)
			ResolveRequiredComponents (6ms)
	FinalizeReload (858ms)
		ReleaseScriptCaches (0ms)
		RebuildScriptCaches (0ms)
		SetupLoadedEditorAssemblies (419ms)
			LogAssemblyErrors (0ms)
			InitializePlatformSupportModulesInManaged (6ms)
			SetLoadedEditorAssemblies (5ms)
			RefreshPlugins (0ms)
			BeforeProcessingInitializeOnLoad (70ms)
			ProcessInitializeOnLoadAttributes (303ms)
			ProcessInitializeOnLoadMethodAttributes (33ms)
			AfterProcessingInitializeOnLoad (3ms)
			EditorAssembliesLoaded (0ms)
		ExecutionOrderSort2 (0ms)
		AwakeInstancesAfterBackupRestoration (13ms)
Refreshing native plugins compatible for Editor in 3.03 ms, found 4 plugins.
Preloading 0 native plugins for Editor in 0.00 ms.
Unloading 4067 Unused Serialized files (Serialized files now loaded: 0)
Unloading 27 unused Assets / (213.6 KB). Loaded Objects now: 4695.
Memory consumption went from 145.4 MB to 145.2 MB.
Total: 3.698200 ms (FindLiveObjects: 0.387900 ms CreateObjectMapping: 0.236400 ms MarkObjects: 2.867600 ms  DeleteObjects: 0.205000 ms)

Prepare: number of updated asset objects reloaded= 0
AssetImportParameters requested are different than current active one (requested -> active):
  custom:scripting/monoscript/fileName/DOTweenModuleUtils.cs: 34ad347c902a97803d1c13fe65e97957 -> 
  custom:container-demuxer-ogg: 62fdf1f143b41e24485cea50d1cbac27 -> 
  custom:video-decoder-ogg-theora: a1e56fd34408186e4bbccfd4996cb3dc -> 
  custom:scripting/monoscript/fileName/DOTweenModuleUnityVersion.cs: 5fda8b30fb2f0276062c9b201e3b53c4 -> 
  custom:scripting/monoscript/fileName/DOTweenModuleUI.cs: 53c26b618f695b59a868eebdc97332ad -> 
  custom:framework-win-MediaFoundation: 216162199b28c13a410421893ffa2e32 -> 
  custom:scripting/precompiled-assembly-types:Assembly-CSharp-firstpass: c3b8ba213efe735b4b5ada0ee074dcb3 -> 
  custom:scripting/precompiled-assembly-types:DOTween: 41770a3e10244ae0a34e714162bbdba6 -> 
  custom:CustomObjectIndexerAttribute: 9a22284fe3817be447336de3de66b15e -> 
  custom:container-demuxer-webm: 4f35f7cbe854078d1ac9338744f61a02 -> 
  custom:scripting/monoscript/fileName/BulletTower.cs: 50552104c9d19a80e5b2d0f1a6d0dd85 -> 
  custom:scripting/monoscript/fileName/TimeManager.cs: ee896401883365d64d0753163ba65eb8 -> 
  custom:container-muxer-webm: aa71ff27fc2769a1b78a27578f13a17b -> 
  custom:video-decoder-webm-vp8: 9c59270c3fd7afecdb556c50c9e8de78 -> 
  custom:SearchIndexIgnoredProperties: e643bd26f0fe6173181afceb89e7c659 -> 
  custom:AudioImporter_EditorPlatform: d09bf68614088b80899f8185d706f6e7 -> 
  custom:scripting/monoscript/fileName/DOTweenModuleAudio.cs: 371877257ce39f5f0996ea556debbc8a -> 
  custom:scripting/monoscript/fileName/DOTweenModulePhysics2D.cs: 63b0e5981d81d026672954b54596f5ae -> 
  custom:scripting/precompiled-assembly-types:DOTweenEditor: 1efdf497b099e4e6944f0dd7fb28c744 -> 
  custom:scripting/monoscript/fileName/DOTweenModuleSprite.cs: e35fb5eb1c483cffc283a374a5e25466 -> 
  custom:video-encoder-webm-vp8: eb34c28f22e8b96e1ab97ce403110664 -> 
  custom:scripting/monoscript/fileName/DOTweenModulePhysics.cs: 87f8974001cd2397421cfdcad1904e83 -> 
  custom:audio-decoder-ogg-vorbis: bf7c407c2cedff20999df2af8eb42d56 -> 
  custom:scripting/monoscript/fileName/Bullet.cs: a4f5918e799041ba1f6608f13912eb8b -> 
  custom:audio-encoder-webm-vorbis: bf7c407c2cedff20999df2af8eb42d56 -> 
  custom:scripting/precompiled-assembly-types:Assembly-CSharp: e54580a8870340c6bd0aeaba1261d020 -> 
========================================================================
Received Import Request.
  Time since last request: 148.684795 seconds.
  path: Assets/MyResources/Prefabs/子弹.prefab
  artifactKey: Guid(ceb04ccf67539e24a9ee9e779b53b740) Importer(815301076,1909f56bfc062723c751e8b465ee728b)
Start importing Assets/MyResources/Prefabs/子弹.prefab using Guid(ceb04ccf67539e24a9ee9e779b53b740) Importer(815301076,1909f56bfc062723c751e8b465ee728b) [PhysX] Initialized MultithreadedTaskDispatcher with 12 workers.
 -> (artifact id: '16f19a4fea5d1f593eed3b771cbfc902') in 0.004106 seconds
Number of updated asset objects reloaded before import = 0
Number of asset objects unloaded after import = 0
========================================================================
Received Import Request.
  Time since last request: 7.792386 seconds.
  path: Assets/MyResources/Prefabs/子弹.prefab
  artifactKey: Guid(ceb04ccf67539e24a9ee9e779b53b740) Importer(815301076,1909f56bfc062723c751e8b465ee728b)
Start importing Assets/MyResources/Prefabs/子弹.prefab using Guid(ceb04ccf67539e24a9ee9e779b53b740) Importer(815301076,1909f56bfc062723c751e8b465ee728b) [PhysX] Initialized MultithreadedTaskDispatcher with 12 workers.
 -> (artifact id: '45ba9dccc262d54ba8e90c165c258fe5') in 0.000527 seconds
Number of updated asset objects reloaded before import = 0
Number of asset objects unloaded after import = 0
========================================================================
Received Import Request.
  Time since last request: 2.526283 seconds.
  path: Assets/MyResources/Prefabs/子弹.prefab
  artifactKey: Guid(ceb04ccf67539e24a9ee9e779b53b740) Importer(815301076,1909f56bfc062723c751e8b465ee728b)
Start importing Assets/MyResources/Prefabs/子弹.prefab using Guid(ceb04ccf67539e24a9ee9e779b53b740) Importer(815301076,1909f56bfc062723c751e8b465ee728b) [PhysX] Initialized MultithreadedTaskDispatcher with 12 workers.
 -> (artifact id: '4e16d9975e3e5a27716580a6c1df754c') in 0.000483 seconds
Number of updated asset objects reloaded before import = 0
Number of asset objects unloaded after import = 0
========================================================================
Received Prepare
Caller must complete domain reload
Begin MonoManager ReloadAssembly
- Loaded All Assemblies, in  0.421 seconds
Native extension for WindowsStandalone target not found
Native extension for WebGL target not found
Mono: successfully reloaded assembly
- Finished resetting the current domain, in  0.832 seconds
Domain Reload Profiling: 1252ms
	BeginReloadAssembly (142ms)
		ExecutionOrderSort (0ms)
		DisableScriptedObjects (12ms)
		BackupInstance (0ms)
		ReleaseScriptingObjects (0ms)
		CreateAndSetChildDomain (30ms)
	RebuildCommonClasses (33ms)
	RebuildNativeTypeToScriptingClass (12ms)
	initialDomainReloadingComplete (25ms)
	LoadAllAssembliesAndSetupDomain (208ms)
		LoadAssemblies (267ms)
		RebuildTransferFunctionScriptingTraits (0ms)
		AnalyzeDomain (13ms)
			TypeCache.Refresh (6ms)
				TypeCache.ScanAssembly (0ms)
			ScanForSourceGeneratedMonoScriptInfo (0ms)
			ResolveRequiredComponents (6ms)
	FinalizeReload (832ms)
		ReleaseScriptCaches (0ms)
		RebuildScriptCaches (0ms)
		SetupLoadedEditorAssemblies (402ms)
			LogAssemblyErrors (0ms)
			InitializePlatformSupportModulesInManaged (6ms)
			SetLoadedEditorAssemblies (4ms)
			RefreshPlugins (0ms)
			BeforeProcessingInitializeOnLoad (68ms)
			ProcessInitializeOnLoadAttributes (289ms)
			ProcessInitializeOnLoadMethodAttributes (31ms)
			AfterProcessingInitializeOnLoad (3ms)
			EditorAssembliesLoaded (0ms)
		ExecutionOrderSort2 (0ms)
		AwakeInstancesAfterBackupRestoration (15ms)
Refreshing native plugins compatible for Editor in 2.51 ms, found 4 plugins.
Preloading 0 native plugins for Editor in 0.00 ms.
Unloading 4066 Unused Serialized files (Serialized files now loaded: 0)
Unloading 27 unused Assets / (213.6 KB). Loaded Objects now: 4699.
Memory consumption went from 145.1 MB to 144.9 MB.
Total: 4.503300 ms (FindLiveObjects: 0.403100 ms CreateObjectMapping: 0.116400 ms MarkObjects: 3.803300 ms  DeleteObjects: 0.179200 ms)

Prepare: number of updated asset objects reloaded= 0
AssetImportParameters requested are different than current active one (requested -> active):
  custom:scripting/monoscript/fileName/DOTweenModuleUtils.cs: 34ad347c902a97803d1c13fe65e97957 -> 
  custom:container-demuxer-ogg: 62fdf1f143b41e24485cea50d1cbac27 -> 
  custom:video-decoder-ogg-theora: a1e56fd34408186e4bbccfd4996cb3dc -> 
  custom:scripting/monoscript/fileName/DOTweenModuleUnityVersion.cs: 5fda8b30fb2f0276062c9b201e3b53c4 -> 
  custom:scripting/monoscript/fileName/DOTweenModuleUI.cs: 53c26b618f695b59a868eebdc97332ad -> 
  custom:framework-win-MediaFoundation: 216162199b28c13a410421893ffa2e32 -> 
  custom:scripting/precompiled-assembly-types:Assembly-CSharp-firstpass: c3b8ba213efe735b4b5ada0ee074dcb3 -> 
  custom:scripting/precompiled-assembly-types:DOTween: 41770a3e10244ae0a34e714162bbdba6 -> 
  custom:CustomObjectIndexerAttribute: 9a22284fe3817be447336de3de66b15e -> 
  custom:container-demuxer-webm: 4f35f7cbe854078d1ac9338744f61a02 -> 
  custom:scripting/monoscript/fileName/BulletTower.cs: 50552104c9d19a80e5b2d0f1a6d0dd85 -> 
  custom:scripting/monoscript/fileName/TimeManager.cs: ee896401883365d64d0753163ba65eb8 -> 
  custom:container-muxer-webm: aa71ff27fc2769a1b78a27578f13a17b -> 
  custom:video-decoder-webm-vp8: 9c59270c3fd7afecdb556c50c9e8de78 -> 
  custom:SearchIndexIgnoredProperties: e643bd26f0fe6173181afceb89e7c659 -> 
  custom:AudioImporter_EditorPlatform: d09bf68614088b80899f8185d706f6e7 -> 
  custom:scripting/monoscript/fileName/DOTweenModuleAudio.cs: 371877257ce39f5f0996ea556debbc8a -> 
  custom:scripting/monoscript/fileName/DOTweenModulePhysics2D.cs: 63b0e5981d81d026672954b54596f5ae -> 
  custom:scripting/precompiled-assembly-types:DOTweenEditor: 1efdf497b099e4e6944f0dd7fb28c744 -> 
  custom:scripting/monoscript/fileName/DOTweenModuleSprite.cs: e35fb5eb1c483cffc283a374a5e25466 -> 
  custom:video-encoder-webm-vp8: eb34c28f22e8b96e1ab97ce403110664 -> 
  custom:scripting/monoscript/fileName/DOTweenModulePhysics.cs: 87f8974001cd2397421cfdcad1904e83 -> 
  custom:audio-decoder-ogg-vorbis: bf7c407c2cedff20999df2af8eb42d56 -> 
  custom:scripting/monoscript/fileName/Bullet.cs: a4f5918e799041ba1f6608f13912eb8b -> 
  custom:audio-encoder-webm-vorbis: bf7c407c2cedff20999df2af8eb42d56 -> 
  custom:scripting/precompiled-assembly-types:Assembly-CSharp: e54580a8870340c6bd0aeaba1261d020 -> 
========================================================================
Received Import Request.
  Time since last request: 6.226991 seconds.
  path: Assets/MyResources/Prefabs/子弹.prefab
  artifactKey: Guid(ceb04ccf67539e24a9ee9e779b53b740) Importer(815301076,1909f56bfc062723c751e8b465ee728b)
Start importing Assets/MyResources/Prefabs/子弹.prefab using Guid(ceb04ccf67539e24a9ee9e779b53b740) Importer(815301076,1909f56bfc062723c751e8b465ee728b) [PhysX] Initialized MultithreadedTaskDispatcher with 12 workers.
 -> (artifact id: '4e16d9975e3e5a27716580a6c1df754c') in 0.002198 seconds
Number of updated asset objects reloaded before import = 0
Number of asset objects unloaded after import = 0
========================================================================
Received Import Request.
  Time since last request: 31.757654 seconds.
  path: Assets/MyResources/Prefabs/子弹.prefab
  artifactKey: Guid(ceb04ccf67539e24a9ee9e779b53b740) Importer(815301076,1909f56bfc062723c751e8b465ee728b)
Start importing Assets/MyResources/Prefabs/子弹.prefab using Guid(ceb04ccf67539e24a9ee9e779b53b740) Importer(815301076,1909f56bfc062723c751e8b465ee728b) [PhysX] Initialized MultithreadedTaskDispatcher with 12 workers.
 -> (artifact id: 'f78fc817b956b73ab15cb11d1e8e78be') in 0.000514 seconds
Number of updated asset objects reloaded before import = 0
Number of asset objects unloaded after import = 0
========================================================================
Received Prepare
Caller must complete domain reload
Begin MonoManager ReloadAssembly
- Loaded All Assemblies, in  0.434 seconds
Native extension for WindowsStandalone target not found
Native extension for WebGL target not found
Mono: successfully reloaded assembly
- Finished resetting the current domain, in  0.840 seconds
Domain Reload Profiling: 1273ms
	BeginReloadAssembly (150ms)
		ExecutionOrderSort (0ms)
		DisableScriptedObjects (14ms)
		BackupInstance (0ms)
		ReleaseScriptingObjects (0ms)
		CreateAndSetChildDomain (29ms)
	RebuildCommonClasses (32ms)
	RebuildNativeTypeToScriptingClass (12ms)
	initialDomainReloadingComplete (25ms)
	LoadAllAssembliesAndSetupDomain (214ms)
		LoadAssemblies (275ms)
		RebuildTransferFunctionScriptingTraits (0ms)
		AnalyzeDomain (18ms)
			TypeCache.Refresh (7ms)
				TypeCache.ScanAssembly (0ms)
			ScanForSourceGeneratedMonoScriptInfo (0ms)
			ResolveRequiredComponents (9ms)
	FinalizeReload (840ms)
		ReleaseScriptCaches (0ms)
		RebuildScriptCaches (0ms)
		SetupLoadedEditorAssemblies (413ms)
			LogAssemblyErrors (0ms)
			InitializePlatformSupportModulesInManaged (6ms)
			SetLoadedEditorAssemblies (4ms)
			RefreshPlugins (0ms)
			BeforeProcessingInitializeOnLoad (71ms)
			ProcessInitializeOnLoadAttributes (294ms)
			ProcessInitializeOnLoadMethodAttributes (34ms)
			AfterProcessingInitializeOnLoad (3ms)
			EditorAssembliesLoaded (0ms)
		ExecutionOrderSort2 (0ms)
		AwakeInstancesAfterBackupRestoration (16ms)
Refreshing native plugins compatible for Editor in 2.59 ms, found 4 plugins.
Preloading 0 native plugins for Editor in 0.00 ms.
Unloading 4066 Unused Serialized files (Serialized files now loaded: 0)
Unloading 27 unused Assets / (213.6 KB). Loaded Objects now: 4703.
Memory consumption went from 145.1 MB to 144.9 MB.
Total: 3.116300 ms (FindLiveObjects: 0.354200 ms CreateObjectMapping: 0.112900 ms MarkObjects: 2.460200 ms  DeleteObjects: 0.187600 ms)

Prepare: number of updated asset objects reloaded= 0
AssetImportParameters requested are different than current active one (requested -> active):
  custom:scripting/monoscript/fileName/DOTweenModuleUtils.cs: 34ad347c902a97803d1c13fe65e97957 -> 
  custom:container-demuxer-ogg: 62fdf1f143b41e24485cea50d1cbac27 -> 
  custom:video-decoder-ogg-theora: a1e56fd34408186e4bbccfd4996cb3dc -> 
  custom:scripting/monoscript/fileName/DOTweenModuleUnityVersion.cs: 5fda8b30fb2f0276062c9b201e3b53c4 -> 
  custom:scripting/monoscript/fileName/DOTweenModuleUI.cs: 53c26b618f695b59a868eebdc97332ad -> 
  custom:framework-win-MediaFoundation: 216162199b28c13a410421893ffa2e32 -> 
  custom:scripting/precompiled-assembly-types:Assembly-CSharp-firstpass: c3b8ba213efe735b4b5ada0ee074dcb3 -> 
  custom:scripting/precompiled-assembly-types:DOTween: 41770a3e10244ae0a34e714162bbdba6 -> 
  custom:CustomObjectIndexerAttribute: 9a22284fe3817be447336de3de66b15e -> 
  custom:container-demuxer-webm: 4f35f7cbe854078d1ac9338744f61a02 -> 
  custom:scripting/monoscript/fileName/BulletTower.cs: 50552104c9d19a80e5b2d0f1a6d0dd85 -> 
  custom:scripting/monoscript/fileName/TimeManager.cs: ee896401883365d64d0753163ba65eb8 -> 
  custom:container-muxer-webm: aa71ff27fc2769a1b78a27578f13a17b -> 
  custom:video-decoder-webm-vp8: 9c59270c3fd7afecdb556c50c9e8de78 -> 
  custom:SearchIndexIgnoredProperties: e643bd26f0fe6173181afceb89e7c659 -> 
  custom:AudioImporter_EditorPlatform: d09bf68614088b80899f8185d706f6e7 -> 
  custom:scripting/monoscript/fileName/DOTweenModuleAudio.cs: 371877257ce39f5f0996ea556debbc8a -> 
  custom:scripting/monoscript/fileName/DOTweenModulePhysics2D.cs: 63b0e5981d81d026672954b54596f5ae -> 
  custom:scripting/precompiled-assembly-types:DOTweenEditor: 1efdf497b099e4e6944f0dd7fb28c744 -> 
  custom:scripting/monoscript/fileName/DOTweenModuleSprite.cs: e35fb5eb1c483cffc283a374a5e25466 -> 
  custom:video-encoder-webm-vp8: eb34c28f22e8b96e1ab97ce403110664 -> 
  custom:scripting/monoscript/fileName/DOTweenModulePhysics.cs: 87f8974001cd2397421cfdcad1904e83 -> 
  custom:audio-decoder-ogg-vorbis: bf7c407c2cedff20999df2af8eb42d56 -> 
  custom:scripting/monoscript/fileName/Bullet.cs: a4f5918e799041ba1f6608f13912eb8b -> 
  custom:audio-encoder-webm-vorbis: bf7c407c2cedff20999df2af8eb42d56 -> 
  custom:scripting/precompiled-assembly-types:Assembly-CSharp: e54580a8870340c6bd0aeaba1261d020 -> 
========================================================================
Received Prepare
Caller must complete domain reload
Begin MonoManager ReloadAssembly
- Loaded All Assemblies, in  0.442 seconds
Native extension for WindowsStandalone target not found
Native extension for WebGL target not found
Mono: successfully reloaded assembly
- Finished resetting the current domain, in  0.849 seconds
Domain Reload Profiling: 1290ms
	BeginReloadAssembly (141ms)
		ExecutionOrderSort (0ms)
		DisableScriptedObjects (11ms)
		BackupInstance (0ms)
		ReleaseScriptingObjects (0ms)
		CreateAndSetChildDomain (30ms)
	RebuildCommonClasses (34ms)
	RebuildNativeTypeToScriptingClass (11ms)
	initialDomainReloadingComplete (26ms)
	LoadAllAssembliesAndSetupDomain (228ms)
		LoadAssemblies (273ms)
		RebuildTransferFunctionScriptingTraits (0ms)
		AnalyzeDomain (27ms)
			TypeCache.Refresh (8ms)
				TypeCache.ScanAssembly (0ms)
			ScanForSourceGeneratedMonoScriptInfo (12ms)
			ResolveRequiredComponents (6ms)
	FinalizeReload (849ms)
		ReleaseScriptCaches (0ms)
		RebuildScriptCaches (0ms)
		SetupLoadedEditorAssemblies (396ms)
			LogAssemblyErrors (0ms)
			InitializePlatformSupportModulesInManaged (6ms)
			SetLoadedEditorAssemblies (4ms)
			RefreshPlugins (0ms)
			BeforeProcessingInitializeOnLoad (68ms)
			ProcessInitializeOnLoadAttributes (285ms)
			ProcessInitializeOnLoadMethodAttributes (30ms)
			AfterProcessingInitializeOnLoad (3ms)
			EditorAssembliesLoaded (0ms)
		ExecutionOrderSort2 (0ms)
		AwakeInstancesAfterBackupRestoration (13ms)
Refreshing native plugins compatible for Editor in 2.51 ms, found 4 plugins.
Preloading 0 native plugins for Editor in 0.00 ms.
Unloading 4067 Unused Serialized files (Serialized files now loaded: 0)
Unloading 27 unused Assets / (213.7 KB). Loaded Objects now: 4707.
Memory consumption went from 145.4 MB to 145.2 MB.
Total: 3.470600 ms (FindLiveObjects: 0.464700 ms CreateObjectMapping: 0.225500 ms MarkObjects: 2.591100 ms  DeleteObjects: 0.187600 ms)

Prepare: number of updated asset objects reloaded= 0
AssetImportParameters requested are different than current active one (requested -> active):
  custom:scripting/monoscript/fileName/DOTweenModuleUtils.cs: 34ad347c902a97803d1c13fe65e97957 -> 
  custom:container-demuxer-ogg: 62fdf1f143b41e24485cea50d1cbac27 -> 
  custom:video-decoder-ogg-theora: a1e56fd34408186e4bbccfd4996cb3dc -> 
  custom:scripting/monoscript/fileName/DOTweenModuleUnityVersion.cs: 5fda8b30fb2f0276062c9b201e3b53c4 -> 
  custom:scripting/monoscript/fileName/DOTweenModuleUI.cs: 53c26b618f695b59a868eebdc97332ad -> 
  custom:framework-win-MediaFoundation: 216162199b28c13a410421893ffa2e32 -> 
  custom:scripting/precompiled-assembly-types:Assembly-CSharp-firstpass: c3b8ba213efe735b4b5ada0ee074dcb3 -> 
  custom:scripting/precompiled-assembly-types:DOTween: 41770a3e10244ae0a34e714162bbdba6 -> 
  custom:CustomObjectIndexerAttribute: 9a22284fe3817be447336de3de66b15e -> 
  custom:container-demuxer-webm: 4f35f7cbe854078d1ac9338744f61a02 -> 
  custom:scripting/monoscript/fileName/BulletTower.cs: 50552104c9d19a80e5b2d0f1a6d0dd85 -> 
  custom:scripting/monoscript/fileName/TimeManager.cs: ee896401883365d64d0753163ba65eb8 -> 
  custom:container-muxer-webm: aa71ff27fc2769a1b78a27578f13a17b -> 
  custom:video-decoder-webm-vp8: 9c59270c3fd7afecdb556c50c9e8de78 -> 
  custom:SearchIndexIgnoredProperties: e643bd26f0fe6173181afceb89e7c659 -> 
  custom:AudioImporter_EditorPlatform: d09bf68614088b80899f8185d706f6e7 -> 
  custom:scripting/monoscript/fileName/DOTweenModuleAudio.cs: 371877257ce39f5f0996ea556debbc8a -> 
  custom:scripting/monoscript/fileName/DOTweenModulePhysics2D.cs: 63b0e5981d81d026672954b54596f5ae -> 
  custom:scripting/precompiled-assembly-types:DOTweenEditor: 1efdf497b099e4e6944f0dd7fb28c744 -> 
  custom:scripting/monoscript/fileName/DOTweenModuleSprite.cs: e35fb5eb1c483cffc283a374a5e25466 -> 
  custom:video-encoder-webm-vp8: eb34c28f22e8b96e1ab97ce403110664 -> 
  custom:scripting/monoscript/fileName/DOTweenModulePhysics.cs: 87f8974001cd2397421cfdcad1904e83 -> 
  custom:audio-decoder-ogg-vorbis: bf7c407c2cedff20999df2af8eb42d56 -> 
  custom:scripting/monoscript/fileName/Bullet.cs: a4f5918e799041ba1f6608f13912eb8b -> 
  custom:audio-encoder-webm-vorbis: bf7c407c2cedff20999df2af8eb42d56 -> 
  custom:scripting/precompiled-assembly-types:Assembly-CSharp: e54580a8870340c6bd0aeaba1261d020 -> 
========================================================================
Received Prepare
Caller must complete domain reload
Begin MonoManager ReloadAssembly
- Loaded All Assemblies, in  0.428 seconds
Native extension for WindowsStandalone target not found
Native extension for WebGL target not found
Mono: successfully reloaded assembly
- Finished resetting the current domain, in  0.875 seconds
Domain Reload Profiling: 1303ms
	BeginReloadAssembly (142ms)
		ExecutionOrderSort (0ms)
		DisableScriptedObjects (12ms)
		BackupInstance (0ms)
		ReleaseScriptingObjects (0ms)
		CreateAndSetChildDomain (29ms)
	RebuildCommonClasses (39ms)
	RebuildNativeTypeToScriptingClass (12ms)
	initialDomainReloadingComplete (24ms)
	LoadAllAssembliesAndSetupDomain (210ms)
		LoadAssemblies (270ms)
		RebuildTransferFunctionScriptingTraits (0ms)
		AnalyzeDomain (12ms)
			TypeCache.Refresh (5ms)
				TypeCache.ScanAssembly (0ms)
			ScanForSourceGeneratedMonoScriptInfo (0ms)
			ResolveRequiredComponents (6ms)
	FinalizeReload (876ms)
		ReleaseScriptCaches (0ms)
		RebuildScriptCaches (0ms)
		SetupLoadedEditorAssemblies (434ms)
			LogAssemblyErrors (0ms)
			InitializePlatformSupportModulesInManaged (6ms)
			SetLoadedEditorAssemblies (5ms)
			RefreshPlugins (0ms)
			BeforeProcessingInitializeOnLoad (73ms)
			ProcessInitializeOnLoadAttributes (311ms)
			ProcessInitializeOnLoadMethodAttributes (36ms)
			AfterProcessingInitializeOnLoad (3ms)
			EditorAssembliesLoaded (0ms)
		ExecutionOrderSort2 (0ms)
		AwakeInstancesAfterBackupRestoration (14ms)
Refreshing native plugins compatible for Editor in 2.69 ms, found 4 plugins.
Preloading 0 native plugins for Editor in 0.00 ms.
Unloading 4067 Unused Serialized files (Serialized files now loaded: 0)
Unloading 27 unused Assets / (213.3 KB). Loaded Objects now: 4711.
Memory consumption went from 145.4 MB to 145.2 MB.
Total: 3.494900 ms (FindLiveObjects: 0.506300 ms CreateObjectMapping: 0.169100 ms MarkObjects: 2.623600 ms  DeleteObjects: 0.194300 ms)

Prepare: number of updated asset objects reloaded= 0
AssetImportParameters requested are different than current active one (requested -> active):
  custom:scripting/monoscript/fileName/DOTweenModuleUtils.cs: 34ad347c902a97803d1c13fe65e97957 -> 
  custom:container-demuxer-ogg: 62fdf1f143b41e24485cea50d1cbac27 -> 
  custom:video-decoder-ogg-theora: a1e56fd34408186e4bbccfd4996cb3dc -> 
  custom:scripting/monoscript/fileName/DOTweenModuleUnityVersion.cs: 5fda8b30fb2f0276062c9b201e3b53c4 -> 
  custom:scripting/monoscript/fileName/DOTweenModuleUI.cs: 53c26b618f695b59a868eebdc97332ad -> 
  custom:framework-win-MediaFoundation: 216162199b28c13a410421893ffa2e32 -> 
  custom:scripting/precompiled-assembly-types:Assembly-CSharp-firstpass: c3b8ba213efe735b4b5ada0ee074dcb3 -> 
  custom:scripting/precompiled-assembly-types:DOTween: 41770a3e10244ae0a34e714162bbdba6 -> 
  custom:CustomObjectIndexerAttribute: 9a22284fe3817be447336de3de66b15e -> 
  custom:container-demuxer-webm: 4f35f7cbe854078d1ac9338744f61a02 -> 
  custom:scripting/monoscript/fileName/BulletTower.cs: 50552104c9d19a80e5b2d0f1a6d0dd85 -> 
  custom:scripting/monoscript/fileName/TimeManager.cs: ee896401883365d64d0753163ba65eb8 -> 
  custom:container-muxer-webm: aa71ff27fc2769a1b78a27578f13a17b -> 
  custom:video-decoder-webm-vp8: 9c59270c3fd7afecdb556c50c9e8de78 -> 
  custom:SearchIndexIgnoredProperties: e643bd26f0fe6173181afceb89e7c659 -> 
  custom:AudioImporter_EditorPlatform: d09bf68614088b80899f8185d706f6e7 -> 
  custom:scripting/monoscript/fileName/DOTweenModuleAudio.cs: 371877257ce39f5f0996ea556debbc8a -> 
  custom:scripting/monoscript/fileName/DOTweenModulePhysics2D.cs: 63b0e5981d81d026672954b54596f5ae -> 
  custom:scripting/precompiled-assembly-types:DOTweenEditor: 1efdf497b099e4e6944f0dd7fb28c744 -> 
  custom:scripting/monoscript/fileName/DOTweenModuleSprite.cs: e35fb5eb1c483cffc283a374a5e25466 -> 
  custom:video-encoder-webm-vp8: eb34c28f22e8b96e1ab97ce403110664 -> 
  custom:scripting/monoscript/fileName/DOTweenModulePhysics.cs: 87f8974001cd2397421cfdcad1904e83 -> 
  custom:audio-decoder-ogg-vorbis: bf7c407c2cedff20999df2af8eb42d56 -> 
  custom:scripting/monoscript/fileName/Bullet.cs: a4f5918e799041ba1f6608f13912eb8b -> 
  custom:audio-encoder-webm-vorbis: bf7c407c2cedff20999df2af8eb42d56 -> 
  custom:scripting/precompiled-assembly-types:Assembly-CSharp: e54580a8870340c6bd0aeaba1261d020 -> 
========================================================================
Received Prepare
Caller must complete domain reload
Begin MonoManager ReloadAssembly
- Loaded All Assemblies, in  0.456 seconds
Native extension for WindowsStandalone target not found
Native extension for WebGL target not found
Mono: successfully reloaded assembly
- Finished resetting the current domain, in  0.841 seconds
Domain Reload Profiling: 1297ms
	BeginReloadAssembly (158ms)
		ExecutionOrderSort (0ms)
		DisableScriptedObjects (12ms)
		BackupInstance (0ms)
		ReleaseScriptingObjects (0ms)
		CreateAndSetChildDomain (31ms)
	RebuildCommonClasses (35ms)
	RebuildNativeTypeToScriptingClass (13ms)
	initialDomainReloadingComplete (26ms)
	LoadAllAssembliesAndSetupDomain (224ms)
		LoadAssemblies (284ms)
		RebuildTransferFunctionScriptingTraits (0ms)
		AnalyzeDomain (27ms)
			TypeCache.Refresh (9ms)
				TypeCache.ScanAssembly (0ms)
			ScanForSourceGeneratedMonoScriptInfo (10ms)
			ResolveRequiredComponents (6ms)
	FinalizeReload (841ms)
		ReleaseScriptCaches (0ms)
		RebuildScriptCaches (0ms)
		SetupLoadedEditorAssemblies (403ms)
			LogAssemblyErrors (0ms)
			InitializePlatformSupportModulesInManaged (7ms)
			SetLoadedEditorAssemblies (5ms)
			RefreshPlugins (0ms)
			BeforeProcessingInitializeOnLoad (73ms)
			ProcessInitializeOnLoadAttributes (285ms)
			ProcessInitializeOnLoadMethodAttributes (30ms)
			AfterProcessingInitializeOnLoad (3ms)
			EditorAssembliesLoaded (0ms)
		ExecutionOrderSort2 (0ms)
		AwakeInstancesAfterBackupRestoration (12ms)
Refreshing native plugins compatible for Editor in 2.54 ms, found 4 plugins.
Preloading 0 native plugins for Editor in 0.00 ms.
Unloading 4067 Unused Serialized files (Serialized files now loaded: 0)
Unloading 27 unused Assets / (213.7 KB). Loaded Objects now: 4715.
Memory consumption went from 145.4 MB to 145.2 MB.
Total: 4.493900 ms (FindLiveObjects: 0.474800 ms CreateObjectMapping: 0.266000 ms MarkObjects: 3.452400 ms  DeleteObjects: 0.298500 ms)

Prepare: number of updated asset objects reloaded= 0
AssetImportParameters requested are different than current active one (requested -> active):
  custom:scripting/monoscript/fileName/DOTweenModuleUtils.cs: 34ad347c902a97803d1c13fe65e97957 -> 
  custom:container-demuxer-ogg: 62fdf1f143b41e24485cea50d1cbac27 -> 
  custom:video-decoder-ogg-theora: a1e56fd34408186e4bbccfd4996cb3dc -> 
  custom:scripting/monoscript/fileName/DOTweenModuleUnityVersion.cs: 5fda8b30fb2f0276062c9b201e3b53c4 -> 
  custom:scripting/monoscript/fileName/DOTweenModuleUI.cs: 53c26b618f695b59a868eebdc97332ad -> 
  custom:framework-win-MediaFoundation: 216162199b28c13a410421893ffa2e32 -> 
  custom:scripting/precompiled-assembly-types:Assembly-CSharp-firstpass: c3b8ba213efe735b4b5ada0ee074dcb3 -> 
  custom:scripting/precompiled-assembly-types:DOTween: 41770a3e10244ae0a34e714162bbdba6 -> 
  custom:CustomObjectIndexerAttribute: 9a22284fe3817be447336de3de66b15e -> 
  custom:container-demuxer-webm: 4f35f7cbe854078d1ac9338744f61a02 -> 
  custom:scripting/monoscript/fileName/BulletTower.cs: 50552104c9d19a80e5b2d0f1a6d0dd85 -> 
  custom:scripting/monoscript/fileName/TimeManager.cs: ee896401883365d64d0753163ba65eb8 -> 
  custom:container-muxer-webm: aa71ff27fc2769a1b78a27578f13a17b -> 
  custom:video-decoder-webm-vp8: 9c59270c3fd7afecdb556c50c9e8de78 -> 
  custom:SearchIndexIgnoredProperties: e643bd26f0fe6173181afceb89e7c659 -> 
  custom:AudioImporter_EditorPlatform: d09bf68614088b80899f8185d706f6e7 -> 
  custom:scripting/monoscript/fileName/DOTweenModuleAudio.cs: 371877257ce39f5f0996ea556debbc8a -> 
  custom:scripting/monoscript/fileName/DOTweenModulePhysics2D.cs: 63b0e5981d81d026672954b54596f5ae -> 
  custom:scripting/precompiled-assembly-types:DOTweenEditor: 1efdf497b099e4e6944f0dd7fb28c744 -> 
  custom:scripting/monoscript/fileName/DOTweenModuleSprite.cs: e35fb5eb1c483cffc283a374a5e25466 -> 
  custom:video-encoder-webm-vp8: eb34c28f22e8b96e1ab97ce403110664 -> 
  custom:scripting/monoscript/fileName/DOTweenModulePhysics.cs: 87f8974001cd2397421cfdcad1904e83 -> 
  custom:audio-decoder-ogg-vorbis: bf7c407c2cedff20999df2af8eb42d56 -> 
  custom:scripting/monoscript/fileName/Bullet.cs: a4f5918e799041ba1f6608f13912eb8b -> 
  custom:audio-encoder-webm-vorbis: bf7c407c2cedff20999df2af8eb42d56 -> 
  custom:scripting/precompiled-assembly-types:Assembly-CSharp: e54580a8870340c6bd0aeaba1261d020 -> 
========================================================================
Received Import Request.
  Time since last request: 223.143658 seconds.
  path: Assets/MyResources/Prefabs/子弹.prefab
  artifactKey: Guid(ceb04ccf67539e24a9ee9e779b53b740) Importer(815301076,1909f56bfc062723c751e8b465ee728b)
Start importing Assets/MyResources/Prefabs/子弹.prefab using Guid(ceb04ccf67539e24a9ee9e779b53b740) Importer(815301076,1909f56bfc062723c751e8b465ee728b) [PhysX] Initialized MultithreadedTaskDispatcher with 12 workers.
 -> (artifact id: 'f78fc817b956b73ab15cb11d1e8e78be') in 0.002122 seconds
Number of updated asset objects reloaded before import = 0
Number of asset objects unloaded after import = 0
========================================================================
Received Import Request.
  Time since last request: 5.282324 seconds.
  path: Assets/MyResources/Prefabs/子弹.prefab
  artifactKey: Guid(ceb04ccf67539e24a9ee9e779b53b740) Importer(815301076,1909f56bfc062723c751e8b465ee728b)
Start importing Assets/MyResources/Prefabs/子弹.prefab using Guid(ceb04ccf67539e24a9ee9e779b53b740) Importer(815301076,1909f56bfc062723c751e8b465ee728b) [PhysX] Initialized MultithreadedTaskDispatcher with 12 workers.
 -> (artifact id: '867589f0fa5b4080e5c2f25a05eba860') in 0.000620 seconds
Number of updated asset objects reloaded before import = 0
Number of asset objects unloaded after import = 0
========================================================================
Received Prepare
Caller must complete domain reload
Begin MonoManager ReloadAssembly
- Loaded All Assemblies, in  0.418 seconds
Native extension for WindowsStandalone target not found
Native extension for WebGL target not found
Mono: successfully reloaded assembly
- Finished resetting the current domain, in  0.845 seconds
Domain Reload Profiling: 1263ms
	BeginReloadAssembly (146ms)
		ExecutionOrderSort (0ms)
		DisableScriptedObjects (12ms)
		BackupInstance (0ms)
		ReleaseScriptingObjects (0ms)
		CreateAndSetChildDomain (30ms)
	RebuildCommonClasses (33ms)
	RebuildNativeTypeToScriptingClass (12ms)
	initialDomainReloadingComplete (26ms)
	LoadAllAssembliesAndSetupDomain (200ms)
		LoadAssemblies (263ms)
		RebuildTransferFunctionScriptingTraits (0ms)
		AnalyzeDomain (13ms)
			TypeCache.Refresh (5ms)
				TypeCache.ScanAssembly (0ms)
			ScanForSourceGeneratedMonoScriptInfo (0ms)
			ResolveRequiredComponents (6ms)
	FinalizeReload (846ms)
		ReleaseScriptCaches (0ms)
		RebuildScriptCaches (0ms)
		SetupLoadedEditorAssemblies (419ms)
			LogAssemblyErrors (0ms)
			InitializePlatformSupportModulesInManaged (6ms)
			SetLoadedEditorAssemblies (5ms)
			RefreshPlugins (0ms)
			BeforeProcessingInitializeOnLoad (69ms)
			ProcessInitializeOnLoadAttributes (296ms)
			ProcessInitializeOnLoadMethodAttributes (39ms)
			AfterProcessingInitializeOnLoad (4ms)
			EditorAssembliesLoaded (0ms)
		ExecutionOrderSort2 (0ms)
		AwakeInstancesAfterBackupRestoration (14ms)
Refreshing native plugins compatible for Editor in 2.78 ms, found 4 plugins.
Preloading 0 native plugins for Editor in 0.00 ms.
Unloading 4066 Unused Serialized files (Serialized files now loaded: 0)
Unloading 27 unused Assets / (213.8 KB). Loaded Objects now: 4719.
Memory consumption went from 145.1 MB to 144.9 MB.
Total: 3.565100 ms (FindLiveObjects: 0.398800 ms CreateObjectMapping: 0.144200 ms MarkObjects: 2.834200 ms  DeleteObjects: 0.186600 ms)

Prepare: number of updated asset objects reloaded= 0
AssetImportParameters requested are different than current active one (requested -> active):
  custom:scripting/monoscript/fileName/DOTweenModuleUtils.cs: 34ad347c902a97803d1c13fe65e97957 -> 
  custom:container-demuxer-ogg: 62fdf1f143b41e24485cea50d1cbac27 -> 
  custom:video-decoder-ogg-theora: a1e56fd34408186e4bbccfd4996cb3dc -> 
  custom:scripting/monoscript/fileName/DOTweenModuleUnityVersion.cs: 5fda8b30fb2f0276062c9b201e3b53c4 -> 
  custom:scripting/monoscript/fileName/DOTweenModuleUI.cs: 53c26b618f695b59a868eebdc97332ad -> 
  custom:framework-win-MediaFoundation: 216162199b28c13a410421893ffa2e32 -> 
  custom:scripting/precompiled-assembly-types:Assembly-CSharp-firstpass: c3b8ba213efe735b4b5ada0ee074dcb3 -> 
  custom:scripting/precompiled-assembly-types:DOTween: 41770a3e10244ae0a34e714162bbdba6 -> 
  custom:CustomObjectIndexerAttribute: 9a22284fe3817be447336de3de66b15e -> 
  custom:container-demuxer-webm: 4f35f7cbe854078d1ac9338744f61a02 -> 
  custom:scripting/monoscript/fileName/BulletTower.cs: 50552104c9d19a80e5b2d0f1a6d0dd85 -> 
  custom:scripting/monoscript/fileName/TimeManager.cs: ee896401883365d64d0753163ba65eb8 -> 
  custom:container-muxer-webm: aa71ff27fc2769a1b78a27578f13a17b -> 
  custom:video-decoder-webm-vp8: 9c59270c3fd7afecdb556c50c9e8de78 -> 
  custom:SearchIndexIgnoredProperties: e643bd26f0fe6173181afceb89e7c659 -> 
  custom:AudioImporter_EditorPlatform: d09bf68614088b80899f8185d706f6e7 -> 
  custom:scripting/monoscript/fileName/DOTweenModuleAudio.cs: 371877257ce39f5f0996ea556debbc8a -> 
  custom:scripting/monoscript/fileName/DOTweenModulePhysics2D.cs: 63b0e5981d81d026672954b54596f5ae -> 
  custom:scripting/precompiled-assembly-types:DOTweenEditor: 1efdf497b099e4e6944f0dd7fb28c744 -> 
  custom:scripting/monoscript/fileName/DOTweenModuleSprite.cs: e35fb5eb1c483cffc283a374a5e25466 -> 
  custom:video-encoder-webm-vp8: eb34c28f22e8b96e1ab97ce403110664 -> 
  custom:scripting/monoscript/fileName/DOTweenModulePhysics.cs: 87f8974001cd2397421cfdcad1904e83 -> 
  custom:audio-decoder-ogg-vorbis: bf7c407c2cedff20999df2af8eb42d56 -> 
  custom:scripting/monoscript/fileName/Bullet.cs: a4f5918e799041ba1f6608f13912eb8b -> 
  custom:audio-encoder-webm-vorbis: bf7c407c2cedff20999df2af8eb42d56 -> 
  custom:scripting/precompiled-assembly-types:Assembly-CSharp: e54580a8870340c6bd0aeaba1261d020 -> 
========================================================================
Received Import Request.
  Time since last request: 4.390746 seconds.
  path: Assets/MyResources/Prefabs/子弹.prefab
  artifactKey: Guid(ceb04ccf67539e24a9ee9e779b53b740) Importer(815301076,1909f56bfc062723c751e8b465ee728b)
Start importing Assets/MyResources/Prefabs/子弹.prefab using Guid(ceb04ccf67539e24a9ee9e779b53b740) Importer(815301076,1909f56bfc062723c751e8b465ee728b) [PhysX] Initialized MultithreadedTaskDispatcher with 12 workers.
 -> (artifact id: '867589f0fa5b4080e5c2f25a05eba860') in 0.001988 seconds
Number of updated asset objects reloaded before import = 0
Number of asset objects unloaded after import = 0
========================================================================
Received Prepare
Caller must complete domain reload
Begin MonoManager ReloadAssembly
- Loaded All Assemblies, in  0.417 seconds
Native extension for WindowsStandalone target not found
Native extension for WebGL target not found
Mono: successfully reloaded assembly
- Finished resetting the current domain, in  0.918 seconds
Domain Reload Profiling: 1335ms
	BeginReloadAssembly (144ms)
		ExecutionOrderSort (0ms)
		DisableScriptedObjects (12ms)
		BackupInstance (0ms)
		ReleaseScriptingObjects (0ms)
		CreateAndSetChildDomain (34ms)
	RebuildCommonClasses (33ms)
	RebuildNativeTypeToScriptingClass (11ms)
	initialDomainReloadingComplete (24ms)
	LoadAllAssembliesAndSetupDomain (205ms)
		LoadAssemblies (255ms)
		RebuildTransferFunctionScriptingTraits (0ms)
		AnalyzeDomain (18ms)
			TypeCache.Refresh (7ms)
				TypeCache.ScanAssembly (0ms)
			ScanForSourceGeneratedMonoScriptInfo (0ms)
			ResolveRequiredComponents (9ms)
	FinalizeReload (919ms)
		ReleaseScriptCaches (0ms)
		RebuildScriptCaches (0ms)
		SetupLoadedEditorAssemblies (421ms)
			LogAssemblyErrors (0ms)
			InitializePlatformSupportModulesInManaged (6ms)
			SetLoadedEditorAssemblies (5ms)
			RefreshPlugins (0ms)
			BeforeProcessingInitializeOnLoad (67ms)
			ProcessInitializeOnLoadAttributes (306ms)
			ProcessInitializeOnLoadMethodAttributes (35ms)
			AfterProcessingInitializeOnLoad (3ms)
			EditorAssembliesLoaded (0ms)
		ExecutionOrderSort2 (0ms)
		AwakeInstancesAfterBackupRestoration (13ms)
Refreshing native plugins compatible for Editor in 5.01 ms, found 4 plugins.
Preloading 0 native plugins for Editor in 0.00 ms.
Unloading 4066 Unused Serialized files (Serialized files now loaded: 0)
Unloading 27 unused Assets / (213.6 KB). Loaded Objects now: 4723.
Memory consumption went from 145.1 MB to 144.9 MB.
Total: 4.030100 ms (FindLiveObjects: 0.379500 ms CreateObjectMapping: 0.185900 ms MarkObjects: 3.246200 ms  DeleteObjects: 0.217100 ms)

Prepare: number of updated asset objects reloaded= 0
AssetImportParameters requested are different than current active one (requested -> active):
  custom:scripting/monoscript/fileName/DOTweenModuleUtils.cs: 34ad347c902a97803d1c13fe65e97957 -> 
  custom:container-demuxer-ogg: 62fdf1f143b41e24485cea50d1cbac27 -> 
  custom:video-decoder-ogg-theora: a1e56fd34408186e4bbccfd4996cb3dc -> 
  custom:scripting/monoscript/fileName/DOTweenModuleUnityVersion.cs: 5fda8b30fb2f0276062c9b201e3b53c4 -> 
  custom:scripting/monoscript/fileName/DOTweenModuleUI.cs: 53c26b618f695b59a868eebdc97332ad -> 
  custom:framework-win-MediaFoundation: 216162199b28c13a410421893ffa2e32 -> 
  custom:scripting/precompiled-assembly-types:Assembly-CSharp-firstpass: c3b8ba213efe735b4b5ada0ee074dcb3 -> 
  custom:scripting/precompiled-assembly-types:DOTween: 41770a3e10244ae0a34e714162bbdba6 -> 
  custom:CustomObjectIndexerAttribute: 9a22284fe3817be447336de3de66b15e -> 
  custom:container-demuxer-webm: 4f35f7cbe854078d1ac9338744f61a02 -> 
  custom:scripting/monoscript/fileName/BulletTower.cs: 50552104c9d19a80e5b2d0f1a6d0dd85 -> 
  custom:scripting/monoscript/fileName/TimeManager.cs: ee896401883365d64d0753163ba65eb8 -> 
  custom:container-muxer-webm: aa71ff27fc2769a1b78a27578f13a17b -> 
  custom:video-decoder-webm-vp8: 9c59270c3fd7afecdb556c50c9e8de78 -> 
  custom:SearchIndexIgnoredProperties: e643bd26f0fe6173181afceb89e7c659 -> 
  custom:AudioImporter_EditorPlatform: d09bf68614088b80899f8185d706f6e7 -> 
  custom:scripting/monoscript/fileName/DOTweenModuleAudio.cs: 371877257ce39f5f0996ea556debbc8a -> 
  custom:scripting/monoscript/fileName/DOTweenModulePhysics2D.cs: 63b0e5981d81d026672954b54596f5ae -> 
  custom:scripting/precompiled-assembly-types:DOTweenEditor: 1efdf497b099e4e6944f0dd7fb28c744 -> 
  custom:scripting/monoscript/fileName/DOTweenModuleSprite.cs: e35fb5eb1c483cffc283a374a5e25466 -> 
  custom:video-encoder-webm-vp8: eb34c28f22e8b96e1ab97ce403110664 -> 
  custom:scripting/monoscript/fileName/DOTweenModulePhysics.cs: 87f8974001cd2397421cfdcad1904e83 -> 
  custom:audio-decoder-ogg-vorbis: bf7c407c2cedff20999df2af8eb42d56 -> 
  custom:scripting/monoscript/fileName/Bullet.cs: a4f5918e799041ba1f6608f13912eb8b -> 
  custom:audio-encoder-webm-vorbis: bf7c407c2cedff20999df2af8eb42d56 -> 
  custom:scripting/precompiled-assembly-types:Assembly-CSharp: e54580a8870340c6bd0aeaba1261d020 -> 
========================================================================
Received Prepare
Caller must complete domain reload
Begin MonoManager ReloadAssembly
- Loaded All Assemblies, in  0.420 seconds
Native extension for WindowsStandalone target not found
Native extension for WebGL target not found
Mono: successfully reloaded assembly
- Finished resetting the current domain, in  0.838 seconds
Domain Reload Profiling: 1258ms
	BeginReloadAssembly (142ms)
		ExecutionOrderSort (0ms)
		DisableScriptedObjects (14ms)
		BackupInstance (0ms)
		ReleaseScriptingObjects (0ms)
		CreateAndSetChildDomain (32ms)
	RebuildCommonClasses (33ms)
	RebuildNativeTypeToScriptingClass (12ms)
	initialDomainReloadingComplete (25ms)
	LoadAllAssembliesAndSetupDomain (207ms)
		LoadAssemblies (264ms)
		RebuildTransferFunctionScriptingTraits (0ms)
		AnalyzeDomain (13ms)
			TypeCache.Refresh (5ms)
				TypeCache.ScanAssembly (0ms)
			ScanForSourceGeneratedMonoScriptInfo (0ms)
			ResolveRequiredComponents (6ms)
	FinalizeReload (839ms)
		ReleaseScriptCaches (0ms)
		RebuildScriptCaches (0ms)
		SetupLoadedEditorAssemblies (410ms)
			LogAssemblyErrors (0ms)
			InitializePlatformSupportModulesInManaged (6ms)
			SetLoadedEditorAssemblies (5ms)
			RefreshPlugins (0ms)
			BeforeProcessingInitializeOnLoad (69ms)
			ProcessInitializeOnLoadAttributes (292ms)
			ProcessInitializeOnLoadMethodAttributes (35ms)
			AfterProcessingInitializeOnLoad (3ms)
			EditorAssembliesLoaded (0ms)
		ExecutionOrderSort2 (0ms)
		AwakeInstancesAfterBackupRestoration (13ms)
Refreshing native plugins compatible for Editor in 2.80 ms, found 4 plugins.
Preloading 0 native plugins for Editor in 0.00 ms.
Unloading 4067 Unused Serialized files (Serialized files now loaded: 0)
Unloading 27 unused Assets / (213.6 KB). Loaded Objects now: 4727.
Memory consumption went from 145.4 MB to 145.2 MB.
Total: 3.919800 ms (FindLiveObjects: 0.482900 ms CreateObjectMapping: 0.307300 ms MarkObjects: 2.919500 ms  DeleteObjects: 0.208900 ms)

Prepare: number of updated asset objects reloaded= 0
AssetImportParameters requested are different than current active one (requested -> active):
  custom:scripting/monoscript/fileName/DOTweenModuleUtils.cs: 34ad347c902a97803d1c13fe65e97957 -> 
  custom:container-demuxer-ogg: 62fdf1f143b41e24485cea50d1cbac27 -> 
  custom:video-decoder-ogg-theora: a1e56fd34408186e4bbccfd4996cb3dc -> 
  custom:scripting/monoscript/fileName/DOTweenModuleUnityVersion.cs: 5fda8b30fb2f0276062c9b201e3b53c4 -> 
  custom:scripting/monoscript/fileName/DOTweenModuleUI.cs: 53c26b618f695b59a868eebdc97332ad -> 
  custom:framework-win-MediaFoundation: 216162199b28c13a410421893ffa2e32 -> 
  custom:scripting/precompiled-assembly-types:Assembly-CSharp-firstpass: c3b8ba213efe735b4b5ada0ee074dcb3 -> 
  custom:scripting/precompiled-assembly-types:DOTween: 41770a3e10244ae0a34e714162bbdba6 -> 
  custom:CustomObjectIndexerAttribute: 9a22284fe3817be447336de3de66b15e -> 
  custom:container-demuxer-webm: 4f35f7cbe854078d1ac9338744f61a02 -> 
  custom:scripting/monoscript/fileName/BulletTower.cs: 50552104c9d19a80e5b2d0f1a6d0dd85 -> 
  custom:scripting/monoscript/fileName/TimeManager.cs: ee896401883365d64d0753163ba65eb8 -> 
  custom:container-muxer-webm: aa71ff27fc2769a1b78a27578f13a17b -> 
  custom:video-decoder-webm-vp8: 9c59270c3fd7afecdb556c50c9e8de78 -> 
  custom:SearchIndexIgnoredProperties: e643bd26f0fe6173181afceb89e7c659 -> 
  custom:AudioImporter_EditorPlatform: d09bf68614088b80899f8185d706f6e7 -> 
  custom:scripting/monoscript/fileName/DOTweenModuleAudio.cs: 371877257ce39f5f0996ea556debbc8a -> 
  custom:scripting/monoscript/fileName/DOTweenModulePhysics2D.cs: 63b0e5981d81d026672954b54596f5ae -> 
  custom:scripting/precompiled-assembly-types:DOTweenEditor: 1efdf497b099e4e6944f0dd7fb28c744 -> 
  custom:scripting/monoscript/fileName/DOTweenModuleSprite.cs: e35fb5eb1c483cffc283a374a5e25466 -> 
  custom:video-encoder-webm-vp8: eb34c28f22e8b96e1ab97ce403110664 -> 
  custom:scripting/monoscript/fileName/DOTweenModulePhysics.cs: 87f8974001cd2397421cfdcad1904e83 -> 
  custom:audio-decoder-ogg-vorbis: bf7c407c2cedff20999df2af8eb42d56 -> 
  custom:scripting/monoscript/fileName/Bullet.cs: a4f5918e799041ba1f6608f13912eb8b -> 
  custom:audio-encoder-webm-vorbis: bf7c407c2cedff20999df2af8eb42d56 -> 
  custom:scripting/precompiled-assembly-types:Assembly-CSharp: e54580a8870340c6bd0aeaba1261d020 -> 
========================================================================
Received Prepare
Caller must complete domain reload
Begin MonoManager ReloadAssembly
- Loaded All Assemblies, in  0.430 seconds
Native extension for WindowsStandalone target not found
Native extension for WebGL target not found
Mono: successfully reloaded assembly
- Finished resetting the current domain, in  0.835 seconds
Domain Reload Profiling: 1264ms
	BeginReloadAssembly (152ms)
		ExecutionOrderSort (0ms)
		DisableScriptedObjects (12ms)
		BackupInstance (0ms)
		ReleaseScriptingObjects (0ms)
		CreateAndSetChildDomain (31ms)
	RebuildCommonClasses (34ms)
	RebuildNativeTypeToScriptingClass (12ms)
	initialDomainReloadingComplete (24ms)
	LoadAllAssembliesAndSetupDomain (207ms)
		LoadAssemblies (276ms)
		RebuildTransferFunctionScriptingTraits (0ms)
		AnalyzeDomain (13ms)
			TypeCache.Refresh (5ms)
				TypeCache.ScanAssembly (0ms)
			ScanForSourceGeneratedMonoScriptInfo (0ms)
			ResolveRequiredComponents (6ms)
	FinalizeReload (835ms)
		ReleaseScriptCaches (0ms)
		RebuildScriptCaches (0ms)
		SetupLoadedEditorAssemblies (405ms)
			LogAssemblyErrors (0ms)
			InitializePlatformSupportModulesInManaged (6ms)
			SetLoadedEditorAssemblies (5ms)
			RefreshPlugins (0ms)
			BeforeProcessingInitializeOnLoad (66ms)
			ProcessInitializeOnLoadAttributes (289ms)
			ProcessInitializeOnLoadMethodAttributes (36ms)
			AfterProcessingInitializeOnLoad (3ms)
			EditorAssembliesLoaded (0ms)
		ExecutionOrderSort2 (0ms)
		AwakeInstancesAfterBackupRestoration (13ms)
Refreshing native plugins compatible for Editor in 2.86 ms, found 4 plugins.
Preloading 0 native plugins for Editor in 0.00 ms.
Unloading 4067 Unused Serialized files (Serialized files now loaded: 0)
Unloading 27 unused Assets / (213.6 KB). Loaded Objects now: 4731.
Memory consumption went from 145.4 MB to 145.2 MB.
Total: 3.425800 ms (FindLiveObjects: 0.350900 ms CreateObjectMapping: 0.120500 ms MarkObjects: 2.743900 ms  DeleteObjects: 0.208800 ms)

Prepare: number of updated asset objects reloaded= 0
AssetImportParameters requested are different than current active one (requested -> active):
  custom:scripting/monoscript/fileName/DOTweenModuleUtils.cs: 34ad347c902a97803d1c13fe65e97957 -> 
  custom:container-demuxer-ogg: 62fdf1f143b41e24485cea50d1cbac27 -> 
  custom:video-decoder-ogg-theora: a1e56fd34408186e4bbccfd4996cb3dc -> 
  custom:scripting/monoscript/fileName/DOTweenModuleUnityVersion.cs: 5fda8b30fb2f0276062c9b201e3b53c4 -> 
  custom:scripting/monoscript/fileName/DOTweenModuleUI.cs: 53c26b618f695b59a868eebdc97332ad -> 
  custom:framework-win-MediaFoundation: 216162199b28c13a410421893ffa2e32 -> 
  custom:scripting/precompiled-assembly-types:Assembly-CSharp-firstpass: c3b8ba213efe735b4b5ada0ee074dcb3 -> 
  custom:scripting/precompiled-assembly-types:DOTween: 41770a3e10244ae0a34e714162bbdba6 -> 
  custom:CustomObjectIndexerAttribute: 9a22284fe3817be447336de3de66b15e -> 
  custom:container-demuxer-webm: 4f35f7cbe854078d1ac9338744f61a02 -> 
  custom:scripting/monoscript/fileName/BulletTower.cs: 50552104c9d19a80e5b2d0f1a6d0dd85 -> 
  custom:scripting/monoscript/fileName/TimeManager.cs: ee896401883365d64d0753163ba65eb8 -> 
  custom:container-muxer-webm: aa71ff27fc2769a1b78a27578f13a17b -> 
  custom:video-decoder-webm-vp8: 9c59270c3fd7afecdb556c50c9e8de78 -> 
  custom:SearchIndexIgnoredProperties: e643bd26f0fe6173181afceb89e7c659 -> 
  custom:AudioImporter_EditorPlatform: d09bf68614088b80899f8185d706f6e7 -> 
  custom:scripting/monoscript/fileName/DOTweenModuleAudio.cs: 371877257ce39f5f0996ea556debbc8a -> 
  custom:scripting/monoscript/fileName/DOTweenModulePhysics2D.cs: 63b0e5981d81d026672954b54596f5ae -> 
  custom:scripting/precompiled-assembly-types:DOTweenEditor: 1efdf497b099e4e6944f0dd7fb28c744 -> 
  custom:scripting/monoscript/fileName/DOTweenModuleSprite.cs: e35fb5eb1c483cffc283a374a5e25466 -> 
  custom:video-encoder-webm-vp8: eb34c28f22e8b96e1ab97ce403110664 -> 
  custom:scripting/monoscript/fileName/DOTweenModulePhysics.cs: 87f8974001cd2397421cfdcad1904e83 -> 
  custom:audio-decoder-ogg-vorbis: bf7c407c2cedff20999df2af8eb42d56 -> 
  custom:scripting/monoscript/fileName/Bullet.cs: a4f5918e799041ba1f6608f13912eb8b -> 
  custom:audio-encoder-webm-vorbis: bf7c407c2cedff20999df2af8eb42d56 -> 
  custom:scripting/precompiled-assembly-types:Assembly-CSharp: e54580a8870340c6bd0aeaba1261d020 -> 
========================================================================
Received Prepare
Caller must complete domain reload
Begin MonoManager ReloadAssembly
- Loaded All Assemblies, in  0.459 seconds
Native extension for WindowsStandalone target not found
Native extension for WebGL target not found
Mono: successfully reloaded assembly
- Finished resetting the current domain, in  0.851 seconds
Domain Reload Profiling: 1310ms
	BeginReloadAssembly (156ms)
		ExecutionOrderSort (0ms)
		DisableScriptedObjects (16ms)
		BackupInstance (0ms)
		ReleaseScriptingObjects (0ms)
		CreateAndSetChildDomain (33ms)
	RebuildCommonClasses (34ms)
	RebuildNativeTypeToScriptingClass (13ms)
	initialDomainReloadingComplete (26ms)
	LoadAllAssembliesAndSetupDomain (230ms)
		LoadAssemblies (282ms)
		RebuildTransferFunctionScriptingTraits (0ms)
		AnalyzeDomain (27ms)
			TypeCache.Refresh (9ms)
				TypeCache.ScanAssembly (0ms)
			ScanForSourceGeneratedMonoScriptInfo (11ms)
			ResolveRequiredComponents (7ms)
	FinalizeReload (852ms)
		ReleaseScriptCaches (0ms)
		RebuildScriptCaches (0ms)
		SetupLoadedEditorAssemblies (420ms)
			LogAssemblyErrors (0ms)
			InitializePlatformSupportModulesInManaged (6ms)
			SetLoadedEditorAssemblies (5ms)
			RefreshPlugins (0ms)
			BeforeProcessingInitializeOnLoad (73ms)
			ProcessInitializeOnLoadAttributes (301ms)
			ProcessInitializeOnLoadMethodAttributes (32ms)
			AfterProcessingInitializeOnLoad (3ms)
			EditorAssembliesLoaded (0ms)
		ExecutionOrderSort2 (0ms)
		AwakeInstancesAfterBackupRestoration (12ms)
Refreshing native plugins compatible for Editor in 2.55 ms, found 4 plugins.
Preloading 0 native plugins for Editor in 0.00 ms.
Unloading 4067 Unused Serialized files (Serialized files now loaded: 0)
Unloading 27 unused Assets / (213.5 KB). Loaded Objects now: 4735.
Memory consumption went from 145.4 MB to 145.2 MB.
Total: 3.431800 ms (FindLiveObjects: 0.393400 ms CreateObjectMapping: 0.155700 ms MarkObjects: 2.681600 ms  DeleteObjects: 0.199500 ms)

Prepare: number of updated asset objects reloaded= 0
AssetImportParameters requested are different than current active one (requested -> active):
  custom:scripting/monoscript/fileName/DOTweenModuleUtils.cs: 34ad347c902a97803d1c13fe65e97957 -> 
  custom:container-demuxer-ogg: 62fdf1f143b41e24485cea50d1cbac27 -> 
  custom:video-decoder-ogg-theora: a1e56fd34408186e4bbccfd4996cb3dc -> 
  custom:scripting/monoscript/fileName/DOTweenModuleUnityVersion.cs: 5fda8b30fb2f0276062c9b201e3b53c4 -> 
  custom:scripting/monoscript/fileName/DOTweenModuleUI.cs: 53c26b618f695b59a868eebdc97332ad -> 
  custom:framework-win-MediaFoundation: 216162199b28c13a410421893ffa2e32 -> 
  custom:scripting/precompiled-assembly-types:Assembly-CSharp-firstpass: c3b8ba213efe735b4b5ada0ee074dcb3 -> 
  custom:scripting/precompiled-assembly-types:DOTween: 41770a3e10244ae0a34e714162bbdba6 -> 
  custom:CustomObjectIndexerAttribute: 9a22284fe3817be447336de3de66b15e -> 
  custom:container-demuxer-webm: 4f35f7cbe854078d1ac9338744f61a02 -> 
  custom:scripting/monoscript/fileName/BulletTower.cs: 50552104c9d19a80e5b2d0f1a6d0dd85 -> 
  custom:scripting/monoscript/fileName/TimeManager.cs: ee896401883365d64d0753163ba65eb8 -> 
  custom:container-muxer-webm: aa71ff27fc2769a1b78a27578f13a17b -> 
  custom:video-decoder-webm-vp8: 9c59270c3fd7afecdb556c50c9e8de78 -> 
  custom:SearchIndexIgnoredProperties: e643bd26f0fe6173181afceb89e7c659 -> 
  custom:AudioImporter_EditorPlatform: d09bf68614088b80899f8185d706f6e7 -> 
  custom:scripting/monoscript/fileName/DOTweenModuleAudio.cs: 371877257ce39f5f0996ea556debbc8a -> 
  custom:scripting/monoscript/fileName/DOTweenModulePhysics2D.cs: 63b0e5981d81d026672954b54596f5ae -> 
  custom:scripting/precompiled-assembly-types:DOTweenEditor: 1efdf497b099e4e6944f0dd7fb28c744 -> 
  custom:scripting/monoscript/fileName/DOTweenModuleSprite.cs: e35fb5eb1c483cffc283a374a5e25466 -> 
  custom:video-encoder-webm-vp8: eb34c28f22e8b96e1ab97ce403110664 -> 
  custom:scripting/monoscript/fileName/DOTweenModulePhysics.cs: 87f8974001cd2397421cfdcad1904e83 -> 
  custom:audio-decoder-ogg-vorbis: bf7c407c2cedff20999df2af8eb42d56 -> 
  custom:scripting/monoscript/fileName/Bullet.cs: a4f5918e799041ba1f6608f13912eb8b -> 
  custom:audio-encoder-webm-vorbis: bf7c407c2cedff20999df2af8eb42d56 -> 
  custom:scripting/precompiled-assembly-types:Assembly-CSharp: d4c78cc19068d276b86a2a4dd98f83d9 -> 
========================================================================
Received Prepare
Caller must complete domain reload
Begin MonoManager ReloadAssembly
- Loaded All Assemblies, in  0.463 seconds
Native extension for WindowsStandalone target not found
Native extension for WebGL target not found
Mono: successfully reloaded assembly
- Finished resetting the current domain, in  0.834 seconds
Domain Reload Profiling: 1297ms
	BeginReloadAssembly (162ms)
		ExecutionOrderSort (0ms)
		DisableScriptedObjects (13ms)
		BackupInstance (0ms)
		ReleaseScriptingObjects (0ms)
		CreateAndSetChildDomain (35ms)
	RebuildCommonClasses (37ms)
	RebuildNativeTypeToScriptingClass (12ms)
	initialDomainReloadingComplete (26ms)
	LoadAllAssembliesAndSetupDomain (225ms)
		LoadAssemblies (286ms)
		RebuildTransferFunctionScriptingTraits (0ms)
		AnalyzeDomain (27ms)
			TypeCache.Refresh (8ms)
				TypeCache.ScanAssembly (0ms)
			ScanForSourceGeneratedMonoScriptInfo (11ms)
			ResolveRequiredComponents (7ms)
	FinalizeReload (835ms)
		ReleaseScriptCaches (0ms)
		RebuildScriptCaches (0ms)
		SetupLoadedEditorAssemblies (423ms)
			LogAssemblyErrors (0ms)
			InitializePlatformSupportModulesInManaged (6ms)
			SetLoadedEditorAssemblies (5ms)
			RefreshPlugins (0ms)
			BeforeProcessingInitializeOnLoad (70ms)
			ProcessInitializeOnLoadAttributes (302ms)
			ProcessInitializeOnLoadMethodAttributes (37ms)
			AfterProcessingInitializeOnLoad (4ms)
			EditorAssembliesLoaded (0ms)
		ExecutionOrderSort2 (0ms)
		AwakeInstancesAfterBackupRestoration (13ms)
Refreshing native plugins compatible for Editor in 2.43 ms, found 4 plugins.
Preloading 0 native plugins for Editor in 0.00 ms.
Unloading 4067 Unused Serialized files (Serialized files now loaded: 0)
Unloading 27 unused Assets / (213.5 KB). Loaded Objects now: 4739.
Memory consumption went from 145.4 MB to 145.2 MB.
Total: 3.272800 ms (FindLiveObjects: 0.385000 ms CreateObjectMapping: 0.103900 ms MarkObjects: 2.595000 ms  DeleteObjects: 0.187400 ms)

Prepare: number of updated asset objects reloaded= 0
AssetImportParameters requested are different than current active one (requested -> active):
  custom:scripting/monoscript/fileName/DOTweenModuleUtils.cs: 34ad347c902a97803d1c13fe65e97957 -> 
  custom:container-demuxer-ogg: 62fdf1f143b41e24485cea50d1cbac27 -> 
  custom:video-decoder-ogg-theora: a1e56fd34408186e4bbccfd4996cb3dc -> 
  custom:scripting/monoscript/fileName/DOTweenModuleUnityVersion.cs: 5fda8b30fb2f0276062c9b201e3b53c4 -> 
  custom:scripting/monoscript/fileName/DOTweenModuleUI.cs: 53c26b618f695b59a868eebdc97332ad -> 
  custom:framework-win-MediaFoundation: 216162199b28c13a410421893ffa2e32 -> 
  custom:scripting/precompiled-assembly-types:Assembly-CSharp-firstpass: c3b8ba213efe735b4b5ada0ee074dcb3 -> 
  custom:scripting/precompiled-assembly-types:DOTween: 41770a3e10244ae0a34e714162bbdba6 -> 
  custom:CustomObjectIndexerAttribute: 9a22284fe3817be447336de3de66b15e -> 
  custom:container-demuxer-webm: 4f35f7cbe854078d1ac9338744f61a02 -> 
  custom:scripting/monoscript/fileName/BulletTower.cs: 50552104c9d19a80e5b2d0f1a6d0dd85 -> 
  custom:scripting/monoscript/fileName/TimeManager.cs: ee896401883365d64d0753163ba65eb8 -> 
  custom:container-muxer-webm: aa71ff27fc2769a1b78a27578f13a17b -> 
  custom:video-decoder-webm-vp8: 9c59270c3fd7afecdb556c50c9e8de78 -> 
  custom:SearchIndexIgnoredProperties: e643bd26f0fe6173181afceb89e7c659 -> 
  custom:AudioImporter_EditorPlatform: d09bf68614088b80899f8185d706f6e7 -> 
  custom:scripting/monoscript/fileName/DOTweenModuleAudio.cs: 371877257ce39f5f0996ea556debbc8a -> 
  custom:scripting/monoscript/fileName/DOTweenModulePhysics2D.cs: 63b0e5981d81d026672954b54596f5ae -> 
  custom:scripting/precompiled-assembly-types:DOTweenEditor: 1efdf497b099e4e6944f0dd7fb28c744 -> 
  custom:scripting/monoscript/fileName/DOTweenModuleSprite.cs: e35fb5eb1c483cffc283a374a5e25466 -> 
  custom:video-encoder-webm-vp8: eb34c28f22e8b96e1ab97ce403110664 -> 
  custom:scripting/monoscript/fileName/DOTweenModulePhysics.cs: 87f8974001cd2397421cfdcad1904e83 -> 
  custom:audio-decoder-ogg-vorbis: bf7c407c2cedff20999df2af8eb42d56 -> 
  custom:scripting/monoscript/fileName/Bullet.cs: a4f5918e799041ba1f6608f13912eb8b -> 
  custom:audio-encoder-webm-vorbis: bf7c407c2cedff20999df2af8eb42d56 -> 
  custom:scripting/precompiled-assembly-types:Assembly-CSharp: d4c78cc19068d276b86a2a4dd98f83d9 -> 
========================================================================
Received Prepare
Caller must complete domain reload
Begin MonoManager ReloadAssembly
- Loaded All Assemblies, in  0.458 seconds
Native extension for WindowsStandalone target not found
Native extension for WebGL target not found
Mono: successfully reloaded assembly
- Finished resetting the current domain, in  0.833 seconds
Domain Reload Profiling: 1290ms
	BeginReloadAssembly (145ms)
		ExecutionOrderSort (0ms)
		DisableScriptedObjects (12ms)
		BackupInstance (0ms)
		ReleaseScriptingObjects (0ms)
		CreateAndSetChildDomain (33ms)
	RebuildCommonClasses (39ms)
	RebuildNativeTypeToScriptingClass (13ms)
	initialDomainReloadingComplete (25ms)
	LoadAllAssembliesAndSetupDomain (234ms)
		LoadAssemblies (276ms)
		RebuildTransferFunctionScriptingTraits (0ms)
		AnalyzeDomain (31ms)
			TypeCache.Refresh (10ms)
				TypeCache.ScanAssembly (0ms)
			ScanForSourceGeneratedMonoScriptInfo (13ms)
			ResolveRequiredComponents (6ms)
	FinalizeReload (833ms)
		ReleaseScriptCaches (0ms)
		RebuildScriptCaches (0ms)
		SetupLoadedEditorAssemblies (407ms)
			LogAssemblyErrors (0ms)
			InitializePlatformSupportModulesInManaged (7ms)
			SetLoadedEditorAssemblies (5ms)
			RefreshPlugins (0ms)
			BeforeProcessingInitializeOnLoad (68ms)
			ProcessInitializeOnLoadAttributes (293ms)
			ProcessInitializeOnLoadMethodAttributes (31ms)
			AfterProcessingInitializeOnLoad (3ms)
			EditorAssembliesLoaded (0ms)
		ExecutionOrderSort2 (0ms)
		AwakeInstancesAfterBackupRestoration (13ms)
Refreshing native plugins compatible for Editor in 2.96 ms, found 4 plugins.
Preloading 0 native plugins for Editor in 0.00 ms.
Unloading 4067 Unused Serialized files (Serialized files now loaded: 0)
Unloading 27 unused Assets / (213.5 KB). Loaded Objects now: 4743.
Memory consumption went from 145.4 MB to 145.2 MB.
Total: 3.335500 ms (FindLiveObjects: 0.351700 ms CreateObjectMapping: 0.114300 ms MarkObjects: 2.669900 ms  DeleteObjects: 0.198600 ms)

Prepare: number of updated asset objects reloaded= 0
AssetImportParameters requested are different than current active one (requested -> active):
  custom:scripting/monoscript/fileName/DOTweenModuleUtils.cs: 34ad347c902a97803d1c13fe65e97957 -> 
  custom:container-demuxer-ogg: 62fdf1f143b41e24485cea50d1cbac27 -> 
  custom:video-decoder-ogg-theora: a1e56fd34408186e4bbccfd4996cb3dc -> 
  custom:scripting/monoscript/fileName/DOTweenModuleUnityVersion.cs: 5fda8b30fb2f0276062c9b201e3b53c4 -> 
  custom:scripting/monoscript/fileName/DOTweenModuleUI.cs: 53c26b618f695b59a868eebdc97332ad -> 
  custom:framework-win-MediaFoundation: 216162199b28c13a410421893ffa2e32 -> 
  custom:scripting/precompiled-assembly-types:Assembly-CSharp-firstpass: c3b8ba213efe735b4b5ada0ee074dcb3 -> 
  custom:scripting/precompiled-assembly-types:DOTween: 41770a3e10244ae0a34e714162bbdba6 -> 
  custom:CustomObjectIndexerAttribute: 9a22284fe3817be447336de3de66b15e -> 
  custom:container-demuxer-webm: 4f35f7cbe854078d1ac9338744f61a02 -> 
  custom:scripting/monoscript/fileName/BulletTower.cs: 50552104c9d19a80e5b2d0f1a6d0dd85 -> 
  custom:scripting/monoscript/fileName/TimeManager.cs: ee896401883365d64d0753163ba65eb8 -> 
  custom:container-muxer-webm: aa71ff27fc2769a1b78a27578f13a17b -> 
  custom:video-decoder-webm-vp8: 9c59270c3fd7afecdb556c50c9e8de78 -> 
  custom:SearchIndexIgnoredProperties: e643bd26f0fe6173181afceb89e7c659 -> 
  custom:AudioImporter_EditorPlatform: d09bf68614088b80899f8185d706f6e7 -> 
  custom:scripting/monoscript/fileName/DOTweenModuleAudio.cs: 371877257ce39f5f0996ea556debbc8a -> 
  custom:scripting/monoscript/fileName/DOTweenModulePhysics2D.cs: 63b0e5981d81d026672954b54596f5ae -> 
  custom:scripting/precompiled-assembly-types:DOTweenEditor: 1efdf497b099e4e6944f0dd7fb28c744 -> 
  custom:scripting/monoscript/fileName/DOTweenModuleSprite.cs: e35fb5eb1c483cffc283a374a5e25466 -> 
  custom:video-encoder-webm-vp8: eb34c28f22e8b96e1ab97ce403110664 -> 
  custom:scripting/monoscript/fileName/DOTweenModulePhysics.cs: 87f8974001cd2397421cfdcad1904e83 -> 
  custom:audio-decoder-ogg-vorbis: bf7c407c2cedff20999df2af8eb42d56 -> 
  custom:scripting/monoscript/fileName/Bullet.cs: a4f5918e799041ba1f6608f13912eb8b -> 
  custom:audio-encoder-webm-vorbis: bf7c407c2cedff20999df2af8eb42d56 -> 
  custom:scripting/precompiled-assembly-types:Assembly-CSharp: d4c78cc19068d276b86a2a4dd98f83d9 -> 
========================================================================
Received Prepare
Caller must complete domain reload
Begin MonoManager ReloadAssembly
- Loaded All Assemblies, in  0.524 seconds
Native extension for WindowsStandalone target not found
Native extension for WebGL target not found
Mono: successfully reloaded assembly
- Finished resetting the current domain, in  0.873 seconds
Domain Reload Profiling: 1397ms
	BeginReloadAssembly (161ms)
		ExecutionOrderSort (0ms)
		DisableScriptedObjects (12ms)
		BackupInstance (0ms)
		ReleaseScriptingObjects (0ms)
		CreateAndSetChildDomain (34ms)
	RebuildCommonClasses (35ms)
	RebuildNativeTypeToScriptingClass (12ms)
	initialDomainReloadingComplete (29ms)
	LoadAllAssembliesAndSetupDomain (286ms)
		LoadAssemblies (342ms)
		RebuildTransferFunctionScriptingTraits (0ms)
		AnalyzeDomain (30ms)
			TypeCache.Refresh (10ms)
				TypeCache.ScanAssembly (0ms)
			ScanForSourceGeneratedMonoScriptInfo (12ms)
			ResolveRequiredComponents (7ms)
	FinalizeReload (874ms)
		ReleaseScriptCaches (0ms)
		RebuildScriptCaches (0ms)
		SetupLoadedEditorAssemblies (409ms)
			LogAssemblyErrors (0ms)
			InitializePlatformSupportModulesInManaged (6ms)
			SetLoadedEditorAssemblies (4ms)
			RefreshPlugins (0ms)
			BeforeProcessingInitializeOnLoad (69ms)
			ProcessInitializeOnLoadAttributes (295ms)
			ProcessInitializeOnLoadMethodAttributes (31ms)
			AfterProcessingInitializeOnLoad (3ms)
			EditorAssembliesLoaded (0ms)
		ExecutionOrderSort2 (0ms)
		AwakeInstancesAfterBackupRestoration (12ms)
Refreshing native plugins compatible for Editor in 2.54 ms, found 4 plugins.
Preloading 0 native plugins for Editor in 0.00 ms.
Unloading 4067 Unused Serialized files (Serialized files now loaded: 0)
Unloading 27 unused Assets / (213.7 KB). Loaded Objects now: 4747.
Memory consumption went from 145.4 MB to 145.2 MB.
Total: 3.457800 ms (FindLiveObjects: 0.362300 ms CreateObjectMapping: 0.112500 ms MarkObjects: 2.774300 ms  DeleteObjects: 0.207100 ms)

Prepare: number of updated asset objects reloaded= 0
AssetImportParameters requested are different than current active one (requested -> active):
  custom:scripting/monoscript/fileName/DOTweenModuleUtils.cs: 34ad347c902a97803d1c13fe65e97957 -> 
  custom:container-demuxer-ogg: 62fdf1f143b41e24485cea50d1cbac27 -> 
  custom:video-decoder-ogg-theora: a1e56fd34408186e4bbccfd4996cb3dc -> 
  custom:scripting/monoscript/fileName/DOTweenModuleUnityVersion.cs: 5fda8b30fb2f0276062c9b201e3b53c4 -> 
  custom:scripting/monoscript/fileName/DOTweenModuleUI.cs: 53c26b618f695b59a868eebdc97332ad -> 
  custom:framework-win-MediaFoundation: 216162199b28c13a410421893ffa2e32 -> 
  custom:scripting/precompiled-assembly-types:Assembly-CSharp-firstpass: c3b8ba213efe735b4b5ada0ee074dcb3 -> 
  custom:scripting/precompiled-assembly-types:DOTween: 41770a3e10244ae0a34e714162bbdba6 -> 
  custom:CustomObjectIndexerAttribute: 9a22284fe3817be447336de3de66b15e -> 
  custom:container-demuxer-webm: 4f35f7cbe854078d1ac9338744f61a02 -> 
  custom:scripting/monoscript/fileName/BulletTower.cs: 50552104c9d19a80e5b2d0f1a6d0dd85 -> 
  custom:scripting/monoscript/fileName/TimeManager.cs: ee896401883365d64d0753163ba65eb8 -> 
  custom:container-muxer-webm: aa71ff27fc2769a1b78a27578f13a17b -> 
  custom:video-decoder-webm-vp8: 9c59270c3fd7afecdb556c50c9e8de78 -> 
  custom:SearchIndexIgnoredProperties: e643bd26f0fe6173181afceb89e7c659 -> 
  custom:AudioImporter_EditorPlatform: d09bf68614088b80899f8185d706f6e7 -> 
  custom:scripting/monoscript/fileName/DOTweenModuleAudio.cs: 371877257ce39f5f0996ea556debbc8a -> 
  custom:scripting/monoscript/fileName/DOTweenModulePhysics2D.cs: 63b0e5981d81d026672954b54596f5ae -> 
  custom:scripting/precompiled-assembly-types:DOTweenEditor: 1efdf497b099e4e6944f0dd7fb28c744 -> 
  custom:scripting/monoscript/fileName/DOTweenModuleSprite.cs: e35fb5eb1c483cffc283a374a5e25466 -> 
  custom:video-encoder-webm-vp8: eb34c28f22e8b96e1ab97ce403110664 -> 
  custom:scripting/monoscript/fileName/DOTweenModulePhysics.cs: 87f8974001cd2397421cfdcad1904e83 -> 
  custom:audio-decoder-ogg-vorbis: bf7c407c2cedff20999df2af8eb42d56 -> 
  custom:scripting/monoscript/fileName/Bullet.cs: a4f5918e799041ba1f6608f13912eb8b -> 
  custom:audio-encoder-webm-vorbis: bf7c407c2cedff20999df2af8eb42d56 -> 
  custom:scripting/precompiled-assembly-types:Assembly-CSharp: d4c78cc19068d276b86a2a4dd98f83d9 -> 
========================================================================
Received Prepare
Caller must complete domain reload
Begin MonoManager ReloadAssembly
- Loaded All Assemblies, in  0.429 seconds
Native extension for WindowsStandalone target not found
Native extension for WebGL target not found
Mono: successfully reloaded assembly
- Finished resetting the current domain, in  0.840 seconds
Domain Reload Profiling: 1269ms
	BeginReloadAssembly (148ms)
		ExecutionOrderSort (0ms)
		DisableScriptedObjects (13ms)
		BackupInstance (0ms)
		ReleaseScriptingObjects (0ms)
		CreateAndSetChildDomain (30ms)
	RebuildCommonClasses (38ms)
	RebuildNativeTypeToScriptingClass (14ms)
	initialDomainReloadingComplete (25ms)
	LoadAllAssembliesAndSetupDomain (204ms)
		LoadAssemblies (270ms)
		RebuildTransferFunctionScriptingTraits (0ms)
		AnalyzeDomain (12ms)
			TypeCache.Refresh (5ms)
				TypeCache.ScanAssembly (0ms)
			ScanForSourceGeneratedMonoScriptInfo (0ms)
			ResolveRequiredComponents (6ms)
	FinalizeReload (840ms)
		ReleaseScriptCaches (0ms)
		RebuildScriptCaches (0ms)
		SetupLoadedEditorAssemblies (409ms)
			LogAssemblyErrors (0ms)
			InitializePlatformSupportModulesInManaged (6ms)
			SetLoadedEditorAssemblies (3ms)
			RefreshPlugins (0ms)
			BeforeProcessingInitializeOnLoad (60ms)
			ProcessInitializeOnLoadAttributes (299ms)
			ProcessInitializeOnLoadMethodAttributes (37ms)
			AfterProcessingInitializeOnLoad (3ms)
			EditorAssembliesLoaded (0ms)
		ExecutionOrderSort2 (0ms)
		AwakeInstancesAfterBackupRestoration (14ms)
Refreshing native plugins compatible for Editor in 2.85 ms, found 4 plugins.
Preloading 0 native plugins for Editor in 0.00 ms.
Unloading 4067 Unused Serialized files (Serialized files now loaded: 0)
Unloading 27 unused Assets / (213.6 KB). Loaded Objects now: 4751.
Memory consumption went from 145.4 MB to 145.2 MB.
Total: 3.813700 ms (FindLiveObjects: 0.384700 ms CreateObjectMapping: 0.245300 ms MarkObjects: 2.970600 ms  DeleteObjects: 0.211800 ms)

Prepare: number of updated asset objects reloaded= 0
AssetImportParameters requested are different than current active one (requested -> active):
  custom:scripting/monoscript/fileName/DOTweenModuleUtils.cs: 34ad347c902a97803d1c13fe65e97957 -> 
  custom:container-demuxer-ogg: 62fdf1f143b41e24485cea50d1cbac27 -> 
  custom:video-decoder-ogg-theora: a1e56fd34408186e4bbccfd4996cb3dc -> 
  custom:scripting/monoscript/fileName/DOTweenModuleUnityVersion.cs: 5fda8b30fb2f0276062c9b201e3b53c4 -> 
  custom:scripting/monoscript/fileName/DOTweenModuleUI.cs: 53c26b618f695b59a868eebdc97332ad -> 
  custom:framework-win-MediaFoundation: 216162199b28c13a410421893ffa2e32 -> 
  custom:scripting/precompiled-assembly-types:Assembly-CSharp-firstpass: c3b8ba213efe735b4b5ada0ee074dcb3 -> 
  custom:scripting/precompiled-assembly-types:DOTween: 41770a3e10244ae0a34e714162bbdba6 -> 
  custom:CustomObjectIndexerAttribute: 9a22284fe3817be447336de3de66b15e -> 
  custom:container-demuxer-webm: 4f35f7cbe854078d1ac9338744f61a02 -> 
  custom:scripting/monoscript/fileName/BulletTower.cs: 50552104c9d19a80e5b2d0f1a6d0dd85 -> 
  custom:scripting/monoscript/fileName/TimeManager.cs: ee896401883365d64d0753163ba65eb8 -> 
  custom:container-muxer-webm: aa71ff27fc2769a1b78a27578f13a17b -> 
  custom:video-decoder-webm-vp8: 9c59270c3fd7afecdb556c50c9e8de78 -> 
  custom:SearchIndexIgnoredProperties: e643bd26f0fe6173181afceb89e7c659 -> 
  custom:AudioImporter_EditorPlatform: d09bf68614088b80899f8185d706f6e7 -> 
  custom:scripting/monoscript/fileName/DOTweenModuleAudio.cs: 371877257ce39f5f0996ea556debbc8a -> 
  custom:scripting/monoscript/fileName/DOTweenModulePhysics2D.cs: 63b0e5981d81d026672954b54596f5ae -> 
  custom:scripting/precompiled-assembly-types:DOTweenEditor: 1efdf497b099e4e6944f0dd7fb28c744 -> 
  custom:scripting/monoscript/fileName/DOTweenModuleSprite.cs: e35fb5eb1c483cffc283a374a5e25466 -> 
  custom:video-encoder-webm-vp8: eb34c28f22e8b96e1ab97ce403110664 -> 
  custom:scripting/monoscript/fileName/DOTweenModulePhysics.cs: 87f8974001cd2397421cfdcad1904e83 -> 
  custom:audio-decoder-ogg-vorbis: bf7c407c2cedff20999df2af8eb42d56 -> 
  custom:scripting/monoscript/fileName/Bullet.cs: a4f5918e799041ba1f6608f13912eb8b -> 
  custom:audio-encoder-webm-vorbis: bf7c407c2cedff20999df2af8eb42d56 -> 
  custom:scripting/precompiled-assembly-types:Assembly-CSharp: d4c78cc19068d276b86a2a4dd98f83d9 -> 
========================================================================
Received Import Request.
  Time since last request: 1218.582144 seconds.
  path: Assets/MyResources/Prefabs/子弹.prefab
  artifactKey: Guid(ceb04ccf67539e24a9ee9e779b53b740) Importer(815301076,1909f56bfc062723c751e8b465ee728b)
Start importing Assets/MyResources/Prefabs/子弹.prefab using Guid(ceb04ccf67539e24a9ee9e779b53b740) Importer(815301076,1909f56bfc062723c751e8b465ee728b) [PhysX] Initialized MultithreadedTaskDispatcher with 12 workers.
 -> (artifact id: '867589f0fa5b4080e5c2f25a05eba860') in 0.002469 seconds
Number of updated asset objects reloaded before import = 0
Number of asset objects unloaded after import = 0
========================================================================
Received Import Request.
  Time since last request: 8.032050 seconds.
  path: Assets/MyResources/Prefabs/子弹.prefab
  artifactKey: Guid(ceb04ccf67539e24a9ee9e779b53b740) Importer(815301076,1909f56bfc062723c751e8b465ee728b)
Start importing Assets/MyResources/Prefabs/子弹.prefab using Guid(ceb04ccf67539e24a9ee9e779b53b740) Importer(815301076,1909f56bfc062723c751e8b465ee728b) [PhysX] Initialized MultithreadedTaskDispatcher with 12 workers.
 -> (artifact id: 'ebd435ef002c53de93dfdaa3426b8a18') in 0.000561 seconds
Number of updated asset objects reloaded before import = 0
Number of asset objects unloaded after import = 0
========================================================================
Received Prepare
Caller must complete domain reload
Begin MonoManager ReloadAssembly
- Loaded All Assemblies, in  0.435 seconds
Native extension for WindowsStandalone target not found
Native extension for WebGL target not found
Mono: successfully reloaded assembly
- Finished resetting the current domain, in  0.845 seconds
Domain Reload Profiling: 1279ms
	BeginReloadAssembly (145ms)
		ExecutionOrderSort (0ms)
		DisableScriptedObjects (13ms)
		BackupInstance (0ms)
		ReleaseScriptingObjects (0ms)
		CreateAndSetChildDomain (31ms)
	RebuildCommonClasses (33ms)
	RebuildNativeTypeToScriptingClass (12ms)
	initialDomainReloadingComplete (33ms)
	LoadAllAssembliesAndSetupDomain (211ms)
		LoadAssemblies (270ms)
		RebuildTransferFunctionScriptingTraits (0ms)
		AnalyzeDomain (14ms)
			TypeCache.Refresh (6ms)
				TypeCache.ScanAssembly (0ms)
			ScanForSourceGeneratedMonoScriptInfo (0ms)
			ResolveRequiredComponents (7ms)
	FinalizeReload (846ms)
		ReleaseScriptCaches (0ms)
		RebuildScriptCaches (0ms)
		SetupLoadedEditorAssemblies (412ms)
			LogAssemblyErrors (0ms)
			InitializePlatformSupportModulesInManaged (6ms)
			SetLoadedEditorAssemblies (5ms)
			RefreshPlugins (0ms)
			BeforeProcessingInitializeOnLoad (68ms)
			ProcessInitializeOnLoadAttributes (295ms)
			ProcessInitializeOnLoadMethodAttributes (35ms)
			AfterProcessingInitializeOnLoad (3ms)
			EditorAssembliesLoaded (0ms)
		ExecutionOrderSort2 (0ms)
		AwakeInstancesAfterBackupRestoration (13ms)
Refreshing native plugins compatible for Editor in 2.61 ms, found 4 plugins.
Preloading 0 native plugins for Editor in 0.00 ms.
Unloading 4066 Unused Serialized files (Serialized files now loaded: 0)
Unloading 27 unused Assets / (213.6 KB). Loaded Objects now: 4755.
Memory consumption went from 145.2 MB to 145.0 MB.
Total: 3.381600 ms (FindLiveObjects: 0.392200 ms CreateObjectMapping: 0.168100 ms MarkObjects: 2.628100 ms  DeleteObjects: 0.191900 ms)

Prepare: number of updated asset objects reloaded= 0
AssetImportParameters requested are different than current active one (requested -> active):
  custom:scripting/monoscript/fileName/DOTweenModuleUtils.cs: 34ad347c902a97803d1c13fe65e97957 -> 
  custom:container-demuxer-ogg: 62fdf1f143b41e24485cea50d1cbac27 -> 
  custom:video-decoder-ogg-theora: a1e56fd34408186e4bbccfd4996cb3dc -> 
  custom:scripting/monoscript/fileName/DOTweenModuleUnityVersion.cs: 5fda8b30fb2f0276062c9b201e3b53c4 -> 
  custom:scripting/monoscript/fileName/DOTweenModuleUI.cs: 53c26b618f695b59a868eebdc97332ad -> 
  custom:framework-win-MediaFoundation: 216162199b28c13a410421893ffa2e32 -> 
  custom:scripting/precompiled-assembly-types:Assembly-CSharp-firstpass: c3b8ba213efe735b4b5ada0ee074dcb3 -> 
  custom:scripting/precompiled-assembly-types:DOTween: 41770a3e10244ae0a34e714162bbdba6 -> 
  custom:CustomObjectIndexerAttribute: 9a22284fe3817be447336de3de66b15e -> 
  custom:container-demuxer-webm: 4f35f7cbe854078d1ac9338744f61a02 -> 
  custom:scripting/monoscript/fileName/BulletTower.cs: 50552104c9d19a80e5b2d0f1a6d0dd85 -> 
  custom:scripting/monoscript/fileName/TimeManager.cs: ee896401883365d64d0753163ba65eb8 -> 
  custom:container-muxer-webm: aa71ff27fc2769a1b78a27578f13a17b -> 
  custom:video-decoder-webm-vp8: 9c59270c3fd7afecdb556c50c9e8de78 -> 
  custom:SearchIndexIgnoredProperties: e643bd26f0fe6173181afceb89e7c659 -> 
  custom:AudioImporter_EditorPlatform: d09bf68614088b80899f8185d706f6e7 -> 
  custom:scripting/monoscript/fileName/DOTweenModuleAudio.cs: 371877257ce39f5f0996ea556debbc8a -> 
  custom:scripting/monoscript/fileName/DOTweenModulePhysics2D.cs: 63b0e5981d81d026672954b54596f5ae -> 
  custom:scripting/precompiled-assembly-types:DOTweenEditor: 1efdf497b099e4e6944f0dd7fb28c744 -> 
  custom:scripting/monoscript/fileName/DOTweenModuleSprite.cs: e35fb5eb1c483cffc283a374a5e25466 -> 
  custom:video-encoder-webm-vp8: eb34c28f22e8b96e1ab97ce403110664 -> 
  custom:scripting/monoscript/fileName/DOTweenModulePhysics.cs: 87f8974001cd2397421cfdcad1904e83 -> 
  custom:audio-decoder-ogg-vorbis: bf7c407c2cedff20999df2af8eb42d56 -> 
  custom:scripting/monoscript/fileName/Bullet.cs: a4f5918e799041ba1f6608f13912eb8b -> 
  custom:audio-encoder-webm-vorbis: bf7c407c2cedff20999df2af8eb42d56 -> 
  custom:scripting/precompiled-assembly-types:Assembly-CSharp: d4c78cc19068d276b86a2a4dd98f83d9 -> 
========================================================================
Received Prepare
Caller must complete domain reload
Begin MonoManager ReloadAssembly
- Loaded All Assemblies, in  0.473 seconds
Native extension for WindowsStandalone target not found
Native extension for WebGL target not found
Mono: successfully reloaded assembly
- Finished resetting the current domain, in  0.853 seconds
Domain Reload Profiling: 1326ms
	BeginReloadAssembly (165ms)
		ExecutionOrderSort (0ms)
		DisableScriptedObjects (13ms)
		BackupInstance (0ms)
		ReleaseScriptingObjects (0ms)
		CreateAndSetChildDomain (39ms)
	RebuildCommonClasses (33ms)
	RebuildNativeTypeToScriptingClass (11ms)
	initialDomainReloadingComplete (32ms)
	LoadAllAssembliesAndSetupDomain (231ms)
		LoadAssemblies (288ms)
		RebuildTransferFunctionScriptingTraits (0ms)
		AnalyzeDomain (28ms)
			TypeCache.Refresh (8ms)
				TypeCache.ScanAssembly (0ms)
			ScanForSourceGeneratedMonoScriptInfo (10ms)
			ResolveRequiredComponents (7ms)
	FinalizeReload (854ms)
		ReleaseScriptCaches (0ms)
		RebuildScriptCaches (0ms)
		SetupLoadedEditorAssemblies (417ms)
			LogAssemblyErrors (0ms)
			InitializePlatformSupportModulesInManaged (6ms)
			SetLoadedEditorAssemblies (5ms)
			RefreshPlugins (0ms)
			BeforeProcessingInitializeOnLoad (74ms)
			ProcessInitializeOnLoadAttributes (297ms)
			ProcessInitializeOnLoadMethodAttributes (31ms)
			AfterProcessingInitializeOnLoad (3ms)
			EditorAssembliesLoaded (0ms)
		ExecutionOrderSort2 (0ms)
		AwakeInstancesAfterBackupRestoration (12ms)
Refreshing native plugins compatible for Editor in 4.52 ms, found 4 plugins.
Preloading 0 native plugins for Editor in 0.00 ms.
Unloading 4067 Unused Serialized files (Serialized files now loaded: 0)
Unloading 27 unused Assets / (213.5 KB). Loaded Objects now: 4759.
Memory consumption went from 145.4 MB to 145.2 MB.
Total: 3.852500 ms (FindLiveObjects: 0.461800 ms CreateObjectMapping: 0.155100 ms MarkObjects: 3.026200 ms  DeleteObjects: 0.208300 ms)

Prepare: number of updated asset objects reloaded= 0
AssetImportParameters requested are different than current active one (requested -> active):
  custom:scripting/monoscript/fileName/DOTweenModuleUtils.cs: 34ad347c902a97803d1c13fe65e97957 -> 
  custom:container-demuxer-ogg: 62fdf1f143b41e24485cea50d1cbac27 -> 
  custom:video-decoder-ogg-theora: a1e56fd34408186e4bbccfd4996cb3dc -> 
  custom:scripting/monoscript/fileName/DOTweenModuleUnityVersion.cs: 5fda8b30fb2f0276062c9b201e3b53c4 -> 
  custom:scripting/monoscript/fileName/DOTweenModuleUI.cs: 53c26b618f695b59a868eebdc97332ad -> 
  custom:framework-win-MediaFoundation: 216162199b28c13a410421893ffa2e32 -> 
  custom:scripting/precompiled-assembly-types:Assembly-CSharp-firstpass: c3b8ba213efe735b4b5ada0ee074dcb3 -> 
  custom:scripting/precompiled-assembly-types:DOTween: 41770a3e10244ae0a34e714162bbdba6 -> 
  custom:CustomObjectIndexerAttribute: 9a22284fe3817be447336de3de66b15e -> 
  custom:container-demuxer-webm: 4f35f7cbe854078d1ac9338744f61a02 -> 
  custom:scripting/monoscript/fileName/BulletTower.cs: 50552104c9d19a80e5b2d0f1a6d0dd85 -> 
  custom:scripting/monoscript/fileName/TimeManager.cs: ee896401883365d64d0753163ba65eb8 -> 
  custom:container-muxer-webm: aa71ff27fc2769a1b78a27578f13a17b -> 
  custom:video-decoder-webm-vp8: 9c59270c3fd7afecdb556c50c9e8de78 -> 
  custom:SearchIndexIgnoredProperties: e643bd26f0fe6173181afceb89e7c659 -> 
  custom:AudioImporter_EditorPlatform: d09bf68614088b80899f8185d706f6e7 -> 
  custom:scripting/monoscript/fileName/DOTweenModuleAudio.cs: 371877257ce39f5f0996ea556debbc8a -> 
  custom:scripting/monoscript/fileName/DOTweenModulePhysics2D.cs: 63b0e5981d81d026672954b54596f5ae -> 
  custom:scripting/precompiled-assembly-types:DOTweenEditor: 1efdf497b099e4e6944f0dd7fb28c744 -> 
  custom:scripting/monoscript/fileName/DOTweenModuleSprite.cs: e35fb5eb1c483cffc283a374a5e25466 -> 
  custom:video-encoder-webm-vp8: eb34c28f22e8b96e1ab97ce403110664 -> 
  custom:scripting/monoscript/fileName/DOTweenModulePhysics.cs: 87f8974001cd2397421cfdcad1904e83 -> 
  custom:audio-decoder-ogg-vorbis: bf7c407c2cedff20999df2af8eb42d56 -> 
  custom:scripting/monoscript/fileName/Bullet.cs: a4f5918e799041ba1f6608f13912eb8b -> 
  custom:audio-encoder-webm-vorbis: bf7c407c2cedff20999df2af8eb42d56 -> 
  custom:scripting/precompiled-assembly-types:Assembly-CSharp: d4c78cc19068d276b86a2a4dd98f83d9 -> 
========================================================================
Received Prepare
Caller must complete domain reload
Begin MonoManager ReloadAssembly
- Loaded All Assemblies, in  0.432 seconds
Native extension for WindowsStandalone target not found
Native extension for WebGL target not found
Mono: successfully reloaded assembly
- Finished resetting the current domain, in  0.846 seconds
Domain Reload Profiling: 1278ms
	BeginReloadAssembly (147ms)
		ExecutionOrderSort (0ms)
		DisableScriptedObjects (14ms)
		BackupInstance (0ms)
		ReleaseScriptingObjects (0ms)
		CreateAndSetChildDomain (31ms)
	RebuildCommonClasses (33ms)
	RebuildNativeTypeToScriptingClass (13ms)
	initialDomainReloadingComplete (26ms)
	LoadAllAssembliesAndSetupDomain (212ms)
		LoadAssemblies (272ms)
		RebuildTransferFunctionScriptingTraits (0ms)
		AnalyzeDomain (13ms)
			TypeCache.Refresh (5ms)
				TypeCache.ScanAssembly (0ms)
			ScanForSourceGeneratedMonoScriptInfo (0ms)
			ResolveRequiredComponents (7ms)
	FinalizeReload (846ms)
		ReleaseScriptCaches (0ms)
		RebuildScriptCaches (0ms)
		SetupLoadedEditorAssemblies (415ms)
			LogAssemblyErrors (0ms)
			InitializePlatformSupportModulesInManaged (6ms)
			SetLoadedEditorAssemblies (5ms)
			RefreshPlugins (0ms)
			BeforeProcessingInitializeOnLoad (69ms)
			ProcessInitializeOnLoadAttributes (297ms)
			ProcessInitializeOnLoadMethodAttributes (35ms)
			AfterProcessingInitializeOnLoad (3ms)
			EditorAssembliesLoaded (0ms)
		ExecutionOrderSort2 (0ms)
		AwakeInstancesAfterBackupRestoration (14ms)
Refreshing native plugins compatible for Editor in 2.81 ms, found 4 plugins.
Preloading 0 native plugins for Editor in 0.00 ms.
Unloading 4067 Unused Serialized files (Serialized files now loaded: 0)
Unloading 27 unused Assets / (213.7 KB). Loaded Objects now: 4763.
Memory consumption went from 145.4 MB to 145.2 MB.
Total: 3.534600 ms (FindLiveObjects: 0.369600 ms CreateObjectMapping: 0.172100 ms MarkObjects: 2.798800 ms  DeleteObjects: 0.192800 ms)

Prepare: number of updated asset objects reloaded= 0
AssetImportParameters requested are different than current active one (requested -> active):
  custom:scripting/monoscript/fileName/DOTweenModuleUtils.cs: 34ad347c902a97803d1c13fe65e97957 -> 
  custom:container-demuxer-ogg: 62fdf1f143b41e24485cea50d1cbac27 -> 
  custom:video-decoder-ogg-theora: a1e56fd34408186e4bbccfd4996cb3dc -> 
  custom:scripting/monoscript/fileName/DOTweenModuleUnityVersion.cs: 5fda8b30fb2f0276062c9b201e3b53c4 -> 
  custom:scripting/monoscript/fileName/DOTweenModuleUI.cs: 53c26b618f695b59a868eebdc97332ad -> 
  custom:framework-win-MediaFoundation: 216162199b28c13a410421893ffa2e32 -> 
  custom:scripting/precompiled-assembly-types:Assembly-CSharp-firstpass: c3b8ba213efe735b4b5ada0ee074dcb3 -> 
  custom:scripting/precompiled-assembly-types:DOTween: 41770a3e10244ae0a34e714162bbdba6 -> 
  custom:CustomObjectIndexerAttribute: 9a22284fe3817be447336de3de66b15e -> 
  custom:container-demuxer-webm: 4f35f7cbe854078d1ac9338744f61a02 -> 
  custom:scripting/monoscript/fileName/BulletTower.cs: 50552104c9d19a80e5b2d0f1a6d0dd85 -> 
  custom:scripting/monoscript/fileName/TimeManager.cs: ee896401883365d64d0753163ba65eb8 -> 
  custom:container-muxer-webm: aa71ff27fc2769a1b78a27578f13a17b -> 
  custom:video-decoder-webm-vp8: 9c59270c3fd7afecdb556c50c9e8de78 -> 
  custom:SearchIndexIgnoredProperties: e643bd26f0fe6173181afceb89e7c659 -> 
  custom:AudioImporter_EditorPlatform: d09bf68614088b80899f8185d706f6e7 -> 
  custom:scripting/monoscript/fileName/DOTweenModuleAudio.cs: 371877257ce39f5f0996ea556debbc8a -> 
  custom:scripting/monoscript/fileName/DOTweenModulePhysics2D.cs: 63b0e5981d81d026672954b54596f5ae -> 
  custom:scripting/precompiled-assembly-types:DOTweenEditor: 1efdf497b099e4e6944f0dd7fb28c744 -> 
  custom:scripting/monoscript/fileName/DOTweenModuleSprite.cs: e35fb5eb1c483cffc283a374a5e25466 -> 
  custom:video-encoder-webm-vp8: eb34c28f22e8b96e1ab97ce403110664 -> 
  custom:scripting/monoscript/fileName/DOTweenModulePhysics.cs: 87f8974001cd2397421cfdcad1904e83 -> 
  custom:audio-decoder-ogg-vorbis: bf7c407c2cedff20999df2af8eb42d56 -> 
  custom:scripting/monoscript/fileName/Bullet.cs: a4f5918e799041ba1f6608f13912eb8b -> 
  custom:audio-encoder-webm-vorbis: bf7c407c2cedff20999df2af8eb42d56 -> 
  custom:scripting/precompiled-assembly-types:Assembly-CSharp: d4c78cc19068d276b86a2a4dd98f83d9 -> 
========================================================================
Received Import Request.
  Time since last request: 117.086766 seconds.
  path: Assets/MyResources/Prefabs/子弹.prefab
  artifactKey: Guid(ceb04ccf67539e24a9ee9e779b53b740) Importer(815301076,1909f56bfc062723c751e8b465ee728b)
Start importing Assets/MyResources/Prefabs/子弹.prefab using Guid(ceb04ccf67539e24a9ee9e779b53b740) Importer(815301076,1909f56bfc062723c751e8b465ee728b) [PhysX] Initialized MultithreadedTaskDispatcher with 12 workers.
 -> (artifact id: 'ebd435ef002c53de93dfdaa3426b8a18') in 0.002401 seconds
Number of updated asset objects reloaded before import = 0
Number of asset objects unloaded after import = 0
========================================================================
Received Import Request.
  Time since last request: 7.912877 seconds.
  path: Assets/MyResources/Material
  artifactKey: Guid(207daca1189683a4885c666e45722ad2) Importer(815301076,1909f56bfc062723c751e8b465ee728b)
Start importing Assets/MyResources/Material using Guid(207daca1189683a4885c666e45722ad2) Importer(815301076,1909f56bfc062723c751e8b465ee728b) [PhysX] Initialized MultithreadedTaskDispatcher with 12 workers.
 -> (artifact id: 'a2955138a1fc13e3336dbea4a8a8fb47') in 0.000581 seconds
Number of updated asset objects reloaded before import = 0
Number of asset objects unloaded after import = 0
========================================================================
Received Import Request.
  Time since last request: 3.040470 seconds.
  path: Assets/MyResources/s
  artifactKey: Guid(207daca1189683a4885c666e45722ad2) Importer(815301076,1909f56bfc062723c751e8b465ee728b)
Start importing Assets/MyResources/s using Guid(207daca1189683a4885c666e45722ad2) Importer(815301076,1909f56bfc062723c751e8b465ee728b) [PhysX] Initialized MultithreadedTaskDispatcher with 12 workers.
 -> (artifact id: 'f36f5e7a823bf12708e708ef3dd51b90') in 0.000800 seconds
Number of updated asset objects reloaded before import = 0
Number of asset objects unloaded after import = 0
========================================================================
Received Import Request.
  Time since last request: 4.560258 seconds.
  path: Assets/MyResources/materials
  artifactKey: Guid(207daca1189683a4885c666e45722ad2) Importer(815301076,1909f56bfc062723c751e8b465ee728b)
Start importing Assets/MyResources/materials using Guid(207daca1189683a4885c666e45722ad2) Importer(815301076,1909f56bfc062723c751e8b465ee728b) [PhysX] Initialized MultithreadedTaskDispatcher with 12 workers.
 -> (artifact id: '78f8cf627138180320d463212f3091d1') in 0.000503 seconds
Number of updated asset objects reloaded before import = 0
Number of asset objects unloaded after import = 0
========================================================================
Received Import Request.
  Time since last request: 3.225685 seconds.
  path: Assets/MyResources/M aterials
  artifactKey: Guid(207daca1189683a4885c666e45722ad2) Importer(815301076,1909f56bfc062723c751e8b465ee728b)
Start importing Assets/MyResources/M aterials using Guid(207daca1189683a4885c666e45722ad2) Importer(815301076,1909f56bfc062723c751e8b465ee728b) [PhysX] Initialized MultithreadedTaskDispatcher with 12 workers.
 -> (artifact id: 'cfe4136c8a9fefd23585e3052a4285ff') in 0.000791 seconds
Number of updated asset objects reloaded before import = 0
Number of asset objects unloaded after import = 0
========================================================================
Received Import Request.
  Time since last request: 3.069748 seconds.
  path: Assets/MyResources/Materials
  artifactKey: Guid(207daca1189683a4885c666e45722ad2) Importer(815301076,1909f56bfc062723c751e8b465ee728b)
Start importing Assets/MyResources/Materials using Guid(207daca1189683a4885c666e45722ad2) Importer(815301076,1909f56bfc062723c751e8b465ee728b) [PhysX] Initialized MultithreadedTaskDispatcher with 12 workers.
 -> (artifact id: 'ce0a619e6dd5c777c48deec4858c923f') in 0.000655 seconds
Number of updated asset objects reloaded before import = 0
Number of asset objects unloaded after import = 0
========================================================================
Received Import Request.
  Time since last request: 21.394902 seconds.
  path: Assets/MyResources/Materials/子弹.physicsMaterial2D
  artifactKey: Guid(97dbbf3512c5f5446a48fde2154dfce6) Importer(815301076,1909f56bfc062723c751e8b465ee728b)
Start importing Assets/MyResources/Materials/子弹.physicsMaterial2D using Guid(97dbbf3512c5f5446a48fde2154dfce6) Importer(815301076,1909f56bfc062723c751e8b465ee728b) [PhysX] Initialized MultithreadedTaskDispatcher with 12 workers.
 -> (artifact id: 'e2d5e27e9440b843f9b68a556d4eef66') in 0.009821 seconds
Number of updated asset objects reloaded before import = 0
Number of asset objects unloaded after import = 1
========================================================================
Received Prepare
Caller must complete domain reload
Begin MonoManager ReloadAssembly
- Loaded All Assemblies, in  0.415 seconds
Native extension for WindowsStandalone target not found
Native extension for WebGL target not found
Mono: successfully reloaded assembly
- Finished resetting the current domain, in  0.864 seconds
Domain Reload Profiling: 1279ms
	BeginReloadAssembly (142ms)
		ExecutionOrderSort (0ms)
		DisableScriptedObjects (12ms)
		BackupInstance (0ms)
		ReleaseScriptingObjects (0ms)
		CreateAndSetChildDomain (31ms)
	RebuildCommonClasses (33ms)
	RebuildNativeTypeToScriptingClass (12ms)
	initialDomainReloadingComplete (25ms)
	LoadAllAssembliesAndSetupDomain (203ms)
		LoadAssemblies (257ms)
		RebuildTransferFunctionScriptingTraits (0ms)
		AnalyzeDomain (15ms)
			TypeCache.Refresh (7ms)
				TypeCache.ScanAssembly (0ms)
			ScanForSourceGeneratedMonoScriptInfo (0ms)
			ResolveRequiredComponents (7ms)
	FinalizeReload (865ms)
		ReleaseScriptCaches (0ms)
		RebuildScriptCaches (0ms)
		SetupLoadedEditorAssemblies (429ms)
			LogAssemblyErrors (0ms)
			InitializePlatformSupportModulesInManaged (7ms)
			SetLoadedEditorAssemblies (5ms)
			RefreshPlugins (0ms)
			BeforeProcessingInitializeOnLoad (69ms)
			ProcessInitializeOnLoadAttributes (311ms)
			ProcessInitializeOnLoadMethodAttributes (34ms)
			AfterProcessingInitializeOnLoad (3ms)
			EditorAssembliesLoaded (0ms)
		ExecutionOrderSort2 (0ms)
		AwakeInstancesAfterBackupRestoration (13ms)
Refreshing native plugins compatible for Editor in 2.87 ms, found 4 plugins.
Preloading 0 native plugins for Editor in 0.00 ms.
Unloading 4066 Unused Serialized files (Serialized files now loaded: 0)
Unloading 27 unused Assets / (213.5 KB). Loaded Objects now: 4767.
Memory consumption went from 145.2 MB to 145.0 MB.
Total: 3.682900 ms (FindLiveObjects: 0.363500 ms CreateObjectMapping: 0.129400 ms MarkObjects: 2.984200 ms  DeleteObjects: 0.204700 ms)

Prepare: number of updated asset objects reloaded= 0
AssetImportParameters requested are different than current active one (requested -> active):
  custom:scripting/monoscript/fileName/DOTweenModuleUtils.cs: 34ad347c902a97803d1c13fe65e97957 -> 
  custom:container-demuxer-ogg: 62fdf1f143b41e24485cea50d1cbac27 -> 
  custom:video-decoder-ogg-theora: a1e56fd34408186e4bbccfd4996cb3dc -> 
  custom:scripting/monoscript/fileName/DOTweenModuleUnityVersion.cs: 5fda8b30fb2f0276062c9b201e3b53c4 -> 
  custom:scripting/monoscript/fileName/DOTweenModuleUI.cs: 53c26b618f695b59a868eebdc97332ad -> 
  custom:framework-win-MediaFoundation: 216162199b28c13a410421893ffa2e32 -> 
  custom:scripting/precompiled-assembly-types:Assembly-CSharp-firstpass: c3b8ba213efe735b4b5ada0ee074dcb3 -> 
  custom:scripting/precompiled-assembly-types:DOTween: 41770a3e10244ae0a34e714162bbdba6 -> 
  custom:CustomObjectIndexerAttribute: 9a22284fe3817be447336de3de66b15e -> 
  custom:container-demuxer-webm: 4f35f7cbe854078d1ac9338744f61a02 -> 
  custom:scripting/monoscript/fileName/BulletTower.cs: 50552104c9d19a80e5b2d0f1a6d0dd85 -> 
  custom:scripting/monoscript/fileName/TimeManager.cs: ee896401883365d64d0753163ba65eb8 -> 
  custom:container-muxer-webm: aa71ff27fc2769a1b78a27578f13a17b -> 
  custom:video-decoder-webm-vp8: 9c59270c3fd7afecdb556c50c9e8de78 -> 
  custom:SearchIndexIgnoredProperties: e643bd26f0fe6173181afceb89e7c659 -> 
  custom:AudioImporter_EditorPlatform: d09bf68614088b80899f8185d706f6e7 -> 
  custom:scripting/monoscript/fileName/DOTweenModuleAudio.cs: 371877257ce39f5f0996ea556debbc8a -> 
  custom:scripting/monoscript/fileName/DOTweenModulePhysics2D.cs: 63b0e5981d81d026672954b54596f5ae -> 
  custom:scripting/precompiled-assembly-types:DOTweenEditor: 1efdf497b099e4e6944f0dd7fb28c744 -> 
  custom:scripting/monoscript/fileName/DOTweenModuleSprite.cs: e35fb5eb1c483cffc283a374a5e25466 -> 
  custom:video-encoder-webm-vp8: eb34c28f22e8b96e1ab97ce403110664 -> 
  custom:scripting/monoscript/fileName/DOTweenModulePhysics.cs: 87f8974001cd2397421cfdcad1904e83 -> 
  custom:audio-decoder-ogg-vorbis: bf7c407c2cedff20999df2af8eb42d56 -> 
  custom:scripting/monoscript/fileName/Bullet.cs: a4f5918e799041ba1f6608f13912eb8b -> 
  custom:audio-encoder-webm-vorbis: bf7c407c2cedff20999df2af8eb42d56 -> 
  custom:scripting/precompiled-assembly-types:Assembly-CSharp: d4c78cc19068d276b86a2a4dd98f83d9 -> 
========================================================================
Received Prepare
Caller must complete domain reload
Begin MonoManager ReloadAssembly
- Loaded All Assemblies, in  0.431 seconds
Native extension for WindowsStandalone target not found
Native extension for WebGL target not found
Mono: successfully reloaded assembly
- Finished resetting the current domain, in  0.850 seconds
Domain Reload Profiling: 1281ms
	BeginReloadAssembly (150ms)
		ExecutionOrderSort (0ms)
		DisableScriptedObjects (16ms)
		BackupInstance (0ms)
		ReleaseScriptingObjects (0ms)
		CreateAndSetChildDomain (32ms)
	RebuildCommonClasses (33ms)
	RebuildNativeTypeToScriptingClass (12ms)
	initialDomainReloadingComplete (32ms)
	LoadAllAssembliesAndSetupDomain (204ms)
		LoadAssemblies (263ms)
		RebuildTransferFunctionScriptingTraits (0ms)
		AnalyzeDomain (13ms)
			TypeCache.Refresh (5ms)
				TypeCache.ScanAssembly (0ms)
			ScanForSourceGeneratedMonoScriptInfo (0ms)
			ResolveRequiredComponents (6ms)
	FinalizeReload (851ms)
		ReleaseScriptCaches (0ms)
		RebuildScriptCaches (0ms)
		SetupLoadedEditorAssemblies (416ms)
			LogAssemblyErrors (0ms)
			InitializePlatformSupportModulesInManaged (6ms)
			SetLoadedEditorAssemblies (4ms)
			RefreshPlugins (0ms)
			BeforeProcessingInitializeOnLoad (66ms)
			ProcessInitializeOnLoadAttributes (303ms)
			ProcessInitializeOnLoadMethodAttributes (34ms)
			AfterProcessingInitializeOnLoad (3ms)
			EditorAssembliesLoaded (0ms)
		ExecutionOrderSort2 (0ms)
		AwakeInstancesAfterBackupRestoration (13ms)
Refreshing native plugins compatible for Editor in 2.69 ms, found 4 plugins.
Preloading 0 native plugins for Editor in 0.00 ms.
Unloading 4067 Unused Serialized files (Serialized files now loaded: 0)
Unloading 27 unused Assets / (213.5 KB). Loaded Objects now: 4771.
Memory consumption went from 145.4 MB to 145.2 MB.
Total: 3.433800 ms (FindLiveObjects: 0.391500 ms CreateObjectMapping: 0.121800 ms MarkObjects: 2.709800 ms  DeleteObjects: 0.209100 ms)

Prepare: number of updated asset objects reloaded= 0
AssetImportParameters requested are different than current active one (requested -> active):
  custom:scripting/monoscript/fileName/DOTweenModuleUtils.cs: 34ad347c902a97803d1c13fe65e97957 -> 
  custom:container-demuxer-ogg: 62fdf1f143b41e24485cea50d1cbac27 -> 
  custom:video-decoder-ogg-theora: a1e56fd34408186e4bbccfd4996cb3dc -> 
  custom:scripting/monoscript/fileName/DOTweenModuleUnityVersion.cs: 5fda8b30fb2f0276062c9b201e3b53c4 -> 
  custom:scripting/monoscript/fileName/DOTweenModuleUI.cs: 53c26b618f695b59a868eebdc97332ad -> 
  custom:framework-win-MediaFoundation: 216162199b28c13a410421893ffa2e32 -> 
  custom:scripting/precompiled-assembly-types:Assembly-CSharp-firstpass: c3b8ba213efe735b4b5ada0ee074dcb3 -> 
  custom:scripting/precompiled-assembly-types:DOTween: 41770a3e10244ae0a34e714162bbdba6 -> 
  custom:CustomObjectIndexerAttribute: 9a22284fe3817be447336de3de66b15e -> 
  custom:container-demuxer-webm: 4f35f7cbe854078d1ac9338744f61a02 -> 
  custom:scripting/monoscript/fileName/BulletTower.cs: 50552104c9d19a80e5b2d0f1a6d0dd85 -> 
  custom:scripting/monoscript/fileName/TimeManager.cs: ee896401883365d64d0753163ba65eb8 -> 
  custom:container-muxer-webm: aa71ff27fc2769a1b78a27578f13a17b -> 
  custom:video-decoder-webm-vp8: 9c59270c3fd7afecdb556c50c9e8de78 -> 
  custom:SearchIndexIgnoredProperties: e643bd26f0fe6173181afceb89e7c659 -> 
  custom:AudioImporter_EditorPlatform: d09bf68614088b80899f8185d706f6e7 -> 
  custom:scripting/monoscript/fileName/DOTweenModuleAudio.cs: 371877257ce39f5f0996ea556debbc8a -> 
  custom:scripting/monoscript/fileName/DOTweenModulePhysics2D.cs: 63b0e5981d81d026672954b54596f5ae -> 
  custom:scripting/precompiled-assembly-types:DOTweenEditor: 1efdf497b099e4e6944f0dd7fb28c744 -> 
  custom:scripting/monoscript/fileName/DOTweenModuleSprite.cs: e35fb5eb1c483cffc283a374a5e25466 -> 
  custom:video-encoder-webm-vp8: eb34c28f22e8b96e1ab97ce403110664 -> 
  custom:scripting/monoscript/fileName/DOTweenModulePhysics.cs: 87f8974001cd2397421cfdcad1904e83 -> 
  custom:audio-decoder-ogg-vorbis: bf7c407c2cedff20999df2af8eb42d56 -> 
  custom:scripting/monoscript/fileName/Bullet.cs: a4f5918e799041ba1f6608f13912eb8b -> 
  custom:audio-encoder-webm-vorbis: bf7c407c2cedff20999df2af8eb42d56 -> 
  custom:scripting/precompiled-assembly-types:Assembly-CSharp: d4c78cc19068d276b86a2a4dd98f83d9 -> 
========================================================================
Received Prepare
Caller must complete domain reload
Begin MonoManager ReloadAssembly
- Loaded All Assemblies, in  0.459 seconds
Native extension for WindowsStandalone target not found
Native extension for WebGL target not found
Mono: successfully reloaded assembly
- Finished resetting the current domain, in  0.840 seconds
Domain Reload Profiling: 1298ms
	BeginReloadAssembly (152ms)
		ExecutionOrderSort (0ms)
		DisableScriptedObjects (12ms)
		BackupInstance (0ms)
		ReleaseScriptingObjects (0ms)
		CreateAndSetChildDomain (31ms)
	RebuildCommonClasses (40ms)
	RebuildNativeTypeToScriptingClass (14ms)
	initialDomainReloadingComplete (28ms)
	LoadAllAssembliesAndSetupDomain (224ms)
		LoadAssemblies (290ms)
		RebuildTransferFunctionScriptingTraits (0ms)
		AnalyzeDomain (14ms)
			TypeCache.Refresh (6ms)
				TypeCache.ScanAssembly (0ms)
			ScanForSourceGeneratedMonoScriptInfo (0ms)
			ResolveRequiredComponents (7ms)
	FinalizeReload (840ms)
		ReleaseScriptCaches (0ms)
		RebuildScriptCaches (0ms)
		SetupLoadedEditorAssemblies (414ms)
			LogAssemblyErrors (0ms)
			InitializePlatformSupportModulesInManaged (6ms)
			SetLoadedEditorAssemblies (4ms)
			RefreshPlugins (0ms)
			BeforeProcessingInitializeOnLoad (69ms)
			ProcessInitializeOnLoadAttributes (301ms)
			ProcessInitializeOnLoadMethodAttributes (31ms)
			AfterProcessingInitializeOnLoad (3ms)
			EditorAssembliesLoaded (0ms)
		ExecutionOrderSort2 (0ms)
		AwakeInstancesAfterBackupRestoration (12ms)
Refreshing native plugins compatible for Editor in 2.58 ms, found 4 plugins.
Preloading 0 native plugins for Editor in 0.00 ms.
Unloading 4067 Unused Serialized files (Serialized files now loaded: 0)
Unloading 27 unused Assets / (213.5 KB). Loaded Objects now: 4775.
Memory consumption went from 145.4 MB to 145.2 MB.
Total: 3.689600 ms (FindLiveObjects: 0.509700 ms CreateObjectMapping: 0.281800 ms MarkObjects: 2.708300 ms  DeleteObjects: 0.188400 ms)

Prepare: number of updated asset objects reloaded= 0
AssetImportParameters requested are different than current active one (requested -> active):
  custom:scripting/monoscript/fileName/DOTweenModuleUtils.cs: 34ad347c902a97803d1c13fe65e97957 -> 
  custom:container-demuxer-ogg: 62fdf1f143b41e24485cea50d1cbac27 -> 
  custom:video-decoder-ogg-theora: a1e56fd34408186e4bbccfd4996cb3dc -> 
  custom:scripting/monoscript/fileName/DOTweenModuleUnityVersion.cs: 5fda8b30fb2f0276062c9b201e3b53c4 -> 
  custom:scripting/monoscript/fileName/DOTweenModuleUI.cs: 53c26b618f695b59a868eebdc97332ad -> 
  custom:framework-win-MediaFoundation: 216162199b28c13a410421893ffa2e32 -> 
  custom:scripting/precompiled-assembly-types:Assembly-CSharp-firstpass: c3b8ba213efe735b4b5ada0ee074dcb3 -> 
  custom:scripting/precompiled-assembly-types:DOTween: 41770a3e10244ae0a34e714162bbdba6 -> 
  custom:CustomObjectIndexerAttribute: 9a22284fe3817be447336de3de66b15e -> 
  custom:container-demuxer-webm: 4f35f7cbe854078d1ac9338744f61a02 -> 
  custom:scripting/monoscript/fileName/BulletTower.cs: 50552104c9d19a80e5b2d0f1a6d0dd85 -> 
  custom:scripting/monoscript/fileName/TimeManager.cs: ee896401883365d64d0753163ba65eb8 -> 
  custom:container-muxer-webm: aa71ff27fc2769a1b78a27578f13a17b -> 
  custom:video-decoder-webm-vp8: 9c59270c3fd7afecdb556c50c9e8de78 -> 
  custom:SearchIndexIgnoredProperties: e643bd26f0fe6173181afceb89e7c659 -> 
  custom:AudioImporter_EditorPlatform: d09bf68614088b80899f8185d706f6e7 -> 
  custom:scripting/monoscript/fileName/DOTweenModuleAudio.cs: 371877257ce39f5f0996ea556debbc8a -> 
  custom:scripting/monoscript/fileName/DOTweenModulePhysics2D.cs: 63b0e5981d81d026672954b54596f5ae -> 
  custom:scripting/precompiled-assembly-types:DOTweenEditor: 1efdf497b099e4e6944f0dd7fb28c744 -> 
  custom:scripting/monoscript/fileName/DOTweenModuleSprite.cs: e35fb5eb1c483cffc283a374a5e25466 -> 
  custom:video-encoder-webm-vp8: eb34c28f22e8b96e1ab97ce403110664 -> 
  custom:scripting/monoscript/fileName/DOTweenModulePhysics.cs: 87f8974001cd2397421cfdcad1904e83 -> 
  custom:audio-decoder-ogg-vorbis: bf7c407c2cedff20999df2af8eb42d56 -> 
  custom:scripting/monoscript/fileName/Bullet.cs: a4f5918e799041ba1f6608f13912eb8b -> 
  custom:audio-encoder-webm-vorbis: bf7c407c2cedff20999df2af8eb42d56 -> 
  custom:scripting/precompiled-assembly-types:Assembly-CSharp: d4c78cc19068d276b86a2a4dd98f83d9 -> 
========================================================================
Received Import Request.
  Time since last request: 177.443952 seconds.
  path: Assets/MyResources/Prefabs/子弹.prefab
  artifactKey: Guid(ceb04ccf67539e24a9ee9e779b53b740) Importer(815301076,1909f56bfc062723c751e8b465ee728b)
Start importing Assets/MyResources/Prefabs/子弹.prefab using Guid(ceb04ccf67539e24a9ee9e779b53b740) Importer(815301076,1909f56bfc062723c751e8b465ee728b) [PhysX] Initialized MultithreadedTaskDispatcher with 12 workers.
 -> (artifact id: 'ebd435ef002c53de93dfdaa3426b8a18') in 0.001906 seconds
Number of updated asset objects reloaded before import = 0
Number of asset objects unloaded after import = 0
========================================================================
Received Import Request.
  Time since last request: 3.647882 seconds.
  path: Assets/MyResources/Prefabs/子弹.prefab
  artifactKey: Guid(ceb04ccf67539e24a9ee9e779b53b740) Importer(815301076,1909f56bfc062723c751e8b465ee728b)
Start importing Assets/MyResources/Prefabs/子弹.prefab using Guid(ceb04ccf67539e24a9ee9e779b53b740) Importer(815301076,1909f56bfc062723c751e8b465ee728b) [PhysX] Initialized MultithreadedTaskDispatcher with 12 workers.
 -> (artifact id: 'aa27d875885b813fa8d056170db31c2c') in 0.000518 seconds
Number of updated asset objects reloaded before import = 0
Number of asset objects unloaded after import = 0
========================================================================
Received Import Request.
  Time since last request: 32.815880 seconds.
  path: Assets/MyResources/Materials/墙体.physicsMaterial2D
  artifactKey: Guid(c70154d9e05869a42bbe14bb68deaadc) Importer(815301076,1909f56bfc062723c751e8b465ee728b)
Start importing Assets/MyResources/Materials/墙体.physicsMaterial2D using Guid(c70154d9e05869a42bbe14bb68deaadc) Importer(815301076,1909f56bfc062723c751e8b465ee728b) [PhysX] Initialized MultithreadedTaskDispatcher with 12 workers.
 -> (artifact id: 'e3804c5bd8fda65fb9d555a82783c447') in 0.011226 seconds
Number of updated asset objects reloaded before import = 0
Number of asset objects unloaded after import = 1
========================================================================
Received Import Request.
  Time since last request: 12.509532 seconds.
  path: Assets/MyResources/Prefabs/子弹.prefab
  artifactKey: Guid(ceb04ccf67539e24a9ee9e779b53b740) Importer(815301076,1909f56bfc062723c751e8b465ee728b)
Start importing Assets/MyResources/Prefabs/子弹.prefab using Guid(ceb04ccf67539e24a9ee9e779b53b740) Importer(815301076,1909f56bfc062723c751e8b465ee728b) [PhysX] Initialized MultithreadedTaskDispatcher with 12 workers.
 -> (artifact id: 'aa27d875885b813fa8d056170db31c2c') in 0.000764 seconds
Number of updated asset objects reloaded before import = 0
Number of asset objects unloaded after import = 0
========================================================================
Received Import Request.
  Time since last request: 8.513407 seconds.
  path: Assets/MyResources/Prefabs/子弹.prefab
  artifactKey: Guid(ceb04ccf67539e24a9ee9e779b53b740) Importer(815301076,1909f56bfc062723c751e8b465ee728b)
Start importing Assets/MyResources/Prefabs/子弹.prefab using Guid(ceb04ccf67539e24a9ee9e779b53b740) Importer(815301076,1909f56bfc062723c751e8b465ee728b) [PhysX] Initialized MultithreadedTaskDispatcher with 12 workers.
 -> (artifact id: 'aa27d875885b813fa8d056170db31c2c') in 0.000742 seconds
Number of updated asset objects reloaded before import = 0
Number of asset objects unloaded after import = 0
========================================================================
Received Prepare
Caller must complete domain reload
Begin MonoManager ReloadAssembly
- Loaded All Assemblies, in  0.430 seconds
Native extension for WindowsStandalone target not found
Native extension for WebGL target not found
Mono: successfully reloaded assembly
- Finished resetting the current domain, in  0.851 seconds
Domain Reload Profiling: 1281ms
	BeginReloadAssembly (146ms)
		ExecutionOrderSort (0ms)
		DisableScriptedObjects (12ms)
		BackupInstance (0ms)
		ReleaseScriptingObjects (0ms)
		CreateAndSetChildDomain (35ms)
	RebuildCommonClasses (33ms)
	RebuildNativeTypeToScriptingClass (12ms)
	initialDomainReloadingComplete (26ms)
	LoadAllAssembliesAndSetupDomain (212ms)
		LoadAssemblies (268ms)
		RebuildTransferFunctionScriptingTraits (0ms)
		AnalyzeDomain (14ms)
			TypeCache.Refresh (5ms)
				TypeCache.ScanAssembly (0ms)
			ScanForSourceGeneratedMonoScriptInfo (0ms)
			ResolveRequiredComponents (7ms)
	FinalizeReload (852ms)
		ReleaseScriptCaches (0ms)
		RebuildScriptCaches (0ms)
		SetupLoadedEditorAssemblies (406ms)
			LogAssemblyErrors (0ms)
			InitializePlatformSupportModulesInManaged (6ms)
			SetLoadedEditorAssemblies (4ms)
			RefreshPlugins (0ms)
			BeforeProcessingInitializeOnLoad (68ms)
			ProcessInitializeOnLoadAttributes (288ms)
			ProcessInitializeOnLoadMethodAttributes (36ms)
			AfterProcessingInitializeOnLoad (3ms)
			EditorAssembliesLoaded (0ms)
		ExecutionOrderSort2 (0ms)
		AwakeInstancesAfterBackupRestoration (15ms)
Refreshing native plugins compatible for Editor in 2.64 ms, found 4 plugins.
Preloading 0 native plugins for Editor in 0.00 ms.
Unloading 4066 Unused Serialized files (Serialized files now loaded: 0)
Unloading 27 unused Assets / (213.4 KB). Loaded Objects now: 4779.
Memory consumption went from 145.2 MB to 145.0 MB.
Total: 3.855300 ms (FindLiveObjects: 0.443300 ms CreateObjectMapping: 0.144800 ms MarkObjects: 2.963300 ms  DeleteObjects: 0.302700 ms)

Prepare: number of updated asset objects reloaded= 0
AssetImportParameters requested are different than current active one (requested -> active):
  custom:scripting/monoscript/fileName/DOTweenModuleUtils.cs: 34ad347c902a97803d1c13fe65e97957 -> 
  custom:container-demuxer-ogg: 62fdf1f143b41e24485cea50d1cbac27 -> 
  custom:video-decoder-ogg-theora: a1e56fd34408186e4bbccfd4996cb3dc -> 
  custom:scripting/monoscript/fileName/DOTweenModuleUnityVersion.cs: 5fda8b30fb2f0276062c9b201e3b53c4 -> 
  custom:scripting/monoscript/fileName/DOTweenModuleUI.cs: 53c26b618f695b59a868eebdc97332ad -> 
  custom:framework-win-MediaFoundation: 216162199b28c13a410421893ffa2e32 -> 
  custom:scripting/precompiled-assembly-types:Assembly-CSharp-firstpass: c3b8ba213efe735b4b5ada0ee074dcb3 -> 
  custom:scripting/precompiled-assembly-types:DOTween: 41770a3e10244ae0a34e714162bbdba6 -> 
  custom:CustomObjectIndexerAttribute: 9a22284fe3817be447336de3de66b15e -> 
  custom:container-demuxer-webm: 4f35f7cbe854078d1ac9338744f61a02 -> 
  custom:scripting/monoscript/fileName/BulletTower.cs: 50552104c9d19a80e5b2d0f1a6d0dd85 -> 
  custom:scripting/monoscript/fileName/TimeManager.cs: ee896401883365d64d0753163ba65eb8 -> 
  custom:container-muxer-webm: aa71ff27fc2769a1b78a27578f13a17b -> 
  custom:video-decoder-webm-vp8: 9c59270c3fd7afecdb556c50c9e8de78 -> 
  custom:SearchIndexIgnoredProperties: e643bd26f0fe6173181afceb89e7c659 -> 
  custom:AudioImporter_EditorPlatform: d09bf68614088b80899f8185d706f6e7 -> 
  custom:scripting/monoscript/fileName/DOTweenModuleAudio.cs: 371877257ce39f5f0996ea556debbc8a -> 
  custom:scripting/monoscript/fileName/DOTweenModulePhysics2D.cs: 63b0e5981d81d026672954b54596f5ae -> 
  custom:scripting/precompiled-assembly-types:DOTweenEditor: 1efdf497b099e4e6944f0dd7fb28c744 -> 
  custom:scripting/monoscript/fileName/DOTweenModuleSprite.cs: e35fb5eb1c483cffc283a374a5e25466 -> 
  custom:video-encoder-webm-vp8: eb34c28f22e8b96e1ab97ce403110664 -> 
  custom:scripting/monoscript/fileName/DOTweenModulePhysics.cs: 87f8974001cd2397421cfdcad1904e83 -> 
  custom:audio-decoder-ogg-vorbis: bf7c407c2cedff20999df2af8eb42d56 -> 
  custom:scripting/monoscript/fileName/Bullet.cs: a4f5918e799041ba1f6608f13912eb8b -> 
  custom:audio-encoder-webm-vorbis: bf7c407c2cedff20999df2af8eb42d56 -> 
  custom:scripting/precompiled-assembly-types:Assembly-CSharp: d4c78cc19068d276b86a2a4dd98f83d9 -> 
========================================================================
Received Import Request.
  Time since last request: 62.347156 seconds.
  path: Assets/MyResources/Prefabs/子弹.prefab
  artifactKey: Guid(ceb04ccf67539e24a9ee9e779b53b740) Importer(815301076,1909f56bfc062723c751e8b465ee728b)
Start importing Assets/MyResources/Prefabs/子弹.prefab using Guid(ceb04ccf67539e24a9ee9e779b53b740) Importer(815301076,1909f56bfc062723c751e8b465ee728b) [PhysX] Initialized MultithreadedTaskDispatcher with 12 workers.
 -> (artifact id: '64d0877859976b9b77d669dec37b2f25') in 0.002273 seconds
Number of updated asset objects reloaded before import = 0
Number of asset objects unloaded after import = 0
========================================================================
Received Import Request.
  Time since last request: 20.089096 seconds.
  path: Assets/MyResources/Prefabs/子弹.prefab
  artifactKey: Guid(ceb04ccf67539e24a9ee9e779b53b740) Importer(815301076,1909f56bfc062723c751e8b465ee728b)
Start importing Assets/MyResources/Prefabs/子弹.prefab using Guid(ceb04ccf67539e24a9ee9e779b53b740) Importer(815301076,1909f56bfc062723c751e8b465ee728b) [PhysX] Initialized MultithreadedTaskDispatcher with 12 workers.
 -> (artifact id: 'a838bfe6966c60377930dd9a8042c872') in 0.000553 seconds
Number of updated asset objects reloaded before import = 0
Number of asset objects unloaded after import = 0
========================================================================
Received Import Request.
  Time since last request: 0.087331 seconds.
  path: Assets/MyResources/Prefabs/子弹.prefab
  artifactKey: Guid(ceb04ccf67539e24a9ee9e779b53b740) Importer(815301076,1909f56bfc062723c751e8b465ee728b)
Start importing Assets/MyResources/Prefabs/子弹.prefab using Guid(ceb04ccf67539e24a9ee9e779b53b740) Importer(815301076,1909f56bfc062723c751e8b465ee728b) [PhysX] Initialized MultithreadedTaskDispatcher with 12 workers.
 -> (artifact id: '3e244cba325bac5468abdf5a5f48127d') in 0.000736 seconds
Number of updated asset objects reloaded before import = 0
Number of asset objects unloaded after import = 0
========================================================================
Received Prepare
Caller must complete domain reload
Begin MonoManager ReloadAssembly
- Loaded All Assemblies, in  0.423 seconds
Native extension for WindowsStandalone target not found
Native extension for WebGL target not found
Mono: successfully reloaded assembly
- Finished resetting the current domain, in  0.865 seconds
Domain Reload Profiling: 1287ms
	BeginReloadAssembly (145ms)
		ExecutionOrderSort (0ms)
		DisableScriptedObjects (12ms)
		BackupInstance (0ms)
		ReleaseScriptingObjects (0ms)
		CreateAndSetChildDomain (33ms)
	RebuildCommonClasses (35ms)
	RebuildNativeTypeToScriptingClass (12ms)
	initialDomainReloadingComplete (25ms)
	LoadAllAssembliesAndSetupDomain (205ms)
		LoadAssemblies (265ms)
		RebuildTransferFunctionScriptingTraits (0ms)
		AnalyzeDomain (13ms)
			TypeCache.Refresh (6ms)
				TypeCache.ScanAssembly (0ms)
			ScanForSourceGeneratedMonoScriptInfo (0ms)
			ResolveRequiredComponents (6ms)
	FinalizeReload (865ms)
		ReleaseScriptCaches (0ms)
		RebuildScriptCaches (0ms)
		SetupLoadedEditorAssemblies (416ms)
			LogAssemblyErrors (0ms)
			InitializePlatformSupportModulesInManaged (6ms)
			SetLoadedEditorAssemblies (5ms)
			RefreshPlugins (0ms)
			BeforeProcessingInitializeOnLoad (73ms)
			ProcessInitializeOnLoadAttributes (295ms)
			ProcessInitializeOnLoadMethodAttributes (33ms)
			AfterProcessingInitializeOnLoad (3ms)
			EditorAssembliesLoaded (0ms)
		ExecutionOrderSort2 (0ms)
		AwakeInstancesAfterBackupRestoration (14ms)
Refreshing native plugins compatible for Editor in 3.18 ms, found 4 plugins.
Preloading 0 native plugins for Editor in 0.00 ms.
Unloading 4066 Unused Serialized files (Serialized files now loaded: 0)
Unloading 27 unused Assets / (213.5 KB). Loaded Objects now: 4783.
Memory consumption went from 145.2 MB to 145.0 MB.
Total: 3.419100 ms (FindLiveObjects: 0.364300 ms CreateObjectMapping: 0.113600 ms MarkObjects: 2.736800 ms  DeleteObjects: 0.203300 ms)

Prepare: number of updated asset objects reloaded= 0
AssetImportParameters requested are different than current active one (requested -> active):
  custom:scripting/monoscript/fileName/DOTweenModuleUtils.cs: 34ad347c902a97803d1c13fe65e97957 -> 
  custom:container-demuxer-ogg: 62fdf1f143b41e24485cea50d1cbac27 -> 
  custom:video-decoder-ogg-theora: a1e56fd34408186e4bbccfd4996cb3dc -> 
  custom:scripting/monoscript/fileName/DOTweenModuleUnityVersion.cs: 5fda8b30fb2f0276062c9b201e3b53c4 -> 
  custom:scripting/monoscript/fileName/DOTweenModuleUI.cs: 53c26b618f695b59a868eebdc97332ad -> 
  custom:framework-win-MediaFoundation: 216162199b28c13a410421893ffa2e32 -> 
  custom:scripting/precompiled-assembly-types:Assembly-CSharp-firstpass: c3b8ba213efe735b4b5ada0ee074dcb3 -> 
  custom:scripting/precompiled-assembly-types:DOTween: 41770a3e10244ae0a34e714162bbdba6 -> 
  custom:CustomObjectIndexerAttribute: 9a22284fe3817be447336de3de66b15e -> 
  custom:container-demuxer-webm: 4f35f7cbe854078d1ac9338744f61a02 -> 
  custom:scripting/monoscript/fileName/BulletTower.cs: 50552104c9d19a80e5b2d0f1a6d0dd85 -> 
  custom:scripting/monoscript/fileName/TimeManager.cs: ee896401883365d64d0753163ba65eb8 -> 
  custom:container-muxer-webm: aa71ff27fc2769a1b78a27578f13a17b -> 
  custom:video-decoder-webm-vp8: 9c59270c3fd7afecdb556c50c9e8de78 -> 
  custom:SearchIndexIgnoredProperties: e643bd26f0fe6173181afceb89e7c659 -> 
  custom:AudioImporter_EditorPlatform: d09bf68614088b80899f8185d706f6e7 -> 
  custom:scripting/monoscript/fileName/DOTweenModuleAudio.cs: 371877257ce39f5f0996ea556debbc8a -> 
  custom:scripting/monoscript/fileName/DOTweenModulePhysics2D.cs: 63b0e5981d81d026672954b54596f5ae -> 
  custom:scripting/precompiled-assembly-types:DOTweenEditor: 1efdf497b099e4e6944f0dd7fb28c744 -> 
  custom:scripting/monoscript/fileName/DOTweenModuleSprite.cs: e35fb5eb1c483cffc283a374a5e25466 -> 
  custom:video-encoder-webm-vp8: eb34c28f22e8b96e1ab97ce403110664 -> 
  custom:scripting/monoscript/fileName/DOTweenModulePhysics.cs: 87f8974001cd2397421cfdcad1904e83 -> 
  custom:audio-decoder-ogg-vorbis: bf7c407c2cedff20999df2af8eb42d56 -> 
  custom:scripting/monoscript/fileName/Bullet.cs: a4f5918e799041ba1f6608f13912eb8b -> 
  custom:audio-encoder-webm-vorbis: bf7c407c2cedff20999df2af8eb42d56 -> 
  custom:scripting/precompiled-assembly-types:Assembly-CSharp: d4c78cc19068d276b86a2a4dd98f83d9 -> 
========================================================================
Received Import Request.
  Time since last request: 5.736176 seconds.
  path: Assets/MyResources/Prefabs/子弹.prefab
  artifactKey: Guid(ceb04ccf67539e24a9ee9e779b53b740) Importer(815301076,1909f56bfc062723c751e8b465ee728b)
Start importing Assets/MyResources/Prefabs/子弹.prefab using Guid(ceb04ccf67539e24a9ee9e779b53b740) Importer(815301076,1909f56bfc062723c751e8b465ee728b) [PhysX] Initialized MultithreadedTaskDispatcher with 12 workers.
 -> (artifact id: '3e244cba325bac5468abdf5a5f48127d') in 0.002251 seconds
Number of updated asset objects reloaded before import = 0
Number of asset objects unloaded after import = 0
========================================================================
Received Prepare
Caller must complete domain reload
Begin MonoManager ReloadAssembly
- Loaded All Assemblies, in  0.446 seconds
Native extension for WindowsStandalone target not found
Native extension for WebGL target not found
Mono: successfully reloaded assembly
- Finished resetting the current domain, in  0.836 seconds
Domain Reload Profiling: 1282ms
	BeginReloadAssembly (147ms)
		ExecutionOrderSort (0ms)
		DisableScriptedObjects (12ms)
		BackupInstance (0ms)
		ReleaseScriptingObjects (0ms)
		CreateAndSetChildDomain (33ms)
	RebuildCommonClasses (33ms)
	RebuildNativeTypeToScriptingClass (12ms)
	initialDomainReloadingComplete (25ms)
	LoadAllAssembliesAndSetupDomain (230ms)
		LoadAssemblies (273ms)
		RebuildTransferFunctionScriptingTraits (0ms)
		AnalyzeDomain (30ms)
			TypeCache.Refresh (10ms)
				TypeCache.ScanAssembly (0ms)
			ScanForSourceGeneratedMonoScriptInfo (12ms)
			ResolveRequiredComponents (7ms)
	FinalizeReload (836ms)
		ReleaseScriptCaches (0ms)
		RebuildScriptCaches (0ms)
		SetupLoadedEditorAssemblies (398ms)
			LogAssemblyErrors (0ms)
			InitializePlatformSupportModulesInManaged (7ms)
			SetLoadedEditorAssemblies (5ms)
			RefreshPlugins (0ms)
			BeforeProcessingInitializeOnLoad (71ms)
			ProcessInitializeOnLoadAttributes (281ms)
			ProcessInitializeOnLoadMethodAttributes (30ms)
			AfterProcessingInitializeOnLoad (3ms)
			EditorAssembliesLoaded (0ms)
		ExecutionOrderSort2 (0ms)
		AwakeInstancesAfterBackupRestoration (12ms)
Refreshing native plugins compatible for Editor in 2.45 ms, found 4 plugins.
Preloading 0 native plugins for Editor in 0.00 ms.
Unloading 4066 Unused Serialized files (Serialized files now loaded: 0)
Unloading 27 unused Assets / (213.5 KB). Loaded Objects now: 4787.
Memory consumption went from 145.2 MB to 145.0 MB.
Total: 3.491600 ms (FindLiveObjects: 0.479700 ms CreateObjectMapping: 0.199100 ms MarkObjects: 2.620800 ms  DeleteObjects: 0.190500 ms)

Prepare: number of updated asset objects reloaded= 0
AssetImportParameters requested are different than current active one (requested -> active):
  custom:scripting/monoscript/fileName/DOTweenModuleUtils.cs: 34ad347c902a97803d1c13fe65e97957 -> 
  custom:container-demuxer-ogg: 62fdf1f143b41e24485cea50d1cbac27 -> 
  custom:video-decoder-ogg-theora: a1e56fd34408186e4bbccfd4996cb3dc -> 
  custom:scripting/monoscript/fileName/DOTweenModuleUnityVersion.cs: 5fda8b30fb2f0276062c9b201e3b53c4 -> 
  custom:scripting/monoscript/fileName/DOTweenModuleUI.cs: 53c26b618f695b59a868eebdc97332ad -> 
  custom:framework-win-MediaFoundation: 216162199b28c13a410421893ffa2e32 -> 
  custom:scripting/precompiled-assembly-types:Assembly-CSharp-firstpass: c3b8ba213efe735b4b5ada0ee074dcb3 -> 
  custom:scripting/precompiled-assembly-types:DOTween: 41770a3e10244ae0a34e714162bbdba6 -> 
  custom:CustomObjectIndexerAttribute: 9a22284fe3817be447336de3de66b15e -> 
  custom:container-demuxer-webm: 4f35f7cbe854078d1ac9338744f61a02 -> 
  custom:scripting/monoscript/fileName/BulletTower.cs: 50552104c9d19a80e5b2d0f1a6d0dd85 -> 
  custom:scripting/monoscript/fileName/TimeManager.cs: ee896401883365d64d0753163ba65eb8 -> 
  custom:container-muxer-webm: aa71ff27fc2769a1b78a27578f13a17b -> 
  custom:video-decoder-webm-vp8: 9c59270c3fd7afecdb556c50c9e8de78 -> 
  custom:SearchIndexIgnoredProperties: e643bd26f0fe6173181afceb89e7c659 -> 
  custom:AudioImporter_EditorPlatform: d09bf68614088b80899f8185d706f6e7 -> 
  custom:scripting/monoscript/fileName/DOTweenModuleAudio.cs: 371877257ce39f5f0996ea556debbc8a -> 
  custom:scripting/monoscript/fileName/DOTweenModulePhysics2D.cs: 63b0e5981d81d026672954b54596f5ae -> 
  custom:scripting/precompiled-assembly-types:DOTweenEditor: 1efdf497b099e4e6944f0dd7fb28c744 -> 
  custom:scripting/monoscript/fileName/DOTweenModuleSprite.cs: e35fb5eb1c483cffc283a374a5e25466 -> 
  custom:video-encoder-webm-vp8: eb34c28f22e8b96e1ab97ce403110664 -> 
  custom:scripting/monoscript/fileName/DOTweenModulePhysics.cs: 87f8974001cd2397421cfdcad1904e83 -> 
  custom:audio-decoder-ogg-vorbis: bf7c407c2cedff20999df2af8eb42d56 -> 
  custom:scripting/monoscript/fileName/Bullet.cs: a4f5918e799041ba1f6608f13912eb8b -> 
  custom:audio-encoder-webm-vorbis: bf7c407c2cedff20999df2af8eb42d56 -> 
  custom:scripting/precompiled-assembly-types:Assembly-CSharp: d4c78cc19068d276b86a2a4dd98f83d9 -> 
========================================================================
Received Prepare
Caller must complete domain reload
Begin MonoManager ReloadAssembly
- Loaded All Assemblies, in  0.430 seconds
Native extension for WindowsStandalone target not found
Native extension for WebGL target not found
Mono: successfully reloaded assembly
- Finished resetting the current domain, in  0.840 seconds
Domain Reload Profiling: 1270ms
	BeginReloadAssembly (145ms)
		ExecutionOrderSort (0ms)
		DisableScriptedObjects (12ms)
		BackupInstance (0ms)
		ReleaseScriptingObjects (0ms)
		CreateAndSetChildDomain (33ms)
	RebuildCommonClasses (37ms)
	RebuildNativeTypeToScriptingClass (12ms)
	initialDomainReloadingComplete (25ms)
	LoadAllAssembliesAndSetupDomain (210ms)
		LoadAssemblies (268ms)
		RebuildTransferFunctionScriptingTraits (0ms)
		AnalyzeDomain (13ms)
			TypeCache.Refresh (5ms)
				TypeCache.ScanAssembly (0ms)
			ScanForSourceGeneratedMonoScriptInfo (0ms)
			ResolveRequiredComponents (7ms)
	FinalizeReload (841ms)
		ReleaseScriptCaches (0ms)
		RebuildScriptCaches (0ms)
		SetupLoadedEditorAssemblies (402ms)
			LogAssemblyErrors (0ms)
			InitializePlatformSupportModulesInManaged (7ms)
			SetLoadedEditorAssemblies (5ms)
			RefreshPlugins (0ms)
			BeforeProcessingInitializeOnLoad (68ms)
			ProcessInitializeOnLoadAttributes (286ms)
			ProcessInitializeOnLoadMethodAttributes (32ms)
			AfterProcessingInitializeOnLoad (3ms)
			EditorAssembliesLoaded (0ms)
		ExecutionOrderSort2 (0ms)
		AwakeInstancesAfterBackupRestoration (14ms)
Refreshing native plugins compatible for Editor in 3.62 ms, found 4 plugins.
Preloading 0 native plugins for Editor in 0.00 ms.
Unloading 4067 Unused Serialized files (Serialized files now loaded: 0)
Unloading 27 unused Assets / (213.6 KB). Loaded Objects now: 4791.
Memory consumption went from 145.5 MB to 145.2 MB.
Total: 3.419600 ms (FindLiveObjects: 0.373700 ms CreateObjectMapping: 0.125600 ms MarkObjects: 2.694300 ms  DeleteObjects: 0.224600 ms)

Prepare: number of updated asset objects reloaded= 0
AssetImportParameters requested are different than current active one (requested -> active):
  custom:scripting/monoscript/fileName/DOTweenModuleUtils.cs: 34ad347c902a97803d1c13fe65e97957 -> 
  custom:container-demuxer-ogg: 62fdf1f143b41e24485cea50d1cbac27 -> 
  custom:video-decoder-ogg-theora: a1e56fd34408186e4bbccfd4996cb3dc -> 
  custom:scripting/monoscript/fileName/DOTweenModuleUnityVersion.cs: 5fda8b30fb2f0276062c9b201e3b53c4 -> 
  custom:scripting/monoscript/fileName/DOTweenModuleUI.cs: 53c26b618f695b59a868eebdc97332ad -> 
  custom:framework-win-MediaFoundation: 216162199b28c13a410421893ffa2e32 -> 
  custom:scripting/precompiled-assembly-types:Assembly-CSharp-firstpass: c3b8ba213efe735b4b5ada0ee074dcb3 -> 
  custom:scripting/precompiled-assembly-types:DOTween: 41770a3e10244ae0a34e714162bbdba6 -> 
  custom:CustomObjectIndexerAttribute: 9a22284fe3817be447336de3de66b15e -> 
  custom:container-demuxer-webm: 4f35f7cbe854078d1ac9338744f61a02 -> 
  custom:scripting/monoscript/fileName/BulletTower.cs: 50552104c9d19a80e5b2d0f1a6d0dd85 -> 
  custom:scripting/monoscript/fileName/TimeManager.cs: ee896401883365d64d0753163ba65eb8 -> 
  custom:container-muxer-webm: aa71ff27fc2769a1b78a27578f13a17b -> 
  custom:video-decoder-webm-vp8: 9c59270c3fd7afecdb556c50c9e8de78 -> 
  custom:SearchIndexIgnoredProperties: e643bd26f0fe6173181afceb89e7c659 -> 
  custom:AudioImporter_EditorPlatform: d09bf68614088b80899f8185d706f6e7 -> 
  custom:scripting/monoscript/fileName/DOTweenModuleAudio.cs: 371877257ce39f5f0996ea556debbc8a -> 
  custom:scripting/monoscript/fileName/DOTweenModulePhysics2D.cs: 63b0e5981d81d026672954b54596f5ae -> 
  custom:scripting/precompiled-assembly-types:DOTweenEditor: 1efdf497b099e4e6944f0dd7fb28c744 -> 
  custom:scripting/monoscript/fileName/DOTweenModuleSprite.cs: e35fb5eb1c483cffc283a374a5e25466 -> 
  custom:video-encoder-webm-vp8: eb34c28f22e8b96e1ab97ce403110664 -> 
  custom:scripting/monoscript/fileName/DOTweenModulePhysics.cs: 87f8974001cd2397421cfdcad1904e83 -> 
  custom:audio-decoder-ogg-vorbis: bf7c407c2cedff20999df2af8eb42d56 -> 
  custom:scripting/monoscript/fileName/Bullet.cs: a4f5918e799041ba1f6608f13912eb8b -> 
  custom:audio-encoder-webm-vorbis: bf7c407c2cedff20999df2af8eb42d56 -> 
  custom:scripting/precompiled-assembly-types:Assembly-CSharp: d4c78cc19068d276b86a2a4dd98f83d9 -> 
========================================================================
Received Prepare
Caller must complete domain reload
Begin MonoManager ReloadAssembly
- Loaded All Assemblies, in  0.433 seconds
Native extension for WindowsStandalone target not found
Native extension for WebGL target not found
Mono: successfully reloaded assembly
- Finished resetting the current domain, in  0.840 seconds
Domain Reload Profiling: 1273ms
	BeginReloadAssembly (150ms)
		ExecutionOrderSort (0ms)
		DisableScriptedObjects (12ms)
		BackupInstance (0ms)
		ReleaseScriptingObjects (0ms)
		CreateAndSetChildDomain (32ms)
	RebuildCommonClasses (36ms)
	RebuildNativeTypeToScriptingClass (12ms)
	initialDomainReloadingComplete (25ms)
	LoadAllAssembliesAndSetupDomain (209ms)
		LoadAssemblies (272ms)
		RebuildTransferFunctionScriptingTraits (0ms)
		AnalyzeDomain (14ms)
			TypeCache.Refresh (6ms)
				TypeCache.ScanAssembly (0ms)
			ScanForSourceGeneratedMonoScriptInfo (0ms)
			ResolveRequiredComponents (6ms)
	FinalizeReload (841ms)
		ReleaseScriptCaches (0ms)
		RebuildScriptCaches (0ms)
		SetupLoadedEditorAssemblies (411ms)
			LogAssemblyErrors (0ms)
			InitializePlatformSupportModulesInManaged (6ms)
			SetLoadedEditorAssemblies (4ms)
			RefreshPlugins (0ms)
			BeforeProcessingInitializeOnLoad (69ms)
			ProcessInitializeOnLoadAttributes (298ms)
			ProcessInitializeOnLoadMethodAttributes (31ms)
			AfterProcessingInitializeOnLoad (3ms)
			EditorAssembliesLoaded (0ms)
		ExecutionOrderSort2 (0ms)
		AwakeInstancesAfterBackupRestoration (13ms)
Refreshing native plugins compatible for Editor in 2.79 ms, found 4 plugins.
Preloading 0 native plugins for Editor in 0.00 ms.
Unloading 4067 Unused Serialized files (Serialized files now loaded: 0)
Unloading 27 unused Assets / (213.7 KB). Loaded Objects now: 4795.
Memory consumption went from 145.5 MB to 145.3 MB.
Total: 3.680100 ms (FindLiveObjects: 0.364500 ms CreateObjectMapping: 0.130500 ms MarkObjects: 2.964500 ms  DeleteObjects: 0.219300 ms)

Prepare: number of updated asset objects reloaded= 0
AssetImportParameters requested are different than current active one (requested -> active):
  custom:scripting/monoscript/fileName/DOTweenModuleUtils.cs: 34ad347c902a97803d1c13fe65e97957 -> 
  custom:container-demuxer-ogg: 62fdf1f143b41e24485cea50d1cbac27 -> 
  custom:video-decoder-ogg-theora: a1e56fd34408186e4bbccfd4996cb3dc -> 
  custom:scripting/monoscript/fileName/DOTweenModuleUnityVersion.cs: 5fda8b30fb2f0276062c9b201e3b53c4 -> 
  custom:scripting/monoscript/fileName/DOTweenModuleUI.cs: 53c26b618f695b59a868eebdc97332ad -> 
  custom:framework-win-MediaFoundation: 216162199b28c13a410421893ffa2e32 -> 
  custom:scripting/precompiled-assembly-types:Assembly-CSharp-firstpass: c3b8ba213efe735b4b5ada0ee074dcb3 -> 
  custom:scripting/precompiled-assembly-types:DOTween: 41770a3e10244ae0a34e714162bbdba6 -> 
  custom:CustomObjectIndexerAttribute: 9a22284fe3817be447336de3de66b15e -> 
  custom:container-demuxer-webm: 4f35f7cbe854078d1ac9338744f61a02 -> 
  custom:scripting/monoscript/fileName/BulletTower.cs: 50552104c9d19a80e5b2d0f1a6d0dd85 -> 
  custom:scripting/monoscript/fileName/TimeManager.cs: ee896401883365d64d0753163ba65eb8 -> 
  custom:container-muxer-webm: aa71ff27fc2769a1b78a27578f13a17b -> 
  custom:video-decoder-webm-vp8: 9c59270c3fd7afecdb556c50c9e8de78 -> 
  custom:SearchIndexIgnoredProperties: e643bd26f0fe6173181afceb89e7c659 -> 
  custom:AudioImporter_EditorPlatform: d09bf68614088b80899f8185d706f6e7 -> 
  custom:scripting/monoscript/fileName/DOTweenModuleAudio.cs: 371877257ce39f5f0996ea556debbc8a -> 
  custom:scripting/monoscript/fileName/DOTweenModulePhysics2D.cs: 63b0e5981d81d026672954b54596f5ae -> 
  custom:scripting/precompiled-assembly-types:DOTweenEditor: 1efdf497b099e4e6944f0dd7fb28c744 -> 
  custom:scripting/monoscript/fileName/DOTweenModuleSprite.cs: e35fb5eb1c483cffc283a374a5e25466 -> 
  custom:video-encoder-webm-vp8: eb34c28f22e8b96e1ab97ce403110664 -> 
  custom:scripting/monoscript/fileName/DOTweenModulePhysics.cs: 87f8974001cd2397421cfdcad1904e83 -> 
  custom:audio-decoder-ogg-vorbis: bf7c407c2cedff20999df2af8eb42d56 -> 
  custom:scripting/monoscript/fileName/Bullet.cs: a4f5918e799041ba1f6608f13912eb8b -> 
  custom:audio-encoder-webm-vorbis: bf7c407c2cedff20999df2af8eb42d56 -> 
  custom:scripting/precompiled-assembly-types:Assembly-CSharp: d4c78cc19068d276b86a2a4dd98f83d9 -> 
========================================================================
Received Prepare
Caller must complete domain reload
Begin MonoManager ReloadAssembly
- Loaded All Assemblies, in  0.463 seconds
Native extension for WindowsStandalone target not found
Native extension for WebGL target not found
Mono: successfully reloaded assembly
- Finished resetting the current domain, in  0.852 seconds
Domain Reload Profiling: 1315ms
	BeginReloadAssembly (151ms)
		ExecutionOrderSort (0ms)
		DisableScriptedObjects (12ms)
		BackupInstance (0ms)
		ReleaseScriptingObjects (0ms)
		CreateAndSetChildDomain (35ms)
	RebuildCommonClasses (35ms)
	RebuildNativeTypeToScriptingClass (12ms)
	initialDomainReloadingComplete (29ms)
	LoadAllAssembliesAndSetupDomain (236ms)
		LoadAssemblies (285ms)
		RebuildTransferFunctionScriptingTraits (0ms)
		AnalyzeDomain (27ms)
			TypeCache.Refresh (9ms)
				TypeCache.ScanAssembly (0ms)
			ScanForSourceGeneratedMonoScriptInfo (11ms)
			ResolveRequiredComponents (6ms)
	FinalizeReload (853ms)
		ReleaseScriptCaches (0ms)
		RebuildScriptCaches (0ms)
		SetupLoadedEditorAssemblies (394ms)
			LogAssemblyErrors (0ms)
			InitializePlatformSupportModulesInManaged (6ms)
			SetLoadedEditorAssemblies (5ms)
			RefreshPlugins (0ms)
			BeforeProcessingInitializeOnLoad (69ms)
			ProcessInitializeOnLoadAttributes (279ms)
			ProcessInitializeOnLoadMethodAttributes (31ms)
			AfterProcessingInitializeOnLoad (3ms)
			EditorAssembliesLoaded (0ms)
		ExecutionOrderSort2 (0ms)
		AwakeInstancesAfterBackupRestoration (13ms)
Refreshing native plugins compatible for Editor in 2.55 ms, found 4 plugins.
Preloading 0 native plugins for Editor in 0.00 ms.
Unloading 4067 Unused Serialized files (Serialized files now loaded: 0)
Unloading 27 unused Assets / (213.5 KB). Loaded Objects now: 4799.
Memory consumption went from 145.5 MB to 145.3 MB.
Total: 3.496000 ms (FindLiveObjects: 0.468400 ms CreateObjectMapping: 0.117900 ms MarkObjects: 2.709700 ms  DeleteObjects: 0.198200 ms)

Prepare: number of updated asset objects reloaded= 0
AssetImportParameters requested are different than current active one (requested -> active):
  custom:scripting/monoscript/fileName/DOTweenModuleUtils.cs: 34ad347c902a97803d1c13fe65e97957 -> 
  custom:container-demuxer-ogg: 62fdf1f143b41e24485cea50d1cbac27 -> 
  custom:video-decoder-ogg-theora: a1e56fd34408186e4bbccfd4996cb3dc -> 
  custom:scripting/monoscript/fileName/DOTweenModuleUnityVersion.cs: 5fda8b30fb2f0276062c9b201e3b53c4 -> 
  custom:scripting/monoscript/fileName/DOTweenModuleUI.cs: 53c26b618f695b59a868eebdc97332ad -> 
  custom:framework-win-MediaFoundation: 216162199b28c13a410421893ffa2e32 -> 
  custom:scripting/precompiled-assembly-types:Assembly-CSharp-firstpass: c3b8ba213efe735b4b5ada0ee074dcb3 -> 
  custom:scripting/precompiled-assembly-types:DOTween: 41770a3e10244ae0a34e714162bbdba6 -> 
  custom:CustomObjectIndexerAttribute: 9a22284fe3817be447336de3de66b15e -> 
  custom:container-demuxer-webm: 4f35f7cbe854078d1ac9338744f61a02 -> 
  custom:scripting/monoscript/fileName/BulletTower.cs: 50552104c9d19a80e5b2d0f1a6d0dd85 -> 
  custom:scripting/monoscript/fileName/TimeManager.cs: ee896401883365d64d0753163ba65eb8 -> 
  custom:container-muxer-webm: aa71ff27fc2769a1b78a27578f13a17b -> 
  custom:video-decoder-webm-vp8: 9c59270c3fd7afecdb556c50c9e8de78 -> 
  custom:SearchIndexIgnoredProperties: e643bd26f0fe6173181afceb89e7c659 -> 
  custom:AudioImporter_EditorPlatform: d09bf68614088b80899f8185d706f6e7 -> 
  custom:scripting/monoscript/fileName/DOTweenModuleAudio.cs: 371877257ce39f5f0996ea556debbc8a -> 
  custom:scripting/monoscript/fileName/DOTweenModulePhysics2D.cs: 63b0e5981d81d026672954b54596f5ae -> 
  custom:scripting/precompiled-assembly-types:DOTweenEditor: 1efdf497b099e4e6944f0dd7fb28c744 -> 
  custom:scripting/monoscript/fileName/DOTweenModuleSprite.cs: e35fb5eb1c483cffc283a374a5e25466 -> 
  custom:video-encoder-webm-vp8: eb34c28f22e8b96e1ab97ce403110664 -> 
  custom:scripting/monoscript/fileName/DOTweenModulePhysics.cs: 87f8974001cd2397421cfdcad1904e83 -> 
  custom:audio-decoder-ogg-vorbis: bf7c407c2cedff20999df2af8eb42d56 -> 
  custom:scripting/monoscript/fileName/Bullet.cs: a4f5918e799041ba1f6608f13912eb8b -> 
  custom:audio-encoder-webm-vorbis: bf7c407c2cedff20999df2af8eb42d56 -> 
  custom:scripting/precompiled-assembly-types:Assembly-CSharp: d4c78cc19068d276b86a2a4dd98f83d9 -> 
========================================================================
Received Prepare
Caller must complete domain reload
Begin MonoManager ReloadAssembly
- Loaded All Assemblies, in  0.456 seconds
Native extension for WindowsStandalone target not found
Native extension for WebGL target not found
Mono: successfully reloaded assembly
- Finished resetting the current domain, in  0.854 seconds
Domain Reload Profiling: 1309ms
	BeginReloadAssembly (148ms)
		ExecutionOrderSort (0ms)
		DisableScriptedObjects (14ms)
		BackupInstance (0ms)
		ReleaseScriptingObjects (0ms)
		CreateAndSetChildDomain (33ms)
	RebuildCommonClasses (33ms)
	RebuildNativeTypeToScriptingClass (11ms)
	initialDomainReloadingComplete (26ms)
	LoadAllAssembliesAndSetupDomain (237ms)
		LoadAssemblies (281ms)
		RebuildTransferFunctionScriptingTraits (0ms)
		AnalyzeDomain (27ms)
			TypeCache.Refresh (9ms)
				TypeCache.ScanAssembly (0ms)
			ScanForSourceGeneratedMonoScriptInfo (11ms)
			ResolveRequiredComponents (6ms)
	FinalizeReload (854ms)
		ReleaseScriptCaches (0ms)
		RebuildScriptCaches (0ms)
		SetupLoadedEditorAssemblies (410ms)
			LogAssemblyErrors (0ms)
			InitializePlatformSupportModulesInManaged (6ms)
			SetLoadedEditorAssemblies (4ms)
			RefreshPlugins (0ms)
			BeforeProcessingInitializeOnLoad (69ms)
			ProcessInitializeOnLoadAttributes (298ms)
			ProcessInitializeOnLoadMethodAttributes (30ms)
			AfterProcessingInitializeOnLoad (3ms)
			EditorAssembliesLoaded (0ms)
		ExecutionOrderSort2 (0ms)
		AwakeInstancesAfterBackupRestoration (12ms)
Refreshing native plugins compatible for Editor in 2.42 ms, found 4 plugins.
Preloading 0 native plugins for Editor in 0.00 ms.
Unloading 4067 Unused Serialized files (Serialized files now loaded: 0)
Unloading 27 unused Assets / (213.4 KB). Loaded Objects now: 4803.
Memory consumption went from 145.5 MB to 145.3 MB.
Total: 3.615000 ms (FindLiveObjects: 0.628500 ms CreateObjectMapping: 0.318300 ms MarkObjects: 2.487600 ms  DeleteObjects: 0.178900 ms)

Prepare: number of updated asset objects reloaded= 0
AssetImportParameters requested are different than current active one (requested -> active):
  custom:scripting/monoscript/fileName/DOTweenModuleUtils.cs: 34ad347c902a97803d1c13fe65e97957 -> 
  custom:container-demuxer-ogg: 62fdf1f143b41e24485cea50d1cbac27 -> 
  custom:video-decoder-ogg-theora: a1e56fd34408186e4bbccfd4996cb3dc -> 
  custom:scripting/monoscript/fileName/DOTweenModuleUnityVersion.cs: 5fda8b30fb2f0276062c9b201e3b53c4 -> 
  custom:scripting/monoscript/fileName/DOTweenModuleUI.cs: 53c26b618f695b59a868eebdc97332ad -> 
  custom:framework-win-MediaFoundation: 216162199b28c13a410421893ffa2e32 -> 
  custom:scripting/precompiled-assembly-types:Assembly-CSharp-firstpass: c3b8ba213efe735b4b5ada0ee074dcb3 -> 
  custom:scripting/precompiled-assembly-types:DOTween: 41770a3e10244ae0a34e714162bbdba6 -> 
  custom:CustomObjectIndexerAttribute: 9a22284fe3817be447336de3de66b15e -> 
  custom:container-demuxer-webm: 4f35f7cbe854078d1ac9338744f61a02 -> 
  custom:scripting/monoscript/fileName/BulletTower.cs: 50552104c9d19a80e5b2d0f1a6d0dd85 -> 
  custom:scripting/monoscript/fileName/TimeManager.cs: ee896401883365d64d0753163ba65eb8 -> 
  custom:container-muxer-webm: aa71ff27fc2769a1b78a27578f13a17b -> 
  custom:video-decoder-webm-vp8: 9c59270c3fd7afecdb556c50c9e8de78 -> 
  custom:SearchIndexIgnoredProperties: e643bd26f0fe6173181afceb89e7c659 -> 
  custom:AudioImporter_EditorPlatform: d09bf68614088b80899f8185d706f6e7 -> 
  custom:scripting/monoscript/fileName/DOTweenModuleAudio.cs: 371877257ce39f5f0996ea556debbc8a -> 
  custom:scripting/monoscript/fileName/DOTweenModulePhysics2D.cs: 63b0e5981d81d026672954b54596f5ae -> 
  custom:scripting/precompiled-assembly-types:DOTweenEditor: 1efdf497b099e4e6944f0dd7fb28c744 -> 
  custom:scripting/monoscript/fileName/DOTweenModuleSprite.cs: e35fb5eb1c483cffc283a374a5e25466 -> 
  custom:video-encoder-webm-vp8: eb34c28f22e8b96e1ab97ce403110664 -> 
  custom:scripting/monoscript/fileName/DOTweenModulePhysics.cs: 87f8974001cd2397421cfdcad1904e83 -> 
  custom:audio-decoder-ogg-vorbis: bf7c407c2cedff20999df2af8eb42d56 -> 
  custom:scripting/monoscript/fileName/Bullet.cs: a4f5918e799041ba1f6608f13912eb8b -> 
  custom:audio-encoder-webm-vorbis: bf7c407c2cedff20999df2af8eb42d56 -> 
  custom:scripting/precompiled-assembly-types:Assembly-CSharp: d4c78cc19068d276b86a2a4dd98f83d9 -> 
========================================================================
Received Prepare
Caller must complete domain reload
Begin MonoManager ReloadAssembly
- Loaded All Assemblies, in  0.461 seconds
Native extension for WindowsStandalone target not found
Native extension for WebGL target not found
Mono: successfully reloaded assembly
- Finished resetting the current domain, in  0.866 seconds
Domain Reload Profiling: 1326ms
	BeginReloadAssembly (157ms)
		ExecutionOrderSort (0ms)
		DisableScriptedObjects (12ms)
		BackupInstance (0ms)
		ReleaseScriptingObjects (0ms)
		CreateAndSetChildDomain (35ms)
	RebuildCommonClasses (39ms)
	RebuildNativeTypeToScriptingClass (13ms)
	initialDomainReloadingComplete (27ms)
	LoadAllAssembliesAndSetupDomain (224ms)
		LoadAssemblies (279ms)
		RebuildTransferFunctionScriptingTraits (0ms)
		AnalyzeDomain (26ms)
			TypeCache.Refresh (8ms)
				TypeCache.ScanAssembly (0ms)
			ScanForSourceGeneratedMonoScriptInfo (11ms)
			ResolveRequiredComponents (6ms)
	FinalizeReload (866ms)
		ReleaseScriptCaches (0ms)
		RebuildScriptCaches (0ms)
		SetupLoadedEditorAssemblies (425ms)
			LogAssemblyErrors (0ms)
			InitializePlatformSupportModulesInManaged (8ms)
			SetLoadedEditorAssemblies (5ms)
			RefreshPlugins (0ms)
			BeforeProcessingInitializeOnLoad (69ms)
			ProcessInitializeOnLoadAttributes (308ms)
			ProcessInitializeOnLoadMethodAttributes (33ms)
			AfterProcessingInitializeOnLoad (3ms)
			EditorAssembliesLoaded (0ms)
		ExecutionOrderSort2 (0ms)
		AwakeInstancesAfterBackupRestoration (14ms)
Refreshing native plugins compatible for Editor in 2.70 ms, found 4 plugins.
Preloading 0 native plugins for Editor in 0.00 ms.
Unloading 4067 Unused Serialized files (Serialized files now loaded: 0)
Unloading 27 unused Assets / (213.5 KB). Loaded Objects now: 4807.
Memory consumption went from 145.5 MB to 145.3 MB.
Total: 3.418600 ms (FindLiveObjects: 0.355600 ms CreateObjectMapping: 0.221200 ms MarkObjects: 2.651400 ms  DeleteObjects: 0.189100 ms)

Prepare: number of updated asset objects reloaded= 0
AssetImportParameters requested are different than current active one (requested -> active):
  custom:scripting/monoscript/fileName/DOTweenModuleUtils.cs: 34ad347c902a97803d1c13fe65e97957 -> 
  custom:container-demuxer-ogg: 62fdf1f143b41e24485cea50d1cbac27 -> 
  custom:video-decoder-ogg-theora: a1e56fd34408186e4bbccfd4996cb3dc -> 
  custom:scripting/monoscript/fileName/DOTweenModuleUnityVersion.cs: 5fda8b30fb2f0276062c9b201e3b53c4 -> 
  custom:scripting/monoscript/fileName/DOTweenModuleUI.cs: 53c26b618f695b59a868eebdc97332ad -> 
  custom:framework-win-MediaFoundation: 216162199b28c13a410421893ffa2e32 -> 
  custom:scripting/precompiled-assembly-types:Assembly-CSharp-firstpass: c3b8ba213efe735b4b5ada0ee074dcb3 -> 
  custom:scripting/precompiled-assembly-types:DOTween: 41770a3e10244ae0a34e714162bbdba6 -> 
  custom:CustomObjectIndexerAttribute: 9a22284fe3817be447336de3de66b15e -> 
  custom:container-demuxer-webm: 4f35f7cbe854078d1ac9338744f61a02 -> 
  custom:scripting/monoscript/fileName/BulletTower.cs: 50552104c9d19a80e5b2d0f1a6d0dd85 -> 
  custom:scripting/monoscript/fileName/TimeManager.cs: ee896401883365d64d0753163ba65eb8 -> 
  custom:container-muxer-webm: aa71ff27fc2769a1b78a27578f13a17b -> 
  custom:video-decoder-webm-vp8: 9c59270c3fd7afecdb556c50c9e8de78 -> 
  custom:SearchIndexIgnoredProperties: e643bd26f0fe6173181afceb89e7c659 -> 
  custom:AudioImporter_EditorPlatform: d09bf68614088b80899f8185d706f6e7 -> 
  custom:scripting/monoscript/fileName/DOTweenModuleAudio.cs: 371877257ce39f5f0996ea556debbc8a -> 
  custom:scripting/monoscript/fileName/DOTweenModulePhysics2D.cs: 63b0e5981d81d026672954b54596f5ae -> 
  custom:scripting/precompiled-assembly-types:DOTweenEditor: 1efdf497b099e4e6944f0dd7fb28c744 -> 
  custom:scripting/monoscript/fileName/DOTweenModuleSprite.cs: e35fb5eb1c483cffc283a374a5e25466 -> 
  custom:video-encoder-webm-vp8: eb34c28f22e8b96e1ab97ce403110664 -> 
  custom:scripting/monoscript/fileName/DOTweenModulePhysics.cs: 87f8974001cd2397421cfdcad1904e83 -> 
  custom:audio-decoder-ogg-vorbis: bf7c407c2cedff20999df2af8eb42d56 -> 
  custom:scripting/monoscript/fileName/Bullet.cs: a4f5918e799041ba1f6608f13912eb8b -> 
  custom:audio-encoder-webm-vorbis: bf7c407c2cedff20999df2af8eb42d56 -> 
  custom:scripting/precompiled-assembly-types:Assembly-CSharp: d4c78cc19068d276b86a2a4dd98f83d9 -> 
========================================================================
Received Prepare
Caller must complete domain reload
Begin MonoManager ReloadAssembly
- Loaded All Assemblies, in  0.455 seconds
Native extension for WindowsStandalone target not found
Native extension for WebGL target not found
Mono: successfully reloaded assembly
- Finished resetting the current domain, in  0.828 seconds
Domain Reload Profiling: 1282ms
	BeginReloadAssembly (145ms)
		ExecutionOrderSort (0ms)
		DisableScriptedObjects (13ms)
		BackupInstance (0ms)
		ReleaseScriptingObjects (0ms)
		CreateAndSetChildDomain (32ms)
	RebuildCommonClasses (34ms)
	RebuildNativeTypeToScriptingClass (12ms)
	initialDomainReloadingComplete (27ms)
	LoadAllAssembliesAndSetupDomain (237ms)
		LoadAssemblies (284ms)
		RebuildTransferFunctionScriptingTraits (0ms)
		AnalyzeDomain (26ms)
			TypeCache.Refresh (8ms)
				TypeCache.ScanAssembly (0ms)
			ScanForSourceGeneratedMonoScriptInfo (11ms)
			ResolveRequiredComponents (6ms)
	FinalizeReload (829ms)
		ReleaseScriptCaches (0ms)
		RebuildScriptCaches (0ms)
		SetupLoadedEditorAssemblies (399ms)
			LogAssemblyErrors (0ms)
			InitializePlatformSupportModulesInManaged (7ms)
			SetLoadedEditorAssemblies (5ms)
			RefreshPlugins (0ms)
			BeforeProcessingInitializeOnLoad (70ms)
			ProcessInitializeOnLoadAttributes (285ms)
			ProcessInitializeOnLoadMethodAttributes (29ms)
			AfterProcessingInitializeOnLoad (3ms)
			EditorAssembliesLoaded (0ms)
		ExecutionOrderSort2 (0ms)
		AwakeInstancesAfterBackupRestoration (12ms)
Refreshing native plugins compatible for Editor in 2.52 ms, found 4 plugins.
Preloading 0 native plugins for Editor in 0.00 ms.
Unloading 4067 Unused Serialized files (Serialized files now loaded: 0)
Unloading 27 unused Assets / (213.6 KB). Loaded Objects now: 4811.
Memory consumption went from 145.5 MB to 145.3 MB.
Total: 3.297100 ms (FindLiveObjects: 0.355400 ms CreateObjectMapping: 0.116300 ms MarkObjects: 2.635900 ms  DeleteObjects: 0.188400 ms)

Prepare: number of updated asset objects reloaded= 0
AssetImportParameters requested are different than current active one (requested -> active):
  custom:scripting/monoscript/fileName/DOTweenModuleUtils.cs: 34ad347c902a97803d1c13fe65e97957 -> 
  custom:container-demuxer-ogg: 62fdf1f143b41e24485cea50d1cbac27 -> 
  custom:video-decoder-ogg-theora: a1e56fd34408186e4bbccfd4996cb3dc -> 
  custom:scripting/monoscript/fileName/DOTweenModuleUnityVersion.cs: 5fda8b30fb2f0276062c9b201e3b53c4 -> 
  custom:scripting/monoscript/fileName/DOTweenModuleUI.cs: 53c26b618f695b59a868eebdc97332ad -> 
  custom:framework-win-MediaFoundation: 216162199b28c13a410421893ffa2e32 -> 
  custom:scripting/precompiled-assembly-types:Assembly-CSharp-firstpass: c3b8ba213efe735b4b5ada0ee074dcb3 -> 
  custom:scripting/precompiled-assembly-types:DOTween: 41770a3e10244ae0a34e714162bbdba6 -> 
  custom:CustomObjectIndexerAttribute: 9a22284fe3817be447336de3de66b15e -> 
  custom:container-demuxer-webm: 4f35f7cbe854078d1ac9338744f61a02 -> 
  custom:scripting/monoscript/fileName/BulletTower.cs: 50552104c9d19a80e5b2d0f1a6d0dd85 -> 
  custom:scripting/monoscript/fileName/TimeManager.cs: ee896401883365d64d0753163ba65eb8 -> 
  custom:container-muxer-webm: aa71ff27fc2769a1b78a27578f13a17b -> 
  custom:video-decoder-webm-vp8: 9c59270c3fd7afecdb556c50c9e8de78 -> 
  custom:SearchIndexIgnoredProperties: e643bd26f0fe6173181afceb89e7c659 -> 
  custom:AudioImporter_EditorPlatform: d09bf68614088b80899f8185d706f6e7 -> 
  custom:scripting/monoscript/fileName/DOTweenModuleAudio.cs: 371877257ce39f5f0996ea556debbc8a -> 
  custom:scripting/monoscript/fileName/DOTweenModulePhysics2D.cs: 63b0e5981d81d026672954b54596f5ae -> 
  custom:scripting/precompiled-assembly-types:DOTweenEditor: 1efdf497b099e4e6944f0dd7fb28c744 -> 
  custom:scripting/monoscript/fileName/DOTweenModuleSprite.cs: e35fb5eb1c483cffc283a374a5e25466 -> 
  custom:video-encoder-webm-vp8: eb34c28f22e8b96e1ab97ce403110664 -> 
  custom:scripting/monoscript/fileName/DOTweenModulePhysics.cs: 87f8974001cd2397421cfdcad1904e83 -> 
  custom:audio-decoder-ogg-vorbis: bf7c407c2cedff20999df2af8eb42d56 -> 
  custom:scripting/monoscript/fileName/Bullet.cs: a4f5918e799041ba1f6608f13912eb8b -> 
  custom:audio-encoder-webm-vorbis: bf7c407c2cedff20999df2af8eb42d56 -> 
  custom:scripting/precompiled-assembly-types:Assembly-CSharp: d4c78cc19068d276b86a2a4dd98f83d9 -> 
========================================================================
Received Prepare
Caller must complete domain reload
Begin MonoManager ReloadAssembly
- Loaded All Assemblies, in  0.452 seconds
Native extension for WindowsStandalone target not found
Native extension for WebGL target not found
Mono: successfully reloaded assembly
- Finished resetting the current domain, in  0.845 seconds
Domain Reload Profiling: 1297ms
	BeginReloadAssembly (148ms)
		ExecutionOrderSort (0ms)
		DisableScriptedObjects (12ms)
		BackupInstance (0ms)
		ReleaseScriptingObjects (0ms)
		CreateAndSetChildDomain (35ms)
	RebuildCommonClasses (35ms)
	RebuildNativeTypeToScriptingClass (13ms)
	initialDomainReloadingComplete (25ms)
	LoadAllAssembliesAndSetupDomain (230ms)
		LoadAssemblies (277ms)
		RebuildTransferFunctionScriptingTraits (0ms)
		AnalyzeDomain (27ms)
			TypeCache.Refresh (8ms)
				TypeCache.ScanAssembly (0ms)
			ScanForSourceGeneratedMonoScriptInfo (11ms)
			ResolveRequiredComponents (6ms)
	FinalizeReload (846ms)
		ReleaseScriptCaches (0ms)
		RebuildScriptCaches (0ms)
		SetupLoadedEditorAssemblies (398ms)
			LogAssemblyErrors (0ms)
			InitializePlatformSupportModulesInManaged (7ms)
			SetLoadedEditorAssemblies (5ms)
			RefreshPlugins (0ms)
			BeforeProcessingInitializeOnLoad (69ms)
			ProcessInitializeOnLoadAttributes (284ms)
			ProcessInitializeOnLoadMethodAttributes (30ms)
			AfterProcessingInitializeOnLoad (3ms)
			EditorAssembliesLoaded (0ms)
		ExecutionOrderSort2 (0ms)
		AwakeInstancesAfterBackupRestoration (15ms)
Refreshing native plugins compatible for Editor in 2.74 ms, found 4 plugins.
Preloading 0 native plugins for Editor in 0.00 ms.
Unloading 4067 Unused Serialized files (Serialized files now loaded: 0)
Unloading 27 unused Assets / (213.7 KB). Loaded Objects now: 4815.
Memory consumption went from 145.5 MB to 145.3 MB.
Total: 3.235400 ms (FindLiveObjects: 0.356100 ms CreateObjectMapping: 0.114000 ms MarkObjects: 2.559800 ms  DeleteObjects: 0.204500 ms)

Prepare: number of updated asset objects reloaded= 0
AssetImportParameters requested are different than current active one (requested -> active):
  custom:scripting/monoscript/fileName/DOTweenModuleUtils.cs: 34ad347c902a97803d1c13fe65e97957 -> 
  custom:container-demuxer-ogg: 62fdf1f143b41e24485cea50d1cbac27 -> 
  custom:video-decoder-ogg-theora: a1e56fd34408186e4bbccfd4996cb3dc -> 
  custom:scripting/monoscript/fileName/DOTweenModuleUnityVersion.cs: 5fda8b30fb2f0276062c9b201e3b53c4 -> 
  custom:scripting/monoscript/fileName/DOTweenModuleUI.cs: 53c26b618f695b59a868eebdc97332ad -> 
  custom:framework-win-MediaFoundation: 216162199b28c13a410421893ffa2e32 -> 
  custom:scripting/precompiled-assembly-types:Assembly-CSharp-firstpass: c3b8ba213efe735b4b5ada0ee074dcb3 -> 
  custom:scripting/precompiled-assembly-types:DOTween: 41770a3e10244ae0a34e714162bbdba6 -> 
  custom:CustomObjectIndexerAttribute: 9a22284fe3817be447336de3de66b15e -> 
  custom:container-demuxer-webm: 4f35f7cbe854078d1ac9338744f61a02 -> 
  custom:scripting/monoscript/fileName/BulletTower.cs: 50552104c9d19a80e5b2d0f1a6d0dd85 -> 
  custom:scripting/monoscript/fileName/TimeManager.cs: ee896401883365d64d0753163ba65eb8 -> 
  custom:container-muxer-webm: aa71ff27fc2769a1b78a27578f13a17b -> 
  custom:video-decoder-webm-vp8: 9c59270c3fd7afecdb556c50c9e8de78 -> 
  custom:SearchIndexIgnoredProperties: e643bd26f0fe6173181afceb89e7c659 -> 
  custom:AudioImporter_EditorPlatform: d09bf68614088b80899f8185d706f6e7 -> 
  custom:scripting/monoscript/fileName/DOTweenModuleAudio.cs: 371877257ce39f5f0996ea556debbc8a -> 
  custom:scripting/monoscript/fileName/DOTweenModulePhysics2D.cs: 63b0e5981d81d026672954b54596f5ae -> 
  custom:scripting/precompiled-assembly-types:DOTweenEditor: 1efdf497b099e4e6944f0dd7fb28c744 -> 
  custom:scripting/monoscript/fileName/DOTweenModuleSprite.cs: e35fb5eb1c483cffc283a374a5e25466 -> 
  custom:video-encoder-webm-vp8: eb34c28f22e8b96e1ab97ce403110664 -> 
  custom:scripting/monoscript/fileName/DOTweenModulePhysics.cs: 87f8974001cd2397421cfdcad1904e83 -> 
  custom:audio-decoder-ogg-vorbis: bf7c407c2cedff20999df2af8eb42d56 -> 
  custom:scripting/monoscript/fileName/Bullet.cs: a4f5918e799041ba1f6608f13912eb8b -> 
  custom:audio-encoder-webm-vorbis: bf7c407c2cedff20999df2af8eb42d56 -> 
  custom:scripting/precompiled-assembly-types:Assembly-CSharp: d4c78cc19068d276b86a2a4dd98f83d9 -> 
========================================================================
Received Prepare
Caller must complete domain reload
Begin MonoManager ReloadAssembly
- Loaded All Assemblies, in  0.456 seconds
Native extension for WindowsStandalone target not found
Native extension for WebGL target not found
Mono: successfully reloaded assembly
- Finished resetting the current domain, in  0.859 seconds
Domain Reload Profiling: 1315ms
	BeginReloadAssembly (155ms)
		ExecutionOrderSort (0ms)
		DisableScriptedObjects (12ms)
		BackupInstance (0ms)
		ReleaseScriptingObjects (0ms)
		CreateAndSetChildDomain (38ms)
	RebuildCommonClasses (35ms)
	RebuildNativeTypeToScriptingClass (13ms)
	initialDomainReloadingComplete (26ms)
	LoadAllAssembliesAndSetupDomain (226ms)
		LoadAssemblies (274ms)
		RebuildTransferFunctionScriptingTraits (0ms)
		AnalyzeDomain (28ms)
			TypeCache.Refresh (10ms)
				TypeCache.ScanAssembly (0ms)
			ScanForSourceGeneratedMonoScriptInfo (11ms)
			ResolveRequiredComponents (7ms)
	FinalizeReload (859ms)
		ReleaseScriptCaches (0ms)
		RebuildScriptCaches (0ms)
		SetupLoadedEditorAssemblies (423ms)
			LogAssemblyErrors (0ms)
			InitializePlatformSupportModulesInManaged (6ms)
			SetLoadedEditorAssemblies (5ms)
			RefreshPlugins (0ms)
			BeforeProcessingInitializeOnLoad (70ms)
			ProcessInitializeOnLoadAttributes (307ms)
			ProcessInitializeOnLoadMethodAttributes (30ms)
			AfterProcessingInitializeOnLoad (4ms)
			EditorAssembliesLoaded (0ms)
		ExecutionOrderSort2 (0ms)
		AwakeInstancesAfterBackupRestoration (13ms)
Refreshing native plugins compatible for Editor in 3.27 ms, found 4 plugins.
Preloading 0 native plugins for Editor in 0.00 ms.
Unloading 4067 Unused Serialized files (Serialized files now loaded: 0)
Unloading 27 unused Assets / (213.5 KB). Loaded Objects now: 4819.
Memory consumption went from 145.5 MB to 145.3 MB.
Total: 3.501100 ms (FindLiveObjects: 0.480300 ms CreateObjectMapping: 0.226500 ms MarkObjects: 2.599300 ms  DeleteObjects: 0.194000 ms)

Prepare: number of updated asset objects reloaded= 0
AssetImportParameters requested are different than current active one (requested -> active):
  custom:scripting/monoscript/fileName/DOTweenModuleUtils.cs: 34ad347c902a97803d1c13fe65e97957 -> 
  custom:container-demuxer-ogg: 62fdf1f143b41e24485cea50d1cbac27 -> 
  custom:video-decoder-ogg-theora: a1e56fd34408186e4bbccfd4996cb3dc -> 
  custom:scripting/monoscript/fileName/DOTweenModuleUnityVersion.cs: 5fda8b30fb2f0276062c9b201e3b53c4 -> 
  custom:scripting/monoscript/fileName/DOTweenModuleUI.cs: 53c26b618f695b59a868eebdc97332ad -> 
  custom:framework-win-MediaFoundation: 216162199b28c13a410421893ffa2e32 -> 
  custom:scripting/precompiled-assembly-types:Assembly-CSharp-firstpass: c3b8ba213efe735b4b5ada0ee074dcb3 -> 
  custom:scripting/precompiled-assembly-types:DOTween: 41770a3e10244ae0a34e714162bbdba6 -> 
  custom:CustomObjectIndexerAttribute: 9a22284fe3817be447336de3de66b15e -> 
  custom:container-demuxer-webm: 4f35f7cbe854078d1ac9338744f61a02 -> 
  custom:scripting/monoscript/fileName/BulletTower.cs: 50552104c9d19a80e5b2d0f1a6d0dd85 -> 
  custom:scripting/monoscript/fileName/TimeManager.cs: ee896401883365d64d0753163ba65eb8 -> 
  custom:container-muxer-webm: aa71ff27fc2769a1b78a27578f13a17b -> 
  custom:video-decoder-webm-vp8: 9c59270c3fd7afecdb556c50c9e8de78 -> 
  custom:SearchIndexIgnoredProperties: e643bd26f0fe6173181afceb89e7c659 -> 
  custom:AudioImporter_EditorPlatform: d09bf68614088b80899f8185d706f6e7 -> 
  custom:scripting/monoscript/fileName/DOTweenModuleAudio.cs: 371877257ce39f5f0996ea556debbc8a -> 
  custom:scripting/monoscript/fileName/DOTweenModulePhysics2D.cs: 63b0e5981d81d026672954b54596f5ae -> 
  custom:scripting/precompiled-assembly-types:DOTweenEditor: 1efdf497b099e4e6944f0dd7fb28c744 -> 
  custom:scripting/monoscript/fileName/DOTweenModuleSprite.cs: e35fb5eb1c483cffc283a374a5e25466 -> 
  custom:video-encoder-webm-vp8: eb34c28f22e8b96e1ab97ce403110664 -> 
  custom:scripting/monoscript/fileName/DOTweenModulePhysics.cs: 87f8974001cd2397421cfdcad1904e83 -> 
  custom:audio-decoder-ogg-vorbis: bf7c407c2cedff20999df2af8eb42d56 -> 
  custom:scripting/monoscript/fileName/Bullet.cs: a4f5918e799041ba1f6608f13912eb8b -> 
  custom:audio-encoder-webm-vorbis: bf7c407c2cedff20999df2af8eb42d56 -> 
  custom:scripting/precompiled-assembly-types:Assembly-CSharp: d4c78cc19068d276b86a2a4dd98f83d9 -> 
========================================================================
Received Prepare
Caller must complete domain reload
Begin MonoManager ReloadAssembly
- Loaded All Assemblies, in  0.438 seconds
Native extension for WindowsStandalone target not found
Native extension for WebGL target not found
Mono: successfully reloaded assembly
- Finished resetting the current domain, in  0.856 seconds
Domain Reload Profiling: 1293ms
	BeginReloadAssembly (147ms)
		ExecutionOrderSort (0ms)
		DisableScriptedObjects (12ms)
		BackupInstance (0ms)
		ReleaseScriptingObjects (0ms)
		CreateAndSetChildDomain (32ms)
	RebuildCommonClasses (40ms)
	RebuildNativeTypeToScriptingClass (13ms)
	initialDomainReloadingComplete (25ms)
	LoadAllAssembliesAndSetupDomain (212ms)
		LoadAssemblies (272ms)
		RebuildTransferFunctionScriptingTraits (0ms)
		AnalyzeDomain (13ms)
			TypeCache.Refresh (5ms)
				TypeCache.ScanAssembly (0ms)
			ScanForSourceGeneratedMonoScriptInfo (0ms)
			ResolveRequiredComponents (6ms)
	FinalizeReload (856ms)
		ReleaseScriptCaches (0ms)
		RebuildScriptCaches (0ms)
		SetupLoadedEditorAssemblies (416ms)
			LogAssemblyErrors (0ms)
			InitializePlatformSupportModulesInManaged (6ms)
			SetLoadedEditorAssemblies (5ms)
			RefreshPlugins (0ms)
			BeforeProcessingInitializeOnLoad (70ms)
			ProcessInitializeOnLoadAttributes (297ms)
			ProcessInitializeOnLoadMethodAttributes (35ms)
			AfterProcessingInitializeOnLoad (3ms)
			EditorAssembliesLoaded (0ms)
		ExecutionOrderSort2 (0ms)
		AwakeInstancesAfterBackupRestoration (13ms)
Refreshing native plugins compatible for Editor in 2.85 ms, found 4 plugins.
Preloading 0 native plugins for Editor in 0.00 ms.
Unloading 4067 Unused Serialized files (Serialized files now loaded: 0)
Unloading 27 unused Assets / (213.4 KB). Loaded Objects now: 4823.
Memory consumption went from 145.5 MB to 145.3 MB.
Total: 3.732200 ms (FindLiveObjects: 0.399600 ms CreateObjectMapping: 0.104000 ms MarkObjects: 2.936000 ms  DeleteObjects: 0.291200 ms)

Prepare: number of updated asset objects reloaded= 0
AssetImportParameters requested are different than current active one (requested -> active):
  custom:scripting/monoscript/fileName/DOTweenModuleUtils.cs: 34ad347c902a97803d1c13fe65e97957 -> 
  custom:container-demuxer-ogg: 62fdf1f143b41e24485cea50d1cbac27 -> 
  custom:video-decoder-ogg-theora: a1e56fd34408186e4bbccfd4996cb3dc -> 
  custom:scripting/monoscript/fileName/DOTweenModuleUnityVersion.cs: 5fda8b30fb2f0276062c9b201e3b53c4 -> 
  custom:scripting/monoscript/fileName/DOTweenModuleUI.cs: 53c26b618f695b59a868eebdc97332ad -> 
  custom:framework-win-MediaFoundation: 216162199b28c13a410421893ffa2e32 -> 
  custom:scripting/precompiled-assembly-types:Assembly-CSharp-firstpass: c3b8ba213efe735b4b5ada0ee074dcb3 -> 
  custom:scripting/precompiled-assembly-types:DOTween: 41770a3e10244ae0a34e714162bbdba6 -> 
  custom:CustomObjectIndexerAttribute: 9a22284fe3817be447336de3de66b15e -> 
  custom:container-demuxer-webm: 4f35f7cbe854078d1ac9338744f61a02 -> 
  custom:scripting/monoscript/fileName/BulletTower.cs: 50552104c9d19a80e5b2d0f1a6d0dd85 -> 
  custom:scripting/monoscript/fileName/TimeManager.cs: ee896401883365d64d0753163ba65eb8 -> 
  custom:container-muxer-webm: aa71ff27fc2769a1b78a27578f13a17b -> 
  custom:video-decoder-webm-vp8: 9c59270c3fd7afecdb556c50c9e8de78 -> 
  custom:SearchIndexIgnoredProperties: e643bd26f0fe6173181afceb89e7c659 -> 
  custom:AudioImporter_EditorPlatform: d09bf68614088b80899f8185d706f6e7 -> 
  custom:scripting/monoscript/fileName/DOTweenModuleAudio.cs: 371877257ce39f5f0996ea556debbc8a -> 
  custom:scripting/monoscript/fileName/DOTweenModulePhysics2D.cs: 63b0e5981d81d026672954b54596f5ae -> 
  custom:scripting/precompiled-assembly-types:DOTweenEditor: 1efdf497b099e4e6944f0dd7fb28c744 -> 
  custom:scripting/monoscript/fileName/DOTweenModuleSprite.cs: e35fb5eb1c483cffc283a374a5e25466 -> 
  custom:video-encoder-webm-vp8: eb34c28f22e8b96e1ab97ce403110664 -> 
  custom:scripting/monoscript/fileName/DOTweenModulePhysics.cs: 87f8974001cd2397421cfdcad1904e83 -> 
  custom:audio-decoder-ogg-vorbis: bf7c407c2cedff20999df2af8eb42d56 -> 
  custom:scripting/monoscript/fileName/Bullet.cs: a4f5918e799041ba1f6608f13912eb8b -> 
  custom:audio-encoder-webm-vorbis: bf7c407c2cedff20999df2af8eb42d56 -> 
  custom:scripting/precompiled-assembly-types:Assembly-CSharp: d4c78cc19068d276b86a2a4dd98f83d9 -> 
========================================================================
Received Prepare
Caller must complete domain reload
Begin MonoManager ReloadAssembly
- Loaded All Assemblies, in  0.447 seconds
Native extension for WindowsStandalone target not found
Native extension for WebGL target not found
Mono: successfully reloaded assembly
- Finished resetting the current domain, in  0.862 seconds
Domain Reload Profiling: 1309ms
	BeginReloadAssembly (145ms)
		ExecutionOrderSort (0ms)
		DisableScriptedObjects (13ms)
		BackupInstance (0ms)
		ReleaseScriptingObjects (0ms)
		CreateAndSetChildDomain (31ms)
	RebuildCommonClasses (33ms)
	RebuildNativeTypeToScriptingClass (12ms)
	initialDomainReloadingComplete (25ms)
	LoadAllAssembliesAndSetupDomain (231ms)
		LoadAssemblies (276ms)
		RebuildTransferFunctionScriptingTraits (0ms)
		AnalyzeDomain (28ms)
			TypeCache.Refresh (9ms)
				TypeCache.ScanAssembly (0ms)
			ScanForSourceGeneratedMonoScriptInfo (11ms)
			ResolveRequiredComponents (6ms)
	FinalizeReload (862ms)
		ReleaseScriptCaches (0ms)
		RebuildScriptCaches (0ms)
		SetupLoadedEditorAssemblies (420ms)
			LogAssemblyErrors (0ms)
			InitializePlatformSupportModulesInManaged (7ms)
			SetLoadedEditorAssemblies (5ms)
			RefreshPlugins (0ms)
			BeforeProcessingInitializeOnLoad (70ms)
			ProcessInitializeOnLoadAttributes (303ms)
			ProcessInitializeOnLoadMethodAttributes (32ms)
			AfterProcessingInitializeOnLoad (3ms)
			EditorAssembliesLoaded (0ms)
		ExecutionOrderSort2 (0ms)
		AwakeInstancesAfterBackupRestoration (12ms)
Refreshing native plugins compatible for Editor in 2.44 ms, found 4 plugins.
Preloading 0 native plugins for Editor in 0.00 ms.
Unloading 4067 Unused Serialized files (Serialized files now loaded: 0)
Unloading 27 unused Assets / (213.8 KB). Loaded Objects now: 4827.
Memory consumption went from 145.5 MB to 145.3 MB.
Total: 3.871700 ms (FindLiveObjects: 0.372000 ms CreateObjectMapping: 0.139400 ms MarkObjects: 3.165200 ms  DeleteObjects: 0.193900 ms)

Prepare: number of updated asset objects reloaded= 0
AssetImportParameters requested are different than current active one (requested -> active):
  custom:scripting/monoscript/fileName/DOTweenModuleUtils.cs: 34ad347c902a97803d1c13fe65e97957 -> 
  custom:container-demuxer-ogg: 62fdf1f143b41e24485cea50d1cbac27 -> 
  custom:video-decoder-ogg-theora: a1e56fd34408186e4bbccfd4996cb3dc -> 
  custom:scripting/monoscript/fileName/DOTweenModuleUnityVersion.cs: 5fda8b30fb2f0276062c9b201e3b53c4 -> 
  custom:scripting/monoscript/fileName/DOTweenModuleUI.cs: 53c26b618f695b59a868eebdc97332ad -> 
  custom:framework-win-MediaFoundation: 216162199b28c13a410421893ffa2e32 -> 
  custom:scripting/precompiled-assembly-types:Assembly-CSharp-firstpass: c3b8ba213efe735b4b5ada0ee074dcb3 -> 
  custom:scripting/precompiled-assembly-types:DOTween: 41770a3e10244ae0a34e714162bbdba6 -> 
  custom:CustomObjectIndexerAttribute: 9a22284fe3817be447336de3de66b15e -> 
  custom:container-demuxer-webm: 4f35f7cbe854078d1ac9338744f61a02 -> 
  custom:scripting/monoscript/fileName/BulletTower.cs: 50552104c9d19a80e5b2d0f1a6d0dd85 -> 
  custom:scripting/monoscript/fileName/TimeManager.cs: ee896401883365d64d0753163ba65eb8 -> 
  custom:container-muxer-webm: aa71ff27fc2769a1b78a27578f13a17b -> 
  custom:video-decoder-webm-vp8: 9c59270c3fd7afecdb556c50c9e8de78 -> 
  custom:SearchIndexIgnoredProperties: e643bd26f0fe6173181afceb89e7c659 -> 
  custom:AudioImporter_EditorPlatform: d09bf68614088b80899f8185d706f6e7 -> 
  custom:scripting/monoscript/fileName/DOTweenModuleAudio.cs: 371877257ce39f5f0996ea556debbc8a -> 
  custom:scripting/monoscript/fileName/DOTweenModulePhysics2D.cs: 63b0e5981d81d026672954b54596f5ae -> 
  custom:scripting/precompiled-assembly-types:DOTweenEditor: 1efdf497b099e4e6944f0dd7fb28c744 -> 
  custom:scripting/monoscript/fileName/DOTweenModuleSprite.cs: e35fb5eb1c483cffc283a374a5e25466 -> 
  custom:video-encoder-webm-vp8: eb34c28f22e8b96e1ab97ce403110664 -> 
  custom:scripting/monoscript/fileName/DOTweenModulePhysics.cs: 87f8974001cd2397421cfdcad1904e83 -> 
  custom:audio-decoder-ogg-vorbis: bf7c407c2cedff20999df2af8eb42d56 -> 
  custom:scripting/monoscript/fileName/Bullet.cs: a4f5918e799041ba1f6608f13912eb8b -> 
  custom:audio-encoder-webm-vorbis: bf7c407c2cedff20999df2af8eb42d56 -> 
  custom:scripting/precompiled-assembly-types:Assembly-CSharp: d4c78cc19068d276b86a2a4dd98f83d9 -> 
========================================================================
Received Prepare
Caller must complete domain reload
Begin MonoManager ReloadAssembly
- Loaded All Assemblies, in  0.444 seconds
Native extension for WindowsStandalone target not found
Native extension for WebGL target not found
Mono: successfully reloaded assembly
- Finished resetting the current domain, in  0.846 seconds
Domain Reload Profiling: 1290ms
	BeginReloadAssembly (146ms)
		ExecutionOrderSort (0ms)
		DisableScriptedObjects (12ms)
		BackupInstance (0ms)
		ReleaseScriptingObjects (0ms)
		CreateAndSetChildDomain (34ms)
	RebuildCommonClasses (33ms)
	RebuildNativeTypeToScriptingClass (12ms)
	initialDomainReloadingComplete (26ms)
	LoadAllAssembliesAndSetupDomain (227ms)
		LoadAssemblies (270ms)
		RebuildTransferFunctionScriptingTraits (0ms)
		AnalyzeDomain (29ms)
			TypeCache.Refresh (9ms)
				TypeCache.ScanAssembly (0ms)
			ScanForSourceGeneratedMonoScriptInfo (11ms)
			ResolveRequiredComponents (6ms)
	FinalizeReload (847ms)
		ReleaseScriptCaches (0ms)
		RebuildScriptCaches (0ms)
		SetupLoadedEditorAssemblies (411ms)
			LogAssemblyErrors (0ms)
			InitializePlatformSupportModulesInManaged (7ms)
			SetLoadedEditorAssemblies (5ms)
			RefreshPlugins (0ms)
			BeforeProcessingInitializeOnLoad (68ms)
			ProcessInitializeOnLoadAttributes (285ms)
			ProcessInitializeOnLoadMethodAttributes (42ms)
			AfterProcessingInitializeOnLoad (3ms)
			EditorAssembliesLoaded (0ms)
		ExecutionOrderSort2 (0ms)
		AwakeInstancesAfterBackupRestoration (12ms)
Refreshing native plugins compatible for Editor in 2.67 ms, found 4 plugins.
Preloading 0 native plugins for Editor in 0.00 ms.
Unloading 4067 Unused Serialized files (Serialized files now loaded: 0)
Unloading 27 unused Assets / (213.5 KB). Loaded Objects now: 4831.
Memory consumption went from 145.5 MB to 145.3 MB.
Total: 3.788000 ms (FindLiveObjects: 0.482600 ms CreateObjectMapping: 0.221900 ms MarkObjects: 2.892300 ms  DeleteObjects: 0.190200 ms)

Prepare: number of updated asset objects reloaded= 0
AssetImportParameters requested are different than current active one (requested -> active):
  custom:scripting/monoscript/fileName/DOTweenModuleUtils.cs: 34ad347c902a97803d1c13fe65e97957 -> 
  custom:container-demuxer-ogg: 62fdf1f143b41e24485cea50d1cbac27 -> 
  custom:video-decoder-ogg-theora: a1e56fd34408186e4bbccfd4996cb3dc -> 
  custom:scripting/monoscript/fileName/DOTweenModuleUnityVersion.cs: 5fda8b30fb2f0276062c9b201e3b53c4 -> 
  custom:scripting/monoscript/fileName/DOTweenModuleUI.cs: 53c26b618f695b59a868eebdc97332ad -> 
  custom:framework-win-MediaFoundation: 216162199b28c13a410421893ffa2e32 -> 
  custom:scripting/precompiled-assembly-types:Assembly-CSharp-firstpass: c3b8ba213efe735b4b5ada0ee074dcb3 -> 
  custom:scripting/precompiled-assembly-types:DOTween: 41770a3e10244ae0a34e714162bbdba6 -> 
  custom:CustomObjectIndexerAttribute: 9a22284fe3817be447336de3de66b15e -> 
  custom:container-demuxer-webm: 4f35f7cbe854078d1ac9338744f61a02 -> 
  custom:scripting/monoscript/fileName/BulletTower.cs: 50552104c9d19a80e5b2d0f1a6d0dd85 -> 
  custom:scripting/monoscript/fileName/TimeManager.cs: ee896401883365d64d0753163ba65eb8 -> 
  custom:container-muxer-webm: aa71ff27fc2769a1b78a27578f13a17b -> 
  custom:video-decoder-webm-vp8: 9c59270c3fd7afecdb556c50c9e8de78 -> 
  custom:SearchIndexIgnoredProperties: e643bd26f0fe6173181afceb89e7c659 -> 
  custom:AudioImporter_EditorPlatform: d09bf68614088b80899f8185d706f6e7 -> 
  custom:scripting/monoscript/fileName/DOTweenModuleAudio.cs: 371877257ce39f5f0996ea556debbc8a -> 
  custom:scripting/monoscript/fileName/DOTweenModulePhysics2D.cs: 63b0e5981d81d026672954b54596f5ae -> 
  custom:scripting/precompiled-assembly-types:DOTweenEditor: 1efdf497b099e4e6944f0dd7fb28c744 -> 
  custom:scripting/monoscript/fileName/DOTweenModuleSprite.cs: e35fb5eb1c483cffc283a374a5e25466 -> 
  custom:video-encoder-webm-vp8: eb34c28f22e8b96e1ab97ce403110664 -> 
  custom:scripting/monoscript/fileName/DOTweenModulePhysics.cs: 87f8974001cd2397421cfdcad1904e83 -> 
  custom:audio-decoder-ogg-vorbis: bf7c407c2cedff20999df2af8eb42d56 -> 
  custom:scripting/monoscript/fileName/Bullet.cs: a4f5918e799041ba1f6608f13912eb8b -> 
  custom:audio-encoder-webm-vorbis: bf7c407c2cedff20999df2af8eb42d56 -> 
  custom:scripting/precompiled-assembly-types:Assembly-CSharp: d4c78cc19068d276b86a2a4dd98f83d9 -> 
========================================================================
Received Prepare
Caller must complete domain reload
Begin MonoManager ReloadAssembly
- Loaded All Assemblies, in  0.461 seconds
Native extension for WindowsStandalone target not found
Native extension for WebGL target not found
Mono: successfully reloaded assembly
- Finished resetting the current domain, in  0.869 seconds
Domain Reload Profiling: 1329ms
	BeginReloadAssembly (143ms)
		ExecutionOrderSort (0ms)
		DisableScriptedObjects (12ms)
		BackupInstance (0ms)
		ReleaseScriptingObjects (0ms)
		CreateAndSetChildDomain (30ms)
	RebuildCommonClasses (35ms)
	RebuildNativeTypeToScriptingClass (12ms)
	initialDomainReloadingComplete (26ms)
	LoadAllAssembliesAndSetupDomain (244ms)
		LoadAssemblies (281ms)
		RebuildTransferFunctionScriptingTraits (0ms)
		AnalyzeDomain (36ms)
			TypeCache.Refresh (12ms)
				TypeCache.ScanAssembly (0ms)
			ScanForSourceGeneratedMonoScriptInfo (15ms)
			ResolveRequiredComponents (8ms)
	FinalizeReload (869ms)
		ReleaseScriptCaches (0ms)
		RebuildScriptCaches (0ms)
		SetupLoadedEditorAssemblies (412ms)
			LogAssemblyErrors (0ms)
			InitializePlatformSupportModulesInManaged (7ms)
			SetLoadedEditorAssemblies (6ms)
			RefreshPlugins (0ms)
			BeforeProcessingInitializeOnLoad (77ms)
			ProcessInitializeOnLoadAttributes (285ms)
			ProcessInitializeOnLoadMethodAttributes (34ms)
			AfterProcessingInitializeOnLoad (3ms)
			EditorAssembliesLoaded (0ms)
		ExecutionOrderSort2 (0ms)
		AwakeInstancesAfterBackupRestoration (13ms)
Refreshing native plugins compatible for Editor in 2.88 ms, found 4 plugins.
Preloading 0 native plugins for Editor in 0.00 ms.
Unloading 4067 Unused Serialized files (Serialized files now loaded: 0)
Unloading 27 unused Assets / (213.6 KB). Loaded Objects now: 4835.
Memory consumption went from 145.5 MB to 145.3 MB.
Total: 3.508600 ms (FindLiveObjects: 0.339300 ms CreateObjectMapping: 0.113300 ms MarkObjects: 2.873300 ms  DeleteObjects: 0.181800 ms)

Prepare: number of updated asset objects reloaded= 0
AssetImportParameters requested are different than current active one (requested -> active):
  custom:scripting/monoscript/fileName/DOTweenModuleUtils.cs: 34ad347c902a97803d1c13fe65e97957 -> 
  custom:container-demuxer-ogg: 62fdf1f143b41e24485cea50d1cbac27 -> 
  custom:video-decoder-ogg-theora: a1e56fd34408186e4bbccfd4996cb3dc -> 
  custom:scripting/monoscript/fileName/DOTweenModuleUnityVersion.cs: 5fda8b30fb2f0276062c9b201e3b53c4 -> 
  custom:scripting/monoscript/fileName/DOTweenModuleUI.cs: 53c26b618f695b59a868eebdc97332ad -> 
  custom:framework-win-MediaFoundation: 216162199b28c13a410421893ffa2e32 -> 
  custom:scripting/precompiled-assembly-types:Assembly-CSharp-firstpass: c3b8ba213efe735b4b5ada0ee074dcb3 -> 
  custom:scripting/precompiled-assembly-types:DOTween: 41770a3e10244ae0a34e714162bbdba6 -> 
  custom:CustomObjectIndexerAttribute: 9a22284fe3817be447336de3de66b15e -> 
  custom:container-demuxer-webm: 4f35f7cbe854078d1ac9338744f61a02 -> 
  custom:scripting/monoscript/fileName/BulletTower.cs: 50552104c9d19a80e5b2d0f1a6d0dd85 -> 
  custom:scripting/monoscript/fileName/TimeManager.cs: ee896401883365d64d0753163ba65eb8 -> 
  custom:container-muxer-webm: aa71ff27fc2769a1b78a27578f13a17b -> 
  custom:video-decoder-webm-vp8: 9c59270c3fd7afecdb556c50c9e8de78 -> 
  custom:SearchIndexIgnoredProperties: e643bd26f0fe6173181afceb89e7c659 -> 
  custom:AudioImporter_EditorPlatform: d09bf68614088b80899f8185d706f6e7 -> 
  custom:scripting/monoscript/fileName/DOTweenModuleAudio.cs: 371877257ce39f5f0996ea556debbc8a -> 
  custom:scripting/monoscript/fileName/DOTweenModulePhysics2D.cs: 63b0e5981d81d026672954b54596f5ae -> 
  custom:scripting/precompiled-assembly-types:DOTweenEditor: 1efdf497b099e4e6944f0dd7fb28c744 -> 
  custom:scripting/monoscript/fileName/DOTweenModuleSprite.cs: e35fb5eb1c483cffc283a374a5e25466 -> 
  custom:video-encoder-webm-vp8: eb34c28f22e8b96e1ab97ce403110664 -> 
  custom:scripting/monoscript/fileName/DOTweenModulePhysics.cs: 87f8974001cd2397421cfdcad1904e83 -> 
  custom:audio-decoder-ogg-vorbis: bf7c407c2cedff20999df2af8eb42d56 -> 
  custom:scripting/monoscript/fileName/Bullet.cs: a4f5918e799041ba1f6608f13912eb8b -> 
  custom:audio-encoder-webm-vorbis: bf7c407c2cedff20999df2af8eb42d56 -> 
  custom:scripting/precompiled-assembly-types:Assembly-CSharp: d4c78cc19068d276b86a2a4dd98f83d9 -> 
========================================================================
Received Prepare
Caller must complete domain reload
Begin MonoManager ReloadAssembly
- Loaded All Assemblies, in  0.473 seconds
Native extension for WindowsStandalone target not found
Native extension for WebGL target not found
Mono: successfully reloaded assembly
- Finished resetting the current domain, in  0.849 seconds
Domain Reload Profiling: 1322ms
	BeginReloadAssembly (163ms)
		ExecutionOrderSort (0ms)
		DisableScriptedObjects (12ms)
		BackupInstance (0ms)
		ReleaseScriptingObjects (0ms)
		CreateAndSetChildDomain (36ms)
	RebuildCommonClasses (37ms)
	RebuildNativeTypeToScriptingClass (13ms)
	initialDomainReloadingComplete (26ms)
	LoadAllAssembliesAndSetupDomain (233ms)
		LoadAssemblies (293ms)
		RebuildTransferFunctionScriptingTraits (0ms)
		AnalyzeDomain (26ms)
			TypeCache.Refresh (8ms)
				TypeCache.ScanAssembly (0ms)
			ScanForSourceGeneratedMonoScriptInfo (10ms)
			ResolveRequiredComponents (6ms)
	FinalizeReload (850ms)
		ReleaseScriptCaches (0ms)
		RebuildScriptCaches (0ms)
		SetupLoadedEditorAssemblies (418ms)
			LogAssemblyErrors (0ms)
			InitializePlatformSupportModulesInManaged (6ms)
			SetLoadedEditorAssemblies (4ms)
			RefreshPlugins (0ms)
			BeforeProcessingInitializeOnLoad (70ms)
			ProcessInitializeOnLoadAttributes (302ms)
			ProcessInitializeOnLoadMethodAttributes (32ms)
			AfterProcessingInitializeOnLoad (3ms)
			EditorAssembliesLoaded (0ms)
		ExecutionOrderSort2 (0ms)
		AwakeInstancesAfterBackupRestoration (18ms)
Refreshing native plugins compatible for Editor in 2.51 ms, found 4 plugins.
Preloading 0 native plugins for Editor in 0.00 ms.
Unloading 4067 Unused Serialized files (Serialized files now loaded: 0)
Unloading 27 unused Assets / (213.5 KB). Loaded Objects now: 4839.
Memory consumption went from 145.5 MB to 145.3 MB.
Total: 3.223500 ms (FindLiveObjects: 0.398500 ms CreateObjectMapping: 0.103500 ms MarkObjects: 2.535000 ms  DeleteObjects: 0.184800 ms)

Prepare: number of updated asset objects reloaded= 0
AssetImportParameters requested are different than current active one (requested -> active):
  custom:scripting/monoscript/fileName/DOTweenModuleUtils.cs: 34ad347c902a97803d1c13fe65e97957 -> 
  custom:container-demuxer-ogg: 62fdf1f143b41e24485cea50d1cbac27 -> 
  custom:video-decoder-ogg-theora: a1e56fd34408186e4bbccfd4996cb3dc -> 
  custom:scripting/monoscript/fileName/DOTweenModuleUnityVersion.cs: 5fda8b30fb2f0276062c9b201e3b53c4 -> 
  custom:scripting/monoscript/fileName/DOTweenModuleUI.cs: 53c26b618f695b59a868eebdc97332ad -> 
  custom:framework-win-MediaFoundation: 216162199b28c13a410421893ffa2e32 -> 
  custom:scripting/precompiled-assembly-types:Assembly-CSharp-firstpass: c3b8ba213efe735b4b5ada0ee074dcb3 -> 
  custom:scripting/precompiled-assembly-types:DOTween: 41770a3e10244ae0a34e714162bbdba6 -> 
  custom:CustomObjectIndexerAttribute: 9a22284fe3817be447336de3de66b15e -> 
  custom:container-demuxer-webm: 4f35f7cbe854078d1ac9338744f61a02 -> 
  custom:scripting/monoscript/fileName/BulletTower.cs: 50552104c9d19a80e5b2d0f1a6d0dd85 -> 
  custom:scripting/monoscript/fileName/TimeManager.cs: ee896401883365d64d0753163ba65eb8 -> 
  custom:container-muxer-webm: aa71ff27fc2769a1b78a27578f13a17b -> 
  custom:video-decoder-webm-vp8: 9c59270c3fd7afecdb556c50c9e8de78 -> 
  custom:SearchIndexIgnoredProperties: e643bd26f0fe6173181afceb89e7c659 -> 
  custom:AudioImporter_EditorPlatform: d09bf68614088b80899f8185d706f6e7 -> 
  custom:scripting/monoscript/fileName/DOTweenModuleAudio.cs: 371877257ce39f5f0996ea556debbc8a -> 
  custom:scripting/monoscript/fileName/DOTweenModulePhysics2D.cs: 63b0e5981d81d026672954b54596f5ae -> 
  custom:scripting/precompiled-assembly-types:DOTweenEditor: 1efdf497b099e4e6944f0dd7fb28c744 -> 
  custom:scripting/monoscript/fileName/DOTweenModuleSprite.cs: e35fb5eb1c483cffc283a374a5e25466 -> 
  custom:video-encoder-webm-vp8: eb34c28f22e8b96e1ab97ce403110664 -> 
  custom:scripting/monoscript/fileName/DOTweenModulePhysics.cs: 87f8974001cd2397421cfdcad1904e83 -> 
  custom:audio-decoder-ogg-vorbis: bf7c407c2cedff20999df2af8eb42d56 -> 
  custom:scripting/monoscript/fileName/Bullet.cs: a4f5918e799041ba1f6608f13912eb8b -> 
  custom:audio-encoder-webm-vorbis: bf7c407c2cedff20999df2af8eb42d56 -> 
  custom:scripting/precompiled-assembly-types:Assembly-CSharp: d4c78cc19068d276b86a2a4dd98f83d9 -> 
========================================================================
Received Prepare
Caller must complete domain reload
Begin MonoManager ReloadAssembly
- Loaded All Assemblies, in  0.440 seconds
Native extension for WindowsStandalone target not found
Native extension for WebGL target not found
Mono: successfully reloaded assembly
- Finished resetting the current domain, in  0.867 seconds
Domain Reload Profiling: 1306ms
	BeginReloadAssembly (148ms)
		ExecutionOrderSort (0ms)
		DisableScriptedObjects (13ms)
		BackupInstance (0ms)
		ReleaseScriptingObjects (0ms)
		CreateAndSetChildDomain (32ms)
	RebuildCommonClasses (34ms)
	RebuildNativeTypeToScriptingClass (12ms)
	initialDomainReloadingComplete (26ms)
	LoadAllAssembliesAndSetupDomain (219ms)
		LoadAssemblies (267ms)
		RebuildTransferFunctionScriptingTraits (0ms)
		AnalyzeDomain (28ms)
			TypeCache.Refresh (9ms)
				TypeCache.ScanAssembly (0ms)
			ScanForSourceGeneratedMonoScriptInfo (11ms)
			ResolveRequiredComponents (6ms)
	FinalizeReload (867ms)
		ReleaseScriptCaches (0ms)
		RebuildScriptCaches (0ms)
		SetupLoadedEditorAssemblies (420ms)
			LogAssemblyErrors (0ms)
			InitializePlatformSupportModulesInManaged (6ms)
			SetLoadedEditorAssemblies (5ms)
			RefreshPlugins (0ms)
			BeforeProcessingInitializeOnLoad (70ms)
			ProcessInitializeOnLoadAttributes (306ms)
			ProcessInitializeOnLoadMethodAttributes (31ms)
			AfterProcessingInitializeOnLoad (3ms)
			EditorAssembliesLoaded (0ms)
		ExecutionOrderSort2 (0ms)
		AwakeInstancesAfterBackupRestoration (12ms)
Refreshing native plugins compatible for Editor in 2.60 ms, found 4 plugins.
Preloading 0 native plugins for Editor in 0.00 ms.
Unloading 4067 Unused Serialized files (Serialized files now loaded: 0)
Unloading 27 unused Assets / (213.6 KB). Loaded Objects now: 4843.
Memory consumption went from 145.5 MB to 145.3 MB.
Total: 3.411100 ms (FindLiveObjects: 0.352000 ms CreateObjectMapping: 0.112800 ms MarkObjects: 2.739200 ms  DeleteObjects: 0.206200 ms)

Prepare: number of updated asset objects reloaded= 0
AssetImportParameters requested are different than current active one (requested -> active):
  custom:scripting/monoscript/fileName/DOTweenModuleUtils.cs: 34ad347c902a97803d1c13fe65e97957 -> 
  custom:container-demuxer-ogg: 62fdf1f143b41e24485cea50d1cbac27 -> 
  custom:video-decoder-ogg-theora: a1e56fd34408186e4bbccfd4996cb3dc -> 
  custom:scripting/monoscript/fileName/DOTweenModuleUnityVersion.cs: 5fda8b30fb2f0276062c9b201e3b53c4 -> 
  custom:scripting/monoscript/fileName/DOTweenModuleUI.cs: 53c26b618f695b59a868eebdc97332ad -> 
  custom:framework-win-MediaFoundation: 216162199b28c13a410421893ffa2e32 -> 
  custom:scripting/precompiled-assembly-types:Assembly-CSharp-firstpass: c3b8ba213efe735b4b5ada0ee074dcb3 -> 
  custom:scripting/precompiled-assembly-types:DOTween: 41770a3e10244ae0a34e714162bbdba6 -> 
  custom:CustomObjectIndexerAttribute: 9a22284fe3817be447336de3de66b15e -> 
  custom:container-demuxer-webm: 4f35f7cbe854078d1ac9338744f61a02 -> 
  custom:scripting/monoscript/fileName/BulletTower.cs: 50552104c9d19a80e5b2d0f1a6d0dd85 -> 
  custom:scripting/monoscript/fileName/TimeManager.cs: ee896401883365d64d0753163ba65eb8 -> 
  custom:container-muxer-webm: aa71ff27fc2769a1b78a27578f13a17b -> 
  custom:video-decoder-webm-vp8: 9c59270c3fd7afecdb556c50c9e8de78 -> 
  custom:SearchIndexIgnoredProperties: e643bd26f0fe6173181afceb89e7c659 -> 
  custom:AudioImporter_EditorPlatform: d09bf68614088b80899f8185d706f6e7 -> 
  custom:scripting/monoscript/fileName/DOTweenModuleAudio.cs: 371877257ce39f5f0996ea556debbc8a -> 
  custom:scripting/monoscript/fileName/DOTweenModulePhysics2D.cs: 63b0e5981d81d026672954b54596f5ae -> 
  custom:scripting/precompiled-assembly-types:DOTweenEditor: 1efdf497b099e4e6944f0dd7fb28c744 -> 
  custom:scripting/monoscript/fileName/DOTweenModuleSprite.cs: e35fb5eb1c483cffc283a374a5e25466 -> 
  custom:video-encoder-webm-vp8: eb34c28f22e8b96e1ab97ce403110664 -> 
  custom:scripting/monoscript/fileName/DOTweenModulePhysics.cs: 87f8974001cd2397421cfdcad1904e83 -> 
  custom:audio-decoder-ogg-vorbis: bf7c407c2cedff20999df2af8eb42d56 -> 
  custom:scripting/monoscript/fileName/Bullet.cs: a4f5918e799041ba1f6608f13912eb8b -> 
  custom:audio-encoder-webm-vorbis: bf7c407c2cedff20999df2af8eb42d56 -> 
  custom:scripting/precompiled-assembly-types:Assembly-CSharp: d4c78cc19068d276b86a2a4dd98f83d9 -> 
========================================================================
Received Prepare
Caller must complete domain reload
Begin MonoManager ReloadAssembly
- Loaded All Assemblies, in  0.417 seconds
Native extension for WindowsStandalone target not found
Native extension for WebGL target not found
Mono: successfully reloaded assembly
- Finished resetting the current domain, in  0.836 seconds
Domain Reload Profiling: 1253ms
	BeginReloadAssembly (141ms)
		ExecutionOrderSort (0ms)
		DisableScriptedObjects (12ms)
		BackupInstance (0ms)
		ReleaseScriptingObjects (0ms)
		CreateAndSetChildDomain (32ms)
	RebuildCommonClasses (34ms)
	RebuildNativeTypeToScriptingClass (12ms)
	initialDomainReloadingComplete (26ms)
	LoadAllAssembliesAndSetupDomain (204ms)
		LoadAssemblies (260ms)
		RebuildTransferFunctionScriptingTraits (0ms)
		AnalyzeDomain (13ms)
			TypeCache.Refresh (5ms)
				TypeCache.ScanAssembly (0ms)
			ScanForSourceGeneratedMonoScriptInfo (0ms)
			ResolveRequiredComponents (6ms)
	FinalizeReload (836ms)
		ReleaseScriptCaches (0ms)
		RebuildScriptCaches (0ms)
		SetupLoadedEditorAssemblies (409ms)
			LogAssemblyErrors (0ms)
			InitializePlatformSupportModulesInManaged (6ms)
			SetLoadedEditorAssemblies (5ms)
			RefreshPlugins (0ms)
			BeforeProcessingInitializeOnLoad (69ms)
			ProcessInitializeOnLoadAttributes (288ms)
			ProcessInitializeOnLoadMethodAttributes (37ms)
			AfterProcessingInitializeOnLoad (3ms)
			EditorAssembliesLoaded (0ms)
		ExecutionOrderSort2 (0ms)
		AwakeInstancesAfterBackupRestoration (18ms)
Refreshing native plugins compatible for Editor in 2.61 ms, found 4 plugins.
Preloading 0 native plugins for Editor in 0.00 ms.
Unloading 4067 Unused Serialized files (Serialized files now loaded: 0)
Unloading 27 unused Assets / (213.6 KB). Loaded Objects now: 4847.
Memory consumption went from 145.5 MB to 145.3 MB.
Total: 3.877600 ms (FindLiveObjects: 0.386000 ms CreateObjectMapping: 0.154800 ms MarkObjects: 3.113800 ms  DeleteObjects: 0.221700 ms)

Prepare: number of updated asset objects reloaded= 0
AssetImportParameters requested are different than current active one (requested -> active):
  custom:scripting/monoscript/fileName/DOTweenModuleUtils.cs: 34ad347c902a97803d1c13fe65e97957 -> 
  custom:container-demuxer-ogg: 62fdf1f143b41e24485cea50d1cbac27 -> 
  custom:video-decoder-ogg-theora: a1e56fd34408186e4bbccfd4996cb3dc -> 
  custom:scripting/monoscript/fileName/DOTweenModuleUnityVersion.cs: 5fda8b30fb2f0276062c9b201e3b53c4 -> 
  custom:scripting/monoscript/fileName/DOTweenModuleUI.cs: 53c26b618f695b59a868eebdc97332ad -> 
  custom:framework-win-MediaFoundation: 216162199b28c13a410421893ffa2e32 -> 
  custom:scripting/precompiled-assembly-types:Assembly-CSharp-firstpass: c3b8ba213efe735b4b5ada0ee074dcb3 -> 
  custom:scripting/precompiled-assembly-types:DOTween: 41770a3e10244ae0a34e714162bbdba6 -> 
  custom:CustomObjectIndexerAttribute: 9a22284fe3817be447336de3de66b15e -> 
  custom:container-demuxer-webm: 4f35f7cbe854078d1ac9338744f61a02 -> 
  custom:scripting/monoscript/fileName/BulletTower.cs: 50552104c9d19a80e5b2d0f1a6d0dd85 -> 
  custom:scripting/monoscript/fileName/TimeManager.cs: ee896401883365d64d0753163ba65eb8 -> 
  custom:container-muxer-webm: aa71ff27fc2769a1b78a27578f13a17b -> 
  custom:video-decoder-webm-vp8: 9c59270c3fd7afecdb556c50c9e8de78 -> 
  custom:SearchIndexIgnoredProperties: e643bd26f0fe6173181afceb89e7c659 -> 
  custom:AudioImporter_EditorPlatform: d09bf68614088b80899f8185d706f6e7 -> 
  custom:scripting/monoscript/fileName/DOTweenModuleAudio.cs: 371877257ce39f5f0996ea556debbc8a -> 
  custom:scripting/monoscript/fileName/DOTweenModulePhysics2D.cs: 63b0e5981d81d026672954b54596f5ae -> 
  custom:scripting/precompiled-assembly-types:DOTweenEditor: 1efdf497b099e4e6944f0dd7fb28c744 -> 
  custom:scripting/monoscript/fileName/DOTweenModuleSprite.cs: e35fb5eb1c483cffc283a374a5e25466 -> 
  custom:video-encoder-webm-vp8: eb34c28f22e8b96e1ab97ce403110664 -> 
  custom:scripting/monoscript/fileName/DOTweenModulePhysics.cs: 87f8974001cd2397421cfdcad1904e83 -> 
  custom:audio-decoder-ogg-vorbis: bf7c407c2cedff20999df2af8eb42d56 -> 
  custom:scripting/monoscript/fileName/Bullet.cs: a4f5918e799041ba1f6608f13912eb8b -> 
  custom:audio-encoder-webm-vorbis: bf7c407c2cedff20999df2af8eb42d56 -> 
  custom:scripting/precompiled-assembly-types:Assembly-CSharp: d4c78cc19068d276b86a2a4dd98f83d9 -> 
========================================================================
Received Prepare
Caller must complete domain reload
Begin MonoManager ReloadAssembly
- Loaded All Assemblies, in  0.411 seconds
Native extension for WindowsStandalone target not found
Native extension for WebGL target not found
Mono: successfully reloaded assembly
- Finished resetting the current domain, in  0.853 seconds
Domain Reload Profiling: 1264ms
	BeginReloadAssembly (143ms)
		ExecutionOrderSort (0ms)
		DisableScriptedObjects (13ms)
		BackupInstance (0ms)
		ReleaseScriptingObjects (0ms)
		CreateAndSetChildDomain (32ms)
	RebuildCommonClasses (33ms)
	RebuildNativeTypeToScriptingClass (12ms)
	initialDomainReloadingComplete (25ms)
	LoadAllAssembliesAndSetupDomain (197ms)
		LoadAssemblies (253ms)
		RebuildTransferFunctionScriptingTraits (0ms)
		AnalyzeDomain (14ms)
			TypeCache.Refresh (6ms)
				TypeCache.ScanAssembly (0ms)
			ScanForSourceGeneratedMonoScriptInfo (0ms)
			ResolveRequiredComponents (6ms)
	FinalizeReload (854ms)
		ReleaseScriptCaches (0ms)
		RebuildScriptCaches (0ms)
		SetupLoadedEditorAssemblies (403ms)
			LogAssemblyErrors (0ms)
			InitializePlatformSupportModulesInManaged (9ms)
			SetLoadedEditorAssemblies (4ms)
			RefreshPlugins (0ms)
			BeforeProcessingInitializeOnLoad (63ms)
			ProcessInitializeOnLoadAttributes (286ms)
			ProcessInitializeOnLoadMethodAttributes (37ms)
			AfterProcessingInitializeOnLoad (3ms)
			EditorAssembliesLoaded (0ms)
		ExecutionOrderSort2 (0ms)
		AwakeInstancesAfterBackupRestoration (14ms)
Refreshing native plugins compatible for Editor in 3.15 ms, found 4 plugins.
Preloading 0 native plugins for Editor in 0.00 ms.
Unloading 4067 Unused Serialized files (Serialized files now loaded: 0)
Unloading 27 unused Assets / (213.7 KB). Loaded Objects now: 4851.
Memory consumption went from 145.5 MB to 145.3 MB.
Total: 4.158300 ms (FindLiveObjects: 0.436900 ms CreateObjectMapping: 0.146900 ms MarkObjects: 3.344300 ms  DeleteObjects: 0.228100 ms)

Prepare: number of updated asset objects reloaded= 0
AssetImportParameters requested are different than current active one (requested -> active):
  custom:scripting/monoscript/fileName/DOTweenModuleUtils.cs: 34ad347c902a97803d1c13fe65e97957 -> 
  custom:container-demuxer-ogg: 62fdf1f143b41e24485cea50d1cbac27 -> 
  custom:video-decoder-ogg-theora: a1e56fd34408186e4bbccfd4996cb3dc -> 
  custom:scripting/monoscript/fileName/DOTweenModuleUnityVersion.cs: 5fda8b30fb2f0276062c9b201e3b53c4 -> 
  custom:scripting/monoscript/fileName/DOTweenModuleUI.cs: 53c26b618f695b59a868eebdc97332ad -> 
  custom:framework-win-MediaFoundation: 216162199b28c13a410421893ffa2e32 -> 
  custom:scripting/precompiled-assembly-types:Assembly-CSharp-firstpass: c3b8ba213efe735b4b5ada0ee074dcb3 -> 
  custom:scripting/precompiled-assembly-types:DOTween: 41770a3e10244ae0a34e714162bbdba6 -> 
  custom:CustomObjectIndexerAttribute: 9a22284fe3817be447336de3de66b15e -> 
  custom:container-demuxer-webm: 4f35f7cbe854078d1ac9338744f61a02 -> 
  custom:scripting/monoscript/fileName/BulletTower.cs: 50552104c9d19a80e5b2d0f1a6d0dd85 -> 
  custom:scripting/monoscript/fileName/TimeManager.cs: ee896401883365d64d0753163ba65eb8 -> 
  custom:container-muxer-webm: aa71ff27fc2769a1b78a27578f13a17b -> 
  custom:video-decoder-webm-vp8: 9c59270c3fd7afecdb556c50c9e8de78 -> 
  custom:SearchIndexIgnoredProperties: e643bd26f0fe6173181afceb89e7c659 -> 
  custom:AudioImporter_EditorPlatform: d09bf68614088b80899f8185d706f6e7 -> 
  custom:scripting/monoscript/fileName/DOTweenModuleAudio.cs: 371877257ce39f5f0996ea556debbc8a -> 
  custom:scripting/monoscript/fileName/DOTweenModulePhysics2D.cs: 63b0e5981d81d026672954b54596f5ae -> 
  custom:scripting/precompiled-assembly-types:DOTweenEditor: 1efdf497b099e4e6944f0dd7fb28c744 -> 
  custom:scripting/monoscript/fileName/DOTweenModuleSprite.cs: e35fb5eb1c483cffc283a374a5e25466 -> 
  custom:video-encoder-webm-vp8: eb34c28f22e8b96e1ab97ce403110664 -> 
  custom:scripting/monoscript/fileName/DOTweenModulePhysics.cs: 87f8974001cd2397421cfdcad1904e83 -> 
  custom:audio-decoder-ogg-vorbis: bf7c407c2cedff20999df2af8eb42d56 -> 
  custom:scripting/monoscript/fileName/Bullet.cs: a4f5918e799041ba1f6608f13912eb8b -> 
  custom:audio-encoder-webm-vorbis: bf7c407c2cedff20999df2af8eb42d56 -> 
  custom:scripting/precompiled-assembly-types:Assembly-CSharp: d4c78cc19068d276b86a2a4dd98f83d9 -> 
========================================================================
Received Prepare
Caller must complete domain reload
Begin MonoManager ReloadAssembly
- Loaded All Assemblies, in  0.464 seconds
Native extension for WindowsStandalone target not found
Native extension for WebGL target not found
Mono: successfully reloaded assembly
- Finished resetting the current domain, in  0.850 seconds
Domain Reload Profiling: 1314ms
	BeginReloadAssembly (148ms)
		ExecutionOrderSort (0ms)
		DisableScriptedObjects (12ms)
		BackupInstance (0ms)
		ReleaseScriptingObjects (0ms)
		CreateAndSetChildDomain (33ms)
	RebuildCommonClasses (38ms)
	RebuildNativeTypeToScriptingClass (15ms)
	initialDomainReloadingComplete (26ms)
	LoadAllAssembliesAndSetupDomain (237ms)
		LoadAssemblies (282ms)
		RebuildTransferFunctionScriptingTraits (0ms)
		AnalyzeDomain (30ms)
			TypeCache.Refresh (9ms)
				TypeCache.ScanAssembly (0ms)
			ScanForSourceGeneratedMonoScriptInfo (13ms)
			ResolveRequiredComponents (7ms)
	FinalizeReload (850ms)
		ReleaseScriptCaches (0ms)
		RebuildScriptCaches (0ms)
		SetupLoadedEditorAssemblies (401ms)
			LogAssemblyErrors (0ms)
			InitializePlatformSupportModulesInManaged (6ms)
			SetLoadedEditorAssemblies (5ms)
			RefreshPlugins (0ms)
			BeforeProcessingInitializeOnLoad (71ms)
			ProcessInitializeOnLoadAttributes (283ms)
			ProcessInitializeOnLoadMethodAttributes (33ms)
			AfterProcessingInitializeOnLoad (3ms)
			EditorAssembliesLoaded (0ms)
		ExecutionOrderSort2 (0ms)
		AwakeInstancesAfterBackupRestoration (12ms)
Refreshing native plugins compatible for Editor in 2.59 ms, found 4 plugins.
Preloading 0 native plugins for Editor in 0.00 ms.
Unloading 4067 Unused Serialized files (Serialized files now loaded: 0)
Unloading 27 unused Assets / (213.4 KB). Loaded Objects now: 4855.
Memory consumption went from 145.5 MB to 145.3 MB.
Total: 3.370600 ms (FindLiveObjects: 0.370500 ms CreateObjectMapping: 0.113000 ms MarkObjects: 2.695900 ms  DeleteObjects: 0.190200 ms)

Prepare: number of updated asset objects reloaded= 0
AssetImportParameters requested are different than current active one (requested -> active):
  custom:scripting/monoscript/fileName/DOTweenModuleUtils.cs: 34ad347c902a97803d1c13fe65e97957 -> 
  custom:container-demuxer-ogg: 62fdf1f143b41e24485cea50d1cbac27 -> 
  custom:video-decoder-ogg-theora: a1e56fd34408186e4bbccfd4996cb3dc -> 
  custom:scripting/monoscript/fileName/DOTweenModuleUnityVersion.cs: 5fda8b30fb2f0276062c9b201e3b53c4 -> 
  custom:scripting/monoscript/fileName/DOTweenModuleUI.cs: 53c26b618f695b59a868eebdc97332ad -> 
  custom:framework-win-MediaFoundation: 216162199b28c13a410421893ffa2e32 -> 
  custom:scripting/precompiled-assembly-types:Assembly-CSharp-firstpass: c3b8ba213efe735b4b5ada0ee074dcb3 -> 
  custom:scripting/precompiled-assembly-types:DOTween: 41770a3e10244ae0a34e714162bbdba6 -> 
  custom:CustomObjectIndexerAttribute: 9a22284fe3817be447336de3de66b15e -> 
  custom:container-demuxer-webm: 4f35f7cbe854078d1ac9338744f61a02 -> 
  custom:scripting/monoscript/fileName/BulletTower.cs: 50552104c9d19a80e5b2d0f1a6d0dd85 -> 
  custom:scripting/monoscript/fileName/TimeManager.cs: ee896401883365d64d0753163ba65eb8 -> 
  custom:container-muxer-webm: aa71ff27fc2769a1b78a27578f13a17b -> 
  custom:video-decoder-webm-vp8: 9c59270c3fd7afecdb556c50c9e8de78 -> 
  custom:SearchIndexIgnoredProperties: e643bd26f0fe6173181afceb89e7c659 -> 
  custom:AudioImporter_EditorPlatform: d09bf68614088b80899f8185d706f6e7 -> 
  custom:scripting/monoscript/fileName/DOTweenModuleAudio.cs: 371877257ce39f5f0996ea556debbc8a -> 
  custom:scripting/monoscript/fileName/DOTweenModulePhysics2D.cs: 63b0e5981d81d026672954b54596f5ae -> 
  custom:scripting/precompiled-assembly-types:DOTweenEditor: 1efdf497b099e4e6944f0dd7fb28c744 -> 
  custom:scripting/monoscript/fileName/DOTweenModuleSprite.cs: e35fb5eb1c483cffc283a374a5e25466 -> 
  custom:video-encoder-webm-vp8: eb34c28f22e8b96e1ab97ce403110664 -> 
  custom:scripting/monoscript/fileName/DOTweenModulePhysics.cs: 87f8974001cd2397421cfdcad1904e83 -> 
  custom:audio-decoder-ogg-vorbis: bf7c407c2cedff20999df2af8eb42d56 -> 
  custom:scripting/monoscript/fileName/Bullet.cs: a4f5918e799041ba1f6608f13912eb8b -> 
  custom:audio-encoder-webm-vorbis: bf7c407c2cedff20999df2af8eb42d56 -> 
  custom:scripting/precompiled-assembly-types:Assembly-CSharp: d4c78cc19068d276b86a2a4dd98f83d9 -> 
========================================================================
Received Prepare
Caller must complete domain reload
Begin MonoManager ReloadAssembly
- Loaded All Assemblies, in  0.454 seconds
Native extension for WindowsStandalone target not found
Native extension for WebGL target not found
Mono: successfully reloaded assembly
- Finished resetting the current domain, in  0.829 seconds
Domain Reload Profiling: 1282ms
	BeginReloadAssembly (149ms)
		ExecutionOrderSort (0ms)
		DisableScriptedObjects (13ms)
		BackupInstance (0ms)
		ReleaseScriptingObjects (0ms)
		CreateAndSetChildDomain (34ms)
	RebuildCommonClasses (34ms)
	RebuildNativeTypeToScriptingClass (12ms)
	initialDomainReloadingComplete (26ms)
	LoadAllAssembliesAndSetupDomain (232ms)
		LoadAssemblies (278ms)
		RebuildTransferFunctionScriptingTraits (0ms)
		AnalyzeDomain (29ms)
			TypeCache.Refresh (9ms)
				TypeCache.ScanAssembly (0ms)
			ScanForSourceGeneratedMonoScriptInfo (10ms)
			ResolveRequiredComponents (8ms)
	FinalizeReload (829ms)
		ReleaseScriptCaches (0ms)
		RebuildScriptCaches (0ms)
		SetupLoadedEditorAssemblies (396ms)
			LogAssemblyErrors (0ms)
			InitializePlatformSupportModulesInManaged (6ms)
			SetLoadedEditorAssemblies (5ms)
			RefreshPlugins (0ms)
			BeforeProcessingInitializeOnLoad (71ms)
			ProcessInitializeOnLoadAttributes (278ms)
			ProcessInitializeOnLoadMethodAttributes (33ms)
			AfterProcessingInitializeOnLoad (3ms)
			EditorAssembliesLoaded (0ms)
		ExecutionOrderSort2 (0ms)
		AwakeInstancesAfterBackupRestoration (14ms)
Refreshing native plugins compatible for Editor in 2.46 ms, found 4 plugins.
Preloading 0 native plugins for Editor in 0.00 ms.
Unloading 4067 Unused Serialized files (Serialized files now loaded: 0)
Unloading 27 unused Assets / (213.6 KB). Loaded Objects now: 4859.
Memory consumption went from 145.5 MB to 145.3 MB.
Total: 3.388500 ms (FindLiveObjects: 0.411900 ms CreateObjectMapping: 0.138100 ms MarkObjects: 2.623900 ms  DeleteObjects: 0.213600 ms)

Prepare: number of updated asset objects reloaded= 0
AssetImportParameters requested are different than current active one (requested -> active):
  custom:scripting/monoscript/fileName/DOTweenModuleUtils.cs: 34ad347c902a97803d1c13fe65e97957 -> 
  custom:container-demuxer-ogg: 62fdf1f143b41e24485cea50d1cbac27 -> 
  custom:video-decoder-ogg-theora: a1e56fd34408186e4bbccfd4996cb3dc -> 
  custom:scripting/monoscript/fileName/DOTweenModuleUnityVersion.cs: 5fda8b30fb2f0276062c9b201e3b53c4 -> 
  custom:scripting/monoscript/fileName/DOTweenModuleUI.cs: 53c26b618f695b59a868eebdc97332ad -> 
  custom:framework-win-MediaFoundation: 216162199b28c13a410421893ffa2e32 -> 
  custom:scripting/precompiled-assembly-types:Assembly-CSharp-firstpass: c3b8ba213efe735b4b5ada0ee074dcb3 -> 
  custom:scripting/precompiled-assembly-types:DOTween: 41770a3e10244ae0a34e714162bbdba6 -> 
  custom:CustomObjectIndexerAttribute: 9a22284fe3817be447336de3de66b15e -> 
  custom:container-demuxer-webm: 4f35f7cbe854078d1ac9338744f61a02 -> 
  custom:scripting/monoscript/fileName/BulletTower.cs: 50552104c9d19a80e5b2d0f1a6d0dd85 -> 
  custom:scripting/monoscript/fileName/TimeManager.cs: ee896401883365d64d0753163ba65eb8 -> 
  custom:container-muxer-webm: aa71ff27fc2769a1b78a27578f13a17b -> 
  custom:video-decoder-webm-vp8: 9c59270c3fd7afecdb556c50c9e8de78 -> 
  custom:SearchIndexIgnoredProperties: e643bd26f0fe6173181afceb89e7c659 -> 
  custom:AudioImporter_EditorPlatform: d09bf68614088b80899f8185d706f6e7 -> 
  custom:scripting/monoscript/fileName/DOTweenModuleAudio.cs: 371877257ce39f5f0996ea556debbc8a -> 
  custom:scripting/monoscript/fileName/DOTweenModulePhysics2D.cs: 63b0e5981d81d026672954b54596f5ae -> 
  custom:scripting/precompiled-assembly-types:DOTweenEditor: 1efdf497b099e4e6944f0dd7fb28c744 -> 
  custom:scripting/monoscript/fileName/DOTweenModuleSprite.cs: e35fb5eb1c483cffc283a374a5e25466 -> 
  custom:video-encoder-webm-vp8: eb34c28f22e8b96e1ab97ce403110664 -> 
  custom:scripting/monoscript/fileName/DOTweenModulePhysics.cs: 87f8974001cd2397421cfdcad1904e83 -> 
  custom:audio-decoder-ogg-vorbis: bf7c407c2cedff20999df2af8eb42d56 -> 
  custom:scripting/monoscript/fileName/Bullet.cs: a4f5918e799041ba1f6608f13912eb8b -> 
  custom:audio-encoder-webm-vorbis: bf7c407c2cedff20999df2af8eb42d56 -> 
  custom:scripting/precompiled-assembly-types:Assembly-CSharp: d4c78cc19068d276b86a2a4dd98f83d9 -> 
========================================================================
Received Prepare
Caller must complete domain reload
Begin MonoManager ReloadAssembly
- Loaded All Assemblies, in  0.463 seconds
Native extension for WindowsStandalone target not found
Native extension for WebGL target not found
Mono: successfully reloaded assembly
- Finished resetting the current domain, in  0.901 seconds
Domain Reload Profiling: 1364ms
	BeginReloadAssembly (156ms)
		ExecutionOrderSort (0ms)
		DisableScriptedObjects (16ms)
		BackupInstance (0ms)
		ReleaseScriptingObjects (0ms)
		CreateAndSetChildDomain (31ms)
	RebuildCommonClasses (34ms)
	RebuildNativeTypeToScriptingClass (12ms)
	initialDomainReloadingComplete (26ms)
	LoadAllAssembliesAndSetupDomain (234ms)
		LoadAssemblies (282ms)
		RebuildTransferFunctionScriptingTraits (0ms)
		AnalyzeDomain (31ms)
			TypeCache.Refresh (9ms)
				TypeCache.ScanAssembly (0ms)
			ScanForSourceGeneratedMonoScriptInfo (14ms)
			ResolveRequiredComponents (7ms)
	FinalizeReload (902ms)
		ReleaseScriptCaches (0ms)
		RebuildScriptCaches (0ms)
		SetupLoadedEditorAssemblies (423ms)
			LogAssemblyErrors (0ms)
			InitializePlatformSupportModulesInManaged (9ms)
			SetLoadedEditorAssemblies (13ms)
			RefreshPlugins (0ms)
			BeforeProcessingInitializeOnLoad (75ms)
			ProcessInitializeOnLoadAttributes (291ms)
			ProcessInitializeOnLoadMethodAttributes (32ms)
			AfterProcessingInitializeOnLoad (3ms)
			EditorAssembliesLoaded (0ms)
		ExecutionOrderSort2 (0ms)
		AwakeInstancesAfterBackupRestoration (12ms)
Refreshing native plugins compatible for Editor in 2.84 ms, found 4 plugins.
Preloading 0 native plugins for Editor in 0.00 ms.
Unloading 4067 Unused Serialized files (Serialized files now loaded: 0)
Unloading 27 unused Assets / (213.5 KB). Loaded Objects now: 4863.
Memory consumption went from 145.5 MB to 145.3 MB.
Total: 3.609900 ms (FindLiveObjects: 0.510200 ms CreateObjectMapping: 0.240700 ms MarkObjects: 2.636800 ms  DeleteObjects: 0.219800 ms)

Prepare: number of updated asset objects reloaded= 0
AssetImportParameters requested are different than current active one (requested -> active):
  custom:scripting/monoscript/fileName/DOTweenModuleUtils.cs: 34ad347c902a97803d1c13fe65e97957 -> 
  custom:container-demuxer-ogg: 62fdf1f143b41e24485cea50d1cbac27 -> 
  custom:video-decoder-ogg-theora: a1e56fd34408186e4bbccfd4996cb3dc -> 
  custom:scripting/monoscript/fileName/DOTweenModuleUnityVersion.cs: 5fda8b30fb2f0276062c9b201e3b53c4 -> 
  custom:scripting/monoscript/fileName/DOTweenModuleUI.cs: 53c26b618f695b59a868eebdc97332ad -> 
  custom:framework-win-MediaFoundation: 216162199b28c13a410421893ffa2e32 -> 
  custom:scripting/precompiled-assembly-types:Assembly-CSharp-firstpass: c3b8ba213efe735b4b5ada0ee074dcb3 -> 
  custom:scripting/precompiled-assembly-types:DOTween: 41770a3e10244ae0a34e714162bbdba6 -> 
  custom:CustomObjectIndexerAttribute: 9a22284fe3817be447336de3de66b15e -> 
  custom:container-demuxer-webm: 4f35f7cbe854078d1ac9338744f61a02 -> 
  custom:scripting/monoscript/fileName/BulletTower.cs: 50552104c9d19a80e5b2d0f1a6d0dd85 -> 
  custom:scripting/monoscript/fileName/TimeManager.cs: ee896401883365d64d0753163ba65eb8 -> 
  custom:container-muxer-webm: aa71ff27fc2769a1b78a27578f13a17b -> 
  custom:video-decoder-webm-vp8: 9c59270c3fd7afecdb556c50c9e8de78 -> 
  custom:SearchIndexIgnoredProperties: e643bd26f0fe6173181afceb89e7c659 -> 
  custom:AudioImporter_EditorPlatform: d09bf68614088b80899f8185d706f6e7 -> 
  custom:scripting/monoscript/fileName/DOTweenModuleAudio.cs: 371877257ce39f5f0996ea556debbc8a -> 
  custom:scripting/monoscript/fileName/DOTweenModulePhysics2D.cs: 63b0e5981d81d026672954b54596f5ae -> 
  custom:scripting/precompiled-assembly-types:DOTweenEditor: 1efdf497b099e4e6944f0dd7fb28c744 -> 
  custom:scripting/monoscript/fileName/DOTweenModuleSprite.cs: e35fb5eb1c483cffc283a374a5e25466 -> 
  custom:video-encoder-webm-vp8: eb34c28f22e8b96e1ab97ce403110664 -> 
  custom:scripting/monoscript/fileName/DOTweenModulePhysics.cs: 87f8974001cd2397421cfdcad1904e83 -> 
  custom:audio-decoder-ogg-vorbis: bf7c407c2cedff20999df2af8eb42d56 -> 
  custom:scripting/monoscript/fileName/Bullet.cs: a4f5918e799041ba1f6608f13912eb8b -> 
  custom:audio-encoder-webm-vorbis: bf7c407c2cedff20999df2af8eb42d56 -> 
  custom:scripting/precompiled-assembly-types:Assembly-CSharp: d4c78cc19068d276b86a2a4dd98f83d9 -> 
========================================================================
Received Prepare
Caller must complete domain reload
Begin MonoManager ReloadAssembly
- Loaded All Assemblies, in  0.457 seconds
Native extension for WindowsStandalone target not found
Native extension for WebGL target not found
Mono: successfully reloaded assembly
- Finished resetting the current domain, in  0.841 seconds
Domain Reload Profiling: 1298ms
	BeginReloadAssembly (160ms)
		ExecutionOrderSort (0ms)
		DisableScriptedObjects (12ms)
		BackupInstance (0ms)
		ReleaseScriptingObjects (0ms)
		CreateAndSetChildDomain (35ms)
	RebuildCommonClasses (34ms)
	RebuildNativeTypeToScriptingClass (12ms)
	initialDomainReloadingComplete (27ms)
	LoadAllAssembliesAndSetupDomain (223ms)
		LoadAssemblies (279ms)
		RebuildTransferFunctionScriptingTraits (0ms)
		AnalyzeDomain (29ms)
			TypeCache.Refresh (9ms)
				TypeCache.ScanAssembly (0ms)
			ScanForSourceGeneratedMonoScriptInfo (12ms)
			ResolveRequiredComponents (6ms)
	FinalizeReload (842ms)
		ReleaseScriptCaches (0ms)
		RebuildScriptCaches (0ms)
		SetupLoadedEditorAssemblies (401ms)
			LogAssemblyErrors (0ms)
			InitializePlatformSupportModulesInManaged (8ms)
			SetLoadedEditorAssemblies (5ms)
			RefreshPlugins (0ms)
			BeforeProcessingInitializeOnLoad (73ms)
			ProcessInitializeOnLoadAttributes (282ms)
			ProcessInitializeOnLoadMethodAttributes (31ms)
			AfterProcessingInitializeOnLoad (3ms)
			EditorAssembliesLoaded (0ms)
		ExecutionOrderSort2 (0ms)
		AwakeInstancesAfterBackupRestoration (12ms)
Refreshing native plugins compatible for Editor in 2.62 ms, found 4 plugins.
Preloading 0 native plugins for Editor in 0.00 ms.
Unloading 4067 Unused Serialized files (Serialized files now loaded: 0)
Unloading 27 unused Assets / (213.6 KB). Loaded Objects now: 4867.
Memory consumption went from 145.5 MB to 145.3 MB.
Total: 3.613400 ms (FindLiveObjects: 0.512600 ms CreateObjectMapping: 0.197600 ms MarkObjects: 2.709800 ms  DeleteObjects: 0.191700 ms)

Prepare: number of updated asset objects reloaded= 0
AssetImportParameters requested are different than current active one (requested -> active):
  custom:scripting/monoscript/fileName/DOTweenModuleUtils.cs: 34ad347c902a97803d1c13fe65e97957 -> 
  custom:container-demuxer-ogg: 62fdf1f143b41e24485cea50d1cbac27 -> 
  custom:video-decoder-ogg-theora: a1e56fd34408186e4bbccfd4996cb3dc -> 
  custom:scripting/monoscript/fileName/DOTweenModuleUnityVersion.cs: 5fda8b30fb2f0276062c9b201e3b53c4 -> 
  custom:scripting/monoscript/fileName/DOTweenModuleUI.cs: 53c26b618f695b59a868eebdc97332ad -> 
  custom:framework-win-MediaFoundation: 216162199b28c13a410421893ffa2e32 -> 
  custom:scripting/precompiled-assembly-types:Assembly-CSharp-firstpass: c3b8ba213efe735b4b5ada0ee074dcb3 -> 
  custom:scripting/precompiled-assembly-types:DOTween: 41770a3e10244ae0a34e714162bbdba6 -> 
  custom:CustomObjectIndexerAttribute: 9a22284fe3817be447336de3de66b15e -> 
  custom:container-demuxer-webm: 4f35f7cbe854078d1ac9338744f61a02 -> 
  custom:scripting/monoscript/fileName/BulletTower.cs: 50552104c9d19a80e5b2d0f1a6d0dd85 -> 
  custom:scripting/monoscript/fileName/TimeManager.cs: ee896401883365d64d0753163ba65eb8 -> 
  custom:container-muxer-webm: aa71ff27fc2769a1b78a27578f13a17b -> 
  custom:video-decoder-webm-vp8: 9c59270c3fd7afecdb556c50c9e8de78 -> 
  custom:SearchIndexIgnoredProperties: e643bd26f0fe6173181afceb89e7c659 -> 
  custom:AudioImporter_EditorPlatform: d09bf68614088b80899f8185d706f6e7 -> 
  custom:scripting/monoscript/fileName/DOTweenModuleAudio.cs: 371877257ce39f5f0996ea556debbc8a -> 
  custom:scripting/monoscript/fileName/DOTweenModulePhysics2D.cs: 63b0e5981d81d026672954b54596f5ae -> 
  custom:scripting/precompiled-assembly-types:DOTweenEditor: 1efdf497b099e4e6944f0dd7fb28c744 -> 
  custom:scripting/monoscript/fileName/DOTweenModuleSprite.cs: e35fb5eb1c483cffc283a374a5e25466 -> 
  custom:video-encoder-webm-vp8: eb34c28f22e8b96e1ab97ce403110664 -> 
  custom:scripting/monoscript/fileName/DOTweenModulePhysics.cs: 87f8974001cd2397421cfdcad1904e83 -> 
  custom:audio-decoder-ogg-vorbis: bf7c407c2cedff20999df2af8eb42d56 -> 
  custom:scripting/monoscript/fileName/Bullet.cs: a4f5918e799041ba1f6608f13912eb8b -> 
  custom:audio-encoder-webm-vorbis: bf7c407c2cedff20999df2af8eb42d56 -> 
  custom:scripting/precompiled-assembly-types:Assembly-CSharp: e54580a8870340c6bd0aeaba1261d020 -> 
========================================================================
Received Prepare
Caller must complete domain reload
Begin MonoManager ReloadAssembly
- Loaded All Assemblies, in  0.475 seconds
Native extension for WindowsStandalone target not found
Native extension for WebGL target not found
Mono: successfully reloaded assembly
- Finished resetting the current domain, in  0.874 seconds
Domain Reload Profiling: 1348ms
	BeginReloadAssembly (162ms)
		ExecutionOrderSort (0ms)
		DisableScriptedObjects (12ms)
		BackupInstance (0ms)
		ReleaseScriptingObjects (0ms)
		CreateAndSetChildDomain (34ms)
	RebuildCommonClasses (35ms)
	RebuildNativeTypeToScriptingClass (12ms)
	initialDomainReloadingComplete (32ms)
	LoadAllAssembliesAndSetupDomain (233ms)
		LoadAssemblies (293ms)
		RebuildTransferFunctionScriptingTraits (0ms)
		AnalyzeDomain (28ms)
			TypeCache.Refresh (9ms)
				TypeCache.ScanAssembly (0ms)
			ScanForSourceGeneratedMonoScriptInfo (11ms)
			ResolveRequiredComponents (6ms)
	FinalizeReload (875ms)
		ReleaseScriptCaches (0ms)
		RebuildScriptCaches (0ms)
		SetupLoadedEditorAssemblies (432ms)
			LogAssemblyErrors (0ms)
			InitializePlatformSupportModulesInManaged (6ms)
			SetLoadedEditorAssemblies (5ms)
			RefreshPlugins (0ms)
			BeforeProcessingInitializeOnLoad (76ms)
			ProcessInitializeOnLoadAttributes (309ms)
			ProcessInitializeOnLoadMethodAttributes (33ms)
			AfterProcessingInitializeOnLoad (3ms)
			EditorAssembliesLoaded (0ms)
		ExecutionOrderSort2 (0ms)
		AwakeInstancesAfterBackupRestoration (15ms)
Refreshing native plugins compatible for Editor in 2.51 ms, found 4 plugins.
Preloading 0 native plugins for Editor in 0.00 ms.
Unloading 4067 Unused Serialized files (Serialized files now loaded: 0)
Unloading 27 unused Assets / (213.4 KB). Loaded Objects now: 4871.
Memory consumption went from 145.5 MB to 145.3 MB.
Total: 3.960300 ms (FindLiveObjects: 0.497500 ms CreateObjectMapping: 0.223000 ms MarkObjects: 3.052500 ms  DeleteObjects: 0.185400 ms)

Prepare: number of updated asset objects reloaded= 0
AssetImportParameters requested are different than current active one (requested -> active):
  custom:scripting/monoscript/fileName/DOTweenModuleUtils.cs: 34ad347c902a97803d1c13fe65e97957 -> 
  custom:container-demuxer-ogg: 62fdf1f143b41e24485cea50d1cbac27 -> 
  custom:video-decoder-ogg-theora: a1e56fd34408186e4bbccfd4996cb3dc -> 
  custom:scripting/monoscript/fileName/DOTweenModuleUnityVersion.cs: 5fda8b30fb2f0276062c9b201e3b53c4 -> 
  custom:scripting/monoscript/fileName/DOTweenModuleUI.cs: 53c26b618f695b59a868eebdc97332ad -> 
  custom:framework-win-MediaFoundation: 216162199b28c13a410421893ffa2e32 -> 
  custom:scripting/precompiled-assembly-types:Assembly-CSharp-firstpass: c3b8ba213efe735b4b5ada0ee074dcb3 -> 
  custom:scripting/precompiled-assembly-types:DOTween: 41770a3e10244ae0a34e714162bbdba6 -> 
  custom:CustomObjectIndexerAttribute: 9a22284fe3817be447336de3de66b15e -> 
  custom:container-demuxer-webm: 4f35f7cbe854078d1ac9338744f61a02 -> 
  custom:scripting/monoscript/fileName/BulletTower.cs: 50552104c9d19a80e5b2d0f1a6d0dd85 -> 
  custom:scripting/monoscript/fileName/TimeManager.cs: ee896401883365d64d0753163ba65eb8 -> 
  custom:container-muxer-webm: aa71ff27fc2769a1b78a27578f13a17b -> 
  custom:video-decoder-webm-vp8: 9c59270c3fd7afecdb556c50c9e8de78 -> 
  custom:SearchIndexIgnoredProperties: e643bd26f0fe6173181afceb89e7c659 -> 
  custom:AudioImporter_EditorPlatform: d09bf68614088b80899f8185d706f6e7 -> 
  custom:scripting/monoscript/fileName/DOTweenModuleAudio.cs: 371877257ce39f5f0996ea556debbc8a -> 
  custom:scripting/monoscript/fileName/DOTweenModulePhysics2D.cs: 63b0e5981d81d026672954b54596f5ae -> 
  custom:scripting/precompiled-assembly-types:DOTweenEditor: 1efdf497b099e4e6944f0dd7fb28c744 -> 
  custom:scripting/monoscript/fileName/DOTweenModuleSprite.cs: e35fb5eb1c483cffc283a374a5e25466 -> 
  custom:video-encoder-webm-vp8: eb34c28f22e8b96e1ab97ce403110664 -> 
  custom:scripting/monoscript/fileName/DOTweenModulePhysics.cs: 87f8974001cd2397421cfdcad1904e83 -> 
  custom:audio-decoder-ogg-vorbis: bf7c407c2cedff20999df2af8eb42d56 -> 
  custom:scripting/monoscript/fileName/Bullet.cs: a4f5918e799041ba1f6608f13912eb8b -> 
  custom:audio-encoder-webm-vorbis: bf7c407c2cedff20999df2af8eb42d56 -> 
  custom:scripting/precompiled-assembly-types:Assembly-CSharp: e54580a8870340c6bd0aeaba1261d020 -> 
========================================================================
Received Prepare
Caller must complete domain reload
Begin MonoManager ReloadAssembly
- Loaded All Assemblies, in  0.422 seconds
Native extension for WindowsStandalone target not found
Native extension for WebGL target not found
Mono: successfully reloaded assembly
- Finished resetting the current domain, in  0.841 seconds
Domain Reload Profiling: 1263ms
	BeginReloadAssembly (142ms)
		ExecutionOrderSort (0ms)
		DisableScriptedObjects (12ms)
		BackupInstance (0ms)
		ReleaseScriptingObjects (0ms)
		CreateAndSetChildDomain (32ms)
	RebuildCommonClasses (32ms)
	RebuildNativeTypeToScriptingClass (12ms)
	initialDomainReloadingComplete (25ms)
	LoadAllAssembliesAndSetupDomain (210ms)
		LoadAssemblies (267ms)
		RebuildTransferFunctionScriptingTraits (0ms)
		AnalyzeDomain (13ms)
			TypeCache.Refresh (5ms)
				TypeCache.ScanAssembly (0ms)
			ScanForSourceGeneratedMonoScriptInfo (0ms)
			ResolveRequiredComponents (6ms)
	FinalizeReload (842ms)
		ReleaseScriptCaches (0ms)
		RebuildScriptCaches (0ms)
		SetupLoadedEditorAssemblies (407ms)
			LogAssemblyErrors (0ms)
			InitializePlatformSupportModulesInManaged (6ms)
			SetLoadedEditorAssemblies (5ms)
			RefreshPlugins (0ms)
			BeforeProcessingInitializeOnLoad (72ms)
			ProcessInitializeOnLoadAttributes (286ms)
			ProcessInitializeOnLoadMethodAttributes (33ms)
			AfterProcessingInitializeOnLoad (4ms)
			EditorAssembliesLoaded (0ms)
		ExecutionOrderSort2 (0ms)
		AwakeInstancesAfterBackupRestoration (14ms)
Refreshing native plugins compatible for Editor in 2.63 ms, found 4 plugins.
Preloading 0 native plugins for Editor in 0.00 ms.
Unloading 4067 Unused Serialized files (Serialized files now loaded: 0)
Unloading 27 unused Assets / (213.5 KB). Loaded Objects now: 4875.
Memory consumption went from 145.5 MB to 145.3 MB.
Total: 3.727200 ms (FindLiveObjects: 0.376400 ms CreateObjectMapping: 0.306900 ms MarkObjects: 2.832200 ms  DeleteObjects: 0.210400 ms)

Prepare: number of updated asset objects reloaded= 0
AssetImportParameters requested are different than current active one (requested -> active):
  custom:scripting/monoscript/fileName/DOTweenModuleUtils.cs: 34ad347c902a97803d1c13fe65e97957 -> 
  custom:container-demuxer-ogg: 62fdf1f143b41e24485cea50d1cbac27 -> 
  custom:video-decoder-ogg-theora: a1e56fd34408186e4bbccfd4996cb3dc -> 
  custom:scripting/monoscript/fileName/DOTweenModuleUnityVersion.cs: 5fda8b30fb2f0276062c9b201e3b53c4 -> 
  custom:scripting/monoscript/fileName/DOTweenModuleUI.cs: 53c26b618f695b59a868eebdc97332ad -> 
  custom:framework-win-MediaFoundation: 216162199b28c13a410421893ffa2e32 -> 
  custom:scripting/precompiled-assembly-types:Assembly-CSharp-firstpass: c3b8ba213efe735b4b5ada0ee074dcb3 -> 
  custom:scripting/precompiled-assembly-types:DOTween: 41770a3e10244ae0a34e714162bbdba6 -> 
  custom:CustomObjectIndexerAttribute: 9a22284fe3817be447336de3de66b15e -> 
  custom:container-demuxer-webm: 4f35f7cbe854078d1ac9338744f61a02 -> 
  custom:scripting/monoscript/fileName/BulletTower.cs: 50552104c9d19a80e5b2d0f1a6d0dd85 -> 
  custom:scripting/monoscript/fileName/TimeManager.cs: ee896401883365d64d0753163ba65eb8 -> 
  custom:container-muxer-webm: aa71ff27fc2769a1b78a27578f13a17b -> 
  custom:video-decoder-webm-vp8: 9c59270c3fd7afecdb556c50c9e8de78 -> 
  custom:SearchIndexIgnoredProperties: e643bd26f0fe6173181afceb89e7c659 -> 
  custom:AudioImporter_EditorPlatform: d09bf68614088b80899f8185d706f6e7 -> 
  custom:scripting/monoscript/fileName/DOTweenModuleAudio.cs: 371877257ce39f5f0996ea556debbc8a -> 
  custom:scripting/monoscript/fileName/DOTweenModulePhysics2D.cs: 63b0e5981d81d026672954b54596f5ae -> 
  custom:scripting/precompiled-assembly-types:DOTweenEditor: 1efdf497b099e4e6944f0dd7fb28c744 -> 
  custom:scripting/monoscript/fileName/DOTweenModuleSprite.cs: e35fb5eb1c483cffc283a374a5e25466 -> 
  custom:video-encoder-webm-vp8: eb34c28f22e8b96e1ab97ce403110664 -> 
  custom:scripting/monoscript/fileName/DOTweenModulePhysics.cs: 87f8974001cd2397421cfdcad1904e83 -> 
  custom:audio-decoder-ogg-vorbis: bf7c407c2cedff20999df2af8eb42d56 -> 
  custom:scripting/monoscript/fileName/Bullet.cs: a4f5918e799041ba1f6608f13912eb8b -> 
  custom:audio-encoder-webm-vorbis: bf7c407c2cedff20999df2af8eb42d56 -> 
  custom:scripting/precompiled-assembly-types:Assembly-CSharp: e54580a8870340c6bd0aeaba1261d020 -> 
========================================================================
Received Prepare
Caller must complete domain reload
Begin MonoManager ReloadAssembly
- Loaded All Assemblies, in  0.472 seconds
Native extension for WindowsStandalone target not found
Native extension for WebGL target not found
Mono: successfully reloaded assembly
- Finished resetting the current domain, in  0.847 seconds
Domain Reload Profiling: 1319ms
	BeginReloadAssembly (153ms)
		ExecutionOrderSort (0ms)
		DisableScriptedObjects (11ms)
		BackupInstance (0ms)
		ReleaseScriptingObjects (0ms)
		CreateAndSetChildDomain (35ms)
	RebuildCommonClasses (36ms)
	RebuildNativeTypeToScriptingClass (15ms)
	initialDomainReloadingComplete (28ms)
	LoadAllAssembliesAndSetupDomain (240ms)
		LoadAssemblies (288ms)
		RebuildTransferFunctionScriptingTraits (0ms)
		AnalyzeDomain (31ms)
			TypeCache.Refresh (9ms)
				TypeCache.ScanAssembly (0ms)
			ScanForSourceGeneratedMonoScriptInfo (15ms)
			ResolveRequiredComponents (6ms)
	FinalizeReload (847ms)
		ReleaseScriptCaches (0ms)
		RebuildScriptCaches (0ms)
		SetupLoadedEditorAssemblies (417ms)
			LogAssemblyErrors (0ms)
			InitializePlatformSupportModulesInManaged (8ms)
			SetLoadedEditorAssemblies (5ms)
			RefreshPlugins (0ms)
			BeforeProcessingInitializeOnLoad (86ms)
			ProcessInitializeOnLoadAttributes (282ms)
			ProcessInitializeOnLoadMethodAttributes (34ms)
			AfterProcessingInitializeOnLoad (3ms)
			EditorAssembliesLoaded (0ms)
		ExecutionOrderSort2 (0ms)
		AwakeInstancesAfterBackupRestoration (12ms)
Refreshing native plugins compatible for Editor in 2.69 ms, found 4 plugins.
Preloading 0 native plugins for Editor in 0.00 ms.
Unloading 4067 Unused Serialized files (Serialized files now loaded: 0)
Unloading 27 unused Assets / (213.5 KB). Loaded Objects now: 4879.
Memory consumption went from 145.5 MB to 145.3 MB.
Total: 3.383300 ms (FindLiveObjects: 0.415000 ms CreateObjectMapping: 0.116000 ms MarkObjects: 2.656700 ms  DeleteObjects: 0.192600 ms)

Prepare: number of updated asset objects reloaded= 0
AssetImportParameters requested are different than current active one (requested -> active):
  custom:scripting/monoscript/fileName/DOTweenModuleUtils.cs: 34ad347c902a97803d1c13fe65e97957 -> 
  custom:container-demuxer-ogg: 62fdf1f143b41e24485cea50d1cbac27 -> 
  custom:video-decoder-ogg-theora: a1e56fd34408186e4bbccfd4996cb3dc -> 
  custom:scripting/monoscript/fileName/DOTweenModuleUnityVersion.cs: 5fda8b30fb2f0276062c9b201e3b53c4 -> 
  custom:scripting/monoscript/fileName/DOTweenModuleUI.cs: 53c26b618f695b59a868eebdc97332ad -> 
  custom:framework-win-MediaFoundation: 216162199b28c13a410421893ffa2e32 -> 
  custom:scripting/precompiled-assembly-types:Assembly-CSharp-firstpass: c3b8ba213efe735b4b5ada0ee074dcb3 -> 
  custom:scripting/precompiled-assembly-types:DOTween: 41770a3e10244ae0a34e714162bbdba6 -> 
  custom:CustomObjectIndexerAttribute: 9a22284fe3817be447336de3de66b15e -> 
  custom:container-demuxer-webm: 4f35f7cbe854078d1ac9338744f61a02 -> 
  custom:scripting/monoscript/fileName/BulletTower.cs: 50552104c9d19a80e5b2d0f1a6d0dd85 -> 
  custom:scripting/monoscript/fileName/TimeManager.cs: ee896401883365d64d0753163ba65eb8 -> 
  custom:container-muxer-webm: aa71ff27fc2769a1b78a27578f13a17b -> 
  custom:video-decoder-webm-vp8: 9c59270c3fd7afecdb556c50c9e8de78 -> 
  custom:SearchIndexIgnoredProperties: e643bd26f0fe6173181afceb89e7c659 -> 
  custom:AudioImporter_EditorPlatform: d09bf68614088b80899f8185d706f6e7 -> 
  custom:scripting/monoscript/fileName/DOTweenModuleAudio.cs: 371877257ce39f5f0996ea556debbc8a -> 
  custom:scripting/monoscript/fileName/DOTweenModulePhysics2D.cs: 63b0e5981d81d026672954b54596f5ae -> 
  custom:scripting/precompiled-assembly-types:DOTweenEditor: 1efdf497b099e4e6944f0dd7fb28c744 -> 
  custom:scripting/monoscript/fileName/DOTweenModuleSprite.cs: e35fb5eb1c483cffc283a374a5e25466 -> 
  custom:video-encoder-webm-vp8: eb34c28f22e8b96e1ab97ce403110664 -> 
  custom:scripting/monoscript/fileName/DOTweenModulePhysics.cs: 87f8974001cd2397421cfdcad1904e83 -> 
  custom:audio-decoder-ogg-vorbis: bf7c407c2cedff20999df2af8eb42d56 -> 
  custom:scripting/monoscript/fileName/Bullet.cs: a4f5918e799041ba1f6608f13912eb8b -> 
  custom:audio-encoder-webm-vorbis: bf7c407c2cedff20999df2af8eb42d56 -> 
  custom:scripting/precompiled-assembly-types:Assembly-CSharp: e54580a8870340c6bd0aeaba1261d020 -> 
========================================================================
Received Prepare
Caller must complete domain reload
Begin MonoManager ReloadAssembly
- Loaded All Assemblies, in  0.453 seconds
Native extension for WindowsStandalone target not found
Native extension for WebGL target not found
Mono: successfully reloaded assembly
- Finished resetting the current domain, in  0.834 seconds
Domain Reload Profiling: 1287ms
	BeginReloadAssembly (150ms)
		ExecutionOrderSort (0ms)
		DisableScriptedObjects (11ms)
		BackupInstance (0ms)
		ReleaseScriptingObjects (0ms)
		CreateAndSetChildDomain (35ms)
	RebuildCommonClasses (36ms)
	RebuildNativeTypeToScriptingClass (12ms)
	initialDomainReloadingComplete (25ms)
	LoadAllAssembliesAndSetupDomain (229ms)
		LoadAssemblies (280ms)
		RebuildTransferFunctionScriptingTraits (0ms)
		AnalyzeDomain (26ms)
			TypeCache.Refresh (9ms)
				TypeCache.ScanAssembly (0ms)
			ScanForSourceGeneratedMonoScriptInfo (10ms)
			ResolveRequiredComponents (6ms)
	FinalizeReload (835ms)
		ReleaseScriptCaches (0ms)
		RebuildScriptCaches (0ms)
		SetupLoadedEditorAssemblies (415ms)
			LogAssemblyErrors (0ms)
			InitializePlatformSupportModulesInManaged (9ms)
			SetLoadedEditorAssemblies (6ms)
			RefreshPlugins (0ms)
			BeforeProcessingInitializeOnLoad (72ms)
			ProcessInitializeOnLoadAttributes (295ms)
			ProcessInitializeOnLoadMethodAttributes (30ms)
			AfterProcessingInitializeOnLoad (3ms)
			EditorAssembliesLoaded (0ms)
		ExecutionOrderSort2 (0ms)
		AwakeInstancesAfterBackupRestoration (12ms)
Refreshing native plugins compatible for Editor in 2.58 ms, found 4 plugins.
Preloading 0 native plugins for Editor in 0.00 ms.
Unloading 4067 Unused Serialized files (Serialized files now loaded: 0)
Unloading 27 unused Assets / (213.5 KB). Loaded Objects now: 4883.
Memory consumption went from 145.6 MB to 145.4 MB.
Total: 3.708000 ms (FindLiveObjects: 0.607900 ms CreateObjectMapping: 0.301200 ms MarkObjects: 2.612500 ms  DeleteObjects: 0.184800 ms)

Prepare: number of updated asset objects reloaded= 0
AssetImportParameters requested are different than current active one (requested -> active):
  custom:scripting/monoscript/fileName/DOTweenModuleUtils.cs: 34ad347c902a97803d1c13fe65e97957 -> 
  custom:container-demuxer-ogg: 62fdf1f143b41e24485cea50d1cbac27 -> 
  custom:video-decoder-ogg-theora: a1e56fd34408186e4bbccfd4996cb3dc -> 
  custom:scripting/monoscript/fileName/DOTweenModuleUnityVersion.cs: 5fda8b30fb2f0276062c9b201e3b53c4 -> 
  custom:scripting/monoscript/fileName/DOTweenModuleUI.cs: 53c26b618f695b59a868eebdc97332ad -> 
  custom:framework-win-MediaFoundation: 216162199b28c13a410421893ffa2e32 -> 
  custom:scripting/precompiled-assembly-types:Assembly-CSharp-firstpass: c3b8ba213efe735b4b5ada0ee074dcb3 -> 
  custom:scripting/precompiled-assembly-types:DOTween: 41770a3e10244ae0a34e714162bbdba6 -> 
  custom:CustomObjectIndexerAttribute: 9a22284fe3817be447336de3de66b15e -> 
  custom:container-demuxer-webm: 4f35f7cbe854078d1ac9338744f61a02 -> 
  custom:scripting/monoscript/fileName/BulletTower.cs: 50552104c9d19a80e5b2d0f1a6d0dd85 -> 
  custom:scripting/monoscript/fileName/TimeManager.cs: ee896401883365d64d0753163ba65eb8 -> 
  custom:container-muxer-webm: aa71ff27fc2769a1b78a27578f13a17b -> 
  custom:video-decoder-webm-vp8: 9c59270c3fd7afecdb556c50c9e8de78 -> 
  custom:SearchIndexIgnoredProperties: e643bd26f0fe6173181afceb89e7c659 -> 
  custom:AudioImporter_EditorPlatform: d09bf68614088b80899f8185d706f6e7 -> 
  custom:scripting/monoscript/fileName/DOTweenModuleAudio.cs: 371877257ce39f5f0996ea556debbc8a -> 
  custom:scripting/monoscript/fileName/DOTweenModulePhysics2D.cs: 63b0e5981d81d026672954b54596f5ae -> 
  custom:scripting/precompiled-assembly-types:DOTweenEditor: 1efdf497b099e4e6944f0dd7fb28c744 -> 
  custom:scripting/monoscript/fileName/DOTweenModuleSprite.cs: e35fb5eb1c483cffc283a374a5e25466 -> 
  custom:video-encoder-webm-vp8: eb34c28f22e8b96e1ab97ce403110664 -> 
  custom:scripting/monoscript/fileName/DOTweenModulePhysics.cs: 87f8974001cd2397421cfdcad1904e83 -> 
  custom:audio-decoder-ogg-vorbis: bf7c407c2cedff20999df2af8eb42d56 -> 
  custom:scripting/monoscript/fileName/Bullet.cs: a4f5918e799041ba1f6608f13912eb8b -> 
  custom:audio-encoder-webm-vorbis: bf7c407c2cedff20999df2af8eb42d56 -> 
  custom:scripting/precompiled-assembly-types:Assembly-CSharp: e54580a8870340c6bd0aeaba1261d020 -> 
========================================================================
Received Prepare
Caller must complete domain reload
Begin MonoManager ReloadAssembly
- Loaded All Assemblies, in  0.424 seconds
Native extension for WindowsStandalone target not found
Native extension for WebGL target not found
Mono: successfully reloaded assembly
- Finished resetting the current domain, in  0.840 seconds
Domain Reload Profiling: 1264ms
	BeginReloadAssembly (149ms)
		ExecutionOrderSort (0ms)
		DisableScriptedObjects (12ms)
		BackupInstance (0ms)
		ReleaseScriptingObjects (0ms)
		CreateAndSetChildDomain (32ms)
	RebuildCommonClasses (35ms)
	RebuildNativeTypeToScriptingClass (12ms)
	initialDomainReloadingComplete (25ms)
	LoadAllAssembliesAndSetupDomain (203ms)
		LoadAssemblies (265ms)
		RebuildTransferFunctionScriptingTraits (0ms)
		AnalyzeDomain (13ms)
			TypeCache.Refresh (6ms)
				TypeCache.ScanAssembly (0ms)
			ScanForSourceGeneratedMonoScriptInfo (0ms)
			ResolveRequiredComponents (6ms)
	FinalizeReload (841ms)
		ReleaseScriptCaches (0ms)
		RebuildScriptCaches (0ms)
		SetupLoadedEditorAssemblies (402ms)
			LogAssemblyErrors (0ms)
			InitializePlatformSupportModulesInManaged (6ms)
			SetLoadedEditorAssemblies (4ms)
			RefreshPlugins (0ms)
			BeforeProcessingInitializeOnLoad (72ms)
			ProcessInitializeOnLoadAttributes (285ms)
			ProcessInitializeOnLoadMethodAttributes (30ms)
			AfterProcessingInitializeOnLoad (3ms)
			EditorAssembliesLoaded (0ms)
		ExecutionOrderSort2 (0ms)
		AwakeInstancesAfterBackupRestoration (13ms)
Refreshing native plugins compatible for Editor in 2.81 ms, found 4 plugins.
Preloading 0 native plugins for Editor in 0.00 ms.
Unloading 4067 Unused Serialized files (Serialized files now loaded: 0)
Unloading 27 unused Assets / (213.7 KB). Loaded Objects now: 4887.
Memory consumption went from 145.6 MB to 145.4 MB.
Total: 4.537100 ms (FindLiveObjects: 0.453500 ms CreateObjectMapping: 0.454300 ms MarkObjects: 3.428000 ms  DeleteObjects: 0.199400 ms)

Prepare: number of updated asset objects reloaded= 0
AssetImportParameters requested are different than current active one (requested -> active):
  custom:scripting/monoscript/fileName/DOTweenModuleUtils.cs: 34ad347c902a97803d1c13fe65e97957 -> 
  custom:container-demuxer-ogg: 62fdf1f143b41e24485cea50d1cbac27 -> 
  custom:video-decoder-ogg-theora: a1e56fd34408186e4bbccfd4996cb3dc -> 
  custom:scripting/monoscript/fileName/DOTweenModuleUnityVersion.cs: 5fda8b30fb2f0276062c9b201e3b53c4 -> 
  custom:scripting/monoscript/fileName/DOTweenModuleUI.cs: 53c26b618f695b59a868eebdc97332ad -> 
  custom:framework-win-MediaFoundation: 216162199b28c13a410421893ffa2e32 -> 
  custom:scripting/precompiled-assembly-types:Assembly-CSharp-firstpass: c3b8ba213efe735b4b5ada0ee074dcb3 -> 
  custom:scripting/precompiled-assembly-types:DOTween: 41770a3e10244ae0a34e714162bbdba6 -> 
  custom:CustomObjectIndexerAttribute: 9a22284fe3817be447336de3de66b15e -> 
  custom:container-demuxer-webm: 4f35f7cbe854078d1ac9338744f61a02 -> 
  custom:scripting/monoscript/fileName/BulletTower.cs: 50552104c9d19a80e5b2d0f1a6d0dd85 -> 
  custom:scripting/monoscript/fileName/TimeManager.cs: ee896401883365d64d0753163ba65eb8 -> 
  custom:container-muxer-webm: aa71ff27fc2769a1b78a27578f13a17b -> 
  custom:video-decoder-webm-vp8: 9c59270c3fd7afecdb556c50c9e8de78 -> 
  custom:SearchIndexIgnoredProperties: e643bd26f0fe6173181afceb89e7c659 -> 
  custom:AudioImporter_EditorPlatform: d09bf68614088b80899f8185d706f6e7 -> 
  custom:scripting/monoscript/fileName/DOTweenModuleAudio.cs: 371877257ce39f5f0996ea556debbc8a -> 
  custom:scripting/monoscript/fileName/DOTweenModulePhysics2D.cs: 63b0e5981d81d026672954b54596f5ae -> 
  custom:scripting/precompiled-assembly-types:DOTweenEditor: 1efdf497b099e4e6944f0dd7fb28c744 -> 
  custom:scripting/monoscript/fileName/DOTweenModuleSprite.cs: e35fb5eb1c483cffc283a374a5e25466 -> 
  custom:video-encoder-webm-vp8: eb34c28f22e8b96e1ab97ce403110664 -> 
  custom:scripting/monoscript/fileName/DOTweenModulePhysics.cs: 87f8974001cd2397421cfdcad1904e83 -> 
  custom:audio-decoder-ogg-vorbis: bf7c407c2cedff20999df2af8eb42d56 -> 
  custom:scripting/monoscript/fileName/Bullet.cs: a4f5918e799041ba1f6608f13912eb8b -> 
  custom:audio-encoder-webm-vorbis: bf7c407c2cedff20999df2af8eb42d56 -> 
  custom:scripting/precompiled-assembly-types:Assembly-CSharp: e54580a8870340c6bd0aeaba1261d020 -> 
========================================================================
Received Prepare
Caller must complete domain reload
Begin MonoManager ReloadAssembly
- Loaded All Assemblies, in  0.452 seconds
Native extension for WindowsStandalone target not found
Native extension for WebGL target not found
Mono: successfully reloaded assembly
- Finished resetting the current domain, in  0.868 seconds
Domain Reload Profiling: 1319ms
	BeginReloadAssembly (154ms)
		ExecutionOrderSort (0ms)
		DisableScriptedObjects (14ms)
		BackupInstance (0ms)
		ReleaseScriptingObjects (0ms)
		CreateAndSetChildDomain (33ms)
	RebuildCommonClasses (35ms)
	RebuildNativeTypeToScriptingClass (12ms)
	initialDomainReloadingComplete (25ms)
	LoadAllAssembliesAndSetupDomain (225ms)
		LoadAssemblies (272ms)
		RebuildTransferFunctionScriptingTraits (0ms)
		AnalyzeDomain (28ms)
			TypeCache.Refresh (9ms)
				TypeCache.ScanAssembly (0ms)
			ScanForSourceGeneratedMonoScriptInfo (12ms)
			ResolveRequiredComponents (6ms)
	FinalizeReload (868ms)
		ReleaseScriptCaches (0ms)
		RebuildScriptCaches (0ms)
		SetupLoadedEditorAssemblies (424ms)
			LogAssemblyErrors (0ms)
			InitializePlatformSupportModulesInManaged (8ms)
			SetLoadedEditorAssemblies (5ms)
			RefreshPlugins (0ms)
			BeforeProcessingInitializeOnLoad (74ms)
			ProcessInitializeOnLoadAttributes (303ms)
			ProcessInitializeOnLoadMethodAttributes (31ms)
			AfterProcessingInitializeOnLoad (3ms)
			EditorAssembliesLoaded (0ms)
		ExecutionOrderSort2 (0ms)
		AwakeInstancesAfterBackupRestoration (12ms)
Refreshing native plugins compatible for Editor in 3.28 ms, found 4 plugins.
Preloading 0 native plugins for Editor in 0.00 ms.
Unloading 4067 Unused Serialized files (Serialized files now loaded: 0)
Unloading 27 unused Assets / (213.6 KB). Loaded Objects now: 4891.
Memory consumption went from 145.6 MB to 145.4 MB.
Total: 4.178400 ms (FindLiveObjects: 0.491500 ms CreateObjectMapping: 0.225900 ms MarkObjects: 3.265000 ms  DeleteObjects: 0.194600 ms)

Prepare: number of updated asset objects reloaded= 0
AssetImportParameters requested are different than current active one (requested -> active):
  custom:scripting/monoscript/fileName/DOTweenModuleUtils.cs: 34ad347c902a97803d1c13fe65e97957 -> 
  custom:container-demuxer-ogg: 62fdf1f143b41e24485cea50d1cbac27 -> 
  custom:video-decoder-ogg-theora: a1e56fd34408186e4bbccfd4996cb3dc -> 
  custom:scripting/monoscript/fileName/DOTweenModuleUnityVersion.cs: 5fda8b30fb2f0276062c9b201e3b53c4 -> 
  custom:scripting/monoscript/fileName/DOTweenModuleUI.cs: 53c26b618f695b59a868eebdc97332ad -> 
  custom:framework-win-MediaFoundation: 216162199b28c13a410421893ffa2e32 -> 
  custom:scripting/precompiled-assembly-types:Assembly-CSharp-firstpass: c3b8ba213efe735b4b5ada0ee074dcb3 -> 
  custom:scripting/precompiled-assembly-types:DOTween: 41770a3e10244ae0a34e714162bbdba6 -> 
  custom:CustomObjectIndexerAttribute: 9a22284fe3817be447336de3de66b15e -> 
  custom:container-demuxer-webm: 4f35f7cbe854078d1ac9338744f61a02 -> 
  custom:scripting/monoscript/fileName/BulletTower.cs: 50552104c9d19a80e5b2d0f1a6d0dd85 -> 
  custom:scripting/monoscript/fileName/TimeManager.cs: ee896401883365d64d0753163ba65eb8 -> 
  custom:container-muxer-webm: aa71ff27fc2769a1b78a27578f13a17b -> 
  custom:video-decoder-webm-vp8: 9c59270c3fd7afecdb556c50c9e8de78 -> 
  custom:SearchIndexIgnoredProperties: e643bd26f0fe6173181afceb89e7c659 -> 
  custom:AudioImporter_EditorPlatform: d09bf68614088b80899f8185d706f6e7 -> 
  custom:scripting/monoscript/fileName/DOTweenModuleAudio.cs: 371877257ce39f5f0996ea556debbc8a -> 
  custom:scripting/monoscript/fileName/DOTweenModulePhysics2D.cs: 63b0e5981d81d026672954b54596f5ae -> 
  custom:scripting/precompiled-assembly-types:DOTweenEditor: 1efdf497b099e4e6944f0dd7fb28c744 -> 
  custom:scripting/monoscript/fileName/DOTweenModuleSprite.cs: e35fb5eb1c483cffc283a374a5e25466 -> 
  custom:video-encoder-webm-vp8: eb34c28f22e8b96e1ab97ce403110664 -> 
  custom:scripting/monoscript/fileName/DOTweenModulePhysics.cs: 87f8974001cd2397421cfdcad1904e83 -> 
  custom:audio-decoder-ogg-vorbis: bf7c407c2cedff20999df2af8eb42d56 -> 
  custom:scripting/monoscript/fileName/Bullet.cs: a4f5918e799041ba1f6608f13912eb8b -> 
  custom:audio-encoder-webm-vorbis: bf7c407c2cedff20999df2af8eb42d56 -> 
  custom:scripting/precompiled-assembly-types:Assembly-CSharp: e54580a8870340c6bd0aeaba1261d020 -> 
========================================================================
Received Prepare
Caller must complete domain reload
Begin MonoManager ReloadAssembly
- Loaded All Assemblies, in  0.477 seconds
Native extension for WindowsStandalone target not found
Native extension for WebGL target not found
Mono: successfully reloaded assembly
- Finished resetting the current domain, in  0.873 seconds
Domain Reload Profiling: 1349ms
	BeginReloadAssembly (153ms)
		ExecutionOrderSort (0ms)
		DisableScriptedObjects (12ms)
		BackupInstance (0ms)
		ReleaseScriptingObjects (0ms)
		CreateAndSetChildDomain (34ms)
	RebuildCommonClasses (35ms)
	RebuildNativeTypeToScriptingClass (13ms)
	initialDomainReloadingComplete (26ms)
	LoadAllAssembliesAndSetupDomain (248ms)
		LoadAssemblies (297ms)
		RebuildTransferFunctionScriptingTraits (0ms)
		AnalyzeDomain (31ms)
			TypeCache.Refresh (8ms)
				TypeCache.ScanAssembly (0ms)
			ScanForSourceGeneratedMonoScriptInfo (15ms)
			ResolveRequiredComponents (7ms)
	FinalizeReload (873ms)
		ReleaseScriptCaches (0ms)
		RebuildScriptCaches (0ms)
		SetupLoadedEditorAssemblies (431ms)
			LogAssemblyErrors (0ms)
			InitializePlatformSupportModulesInManaged (6ms)
			SetLoadedEditorAssemblies (5ms)
			RefreshPlugins (0ms)
			BeforeProcessingInitializeOnLoad (69ms)
			ProcessInitializeOnLoadAttributes (316ms)
			ProcessInitializeOnLoadMethodAttributes (33ms)
			AfterProcessingInitializeOnLoad (3ms)
			EditorAssembliesLoaded (0ms)
		ExecutionOrderSort2 (0ms)
		AwakeInstancesAfterBackupRestoration (14ms)
Script is not up to date after domain reload: guid(da681afa752bc5144a542ccf7de4ffce) path("Assets/MyResources/Scripts/BulletTower.cs") state(2)
Refreshing native plugins compatible for Editor in 2.65 ms, found 4 plugins.
Preloading 0 native plugins for Editor in 0.00 ms.
Unloading 4066 Unused Serialized files (Serialized files now loaded: 0)
Unloading 27 unused Assets / (213.5 KB). Loaded Objects now: 4894.
Memory consumption went from 145.6 MB to 145.3 MB.
Total: 4.026100 ms (FindLiveObjects: 0.531400 ms CreateObjectMapping: 0.272000 ms MarkObjects: 3.030000 ms  DeleteObjects: 0.190800 ms)

Prepare: number of updated asset objects reloaded= 0
AssetImportParameters requested are different than current active one (requested -> active):
  custom:scripting/monoscript/fileName/DOTweenModuleUtils.cs: 34ad347c902a97803d1c13fe65e97957 -> 
  custom:container-demuxer-ogg: 62fdf1f143b41e24485cea50d1cbac27 -> 
  custom:video-decoder-ogg-theora: a1e56fd34408186e4bbccfd4996cb3dc -> 
  custom:scripting/monoscript/fileName/DOTweenModuleUnityVersion.cs: 5fda8b30fb2f0276062c9b201e3b53c4 -> 
  custom:scripting/monoscript/fileName/DOTweenModuleUI.cs: 53c26b618f695b59a868eebdc97332ad -> 
  custom:framework-win-MediaFoundation: 216162199b28c13a410421893ffa2e32 -> 
  custom:scripting/precompiled-assembly-types:Assembly-CSharp-firstpass: c3b8ba213efe735b4b5ada0ee074dcb3 -> 
  custom:scripting/precompiled-assembly-types:DOTween: 41770a3e10244ae0a34e714162bbdba6 -> 
  custom:CustomObjectIndexerAttribute: 9a22284fe3817be447336de3de66b15e -> 
  custom:container-demuxer-webm: 4f35f7cbe854078d1ac9338744f61a02 -> 
  custom:scripting/monoscript/fileName/BulletTower.cs: 50552104c9d19a80e5b2d0f1a6d0dd85 -> 
  custom:scripting/monoscript/fileName/TimeManager.cs: ee896401883365d64d0753163ba65eb8 -> 
  custom:container-muxer-webm: aa71ff27fc2769a1b78a27578f13a17b -> 
  custom:video-decoder-webm-vp8: 9c59270c3fd7afecdb556c50c9e8de78 -> 
  custom:SearchIndexIgnoredProperties: e643bd26f0fe6173181afceb89e7c659 -> 
  custom:AudioImporter_EditorPlatform: d09bf68614088b80899f8185d706f6e7 -> 
  custom:scripting/monoscript/fileName/DOTweenModuleAudio.cs: 371877257ce39f5f0996ea556debbc8a -> 
  custom:scripting/monoscript/fileName/DOTweenModulePhysics2D.cs: 63b0e5981d81d026672954b54596f5ae -> 
  custom:scripting/precompiled-assembly-types:DOTweenEditor: 1efdf497b099e4e6944f0dd7fb28c744 -> 
  custom:scripting/monoscript/fileName/DOTweenModuleSprite.cs: e35fb5eb1c483cffc283a374a5e25466 -> 
  custom:video-encoder-webm-vp8: eb34c28f22e8b96e1ab97ce403110664 -> 
  custom:scripting/monoscript/fileName/DOTweenModulePhysics.cs: 87f8974001cd2397421cfdcad1904e83 -> 
  custom:audio-decoder-ogg-vorbis: bf7c407c2cedff20999df2af8eb42d56 -> 
  custom:scripting/monoscript/fileName/Bullet.cs: a4f5918e799041ba1f6608f13912eb8b -> 
  custom:audio-encoder-webm-vorbis: bf7c407c2cedff20999df2af8eb42d56 -> 
  custom:scripting/precompiled-assembly-types:Assembly-CSharp: e54580a8870340c6bd0aeaba1261d020 -> 
========================================================================
Received Prepare
Caller must complete domain reload
Begin MonoManager ReloadAssembly
- Loaded All Assemblies, in  0.461 seconds
Native extension for WindowsStandalone target not found
Native extension for WebGL target not found
Mono: successfully reloaded assembly
- Finished resetting the current domain, in  0.857 seconds
Domain Reload Profiling: 1316ms
	BeginReloadAssembly (148ms)
		ExecutionOrderSort (0ms)
		DisableScriptedObjects (12ms)
		BackupInstance (0ms)
		ReleaseScriptingObjects (0ms)
		CreateAndSetChildDomain (36ms)
	RebuildCommonClasses (34ms)
	RebuildNativeTypeToScriptingClass (14ms)
	initialDomainReloadingComplete (35ms)
	LoadAllAssembliesAndSetupDomain (229ms)
		LoadAssemblies (272ms)
		RebuildTransferFunctionScriptingTraits (0ms)
		AnalyzeDomain (28ms)
			TypeCache.Refresh (9ms)
				TypeCache.ScanAssembly (0ms)
			ScanForSourceGeneratedMonoScriptInfo (11ms)
			ResolveRequiredComponents (7ms)
	FinalizeReload (857ms)
		ReleaseScriptCaches (0ms)
		RebuildScriptCaches (0ms)
		SetupLoadedEditorAssemblies (423ms)
			LogAssemblyErrors (0ms)
			InitializePlatformSupportModulesInManaged (6ms)
			SetLoadedEditorAssemblies (5ms)
			RefreshPlugins (0ms)
			BeforeProcessingInitializeOnLoad (68ms)
			ProcessInitializeOnLoadAttributes (311ms)
			ProcessInitializeOnLoadMethodAttributes (31ms)
			AfterProcessingInitializeOnLoad (3ms)
			EditorAssembliesLoaded (0ms)
		ExecutionOrderSort2 (0ms)
		AwakeInstancesAfterBackupRestoration (12ms)
Refreshing native plugins compatible for Editor in 2.63 ms, found 4 plugins.
Preloading 0 native plugins for Editor in 0.00 ms.
Unloading 4067 Unused Serialized files (Serialized files now loaded: 0)
Unloading 27 unused Assets / (213.7 KB). Loaded Objects now: 4899.
Memory consumption went from 145.6 MB to 145.4 MB.
Total: 3.911400 ms (FindLiveObjects: 0.680100 ms CreateObjectMapping: 0.337900 ms MarkObjects: 2.612100 ms  DeleteObjects: 0.279200 ms)

Prepare: number of updated asset objects reloaded= 0
AssetImportParameters requested are different than current active one (requested -> active):
  custom:scripting/monoscript/fileName/DOTweenModuleUtils.cs: 34ad347c902a97803d1c13fe65e97957 -> 
  custom:container-demuxer-ogg: 62fdf1f143b41e24485cea50d1cbac27 -> 
  custom:video-decoder-ogg-theora: a1e56fd34408186e4bbccfd4996cb3dc -> 
  custom:scripting/monoscript/fileName/DOTweenModuleUnityVersion.cs: 5fda8b30fb2f0276062c9b201e3b53c4 -> 
  custom:scripting/monoscript/fileName/DOTweenModuleUI.cs: 53c26b618f695b59a868eebdc97332ad -> 
  custom:framework-win-MediaFoundation: 216162199b28c13a410421893ffa2e32 -> 
  custom:scripting/precompiled-assembly-types:Assembly-CSharp-firstpass: c3b8ba213efe735b4b5ada0ee074dcb3 -> 
  custom:scripting/precompiled-assembly-types:DOTween: 41770a3e10244ae0a34e714162bbdba6 -> 
  custom:CustomObjectIndexerAttribute: 9a22284fe3817be447336de3de66b15e -> 
  custom:container-demuxer-webm: 4f35f7cbe854078d1ac9338744f61a02 -> 
  custom:scripting/monoscript/fileName/BulletTower.cs: 50552104c9d19a80e5b2d0f1a6d0dd85 -> 
  custom:scripting/monoscript/fileName/TimeManager.cs: ee896401883365d64d0753163ba65eb8 -> 
  custom:container-muxer-webm: aa71ff27fc2769a1b78a27578f13a17b -> 
  custom:video-decoder-webm-vp8: 9c59270c3fd7afecdb556c50c9e8de78 -> 
  custom:SearchIndexIgnoredProperties: e643bd26f0fe6173181afceb89e7c659 -> 
  custom:AudioImporter_EditorPlatform: d09bf68614088b80899f8185d706f6e7 -> 
  custom:scripting/monoscript/fileName/DOTweenModuleAudio.cs: 371877257ce39f5f0996ea556debbc8a -> 
  custom:scripting/monoscript/fileName/DOTweenModulePhysics2D.cs: 63b0e5981d81d026672954b54596f5ae -> 
  custom:scripting/precompiled-assembly-types:DOTweenEditor: 1efdf497b099e4e6944f0dd7fb28c744 -> 
  custom:scripting/monoscript/fileName/DOTweenModuleSprite.cs: e35fb5eb1c483cffc283a374a5e25466 -> 
  custom:video-encoder-webm-vp8: eb34c28f22e8b96e1ab97ce403110664 -> 
  custom:scripting/monoscript/fileName/DOTweenModulePhysics.cs: 87f8974001cd2397421cfdcad1904e83 -> 
  custom:audio-decoder-ogg-vorbis: bf7c407c2cedff20999df2af8eb42d56 -> 
  custom:scripting/monoscript/fileName/Bullet.cs: a4f5918e799041ba1f6608f13912eb8b -> 
  custom:audio-encoder-webm-vorbis: bf7c407c2cedff20999df2af8eb42d56 -> 
  custom:scripting/precompiled-assembly-types:Assembly-CSharp: e54580a8870340c6bd0aeaba1261d020 -> 
========================================================================
Received Prepare
Caller must complete domain reload
Begin MonoManager ReloadAssembly
- Loaded All Assemblies, in  0.429 seconds
Native extension for WindowsStandalone target not found
Native extension for WebGL target not found
Mono: successfully reloaded assembly
- Finished resetting the current domain, in  0.865 seconds
Domain Reload Profiling: 1293ms
	BeginReloadAssembly (146ms)
		ExecutionOrderSort (0ms)
		DisableScriptedObjects (12ms)
		BackupInstance (0ms)
		ReleaseScriptingObjects (0ms)
		CreateAndSetChildDomain (32ms)
	RebuildCommonClasses (34ms)
	RebuildNativeTypeToScriptingClass (12ms)
	initialDomainReloadingComplete (26ms)
	LoadAllAssembliesAndSetupDomain (211ms)
		LoadAssemblies (271ms)
		RebuildTransferFunctionScriptingTraits (0ms)
		AnalyzeDomain (12ms)
			TypeCache.Refresh (5ms)
				TypeCache.ScanAssembly (0ms)
			ScanForSourceGeneratedMonoScriptInfo (0ms)
			ResolveRequiredComponents (6ms)
	FinalizeReload (865ms)
		ReleaseScriptCaches (0ms)
		RebuildScriptCaches (0ms)
		SetupLoadedEditorAssemblies (409ms)
			LogAssemblyErrors (0ms)
			InitializePlatformSupportModulesInManaged (6ms)
			SetLoadedEditorAssemblies (5ms)
			RefreshPlugins (0ms)
			BeforeProcessingInitializeOnLoad (70ms)
			ProcessInitializeOnLoadAttributes (290ms)
			ProcessInitializeOnLoadMethodAttributes (34ms)
			AfterProcessingInitializeOnLoad (4ms)
			EditorAssembliesLoaded (0ms)
		ExecutionOrderSort2 (0ms)
		AwakeInstancesAfterBackupRestoration (16ms)
Refreshing native plugins compatible for Editor in 2.58 ms, found 4 plugins.
Preloading 0 native plugins for Editor in 0.00 ms.
Unloading 4067 Unused Serialized files (Serialized files now loaded: 0)
Unloading 27 unused Assets / (213.5 KB). Loaded Objects now: 4903.
Memory consumption went from 145.6 MB to 145.4 MB.
Total: 3.480800 ms (FindLiveObjects: 0.417800 ms CreateObjectMapping: 0.182800 ms MarkObjects: 2.694100 ms  DeleteObjects: 0.185000 ms)

Prepare: number of updated asset objects reloaded= 0
AssetImportParameters requested are different than current active one (requested -> active):
  custom:scripting/monoscript/fileName/DOTweenModuleUtils.cs: 34ad347c902a97803d1c13fe65e97957 -> 
  custom:container-demuxer-ogg: 62fdf1f143b41e24485cea50d1cbac27 -> 
  custom:video-decoder-ogg-theora: a1e56fd34408186e4bbccfd4996cb3dc -> 
  custom:scripting/monoscript/fileName/DOTweenModuleUnityVersion.cs: 5fda8b30fb2f0276062c9b201e3b53c4 -> 
  custom:scripting/monoscript/fileName/DOTweenModuleUI.cs: 53c26b618f695b59a868eebdc97332ad -> 
  custom:framework-win-MediaFoundation: 216162199b28c13a410421893ffa2e32 -> 
  custom:scripting/precompiled-assembly-types:Assembly-CSharp-firstpass: c3b8ba213efe735b4b5ada0ee074dcb3 -> 
  custom:scripting/precompiled-assembly-types:DOTween: 41770a3e10244ae0a34e714162bbdba6 -> 
  custom:CustomObjectIndexerAttribute: 9a22284fe3817be447336de3de66b15e -> 
  custom:container-demuxer-webm: 4f35f7cbe854078d1ac9338744f61a02 -> 
  custom:scripting/monoscript/fileName/BulletTower.cs: 50552104c9d19a80e5b2d0f1a6d0dd85 -> 
  custom:scripting/monoscript/fileName/TimeManager.cs: ee896401883365d64d0753163ba65eb8 -> 
  custom:container-muxer-webm: aa71ff27fc2769a1b78a27578f13a17b -> 
  custom:video-decoder-webm-vp8: 9c59270c3fd7afecdb556c50c9e8de78 -> 
  custom:SearchIndexIgnoredProperties: e643bd26f0fe6173181afceb89e7c659 -> 
  custom:AudioImporter_EditorPlatform: d09bf68614088b80899f8185d706f6e7 -> 
  custom:scripting/monoscript/fileName/DOTweenModuleAudio.cs: 371877257ce39f5f0996ea556debbc8a -> 
  custom:scripting/monoscript/fileName/DOTweenModulePhysics2D.cs: 63b0e5981d81d026672954b54596f5ae -> 
  custom:scripting/precompiled-assembly-types:DOTweenEditor: 1efdf497b099e4e6944f0dd7fb28c744 -> 
  custom:scripting/monoscript/fileName/DOTweenModuleSprite.cs: e35fb5eb1c483cffc283a374a5e25466 -> 
  custom:video-encoder-webm-vp8: eb34c28f22e8b96e1ab97ce403110664 -> 
  custom:scripting/monoscript/fileName/DOTweenModulePhysics.cs: 87f8974001cd2397421cfdcad1904e83 -> 
  custom:audio-decoder-ogg-vorbis: bf7c407c2cedff20999df2af8eb42d56 -> 
  custom:scripting/monoscript/fileName/Bullet.cs: a4f5918e799041ba1f6608f13912eb8b -> 
  custom:audio-encoder-webm-vorbis: bf7c407c2cedff20999df2af8eb42d56 -> 
  custom:scripting/precompiled-assembly-types:Assembly-CSharp: e54580a8870340c6bd0aeaba1261d020 -> 
========================================================================
Received Prepare
Caller must complete domain reload
Begin MonoManager ReloadAssembly
- Loaded All Assemblies, in  0.456 seconds
Native extension for WindowsStandalone target not found
Native extension for WebGL target not found
Mono: successfully reloaded assembly
- Finished resetting the current domain, in  0.836 seconds
Domain Reload Profiling: 1292ms
	BeginReloadAssembly (155ms)
		ExecutionOrderSort (0ms)
		DisableScriptedObjects (12ms)
		BackupInstance (0ms)
		ReleaseScriptingObjects (0ms)
		CreateAndSetChildDomain (33ms)
	RebuildCommonClasses (34ms)
	RebuildNativeTypeToScriptingClass (12ms)
	initialDomainReloadingComplete (25ms)
	LoadAllAssembliesAndSetupDomain (231ms)
		LoadAssemblies (285ms)
		RebuildTransferFunctionScriptingTraits (0ms)
		AnalyzeDomain (26ms)
			TypeCache.Refresh (8ms)
				TypeCache.ScanAssembly (0ms)
			ScanForSourceGeneratedMonoScriptInfo (10ms)
			ResolveRequiredComponents (6ms)
	FinalizeReload (837ms)
		ReleaseScriptCaches (0ms)
		RebuildScriptCaches (0ms)
		SetupLoadedEditorAssemblies (417ms)
			LogAssemblyErrors (0ms)
			InitializePlatformSupportModulesInManaged (6ms)
			SetLoadedEditorAssemblies (5ms)
			RefreshPlugins (0ms)
			BeforeProcessingInitializeOnLoad (70ms)
			ProcessInitializeOnLoadAttributes (302ms)
			ProcessInitializeOnLoadMethodAttributes (31ms)
			AfterProcessingInitializeOnLoad (3ms)
			EditorAssembliesLoaded (0ms)
		ExecutionOrderSort2 (0ms)
		AwakeInstancesAfterBackupRestoration (12ms)
Refreshing native plugins compatible for Editor in 2.62 ms, found 4 plugins.
Preloading 0 native plugins for Editor in 0.00 ms.
Unloading 4067 Unused Serialized files (Serialized files now loaded: 0)
Unloading 27 unused Assets / (213.6 KB). Loaded Objects now: 4907.
Memory consumption went from 145.6 MB to 145.4 MB.
Total: 3.878600 ms (FindLiveObjects: 0.620700 ms CreateObjectMapping: 0.266700 ms MarkObjects: 2.714900 ms  DeleteObjects: 0.274700 ms)

Prepare: number of updated asset objects reloaded= 0
AssetImportParameters requested are different than current active one (requested -> active):
  custom:scripting/monoscript/fileName/DOTweenModuleUtils.cs: 34ad347c902a97803d1c13fe65e97957 -> 
  custom:container-demuxer-ogg: 62fdf1f143b41e24485cea50d1cbac27 -> 
  custom:video-decoder-ogg-theora: a1e56fd34408186e4bbccfd4996cb3dc -> 
  custom:scripting/monoscript/fileName/DOTweenModuleUnityVersion.cs: 5fda8b30fb2f0276062c9b201e3b53c4 -> 
  custom:scripting/monoscript/fileName/DOTweenModuleUI.cs: 53c26b618f695b59a868eebdc97332ad -> 
  custom:framework-win-MediaFoundation: 216162199b28c13a410421893ffa2e32 -> 
  custom:scripting/precompiled-assembly-types:Assembly-CSharp-firstpass: c3b8ba213efe735b4b5ada0ee074dcb3 -> 
  custom:scripting/precompiled-assembly-types:DOTween: 41770a3e10244ae0a34e714162bbdba6 -> 
  custom:CustomObjectIndexerAttribute: 9a22284fe3817be447336de3de66b15e -> 
  custom:container-demuxer-webm: 4f35f7cbe854078d1ac9338744f61a02 -> 
  custom:scripting/monoscript/fileName/BulletTower.cs: 50552104c9d19a80e5b2d0f1a6d0dd85 -> 
  custom:scripting/monoscript/fileName/TimeManager.cs: ee896401883365d64d0753163ba65eb8 -> 
  custom:container-muxer-webm: aa71ff27fc2769a1b78a27578f13a17b -> 
  custom:video-decoder-webm-vp8: 9c59270c3fd7afecdb556c50c9e8de78 -> 
  custom:SearchIndexIgnoredProperties: e643bd26f0fe6173181afceb89e7c659 -> 
  custom:AudioImporter_EditorPlatform: d09bf68614088b80899f8185d706f6e7 -> 
  custom:scripting/monoscript/fileName/DOTweenModuleAudio.cs: 371877257ce39f5f0996ea556debbc8a -> 
  custom:scripting/monoscript/fileName/DOTweenModulePhysics2D.cs: 63b0e5981d81d026672954b54596f5ae -> 
  custom:scripting/precompiled-assembly-types:DOTweenEditor: 1efdf497b099e4e6944f0dd7fb28c744 -> 
  custom:scripting/monoscript/fileName/DOTweenModuleSprite.cs: e35fb5eb1c483cffc283a374a5e25466 -> 
  custom:video-encoder-webm-vp8: eb34c28f22e8b96e1ab97ce403110664 -> 
  custom:scripting/monoscript/fileName/DOTweenModulePhysics.cs: 87f8974001cd2397421cfdcad1904e83 -> 
  custom:audio-decoder-ogg-vorbis: bf7c407c2cedff20999df2af8eb42d56 -> 
  custom:scripting/monoscript/fileName/Bullet.cs: a4f5918e799041ba1f6608f13912eb8b -> 
  custom:audio-encoder-webm-vorbis: bf7c407c2cedff20999df2af8eb42d56 -> 
  custom:scripting/precompiled-assembly-types:Assembly-CSharp: e54580a8870340c6bd0aeaba1261d020 -> 
========================================================================
Received Prepare
Caller must complete domain reload
Begin MonoManager ReloadAssembly
- Loaded All Assemblies, in  0.484 seconds
Native extension for WindowsStandalone target not found
Native extension for WebGL target not found
Mono: successfully reloaded assembly
- Finished resetting the current domain, in  0.885 seconds
Domain Reload Profiling: 1368ms
	BeginReloadAssembly (157ms)
		ExecutionOrderSort (0ms)
		DisableScriptedObjects (12ms)
		BackupInstance (0ms)
		ReleaseScriptingObjects (0ms)
		CreateAndSetChildDomain (34ms)
	RebuildCommonClasses (41ms)
	RebuildNativeTypeToScriptingClass (12ms)
	initialDomainReloadingComplete (34ms)
	LoadAllAssembliesAndSetupDomain (240ms)
		LoadAssemblies (290ms)
		RebuildTransferFunctionScriptingTraits (0ms)
		AnalyzeDomain (27ms)
			TypeCache.Refresh (9ms)
				TypeCache.ScanAssembly (0ms)
			ScanForSourceGeneratedMonoScriptInfo (11ms)
			ResolveRequiredComponents (7ms)
	FinalizeReload (885ms)
		ReleaseScriptCaches (0ms)
		RebuildScriptCaches (0ms)
		SetupLoadedEditorAssemblies (400ms)
			LogAssemblyErrors (0ms)
			InitializePlatformSupportModulesInManaged (6ms)
			SetLoadedEditorAssemblies (5ms)
			RefreshPlugins (0ms)
			BeforeProcessingInitializeOnLoad (72ms)
			ProcessInitializeOnLoadAttributes (283ms)
			ProcessInitializeOnLoadMethodAttributes (31ms)
			AfterProcessingInitializeOnLoad (3ms)
			EditorAssembliesLoaded (0ms)
		ExecutionOrderSort2 (0ms)
		AwakeInstancesAfterBackupRestoration (13ms)
Refreshing native plugins compatible for Editor in 2.48 ms, found 4 plugins.
Preloading 0 native plugins for Editor in 0.00 ms.
Unloading 4067 Unused Serialized files (Serialized files now loaded: 0)
Unloading 27 unused Assets / (213.6 KB). Loaded Objects now: 4911.
Memory consumption went from 145.6 MB to 145.4 MB.
Total: 3.397100 ms (FindLiveObjects: 0.420700 ms CreateObjectMapping: 0.141200 ms MarkObjects: 2.644700 ms  DeleteObjects: 0.189100 ms)

Prepare: number of updated asset objects reloaded= 0
AssetImportParameters requested are different than current active one (requested -> active):
  custom:scripting/monoscript/fileName/DOTweenModuleUtils.cs: 34ad347c902a97803d1c13fe65e97957 -> 
  custom:container-demuxer-ogg: 62fdf1f143b41e24485cea50d1cbac27 -> 
  custom:video-decoder-ogg-theora: a1e56fd34408186e4bbccfd4996cb3dc -> 
  custom:scripting/monoscript/fileName/DOTweenModuleUnityVersion.cs: 5fda8b30fb2f0276062c9b201e3b53c4 -> 
  custom:scripting/monoscript/fileName/DOTweenModuleUI.cs: 53c26b618f695b59a868eebdc97332ad -> 
  custom:framework-win-MediaFoundation: 216162199b28c13a410421893ffa2e32 -> 
  custom:scripting/precompiled-assembly-types:Assembly-CSharp-firstpass: c3b8ba213efe735b4b5ada0ee074dcb3 -> 
  custom:scripting/precompiled-assembly-types:DOTween: 41770a3e10244ae0a34e714162bbdba6 -> 
  custom:CustomObjectIndexerAttribute: 9a22284fe3817be447336de3de66b15e -> 
  custom:container-demuxer-webm: 4f35f7cbe854078d1ac9338744f61a02 -> 
  custom:scripting/monoscript/fileName/BulletTower.cs: 50552104c9d19a80e5b2d0f1a6d0dd85 -> 
  custom:scripting/monoscript/fileName/TimeManager.cs: ee896401883365d64d0753163ba65eb8 -> 
  custom:container-muxer-webm: aa71ff27fc2769a1b78a27578f13a17b -> 
  custom:video-decoder-webm-vp8: 9c59270c3fd7afecdb556c50c9e8de78 -> 
  custom:SearchIndexIgnoredProperties: e643bd26f0fe6173181afceb89e7c659 -> 
  custom:AudioImporter_EditorPlatform: d09bf68614088b80899f8185d706f6e7 -> 
  custom:scripting/monoscript/fileName/DOTweenModuleAudio.cs: 371877257ce39f5f0996ea556debbc8a -> 
  custom:scripting/monoscript/fileName/DOTweenModulePhysics2D.cs: 63b0e5981d81d026672954b54596f5ae -> 
  custom:scripting/precompiled-assembly-types:DOTweenEditor: 1efdf497b099e4e6944f0dd7fb28c744 -> 
  custom:scripting/monoscript/fileName/DOTweenModuleSprite.cs: e35fb5eb1c483cffc283a374a5e25466 -> 
  custom:video-encoder-webm-vp8: eb34c28f22e8b96e1ab97ce403110664 -> 
  custom:scripting/monoscript/fileName/DOTweenModulePhysics.cs: 87f8974001cd2397421cfdcad1904e83 -> 
  custom:audio-decoder-ogg-vorbis: bf7c407c2cedff20999df2af8eb42d56 -> 
  custom:scripting/monoscript/fileName/Bullet.cs: a4f5918e799041ba1f6608f13912eb8b -> 
  custom:audio-encoder-webm-vorbis: bf7c407c2cedff20999df2af8eb42d56 -> 
  custom:scripting/precompiled-assembly-types:Assembly-CSharp: e54580a8870340c6bd0aeaba1261d020 -> 
========================================================================
Received Prepare
Caller must complete domain reload
Begin MonoManager ReloadAssembly
- Loaded All Assemblies, in  0.420 seconds
Native extension for WindowsStandalone target not found
Native extension for WebGL target not found
Mono: successfully reloaded assembly
- Finished resetting the current domain, in  0.824 seconds
Domain Reload Profiling: 1244ms
	BeginReloadAssembly (145ms)
		ExecutionOrderSort (0ms)
		DisableScriptedObjects (12ms)
		BackupInstance (0ms)
		ReleaseScriptingObjects (0ms)
		CreateAndSetChildDomain (32ms)
	RebuildCommonClasses (34ms)
	RebuildNativeTypeToScriptingClass (12ms)
	initialDomainReloadingComplete (25ms)
	LoadAllAssembliesAndSetupDomain (203ms)
		LoadAssemblies (263ms)
		RebuildTransferFunctionScriptingTraits (0ms)
		AnalyzeDomain (12ms)
			TypeCache.Refresh (5ms)
				TypeCache.ScanAssembly (0ms)
			ScanForSourceGeneratedMonoScriptInfo (0ms)
			ResolveRequiredComponents (6ms)
	FinalizeReload (825ms)
		ReleaseScriptCaches (0ms)
		RebuildScriptCaches (0ms)
		SetupLoadedEditorAssemblies (394ms)
			LogAssemblyErrors (0ms)
			InitializePlatformSupportModulesInManaged (6ms)
			SetLoadedEditorAssemblies (3ms)
			RefreshPlugins (0ms)
			BeforeProcessingInitializeOnLoad (62ms)
			ProcessInitializeOnLoadAttributes (290ms)
			ProcessInitializeOnLoadMethodAttributes (31ms)
			AfterProcessingInitializeOnLoad (3ms)
			EditorAssembliesLoaded (0ms)
		ExecutionOrderSort2 (0ms)
		AwakeInstancesAfterBackupRestoration (12ms)
Refreshing native plugins compatible for Editor in 2.54 ms, found 4 plugins.
Preloading 0 native plugins for Editor in 0.00 ms.
Unloading 4067 Unused Serialized files (Serialized files now loaded: 0)
Unloading 27 unused Assets / (213.5 KB). Loaded Objects now: 4915.
Memory consumption went from 145.6 MB to 145.4 MB.
Total: 3.364000 ms (FindLiveObjects: 0.404200 ms CreateObjectMapping: 0.120100 ms MarkObjects: 2.652500 ms  DeleteObjects: 0.185900 ms)

Prepare: number of updated asset objects reloaded= 0
AssetImportParameters requested are different than current active one (requested -> active):
  custom:scripting/monoscript/fileName/DOTweenModuleUtils.cs: 34ad347c902a97803d1c13fe65e97957 -> 
  custom:container-demuxer-ogg: 62fdf1f143b41e24485cea50d1cbac27 -> 
  custom:video-decoder-ogg-theora: a1e56fd34408186e4bbccfd4996cb3dc -> 
  custom:scripting/monoscript/fileName/DOTweenModuleUnityVersion.cs: 5fda8b30fb2f0276062c9b201e3b53c4 -> 
  custom:scripting/monoscript/fileName/DOTweenModuleUI.cs: 53c26b618f695b59a868eebdc97332ad -> 
  custom:framework-win-MediaFoundation: 216162199b28c13a410421893ffa2e32 -> 
  custom:scripting/precompiled-assembly-types:Assembly-CSharp-firstpass: c3b8ba213efe735b4b5ada0ee074dcb3 -> 
  custom:scripting/precompiled-assembly-types:DOTween: 41770a3e10244ae0a34e714162bbdba6 -> 
  custom:CustomObjectIndexerAttribute: 9a22284fe3817be447336de3de66b15e -> 
  custom:container-demuxer-webm: 4f35f7cbe854078d1ac9338744f61a02 -> 
  custom:scripting/monoscript/fileName/BulletTower.cs: 50552104c9d19a80e5b2d0f1a6d0dd85 -> 
  custom:scripting/monoscript/fileName/TimeManager.cs: ee896401883365d64d0753163ba65eb8 -> 
  custom:container-muxer-webm: aa71ff27fc2769a1b78a27578f13a17b -> 
  custom:video-decoder-webm-vp8: 9c59270c3fd7afecdb556c50c9e8de78 -> 
  custom:SearchIndexIgnoredProperties: e643bd26f0fe6173181afceb89e7c659 -> 
  custom:AudioImporter_EditorPlatform: d09bf68614088b80899f8185d706f6e7 -> 
  custom:scripting/monoscript/fileName/DOTweenModuleAudio.cs: 371877257ce39f5f0996ea556debbc8a -> 
  custom:scripting/monoscript/fileName/DOTweenModulePhysics2D.cs: 63b0e5981d81d026672954b54596f5ae -> 
  custom:scripting/precompiled-assembly-types:DOTweenEditor: 1efdf497b099e4e6944f0dd7fb28c744 -> 
  custom:scripting/monoscript/fileName/DOTweenModuleSprite.cs: e35fb5eb1c483cffc283a374a5e25466 -> 
  custom:video-encoder-webm-vp8: eb34c28f22e8b96e1ab97ce403110664 -> 
  custom:scripting/monoscript/fileName/DOTweenModulePhysics.cs: 87f8974001cd2397421cfdcad1904e83 -> 
  custom:audio-decoder-ogg-vorbis: bf7c407c2cedff20999df2af8eb42d56 -> 
  custom:scripting/monoscript/fileName/Bullet.cs: a4f5918e799041ba1f6608f13912eb8b -> 
  custom:audio-encoder-webm-vorbis: bf7c407c2cedff20999df2af8eb42d56 -> 
  custom:scripting/precompiled-assembly-types:Assembly-CSharp: e54580a8870340c6bd0aeaba1261d020 -> 
========================================================================
Received Prepare
Caller must complete domain reload
Begin MonoManager ReloadAssembly
- Loaded All Assemblies, in  0.464 seconds
Native extension for WindowsStandalone target not found
Native extension for WebGL target not found
Mono: successfully reloaded assembly
- Finished resetting the current domain, in  0.863 seconds
Domain Reload Profiling: 1327ms
	BeginReloadAssembly (150ms)
		ExecutionOrderSort (0ms)
		DisableScriptedObjects (12ms)
		BackupInstance (0ms)
		ReleaseScriptingObjects (0ms)
		CreateAndSetChildDomain (34ms)
	RebuildCommonClasses (36ms)
	RebuildNativeTypeToScriptingClass (12ms)
	initialDomainReloadingComplete (25ms)
	LoadAllAssembliesAndSetupDomain (241ms)
		LoadAssemblies (290ms)
		RebuildTransferFunctionScriptingTraits (0ms)
		AnalyzeDomain (26ms)
			TypeCache.Refresh (8ms)
				TypeCache.ScanAssembly (0ms)
			ScanForSourceGeneratedMonoScriptInfo (10ms)
			ResolveRequiredComponents (6ms)
	FinalizeReload (864ms)
		ReleaseScriptCaches (0ms)
		RebuildScriptCaches (0ms)
		SetupLoadedEditorAssemblies (417ms)
			LogAssemblyErrors (0ms)
			InitializePlatformSupportModulesInManaged (7ms)
			SetLoadedEditorAssemblies (5ms)
			RefreshPlugins (0ms)
			BeforeProcessingInitializeOnLoad (73ms)
			ProcessInitializeOnLoadAttributes (296ms)
			ProcessInitializeOnLoadMethodAttributes (33ms)
			AfterProcessingInitializeOnLoad (3ms)
			EditorAssembliesLoaded (0ms)
		ExecutionOrderSort2 (0ms)
		AwakeInstancesAfterBackupRestoration (18ms)
Script is not up to date after domain reload: guid(da681afa752bc5144a542ccf7de4ffce) path("Assets/MyResources/Scripts/BulletTower.cs") state(2)
Refreshing native plugins compatible for Editor in 5.45 ms, found 4 plugins.
Preloading 0 native plugins for Editor in 0.00 ms.
Unloading 4066 Unused Serialized files (Serialized files now loaded: 0)
Unloading 27 unused Assets / (213.7 KB). Loaded Objects now: 4918.
Memory consumption went from 145.6 MB to 145.4 MB.
Total: 3.693100 ms (FindLiveObjects: 0.413800 ms CreateObjectMapping: 0.118400 ms MarkObjects: 2.954200 ms  DeleteObjects: 0.205000 ms)

Prepare: number of updated asset objects reloaded= 0
AssetImportParameters requested are different than current active one (requested -> active):
  custom:scripting/monoscript/fileName/DOTweenModuleUtils.cs: 34ad347c902a97803d1c13fe65e97957 -> 
  custom:container-demuxer-ogg: 62fdf1f143b41e24485cea50d1cbac27 -> 
  custom:video-decoder-ogg-theora: a1e56fd34408186e4bbccfd4996cb3dc -> 
  custom:scripting/monoscript/fileName/DOTweenModuleUnityVersion.cs: 5fda8b30fb2f0276062c9b201e3b53c4 -> 
  custom:scripting/monoscript/fileName/DOTweenModuleUI.cs: 53c26b618f695b59a868eebdc97332ad -> 
  custom:framework-win-MediaFoundation: 216162199b28c13a410421893ffa2e32 -> 
  custom:scripting/precompiled-assembly-types:Assembly-CSharp-firstpass: c3b8ba213efe735b4b5ada0ee074dcb3 -> 
  custom:scripting/precompiled-assembly-types:DOTween: 41770a3e10244ae0a34e714162bbdba6 -> 
  custom:CustomObjectIndexerAttribute: 9a22284fe3817be447336de3de66b15e -> 
  custom:container-demuxer-webm: 4f35f7cbe854078d1ac9338744f61a02 -> 
  custom:scripting/monoscript/fileName/BulletTower.cs: 50552104c9d19a80e5b2d0f1a6d0dd85 -> 
  custom:scripting/monoscript/fileName/TimeManager.cs: ee896401883365d64d0753163ba65eb8 -> 
  custom:container-muxer-webm: aa71ff27fc2769a1b78a27578f13a17b -> 
  custom:video-decoder-webm-vp8: 9c59270c3fd7afecdb556c50c9e8de78 -> 
  custom:SearchIndexIgnoredProperties: e643bd26f0fe6173181afceb89e7c659 -> 
  custom:AudioImporter_EditorPlatform: d09bf68614088b80899f8185d706f6e7 -> 
  custom:scripting/monoscript/fileName/DOTweenModuleAudio.cs: 371877257ce39f5f0996ea556debbc8a -> 
  custom:scripting/monoscript/fileName/DOTweenModulePhysics2D.cs: 63b0e5981d81d026672954b54596f5ae -> 
  custom:scripting/precompiled-assembly-types:DOTweenEditor: 1efdf497b099e4e6944f0dd7fb28c744 -> 
  custom:scripting/monoscript/fileName/DOTweenModuleSprite.cs: e35fb5eb1c483cffc283a374a5e25466 -> 
  custom:video-encoder-webm-vp8: eb34c28f22e8b96e1ab97ce403110664 -> 
  custom:scripting/monoscript/fileName/DOTweenModulePhysics.cs: 87f8974001cd2397421cfdcad1904e83 -> 
  custom:audio-decoder-ogg-vorbis: bf7c407c2cedff20999df2af8eb42d56 -> 
  custom:scripting/monoscript/fileName/Bullet.cs: a4f5918e799041ba1f6608f13912eb8b -> 
  custom:audio-encoder-webm-vorbis: bf7c407c2cedff20999df2af8eb42d56 -> 
  custom:scripting/precompiled-assembly-types:Assembly-CSharp: d4c78cc19068d276b86a2a4dd98f83d9 -> 
========================================================================
Received Prepare
Caller must complete domain reload
Begin MonoManager ReloadAssembly
- Loaded All Assemblies, in  0.451 seconds
Native extension for WindowsStandalone target not found
Native extension for WebGL target not found
Mono: successfully reloaded assembly
- Finished resetting the current domain, in  0.855 seconds
Domain Reload Profiling: 1306ms
	BeginReloadAssembly (154ms)
		ExecutionOrderSort (0ms)
		DisableScriptedObjects (12ms)
		BackupInstance (0ms)
		ReleaseScriptingObjects (0ms)
		CreateAndSetChildDomain (37ms)
	RebuildCommonClasses (36ms)
	RebuildNativeTypeToScriptingClass (12ms)
	initialDomainReloadingComplete (26ms)
	LoadAllAssembliesAndSetupDomain (222ms)
		LoadAssemblies (270ms)
		RebuildTransferFunctionScriptingTraits (0ms)
		AnalyzeDomain (26ms)
			TypeCache.Refresh (9ms)
				TypeCache.ScanAssembly (0ms)
			ScanForSourceGeneratedMonoScriptInfo (10ms)
			ResolveRequiredComponents (6ms)
	FinalizeReload (856ms)
		ReleaseScriptCaches (0ms)
		RebuildScriptCaches (0ms)
		SetupLoadedEditorAssemblies (410ms)
			LogAssemblyErrors (0ms)
			InitializePlatformSupportModulesInManaged (6ms)
			SetLoadedEditorAssemblies (5ms)
			RefreshPlugins (0ms)
			BeforeProcessingInitializeOnLoad (67ms)
			ProcessInitializeOnLoadAttributes (300ms)
			ProcessInitializeOnLoadMethodAttributes (29ms)
			AfterProcessingInitializeOnLoad (3ms)
			EditorAssembliesLoaded (0ms)
		ExecutionOrderSort2 (0ms)
		AwakeInstancesAfterBackupRestoration (12ms)
Refreshing native plugins compatible for Editor in 2.48 ms, found 4 plugins.
Preloading 0 native plugins for Editor in 0.00 ms.
Unloading 4067 Unused Serialized files (Serialized files now loaded: 0)
Unloading 27 unused Assets / (213.6 KB). Loaded Objects now: 4923.
Memory consumption went from 145.6 MB to 145.4 MB.
Total: 3.480400 ms (FindLiveObjects: 0.599300 ms CreateObjectMapping: 0.230000 ms MarkObjects: 2.464300 ms  DeleteObjects: 0.184900 ms)

Prepare: number of updated asset objects reloaded= 0
AssetImportParameters requested are different than current active one (requested -> active):
  custom:scripting/monoscript/fileName/DOTweenModuleUtils.cs: 34ad347c902a97803d1c13fe65e97957 -> 
  custom:container-demuxer-ogg: 62fdf1f143b41e24485cea50d1cbac27 -> 
  custom:video-decoder-ogg-theora: a1e56fd34408186e4bbccfd4996cb3dc -> 
  custom:scripting/monoscript/fileName/DOTweenModuleUnityVersion.cs: 5fda8b30fb2f0276062c9b201e3b53c4 -> 
  custom:scripting/monoscript/fileName/DOTweenModuleUI.cs: 53c26b618f695b59a868eebdc97332ad -> 
  custom:framework-win-MediaFoundation: 216162199b28c13a410421893ffa2e32 -> 
  custom:scripting/precompiled-assembly-types:Assembly-CSharp-firstpass: c3b8ba213efe735b4b5ada0ee074dcb3 -> 
  custom:scripting/precompiled-assembly-types:DOTween: 41770a3e10244ae0a34e714162bbdba6 -> 
  custom:CustomObjectIndexerAttribute: 9a22284fe3817be447336de3de66b15e -> 
  custom:container-demuxer-webm: 4f35f7cbe854078d1ac9338744f61a02 -> 
  custom:scripting/monoscript/fileName/BulletTower.cs: 50552104c9d19a80e5b2d0f1a6d0dd85 -> 
  custom:scripting/monoscript/fileName/TimeManager.cs: ee896401883365d64d0753163ba65eb8 -> 
  custom:container-muxer-webm: aa71ff27fc2769a1b78a27578f13a17b -> 
  custom:video-decoder-webm-vp8: 9c59270c3fd7afecdb556c50c9e8de78 -> 
  custom:SearchIndexIgnoredProperties: e643bd26f0fe6173181afceb89e7c659 -> 
  custom:AudioImporter_EditorPlatform: d09bf68614088b80899f8185d706f6e7 -> 
  custom:scripting/monoscript/fileName/DOTweenModuleAudio.cs: 371877257ce39f5f0996ea556debbc8a -> 
  custom:scripting/monoscript/fileName/DOTweenModulePhysics2D.cs: 63b0e5981d81d026672954b54596f5ae -> 
  custom:scripting/precompiled-assembly-types:DOTweenEditor: 1efdf497b099e4e6944f0dd7fb28c744 -> 
  custom:scripting/monoscript/fileName/DOTweenModuleSprite.cs: e35fb5eb1c483cffc283a374a5e25466 -> 
  custom:video-encoder-webm-vp8: eb34c28f22e8b96e1ab97ce403110664 -> 
  custom:scripting/monoscript/fileName/DOTweenModulePhysics.cs: 87f8974001cd2397421cfdcad1904e83 -> 
  custom:audio-decoder-ogg-vorbis: bf7c407c2cedff20999df2af8eb42d56 -> 
  custom:scripting/monoscript/fileName/Bullet.cs: a4f5918e799041ba1f6608f13912eb8b -> 
  custom:audio-encoder-webm-vorbis: bf7c407c2cedff20999df2af8eb42d56 -> 
  custom:scripting/precompiled-assembly-types:Assembly-CSharp: d4c78cc19068d276b86a2a4dd98f83d9 -> 
========================================================================
Received Prepare
Caller must complete domain reload
Begin MonoManager ReloadAssembly
- Loaded All Assemblies, in  0.454 seconds
Native extension for WindowsStandalone target not found
Native extension for WebGL target not found
Mono: successfully reloaded assembly
- Finished resetting the current domain, in  0.848 seconds
Domain Reload Profiling: 1301ms
	BeginReloadAssembly (148ms)
		ExecutionOrderSort (0ms)
		DisableScriptedObjects (12ms)
		BackupInstance (0ms)
		ReleaseScriptingObjects (0ms)
		CreateAndSetChildDomain (33ms)
	RebuildCommonClasses (35ms)
	RebuildNativeTypeToScriptingClass (12ms)
	initialDomainReloadingComplete (27ms)
	LoadAllAssembliesAndSetupDomain (231ms)
		LoadAssemblies (278ms)
		RebuildTransferFunctionScriptingTraits (0ms)
		AnalyzeDomain (27ms)
			TypeCache.Refresh (9ms)
				TypeCache.ScanAssembly (0ms)
			ScanForSourceGeneratedMonoScriptInfo (11ms)
			ResolveRequiredComponents (6ms)
	FinalizeReload (848ms)
		ReleaseScriptCaches (0ms)
		RebuildScriptCaches (0ms)
		SetupLoadedEditorAssemblies (403ms)
			LogAssemblyErrors (0ms)
			InitializePlatformSupportModulesInManaged (9ms)
			SetLoadedEditorAssemblies (5ms)
			RefreshPlugins (0ms)
			BeforeProcessingInitializeOnLoad (65ms)
			ProcessInitializeOnLoadAttributes (290ms)
			ProcessInitializeOnLoadMethodAttributes (31ms)
			AfterProcessingInitializeOnLoad (3ms)
			EditorAssembliesLoaded (0ms)
		ExecutionOrderSort2 (0ms)
		AwakeInstancesAfterBackupRestoration (12ms)
Refreshing native plugins compatible for Editor in 2.45 ms, found 4 plugins.
Preloading 0 native plugins for Editor in 0.00 ms.
Unloading 4067 Unused Serialized files (Serialized files now loaded: 0)
Unloading 27 unused Assets / (213.6 KB). Loaded Objects now: 4927.
Memory consumption went from 145.6 MB to 145.4 MB.
Total: 3.226300 ms (FindLiveObjects: 0.377600 ms CreateObjectMapping: 0.128000 ms MarkObjects: 2.444500 ms  DeleteObjects: 0.274900 ms)

Prepare: number of updated asset objects reloaded= 0
AssetImportParameters requested are different than current active one (requested -> active):
  custom:scripting/monoscript/fileName/DOTweenModuleUtils.cs: 34ad347c902a97803d1c13fe65e97957 -> 
  custom:container-demuxer-ogg: 62fdf1f143b41e24485cea50d1cbac27 -> 
  custom:video-decoder-ogg-theora: a1e56fd34408186e4bbccfd4996cb3dc -> 
  custom:scripting/monoscript/fileName/DOTweenModuleUnityVersion.cs: 5fda8b30fb2f0276062c9b201e3b53c4 -> 
  custom:scripting/monoscript/fileName/DOTweenModuleUI.cs: 53c26b618f695b59a868eebdc97332ad -> 
  custom:framework-win-MediaFoundation: 216162199b28c13a410421893ffa2e32 -> 
  custom:scripting/precompiled-assembly-types:Assembly-CSharp-firstpass: c3b8ba213efe735b4b5ada0ee074dcb3 -> 
  custom:scripting/precompiled-assembly-types:DOTween: 41770a3e10244ae0a34e714162bbdba6 -> 
  custom:CustomObjectIndexerAttribute: 9a22284fe3817be447336de3de66b15e -> 
  custom:container-demuxer-webm: 4f35f7cbe854078d1ac9338744f61a02 -> 
  custom:scripting/monoscript/fileName/BulletTower.cs: 50552104c9d19a80e5b2d0f1a6d0dd85 -> 
  custom:scripting/monoscript/fileName/TimeManager.cs: ee896401883365d64d0753163ba65eb8 -> 
  custom:container-muxer-webm: aa71ff27fc2769a1b78a27578f13a17b -> 
  custom:video-decoder-webm-vp8: 9c59270c3fd7afecdb556c50c9e8de78 -> 
  custom:SearchIndexIgnoredProperties: e643bd26f0fe6173181afceb89e7c659 -> 
  custom:AudioImporter_EditorPlatform: d09bf68614088b80899f8185d706f6e7 -> 
  custom:scripting/monoscript/fileName/DOTweenModuleAudio.cs: 371877257ce39f5f0996ea556debbc8a -> 
  custom:scripting/monoscript/fileName/DOTweenModulePhysics2D.cs: 63b0e5981d81d026672954b54596f5ae -> 
  custom:scripting/precompiled-assembly-types:DOTweenEditor: 1efdf497b099e4e6944f0dd7fb28c744 -> 
  custom:scripting/monoscript/fileName/DOTweenModuleSprite.cs: e35fb5eb1c483cffc283a374a5e25466 -> 
  custom:video-encoder-webm-vp8: eb34c28f22e8b96e1ab97ce403110664 -> 
  custom:scripting/monoscript/fileName/DOTweenModulePhysics.cs: 87f8974001cd2397421cfdcad1904e83 -> 
  custom:audio-decoder-ogg-vorbis: bf7c407c2cedff20999df2af8eb42d56 -> 
  custom:scripting/monoscript/fileName/Bullet.cs: a4f5918e799041ba1f6608f13912eb8b -> 
  custom:audio-encoder-webm-vorbis: bf7c407c2cedff20999df2af8eb42d56 -> 
  custom:scripting/precompiled-assembly-types:Assembly-CSharp: d4c78cc19068d276b86a2a4dd98f83d9 -> 
========================================================================
Received Prepare
Caller must complete domain reload
Begin MonoManager ReloadAssembly
- Loaded All Assemblies, in  0.460 seconds
Native extension for WindowsStandalone target not found
Native extension for WebGL target not found
Mono: successfully reloaded assembly
- Finished resetting the current domain, in  0.834 seconds
Domain Reload Profiling: 1294ms
	BeginReloadAssembly (154ms)
		ExecutionOrderSort (0ms)
		DisableScriptedObjects (12ms)
		BackupInstance (0ms)
		ReleaseScriptingObjects (0ms)
		CreateAndSetChildDomain (34ms)
	RebuildCommonClasses (50ms)
	RebuildNativeTypeToScriptingClass (12ms)
	initialDomainReloadingComplete (27ms)
	LoadAllAssembliesAndSetupDomain (216ms)
		LoadAssemblies (270ms)
		RebuildTransferFunctionScriptingTraits (0ms)
		AnalyzeDomain (26ms)
			TypeCache.Refresh (8ms)
				TypeCache.ScanAssembly (0ms)
			ScanForSourceGeneratedMonoScriptInfo (11ms)
			ResolveRequiredComponents (6ms)
	FinalizeReload (834ms)
		ReleaseScriptCaches (0ms)
		RebuildScriptCaches (0ms)
		SetupLoadedEditorAssemblies (401ms)
			LogAssemblyErrors (0ms)
			InitializePlatformSupportModulesInManaged (6ms)
			SetLoadedEditorAssemblies (5ms)
			RefreshPlugins (0ms)
			BeforeProcessingInitializeOnLoad (72ms)
			ProcessInitializeOnLoadAttributes (284ms)
			ProcessInitializeOnLoadMethodAttributes (31ms)
			AfterProcessingInitializeOnLoad (3ms)
			EditorAssembliesLoaded (0ms)
		ExecutionOrderSort2 (0ms)
		AwakeInstancesAfterBackupRestoration (12ms)
Refreshing native plugins compatible for Editor in 3.98 ms, found 4 plugins.
Preloading 0 native plugins for Editor in 0.00 ms.
Unloading 4067 Unused Serialized files (Serialized files now loaded: 0)
Unloading 27 unused Assets / (213.5 KB). Loaded Objects now: 4931.
Memory consumption went from 145.6 MB to 145.4 MB.
Total: 3.827800 ms (FindLiveObjects: 0.516900 ms CreateObjectMapping: 0.330800 ms MarkObjects: 2.786400 ms  DeleteObjects: 0.192400 ms)

Prepare: number of updated asset objects reloaded= 0
AssetImportParameters requested are different than current active one (requested -> active):
  custom:scripting/monoscript/fileName/DOTweenModuleUtils.cs: 34ad347c902a97803d1c13fe65e97957 -> 
  custom:container-demuxer-ogg: 62fdf1f143b41e24485cea50d1cbac27 -> 
  custom:video-decoder-ogg-theora: a1e56fd34408186e4bbccfd4996cb3dc -> 
  custom:scripting/monoscript/fileName/DOTweenModuleUnityVersion.cs: 5fda8b30fb2f0276062c9b201e3b53c4 -> 
  custom:scripting/monoscript/fileName/DOTweenModuleUI.cs: 53c26b618f695b59a868eebdc97332ad -> 
  custom:framework-win-MediaFoundation: 216162199b28c13a410421893ffa2e32 -> 
  custom:scripting/precompiled-assembly-types:Assembly-CSharp-firstpass: c3b8ba213efe735b4b5ada0ee074dcb3 -> 
  custom:scripting/precompiled-assembly-types:DOTween: 41770a3e10244ae0a34e714162bbdba6 -> 
  custom:CustomObjectIndexerAttribute: 9a22284fe3817be447336de3de66b15e -> 
  custom:container-demuxer-webm: 4f35f7cbe854078d1ac9338744f61a02 -> 
  custom:scripting/monoscript/fileName/BulletTower.cs: 50552104c9d19a80e5b2d0f1a6d0dd85 -> 
  custom:scripting/monoscript/fileName/TimeManager.cs: ee896401883365d64d0753163ba65eb8 -> 
  custom:container-muxer-webm: aa71ff27fc2769a1b78a27578f13a17b -> 
  custom:video-decoder-webm-vp8: 9c59270c3fd7afecdb556c50c9e8de78 -> 
  custom:SearchIndexIgnoredProperties: e643bd26f0fe6173181afceb89e7c659 -> 
  custom:AudioImporter_EditorPlatform: d09bf68614088b80899f8185d706f6e7 -> 
  custom:scripting/monoscript/fileName/DOTweenModuleAudio.cs: 371877257ce39f5f0996ea556debbc8a -> 
  custom:scripting/monoscript/fileName/DOTweenModulePhysics2D.cs: 63b0e5981d81d026672954b54596f5ae -> 
  custom:scripting/precompiled-assembly-types:DOTweenEditor: 1efdf497b099e4e6944f0dd7fb28c744 -> 
  custom:scripting/monoscript/fileName/DOTweenModuleSprite.cs: e35fb5eb1c483cffc283a374a5e25466 -> 
  custom:video-encoder-webm-vp8: eb34c28f22e8b96e1ab97ce403110664 -> 
  custom:scripting/monoscript/fileName/DOTweenModulePhysics.cs: 87f8974001cd2397421cfdcad1904e83 -> 
  custom:audio-decoder-ogg-vorbis: bf7c407c2cedff20999df2af8eb42d56 -> 
  custom:scripting/monoscript/fileName/Bullet.cs: a4f5918e799041ba1f6608f13912eb8b -> 
  custom:audio-encoder-webm-vorbis: bf7c407c2cedff20999df2af8eb42d56 -> 
  custom:scripting/precompiled-assembly-types:Assembly-CSharp: 23773f8ec74b2e01b2fee12243133863 -> 
========================================================================
Received Prepare
Caller must complete domain reload
Begin MonoManager ReloadAssembly
- Loaded All Assemblies, in  0.464 seconds
Native extension for WindowsStandalone target not found
Native extension for WebGL target not found
Mono: successfully reloaded assembly
- Finished resetting the current domain, in  0.814 seconds
Domain Reload Profiling: 1277ms
	BeginReloadAssembly (151ms)
		ExecutionOrderSort (0ms)
		DisableScriptedObjects (12ms)
		BackupInstance (0ms)
		ReleaseScriptingObjects (0ms)
		CreateAndSetChildDomain (34ms)
	RebuildCommonClasses (34ms)
	RebuildNativeTypeToScriptingClass (12ms)
	initialDomainReloadingComplete (32ms)
	LoadAllAssembliesAndSetupDomain (233ms)
		LoadAssemblies (284ms)
		RebuildTransferFunctionScriptingTraits (0ms)
		AnalyzeDomain (27ms)
			TypeCache.Refresh (9ms)
				TypeCache.ScanAssembly (0ms)
			ScanForSourceGeneratedMonoScriptInfo (10ms)
			ResolveRequiredComponents (7ms)
	FinalizeReload (814ms)
		ReleaseScriptCaches (0ms)
		RebuildScriptCaches (0ms)
		SetupLoadedEditorAssemblies (388ms)
			LogAssemblyErrors (0ms)
			InitializePlatformSupportModulesInManaged (7ms)
			SetLoadedEditorAssemblies (3ms)
			RefreshPlugins (0ms)
			BeforeProcessingInitializeOnLoad (62ms)
			ProcessInitializeOnLoadAttributes (283ms)
			ProcessInitializeOnLoadMethodAttributes (29ms)
			AfterProcessingInitializeOnLoad (3ms)
			EditorAssembliesLoaded (0ms)
		ExecutionOrderSort2 (0ms)
		AwakeInstancesAfterBackupRestoration (12ms)
Refreshing native plugins compatible for Editor in 2.73 ms, found 4 plugins.
Preloading 0 native plugins for Editor in 0.00 ms.
Unloading 4067 Unused Serialized files (Serialized files now loaded: 0)
Unloading 27 unused Assets / (213.6 KB). Loaded Objects now: 4935.
Memory consumption went from 145.6 MB to 145.4 MB.
Total: 3.986600 ms (FindLiveObjects: 0.523000 ms CreateObjectMapping: 0.315000 ms MarkObjects: 2.947500 ms  DeleteObjects: 0.199700 ms)

Prepare: number of updated asset objects reloaded= 0
AssetImportParameters requested are different than current active one (requested -> active):
  custom:scripting/monoscript/fileName/DOTweenModuleUtils.cs: 34ad347c902a97803d1c13fe65e97957 -> 
  custom:container-demuxer-ogg: 62fdf1f143b41e24485cea50d1cbac27 -> 
  custom:video-decoder-ogg-theora: a1e56fd34408186e4bbccfd4996cb3dc -> 
  custom:scripting/monoscript/fileName/DOTweenModuleUnityVersion.cs: 5fda8b30fb2f0276062c9b201e3b53c4 -> 
  custom:scripting/monoscript/fileName/DOTweenModuleUI.cs: 53c26b618f695b59a868eebdc97332ad -> 
  custom:framework-win-MediaFoundation: 216162199b28c13a410421893ffa2e32 -> 
  custom:scripting/precompiled-assembly-types:Assembly-CSharp-firstpass: c3b8ba213efe735b4b5ada0ee074dcb3 -> 
  custom:scripting/precompiled-assembly-types:DOTween: 41770a3e10244ae0a34e714162bbdba6 -> 
  custom:CustomObjectIndexerAttribute: 9a22284fe3817be447336de3de66b15e -> 
  custom:container-demuxer-webm: 4f35f7cbe854078d1ac9338744f61a02 -> 
  custom:scripting/monoscript/fileName/BulletTower.cs: 50552104c9d19a80e5b2d0f1a6d0dd85 -> 
  custom:scripting/monoscript/fileName/TimeManager.cs: ee896401883365d64d0753163ba65eb8 -> 
  custom:container-muxer-webm: aa71ff27fc2769a1b78a27578f13a17b -> 
  custom:video-decoder-webm-vp8: 9c59270c3fd7afecdb556c50c9e8de78 -> 
  custom:SearchIndexIgnoredProperties: e643bd26f0fe6173181afceb89e7c659 -> 
  custom:AudioImporter_EditorPlatform: d09bf68614088b80899f8185d706f6e7 -> 
  custom:scripting/monoscript/fileName/DOTweenModuleAudio.cs: 371877257ce39f5f0996ea556debbc8a -> 
  custom:scripting/monoscript/fileName/DOTweenModulePhysics2D.cs: 63b0e5981d81d026672954b54596f5ae -> 
  custom:scripting/precompiled-assembly-types:DOTweenEditor: 1efdf497b099e4e6944f0dd7fb28c744 -> 
  custom:scripting/monoscript/fileName/DOTweenModuleSprite.cs: e35fb5eb1c483cffc283a374a5e25466 -> 
  custom:video-encoder-webm-vp8: eb34c28f22e8b96e1ab97ce403110664 -> 
  custom:scripting/monoscript/fileName/DOTweenModulePhysics.cs: 87f8974001cd2397421cfdcad1904e83 -> 
  custom:audio-decoder-ogg-vorbis: bf7c407c2cedff20999df2af8eb42d56 -> 
  custom:scripting/monoscript/fileName/Bullet.cs: a4f5918e799041ba1f6608f13912eb8b -> 
  custom:audio-encoder-webm-vorbis: bf7c407c2cedff20999df2af8eb42d56 -> 
  custom:scripting/precompiled-assembly-types:Assembly-CSharp: 23773f8ec74b2e01b2fee12243133863 -> 
========================================================================
Received Prepare
Caller must complete domain reload
Begin MonoManager ReloadAssembly
- Loaded All Assemblies, in  0.469 seconds
Native extension for WindowsStandalone target not found
Native extension for WebGL target not found
Mono: successfully reloaded assembly
- Finished resetting the current domain, in  0.853 seconds
Domain Reload Profiling: 1321ms
	BeginReloadAssembly (151ms)
		ExecutionOrderSort (0ms)
		DisableScriptedObjects (12ms)
		BackupInstance (0ms)
		ReleaseScriptingObjects (0ms)
		CreateAndSetChildDomain (35ms)
	RebuildCommonClasses (39ms)
	RebuildNativeTypeToScriptingClass (12ms)
	initialDomainReloadingComplete (26ms)
	LoadAllAssembliesAndSetupDomain (240ms)
		LoadAssemblies (287ms)
		RebuildTransferFunctionScriptingTraits (0ms)
		AnalyzeDomain (27ms)
			TypeCache.Refresh (9ms)
				TypeCache.ScanAssembly (0ms)
			ScanForSourceGeneratedMonoScriptInfo (11ms)
			ResolveRequiredComponents (6ms)
	FinalizeReload (853ms)
		ReleaseScriptCaches (0ms)
		RebuildScriptCaches (0ms)
		SetupLoadedEditorAssemblies (379ms)
			LogAssemblyErrors (0ms)
			InitializePlatformSupportModulesInManaged (7ms)
			SetLoadedEditorAssemblies (3ms)
			RefreshPlugins (0ms)
			BeforeProcessingInitializeOnLoad (62ms)
			ProcessInitializeOnLoadAttributes (274ms)
			ProcessInitializeOnLoadMethodAttributes (30ms)
			AfterProcessingInitializeOnLoad (3ms)
			EditorAssembliesLoaded (0ms)
		ExecutionOrderSort2 (0ms)
		AwakeInstancesAfterBackupRestoration (12ms)
Refreshing native plugins compatible for Editor in 2.83 ms, found 4 plugins.
Preloading 0 native plugins for Editor in 0.00 ms.
Unloading 4067 Unused Serialized files (Serialized files now loaded: 0)
Unloading 27 unused Assets / (213.6 KB). Loaded Objects now: 4939.
Memory consumption went from 145.6 MB to 145.4 MB.
Total: 3.393500 ms (FindLiveObjects: 0.501700 ms CreateObjectMapping: 0.166900 ms MarkObjects: 2.541500 ms  DeleteObjects: 0.182100 ms)

Prepare: number of updated asset objects reloaded= 0
AssetImportParameters requested are different than current active one (requested -> active):
  custom:scripting/monoscript/fileName/DOTweenModuleUtils.cs: 34ad347c902a97803d1c13fe65e97957 -> 
  custom:container-demuxer-ogg: 62fdf1f143b41e24485cea50d1cbac27 -> 
  custom:video-decoder-ogg-theora: a1e56fd34408186e4bbccfd4996cb3dc -> 
  custom:scripting/monoscript/fileName/DOTweenModuleUnityVersion.cs: 5fda8b30fb2f0276062c9b201e3b53c4 -> 
  custom:scripting/monoscript/fileName/DOTweenModuleUI.cs: 53c26b618f695b59a868eebdc97332ad -> 
  custom:framework-win-MediaFoundation: 216162199b28c13a410421893ffa2e32 -> 
  custom:scripting/precompiled-assembly-types:Assembly-CSharp-firstpass: c3b8ba213efe735b4b5ada0ee074dcb3 -> 
  custom:scripting/precompiled-assembly-types:DOTween: 41770a3e10244ae0a34e714162bbdba6 -> 
  custom:CustomObjectIndexerAttribute: 9a22284fe3817be447336de3de66b15e -> 
  custom:container-demuxer-webm: 4f35f7cbe854078d1ac9338744f61a02 -> 
  custom:scripting/monoscript/fileName/BulletTower.cs: 50552104c9d19a80e5b2d0f1a6d0dd85 -> 
  custom:scripting/monoscript/fileName/TimeManager.cs: ee896401883365d64d0753163ba65eb8 -> 
  custom:container-muxer-webm: aa71ff27fc2769a1b78a27578f13a17b -> 
  custom:video-decoder-webm-vp8: 9c59270c3fd7afecdb556c50c9e8de78 -> 
  custom:SearchIndexIgnoredProperties: e643bd26f0fe6173181afceb89e7c659 -> 
  custom:AudioImporter_EditorPlatform: d09bf68614088b80899f8185d706f6e7 -> 
  custom:scripting/monoscript/fileName/DOTweenModuleAudio.cs: 371877257ce39f5f0996ea556debbc8a -> 
  custom:scripting/monoscript/fileName/DOTweenModulePhysics2D.cs: 63b0e5981d81d026672954b54596f5ae -> 
  custom:scripting/precompiled-assembly-types:DOTweenEditor: 1efdf497b099e4e6944f0dd7fb28c744 -> 
  custom:scripting/monoscript/fileName/DOTweenModuleSprite.cs: e35fb5eb1c483cffc283a374a5e25466 -> 
  custom:video-encoder-webm-vp8: eb34c28f22e8b96e1ab97ce403110664 -> 
  custom:scripting/monoscript/fileName/DOTweenModulePhysics.cs: 87f8974001cd2397421cfdcad1904e83 -> 
  custom:audio-decoder-ogg-vorbis: bf7c407c2cedff20999df2af8eb42d56 -> 
  custom:scripting/monoscript/fileName/Bullet.cs: a4f5918e799041ba1f6608f13912eb8b -> 
  custom:audio-encoder-webm-vorbis: bf7c407c2cedff20999df2af8eb42d56 -> 
  custom:scripting/precompiled-assembly-types:Assembly-CSharp: 23773f8ec74b2e01b2fee12243133863 -> 
========================================================================
Received Prepare
Caller must complete domain reload
Begin MonoManager ReloadAssembly
- Loaded All Assemblies, in  0.523 seconds
Native extension for WindowsStandalone target not found
Native extension for WebGL target not found
Mono: successfully reloaded assembly
- Finished resetting the current domain, in  0.888 seconds
Domain Reload Profiling: 1411ms
	BeginReloadAssembly (168ms)
		ExecutionOrderSort (0ms)
		DisableScriptedObjects (13ms)
		BackupInstance (0ms)
		ReleaseScriptingObjects (0ms)
		CreateAndSetChildDomain (37ms)
	RebuildCommonClasses (42ms)
	RebuildNativeTypeToScriptingClass (17ms)
	initialDomainReloadingComplete (28ms)
	LoadAllAssembliesAndSetupDomain (267ms)
		LoadAssemblies (317ms)
		RebuildTransferFunctionScriptingTraits (0ms)
		AnalyzeDomain (40ms)
			TypeCache.Refresh (11ms)
				TypeCache.ScanAssembly (0ms)
			ScanForSourceGeneratedMonoScriptInfo (14ms)
			ResolveRequiredComponents (13ms)
	FinalizeReload (889ms)
		ReleaseScriptCaches (0ms)
		RebuildScriptCaches (0ms)
		SetupLoadedEditorAssemblies (424ms)
			LogAssemblyErrors (0ms)
			InitializePlatformSupportModulesInManaged (7ms)
			SetLoadedEditorAssemblies (5ms)
			RefreshPlugins (0ms)
			BeforeProcessingInitializeOnLoad (73ms)
			ProcessInitializeOnLoadAttributes (305ms)
			ProcessInitializeOnLoadMethodAttributes (31ms)
			AfterProcessingInitializeOnLoad (3ms)
			EditorAssembliesLoaded (0ms)
		ExecutionOrderSort2 (0ms)
		AwakeInstancesAfterBackupRestoration (13ms)
Refreshing native plugins compatible for Editor in 2.54 ms, found 4 plugins.
Preloading 0 native plugins for Editor in 0.00 ms.
Unloading 4067 Unused Serialized files (Serialized files now loaded: 0)
Unloading 27 unused Assets / (213.5 KB). Loaded Objects now: 4943.
Memory consumption went from 145.6 MB to 145.4 MB.
Total: 3.530100 ms (FindLiveObjects: 0.592400 ms CreateObjectMapping: 0.243600 ms MarkObjects: 2.498000 ms  DeleteObjects: 0.194300 ms)

Prepare: number of updated asset objects reloaded= 0
AssetImportParameters requested are different than current active one (requested -> active):
  custom:scripting/monoscript/fileName/DOTweenModuleUtils.cs: 34ad347c902a97803d1c13fe65e97957 -> 
  custom:container-demuxer-ogg: 62fdf1f143b41e24485cea50d1cbac27 -> 
  custom:video-decoder-ogg-theora: a1e56fd34408186e4bbccfd4996cb3dc -> 
  custom:scripting/monoscript/fileName/DOTweenModuleUnityVersion.cs: 5fda8b30fb2f0276062c9b201e3b53c4 -> 
  custom:scripting/monoscript/fileName/DOTweenModuleUI.cs: 53c26b618f695b59a868eebdc97332ad -> 
  custom:framework-win-MediaFoundation: 216162199b28c13a410421893ffa2e32 -> 
  custom:scripting/precompiled-assembly-types:Assembly-CSharp-firstpass: c3b8ba213efe735b4b5ada0ee074dcb3 -> 
  custom:scripting/precompiled-assembly-types:DOTween: 41770a3e10244ae0a34e714162bbdba6 -> 
  custom:CustomObjectIndexerAttribute: 9a22284fe3817be447336de3de66b15e -> 
  custom:container-demuxer-webm: 4f35f7cbe854078d1ac9338744f61a02 -> 
  custom:scripting/monoscript/fileName/BulletTower.cs: 50552104c9d19a80e5b2d0f1a6d0dd85 -> 
  custom:scripting/monoscript/fileName/TimeManager.cs: ee896401883365d64d0753163ba65eb8 -> 
  custom:container-muxer-webm: aa71ff27fc2769a1b78a27578f13a17b -> 
  custom:video-decoder-webm-vp8: 9c59270c3fd7afecdb556c50c9e8de78 -> 
  custom:SearchIndexIgnoredProperties: e643bd26f0fe6173181afceb89e7c659 -> 
  custom:AudioImporter_EditorPlatform: d09bf68614088b80899f8185d706f6e7 -> 
  custom:scripting/monoscript/fileName/DOTweenModuleAudio.cs: 371877257ce39f5f0996ea556debbc8a -> 
  custom:scripting/monoscript/fileName/DOTweenModulePhysics2D.cs: 63b0e5981d81d026672954b54596f5ae -> 
  custom:scripting/precompiled-assembly-types:DOTweenEditor: 1efdf497b099e4e6944f0dd7fb28c744 -> 
  custom:scripting/monoscript/fileName/DOTweenModuleSprite.cs: e35fb5eb1c483cffc283a374a5e25466 -> 
  custom:video-encoder-webm-vp8: eb34c28f22e8b96e1ab97ce403110664 -> 
  custom:scripting/monoscript/fileName/DOTweenModulePhysics.cs: 87f8974001cd2397421cfdcad1904e83 -> 
  custom:audio-decoder-ogg-vorbis: bf7c407c2cedff20999df2af8eb42d56 -> 
  custom:scripting/monoscript/fileName/Bullet.cs: a4f5918e799041ba1f6608f13912eb8b -> 
  custom:audio-encoder-webm-vorbis: bf7c407c2cedff20999df2af8eb42d56 -> 
  custom:scripting/precompiled-assembly-types:Assembly-CSharp: 23773f8ec74b2e01b2fee12243133863 -> 
========================================================================
Received Prepare
Caller must complete domain reload
Begin MonoManager ReloadAssembly
- Loaded All Assemblies, in  0.456 seconds
Native extension for WindowsStandalone target not found
Native extension for WebGL target not found
Mono: successfully reloaded assembly
- Finished resetting the current domain, in  0.828 seconds
Domain Reload Profiling: 1283ms
	BeginReloadAssembly (151ms)
		ExecutionOrderSort (0ms)
		DisableScriptedObjects (12ms)
		BackupInstance (0ms)
		ReleaseScriptingObjects (0ms)
		CreateAndSetChildDomain (33ms)
	RebuildCommonClasses (34ms)
	RebuildNativeTypeToScriptingClass (12ms)
	initialDomainReloadingComplete (26ms)
	LoadAllAssembliesAndSetupDomain (232ms)
		LoadAssemblies (281ms)
		RebuildTransferFunctionScriptingTraits (0ms)
		AnalyzeDomain (27ms)
			TypeCache.Refresh (9ms)
				TypeCache.ScanAssembly (0ms)
			ScanForSourceGeneratedMonoScriptInfo (11ms)
			ResolveRequiredComponents (6ms)
	FinalizeReload (829ms)
		ReleaseScriptCaches (0ms)
		RebuildScriptCaches (0ms)
		SetupLoadedEditorAssemblies (389ms)
			LogAssemblyErrors (0ms)
			InitializePlatformSupportModulesInManaged (6ms)
			SetLoadedEditorAssemblies (5ms)
			RefreshPlugins (0ms)
			BeforeProcessingInitializeOnLoad (63ms)
			ProcessInitializeOnLoadAttributes (283ms)
			ProcessInitializeOnLoadMethodAttributes (30ms)
			AfterProcessingInitializeOnLoad (3ms)
			EditorAssembliesLoaded (0ms)
		ExecutionOrderSort2 (0ms)
		AwakeInstancesAfterBackupRestoration (12ms)
Refreshing native plugins compatible for Editor in 2.61 ms, found 4 plugins.
Preloading 0 native plugins for Editor in 0.00 ms.
Unloading 4067 Unused Serialized files (Serialized files now loaded: 0)
Unloading 27 unused Assets / (213.7 KB). Loaded Objects now: 4947.
Memory consumption went from 145.6 MB to 145.4 MB.
Total: 4.110300 ms (FindLiveObjects: 0.502100 ms CreateObjectMapping: 0.225900 ms MarkObjects: 3.193300 ms  DeleteObjects: 0.187500 ms)

Prepare: number of updated asset objects reloaded= 0
AssetImportParameters requested are different than current active one (requested -> active):
  custom:scripting/monoscript/fileName/DOTweenModuleUtils.cs: 34ad347c902a97803d1c13fe65e97957 -> 
  custom:container-demuxer-ogg: 62fdf1f143b41e24485cea50d1cbac27 -> 
  custom:video-decoder-ogg-theora: a1e56fd34408186e4bbccfd4996cb3dc -> 
  custom:scripting/monoscript/fileName/DOTweenModuleUnityVersion.cs: 5fda8b30fb2f0276062c9b201e3b53c4 -> 
  custom:scripting/monoscript/fileName/DOTweenModuleUI.cs: 53c26b618f695b59a868eebdc97332ad -> 
  custom:framework-win-MediaFoundation: 216162199b28c13a410421893ffa2e32 -> 
  custom:scripting/precompiled-assembly-types:Assembly-CSharp-firstpass: c3b8ba213efe735b4b5ada0ee074dcb3 -> 
  custom:scripting/precompiled-assembly-types:DOTween: 41770a3e10244ae0a34e714162bbdba6 -> 
  custom:CustomObjectIndexerAttribute: 9a22284fe3817be447336de3de66b15e -> 
  custom:container-demuxer-webm: 4f35f7cbe854078d1ac9338744f61a02 -> 
  custom:scripting/monoscript/fileName/BulletTower.cs: 50552104c9d19a80e5b2d0f1a6d0dd85 -> 
  custom:scripting/monoscript/fileName/TimeManager.cs: ee896401883365d64d0753163ba65eb8 -> 
  custom:container-muxer-webm: aa71ff27fc2769a1b78a27578f13a17b -> 
  custom:video-decoder-webm-vp8: 9c59270c3fd7afecdb556c50c9e8de78 -> 
  custom:SearchIndexIgnoredProperties: e643bd26f0fe6173181afceb89e7c659 -> 
  custom:AudioImporter_EditorPlatform: d09bf68614088b80899f8185d706f6e7 -> 
  custom:scripting/monoscript/fileName/DOTweenModuleAudio.cs: 371877257ce39f5f0996ea556debbc8a -> 
  custom:scripting/monoscript/fileName/DOTweenModulePhysics2D.cs: 63b0e5981d81d026672954b54596f5ae -> 
  custom:scripting/precompiled-assembly-types:DOTweenEditor: 1efdf497b099e4e6944f0dd7fb28c744 -> 
  custom:scripting/monoscript/fileName/DOTweenModuleSprite.cs: e35fb5eb1c483cffc283a374a5e25466 -> 
  custom:video-encoder-webm-vp8: eb34c28f22e8b96e1ab97ce403110664 -> 
  custom:scripting/monoscript/fileName/DOTweenModulePhysics.cs: 87f8974001cd2397421cfdcad1904e83 -> 
  custom:audio-decoder-ogg-vorbis: bf7c407c2cedff20999df2af8eb42d56 -> 
  custom:scripting/monoscript/fileName/Bullet.cs: a4f5918e799041ba1f6608f13912eb8b -> 
  custom:audio-encoder-webm-vorbis: bf7c407c2cedff20999df2af8eb42d56 -> 
  custom:scripting/precompiled-assembly-types:Assembly-CSharp: 23773f8ec74b2e01b2fee12243133863 -> 
========================================================================
Received Prepare
Caller must complete domain reload
Begin MonoManager ReloadAssembly
- Loaded All Assemblies, in  0.471 seconds
Native extension for WindowsStandalone target not found
Native extension for WebGL target not found
Mono: successfully reloaded assembly
- Finished resetting the current domain, in  0.874 seconds
Domain Reload Profiling: 1344ms
	BeginReloadAssembly (150ms)
		ExecutionOrderSort (0ms)
		DisableScriptedObjects (13ms)
		BackupInstance (0ms)
		ReleaseScriptingObjects (0ms)
		CreateAndSetChildDomain (33ms)
	RebuildCommonClasses (38ms)
	RebuildNativeTypeToScriptingClass (13ms)
	initialDomainReloadingComplete (26ms)
	LoadAllAssembliesAndSetupDomain (243ms)
		LoadAssemblies (285ms)
		RebuildTransferFunctionScriptingTraits (0ms)
		AnalyzeDomain (33ms)
			TypeCache.Refresh (11ms)
				TypeCache.ScanAssembly (0ms)
			ScanForSourceGeneratedMonoScriptInfo (14ms)
			ResolveRequiredComponents (7ms)
	FinalizeReload (874ms)
		ReleaseScriptCaches (0ms)
		RebuildScriptCaches (0ms)
		SetupLoadedEditorAssemblies (415ms)
			LogAssemblyErrors (0ms)
			InitializePlatformSupportModulesInManaged (6ms)
			SetLoadedEditorAssemblies (5ms)
			RefreshPlugins (0ms)
			BeforeProcessingInitializeOnLoad (74ms)
			ProcessInitializeOnLoadAttributes (296ms)
			ProcessInitializeOnLoadMethodAttributes (31ms)
			AfterProcessingInitializeOnLoad (3ms)
			EditorAssembliesLoaded (0ms)
		ExecutionOrderSort2 (0ms)
		AwakeInstancesAfterBackupRestoration (12ms)
Refreshing native plugins compatible for Editor in 3.10 ms, found 4 plugins.
Preloading 0 native plugins for Editor in 0.00 ms.
Unloading 4067 Unused Serialized files (Serialized files now loaded: 0)
Unloading 27 unused Assets / (213.6 KB). Loaded Objects now: 4951.
Memory consumption went from 145.6 MB to 145.4 MB.
Total: 3.616100 ms (FindLiveObjects: 0.414100 ms CreateObjectMapping: 0.130600 ms MarkObjects: 2.881900 ms  DeleteObjects: 0.188000 ms)

Prepare: number of updated asset objects reloaded= 0
AssetImportParameters requested are different than current active one (requested -> active):
  custom:scripting/monoscript/fileName/DOTweenModuleUtils.cs: 34ad347c902a97803d1c13fe65e97957 -> 
  custom:container-demuxer-ogg: 62fdf1f143b41e24485cea50d1cbac27 -> 
  custom:video-decoder-ogg-theora: a1e56fd34408186e4bbccfd4996cb3dc -> 
  custom:scripting/monoscript/fileName/DOTweenModuleUnityVersion.cs: 5fda8b30fb2f0276062c9b201e3b53c4 -> 
  custom:scripting/monoscript/fileName/DOTweenModuleUI.cs: 53c26b618f695b59a868eebdc97332ad -> 
  custom:framework-win-MediaFoundation: 216162199b28c13a410421893ffa2e32 -> 
  custom:scripting/precompiled-assembly-types:Assembly-CSharp-firstpass: c3b8ba213efe735b4b5ada0ee074dcb3 -> 
  custom:scripting/precompiled-assembly-types:DOTween: 41770a3e10244ae0a34e714162bbdba6 -> 
  custom:CustomObjectIndexerAttribute: 9a22284fe3817be447336de3de66b15e -> 
  custom:container-demuxer-webm: 4f35f7cbe854078d1ac9338744f61a02 -> 
  custom:scripting/monoscript/fileName/BulletTower.cs: 50552104c9d19a80e5b2d0f1a6d0dd85 -> 
  custom:scripting/monoscript/fileName/TimeManager.cs: ee896401883365d64d0753163ba65eb8 -> 
  custom:container-muxer-webm: aa71ff27fc2769a1b78a27578f13a17b -> 
  custom:video-decoder-webm-vp8: 9c59270c3fd7afecdb556c50c9e8de78 -> 
  custom:SearchIndexIgnoredProperties: e643bd26f0fe6173181afceb89e7c659 -> 
  custom:AudioImporter_EditorPlatform: d09bf68614088b80899f8185d706f6e7 -> 
  custom:scripting/monoscript/fileName/DOTweenModuleAudio.cs: 371877257ce39f5f0996ea556debbc8a -> 
  custom:scripting/monoscript/fileName/DOTweenModulePhysics2D.cs: 63b0e5981d81d026672954b54596f5ae -> 
  custom:scripting/precompiled-assembly-types:DOTweenEditor: 1efdf497b099e4e6944f0dd7fb28c744 -> 
  custom:scripting/monoscript/fileName/DOTweenModuleSprite.cs: e35fb5eb1c483cffc283a374a5e25466 -> 
  custom:video-encoder-webm-vp8: eb34c28f22e8b96e1ab97ce403110664 -> 
  custom:scripting/monoscript/fileName/DOTweenModulePhysics.cs: 87f8974001cd2397421cfdcad1904e83 -> 
  custom:audio-decoder-ogg-vorbis: bf7c407c2cedff20999df2af8eb42d56 -> 
  custom:scripting/monoscript/fileName/Bullet.cs: a4f5918e799041ba1f6608f13912eb8b -> 
  custom:audio-encoder-webm-vorbis: bf7c407c2cedff20999df2af8eb42d56 -> 
  custom:scripting/precompiled-assembly-types:Assembly-CSharp: 23773f8ec74b2e01b2fee12243133863 -> 
========================================================================
Received Prepare
Caller must complete domain reload
Begin MonoManager ReloadAssembly
- Loaded All Assemblies, in  0.464 seconds
Native extension for WindowsStandalone target not found
Native extension for WebGL target not found
Mono: successfully reloaded assembly
- Finished resetting the current domain, in  0.849 seconds
Domain Reload Profiling: 1312ms
	BeginReloadAssembly (148ms)
		ExecutionOrderSort (0ms)
		DisableScriptedObjects (11ms)
		BackupInstance (0ms)
		ReleaseScriptingObjects (0ms)
		CreateAndSetChildDomain (32ms)
	RebuildCommonClasses (39ms)
	RebuildNativeTypeToScriptingClass (12ms)
	initialDomainReloadingComplete (30ms)
	LoadAllAssembliesAndSetupDomain (233ms)
		LoadAssemblies (284ms)
		RebuildTransferFunctionScriptingTraits (0ms)
		AnalyzeDomain (26ms)
			TypeCache.Refresh (8ms)
				TypeCache.ScanAssembly (0ms)
			ScanForSourceGeneratedMonoScriptInfo (10ms)
			ResolveRequiredComponents (6ms)
	FinalizeReload (849ms)
		ReleaseScriptCaches (0ms)
		RebuildScriptCaches (0ms)
		SetupLoadedEditorAssemblies (420ms)
			LogAssemblyErrors (0ms)
			InitializePlatformSupportModulesInManaged (9ms)
			SetLoadedEditorAssemblies (5ms)
			RefreshPlugins (0ms)
			BeforeProcessingInitializeOnLoad (73ms)
			ProcessInitializeOnLoadAttributes (298ms)
			ProcessInitializeOnLoadMethodAttributes (31ms)
			AfterProcessingInitializeOnLoad (3ms)
			EditorAssembliesLoaded (0ms)
		ExecutionOrderSort2 (0ms)
		AwakeInstancesAfterBackupRestoration (12ms)
Refreshing native plugins compatible for Editor in 2.45 ms, found 4 plugins.
Preloading 0 native plugins for Editor in 0.00 ms.
Unloading 4067 Unused Serialized files (Serialized files now loaded: 0)
Unloading 27 unused Assets / (213.4 KB). Loaded Objects now: 4955.
Memory consumption went from 145.6 MB to 145.4 MB.
Total: 3.910500 ms (FindLiveObjects: 0.389100 ms CreateObjectMapping: 0.249700 ms MarkObjects: 2.996400 ms  DeleteObjects: 0.273500 ms)

Prepare: number of updated asset objects reloaded= 0
AssetImportParameters requested are different than current active one (requested -> active):
  custom:scripting/monoscript/fileName/DOTweenModuleUtils.cs: 34ad347c902a97803d1c13fe65e97957 -> 
  custom:container-demuxer-ogg: 62fdf1f143b41e24485cea50d1cbac27 -> 
  custom:video-decoder-ogg-theora: a1e56fd34408186e4bbccfd4996cb3dc -> 
  custom:scripting/monoscript/fileName/DOTweenModuleUnityVersion.cs: 5fda8b30fb2f0276062c9b201e3b53c4 -> 
  custom:scripting/monoscript/fileName/DOTweenModuleUI.cs: 53c26b618f695b59a868eebdc97332ad -> 
  custom:framework-win-MediaFoundation: 216162199b28c13a410421893ffa2e32 -> 
  custom:scripting/precompiled-assembly-types:Assembly-CSharp-firstpass: c3b8ba213efe735b4b5ada0ee074dcb3 -> 
  custom:scripting/precompiled-assembly-types:DOTween: 41770a3e10244ae0a34e714162bbdba6 -> 
  custom:CustomObjectIndexerAttribute: 9a22284fe3817be447336de3de66b15e -> 
  custom:container-demuxer-webm: 4f35f7cbe854078d1ac9338744f61a02 -> 
  custom:scripting/monoscript/fileName/BulletTower.cs: 50552104c9d19a80e5b2d0f1a6d0dd85 -> 
  custom:scripting/monoscript/fileName/TimeManager.cs: ee896401883365d64d0753163ba65eb8 -> 
  custom:container-muxer-webm: aa71ff27fc2769a1b78a27578f13a17b -> 
  custom:video-decoder-webm-vp8: 9c59270c3fd7afecdb556c50c9e8de78 -> 
  custom:SearchIndexIgnoredProperties: e643bd26f0fe6173181afceb89e7c659 -> 
  custom:AudioImporter_EditorPlatform: d09bf68614088b80899f8185d706f6e7 -> 
  custom:scripting/monoscript/fileName/DOTweenModuleAudio.cs: 371877257ce39f5f0996ea556debbc8a -> 
  custom:scripting/monoscript/fileName/DOTweenModulePhysics2D.cs: 63b0e5981d81d026672954b54596f5ae -> 
  custom:scripting/precompiled-assembly-types:DOTweenEditor: 1efdf497b099e4e6944f0dd7fb28c744 -> 
  custom:scripting/monoscript/fileName/DOTweenModuleSprite.cs: e35fb5eb1c483cffc283a374a5e25466 -> 
  custom:video-encoder-webm-vp8: eb34c28f22e8b96e1ab97ce403110664 -> 
  custom:scripting/monoscript/fileName/DOTweenModulePhysics.cs: 87f8974001cd2397421cfdcad1904e83 -> 
  custom:audio-decoder-ogg-vorbis: bf7c407c2cedff20999df2af8eb42d56 -> 
  custom:scripting/monoscript/fileName/Bullet.cs: a4f5918e799041ba1f6608f13912eb8b -> 
  custom:audio-encoder-webm-vorbis: bf7c407c2cedff20999df2af8eb42d56 -> 
  custom:scripting/precompiled-assembly-types:Assembly-CSharp: 23773f8ec74b2e01b2fee12243133863 -> 
========================================================================
Received Prepare
Caller must complete domain reload
Begin MonoManager ReloadAssembly
- Loaded All Assemblies, in  0.472 seconds
Native extension for WindowsStandalone target not found
Native extension for WebGL target not found
Mono: successfully reloaded assembly
- Finished resetting the current domain, in  0.844 seconds
Domain Reload Profiling: 1316ms
	BeginReloadAssembly (153ms)
		ExecutionOrderSort (0ms)
		DisableScriptedObjects (13ms)
		BackupInstance (0ms)
		ReleaseScriptingObjects (0ms)
		CreateAndSetChildDomain (35ms)
	RebuildCommonClasses (37ms)
	RebuildNativeTypeToScriptingClass (12ms)
	initialDomainReloadingComplete (27ms)
	LoadAllAssembliesAndSetupDomain (242ms)
		LoadAssemblies (281ms)
		RebuildTransferFunctionScriptingTraits (0ms)
		AnalyzeDomain (37ms)
			TypeCache.Refresh (12ms)
				TypeCache.ScanAssembly (0ms)
			ScanForSourceGeneratedMonoScriptInfo (15ms)
			ResolveRequiredComponents (9ms)
	FinalizeReload (845ms)
		ReleaseScriptCaches (0ms)
		RebuildScriptCaches (0ms)
		SetupLoadedEditorAssemblies (406ms)
			LogAssemblyErrors (0ms)
			InitializePlatformSupportModulesInManaged (6ms)
			SetLoadedEditorAssemblies (6ms)
			RefreshPlugins (0ms)
			BeforeProcessingInitializeOnLoad (71ms)
			ProcessInitializeOnLoadAttributes (290ms)
			ProcessInitializeOnLoadMethodAttributes (30ms)
			AfterProcessingInitializeOnLoad (3ms)
			EditorAssembliesLoaded (0ms)
		ExecutionOrderSort2 (0ms)
		AwakeInstancesAfterBackupRestoration (12ms)
Refreshing native plugins compatible for Editor in 2.48 ms, found 4 plugins.
Preloading 0 native plugins for Editor in 0.00 ms.
Unloading 4067 Unused Serialized files (Serialized files now loaded: 0)
Unloading 27 unused Assets / (213.6 KB). Loaded Objects now: 4959.
Memory consumption went from 145.6 MB to 145.4 MB.
Total: 3.517400 ms (FindLiveObjects: 0.391800 ms CreateObjectMapping: 0.116800 ms MarkObjects: 2.770700 ms  DeleteObjects: 0.236100 ms)

Prepare: number of updated asset objects reloaded= 0
AssetImportParameters requested are different than current active one (requested -> active):
  custom:scripting/monoscript/fileName/DOTweenModuleUtils.cs: 34ad347c902a97803d1c13fe65e97957 -> 
  custom:container-demuxer-ogg: 62fdf1f143b41e24485cea50d1cbac27 -> 
  custom:video-decoder-ogg-theora: a1e56fd34408186e4bbccfd4996cb3dc -> 
  custom:scripting/monoscript/fileName/DOTweenModuleUnityVersion.cs: 5fda8b30fb2f0276062c9b201e3b53c4 -> 
  custom:scripting/monoscript/fileName/DOTweenModuleUI.cs: 53c26b618f695b59a868eebdc97332ad -> 
  custom:framework-win-MediaFoundation: 216162199b28c13a410421893ffa2e32 -> 
  custom:scripting/precompiled-assembly-types:Assembly-CSharp-firstpass: c3b8ba213efe735b4b5ada0ee074dcb3 -> 
  custom:scripting/precompiled-assembly-types:DOTween: 41770a3e10244ae0a34e714162bbdba6 -> 
  custom:CustomObjectIndexerAttribute: 9a22284fe3817be447336de3de66b15e -> 
  custom:container-demuxer-webm: 4f35f7cbe854078d1ac9338744f61a02 -> 
  custom:scripting/monoscript/fileName/BulletTower.cs: 50552104c9d19a80e5b2d0f1a6d0dd85 -> 
  custom:scripting/monoscript/fileName/TimeManager.cs: ee896401883365d64d0753163ba65eb8 -> 
  custom:container-muxer-webm: aa71ff27fc2769a1b78a27578f13a17b -> 
  custom:video-decoder-webm-vp8: 9c59270c3fd7afecdb556c50c9e8de78 -> 
  custom:SearchIndexIgnoredProperties: e643bd26f0fe6173181afceb89e7c659 -> 
  custom:AudioImporter_EditorPlatform: d09bf68614088b80899f8185d706f6e7 -> 
  custom:scripting/monoscript/fileName/DOTweenModuleAudio.cs: 371877257ce39f5f0996ea556debbc8a -> 
  custom:scripting/monoscript/fileName/DOTweenModulePhysics2D.cs: 63b0e5981d81d026672954b54596f5ae -> 
  custom:scripting/precompiled-assembly-types:DOTweenEditor: 1efdf497b099e4e6944f0dd7fb28c744 -> 
  custom:scripting/monoscript/fileName/DOTweenModuleSprite.cs: e35fb5eb1c483cffc283a374a5e25466 -> 
  custom:video-encoder-webm-vp8: eb34c28f22e8b96e1ab97ce403110664 -> 
  custom:scripting/monoscript/fileName/DOTweenModulePhysics.cs: 87f8974001cd2397421cfdcad1904e83 -> 
  custom:audio-decoder-ogg-vorbis: bf7c407c2cedff20999df2af8eb42d56 -> 
  custom:scripting/monoscript/fileName/Bullet.cs: a4f5918e799041ba1f6608f13912eb8b -> 
  custom:audio-encoder-webm-vorbis: bf7c407c2cedff20999df2af8eb42d56 -> 
  custom:scripting/precompiled-assembly-types:Assembly-CSharp: 23773f8ec74b2e01b2fee12243133863 -> 
========================================================================
Received Prepare
Caller must complete domain reload
Begin MonoManager ReloadAssembly
- Loaded All Assemblies, in  0.470 seconds
Native extension for WindowsStandalone target not found
Native extension for WebGL target not found
Mono: successfully reloaded assembly
- Finished resetting the current domain, in  0.875 seconds
Domain Reload Profiling: 1345ms
	BeginReloadAssembly (153ms)
		ExecutionOrderSort (0ms)
		DisableScriptedObjects (12ms)
		BackupInstance (0ms)
		ReleaseScriptingObjects (0ms)
		CreateAndSetChildDomain (34ms)
	RebuildCommonClasses (36ms)
	RebuildNativeTypeToScriptingClass (12ms)
	initialDomainReloadingComplete (27ms)
	LoadAllAssembliesAndSetupDomain (241ms)
		LoadAssemblies (288ms)
		RebuildTransferFunctionScriptingTraits (0ms)
		AnalyzeDomain (27ms)
			TypeCache.Refresh (9ms)
				TypeCache.ScanAssembly (0ms)
			ScanForSourceGeneratedMonoScriptInfo (11ms)
			ResolveRequiredComponents (6ms)
	FinalizeReload (876ms)
		ReleaseScriptCaches (0ms)
		RebuildScriptCaches (0ms)
		SetupLoadedEditorAssemblies (433ms)
			LogAssemblyErrors (0ms)
			InitializePlatformSupportModulesInManaged (6ms)
			SetLoadedEditorAssemblies (5ms)
			RefreshPlugins (0ms)
			BeforeProcessingInitializeOnLoad (71ms)
			ProcessInitializeOnLoadAttributes (317ms)
			ProcessInitializeOnLoadMethodAttributes (31ms)
			AfterProcessingInitializeOnLoad (3ms)
			EditorAssembliesLoaded (0ms)
		ExecutionOrderSort2 (0ms)
		AwakeInstancesAfterBackupRestoration (13ms)
Script is not up to date after domain reload: guid(da681afa752bc5144a542ccf7de4ffce) path("Assets/MyResources/Scripts/BulletTower.cs") state(2)
Refreshing native plugins compatible for Editor in 2.62 ms, found 4 plugins.
Preloading 0 native plugins for Editor in 0.00 ms.
Unloading 4066 Unused Serialized files (Serialized files now loaded: 0)
Unloading 27 unused Assets / (213.6 KB). Loaded Objects now: 4962.
Memory consumption went from 145.6 MB to 145.4 MB.
Total: 3.377300 ms (FindLiveObjects: 0.491300 ms CreateObjectMapping: 0.107500 ms MarkObjects: 2.585500 ms  DeleteObjects: 0.191700 ms)

Prepare: number of updated asset objects reloaded= 0
AssetImportParameters requested are different than current active one (requested -> active):
  custom:scripting/monoscript/fileName/DOTweenModuleUtils.cs: 34ad347c902a97803d1c13fe65e97957 -> 
  custom:container-demuxer-ogg: 62fdf1f143b41e24485cea50d1cbac27 -> 
  custom:video-decoder-ogg-theora: a1e56fd34408186e4bbccfd4996cb3dc -> 
  custom:scripting/monoscript/fileName/DOTweenModuleUnityVersion.cs: 5fda8b30fb2f0276062c9b201e3b53c4 -> 
  custom:scripting/monoscript/fileName/DOTweenModuleUI.cs: 53c26b618f695b59a868eebdc97332ad -> 
  custom:framework-win-MediaFoundation: 216162199b28c13a410421893ffa2e32 -> 
  custom:scripting/precompiled-assembly-types:Assembly-CSharp-firstpass: c3b8ba213efe735b4b5ada0ee074dcb3 -> 
  custom:scripting/precompiled-assembly-types:DOTween: 41770a3e10244ae0a34e714162bbdba6 -> 
  custom:CustomObjectIndexerAttribute: 9a22284fe3817be447336de3de66b15e -> 
  custom:container-demuxer-webm: 4f35f7cbe854078d1ac9338744f61a02 -> 
  custom:scripting/monoscript/fileName/BulletTower.cs: 50552104c9d19a80e5b2d0f1a6d0dd85 -> 
  custom:scripting/monoscript/fileName/TimeManager.cs: ee896401883365d64d0753163ba65eb8 -> 
  custom:container-muxer-webm: aa71ff27fc2769a1b78a27578f13a17b -> 
  custom:video-decoder-webm-vp8: 9c59270c3fd7afecdb556c50c9e8de78 -> 
  custom:SearchIndexIgnoredProperties: e643bd26f0fe6173181afceb89e7c659 -> 
  custom:AudioImporter_EditorPlatform: d09bf68614088b80899f8185d706f6e7 -> 
  custom:scripting/monoscript/fileName/DOTweenModuleAudio.cs: 371877257ce39f5f0996ea556debbc8a -> 
  custom:scripting/monoscript/fileName/DOTweenModulePhysics2D.cs: 63b0e5981d81d026672954b54596f5ae -> 
  custom:scripting/precompiled-assembly-types:DOTweenEditor: 1efdf497b099e4e6944f0dd7fb28c744 -> 
  custom:scripting/monoscript/fileName/DOTweenModuleSprite.cs: e35fb5eb1c483cffc283a374a5e25466 -> 
  custom:video-encoder-webm-vp8: eb34c28f22e8b96e1ab97ce403110664 -> 
  custom:scripting/monoscript/fileName/DOTweenModulePhysics.cs: 87f8974001cd2397421cfdcad1904e83 -> 
  custom:audio-decoder-ogg-vorbis: bf7c407c2cedff20999df2af8eb42d56 -> 
  custom:scripting/monoscript/fileName/Bullet.cs: a4f5918e799041ba1f6608f13912eb8b -> 
  custom:audio-encoder-webm-vorbis: bf7c407c2cedff20999df2af8eb42d56 -> 
  custom:scripting/precompiled-assembly-types:Assembly-CSharp: 23773f8ec74b2e01b2fee12243133863 -> 
========================================================================
Received Prepare
Caller must complete domain reload
Begin MonoManager ReloadAssembly
- Loaded All Assemblies, in  0.492 seconds
Native extension for WindowsStandalone target not found
Native extension for WebGL target not found
Mono: successfully reloaded assembly
- Finished resetting the current domain, in  0.825 seconds
Domain Reload Profiling: 1316ms
	BeginReloadAssembly (156ms)
		ExecutionOrderSort (0ms)
		DisableScriptedObjects (12ms)
		BackupInstance (0ms)
		ReleaseScriptingObjects (0ms)
		CreateAndSetChildDomain (34ms)
	RebuildCommonClasses (55ms)
	RebuildNativeTypeToScriptingClass (19ms)
	initialDomainReloadingComplete (27ms)
	LoadAllAssembliesAndSetupDomain (233ms)
		LoadAssemblies (285ms)
		RebuildTransferFunctionScriptingTraits (0ms)
		AnalyzeDomain (29ms)
			TypeCache.Refresh (10ms)
				TypeCache.ScanAssembly (0ms)
			ScanForSourceGeneratedMonoScriptInfo (11ms)
			ResolveRequiredComponents (6ms)
	FinalizeReload (826ms)
		ReleaseScriptCaches (0ms)
		RebuildScriptCaches (0ms)
		SetupLoadedEditorAssemblies (393ms)
			LogAssemblyErrors (0ms)
			InitializePlatformSupportModulesInManaged (6ms)
			SetLoadedEditorAssemblies (3ms)
			RefreshPlugins (0ms)
			BeforeProcessingInitializeOnLoad (64ms)
			ProcessInitializeOnLoadAttributes (279ms)
			ProcessInitializeOnLoadMethodAttributes (37ms)
			AfterProcessingInitializeOnLoad (3ms)
			EditorAssembliesLoaded (0ms)
		ExecutionOrderSort2 (0ms)
		AwakeInstancesAfterBackupRestoration (13ms)
Refreshing native plugins compatible for Editor in 2.50 ms, found 4 plugins.
Preloading 0 native plugins for Editor in 0.00 ms.
Unloading 4067 Unused Serialized files (Serialized files now loaded: 0)
Unloading 27 unused Assets / (213.5 KB). Loaded Objects now: 4967.
Memory consumption went from 145.7 MB to 145.5 MB.
Total: 3.428600 ms (FindLiveObjects: 0.407600 ms CreateObjectMapping: 0.135600 ms MarkObjects: 2.677200 ms  DeleteObjects: 0.207100 ms)

Prepare: number of updated asset objects reloaded= 0
AssetImportParameters requested are different than current active one (requested -> active):
  custom:scripting/monoscript/fileName/DOTweenModuleUtils.cs: 34ad347c902a97803d1c13fe65e97957 -> 
  custom:container-demuxer-ogg: 62fdf1f143b41e24485cea50d1cbac27 -> 
  custom:video-decoder-ogg-theora: a1e56fd34408186e4bbccfd4996cb3dc -> 
  custom:scripting/monoscript/fileName/DOTweenModuleUnityVersion.cs: 5fda8b30fb2f0276062c9b201e3b53c4 -> 
  custom:scripting/monoscript/fileName/DOTweenModuleUI.cs: 53c26b618f695b59a868eebdc97332ad -> 
  custom:framework-win-MediaFoundation: 216162199b28c13a410421893ffa2e32 -> 
  custom:scripting/precompiled-assembly-types:Assembly-CSharp-firstpass: c3b8ba213efe735b4b5ada0ee074dcb3 -> 
  custom:scripting/precompiled-assembly-types:DOTween: 41770a3e10244ae0a34e714162bbdba6 -> 
  custom:CustomObjectIndexerAttribute: 9a22284fe3817be447336de3de66b15e -> 
  custom:container-demuxer-webm: 4f35f7cbe854078d1ac9338744f61a02 -> 
  custom:scripting/monoscript/fileName/BulletTower.cs: 50552104c9d19a80e5b2d0f1a6d0dd85 -> 
  custom:scripting/monoscript/fileName/TimeManager.cs: ee896401883365d64d0753163ba65eb8 -> 
  custom:container-muxer-webm: aa71ff27fc2769a1b78a27578f13a17b -> 
  custom:video-decoder-webm-vp8: 9c59270c3fd7afecdb556c50c9e8de78 -> 
  custom:SearchIndexIgnoredProperties: e643bd26f0fe6173181afceb89e7c659 -> 
  custom:AudioImporter_EditorPlatform: d09bf68614088b80899f8185d706f6e7 -> 
  custom:scripting/monoscript/fileName/DOTweenModuleAudio.cs: 371877257ce39f5f0996ea556debbc8a -> 
  custom:scripting/monoscript/fileName/DOTweenModulePhysics2D.cs: 63b0e5981d81d026672954b54596f5ae -> 
  custom:scripting/precompiled-assembly-types:DOTweenEditor: 1efdf497b099e4e6944f0dd7fb28c744 -> 
  custom:scripting/monoscript/fileName/DOTweenModuleSprite.cs: e35fb5eb1c483cffc283a374a5e25466 -> 
  custom:video-encoder-webm-vp8: eb34c28f22e8b96e1ab97ce403110664 -> 
  custom:scripting/monoscript/fileName/DOTweenModulePhysics.cs: 87f8974001cd2397421cfdcad1904e83 -> 
  custom:audio-decoder-ogg-vorbis: bf7c407c2cedff20999df2af8eb42d56 -> 
  custom:scripting/monoscript/fileName/Bullet.cs: a4f5918e799041ba1f6608f13912eb8b -> 
  custom:audio-encoder-webm-vorbis: bf7c407c2cedff20999df2af8eb42d56 -> 
  custom:scripting/precompiled-assembly-types:Assembly-CSharp: 23773f8ec74b2e01b2fee12243133863 -> 
========================================================================
Received Prepare
Caller must complete domain reload
Begin MonoManager ReloadAssembly
- Loaded All Assemblies, in  0.429 seconds
Native extension for WindowsStandalone target not found
Native extension for WebGL target not found
Mono: successfully reloaded assembly
- Finished resetting the current domain, in  0.825 seconds
Domain Reload Profiling: 1253ms
	BeginReloadAssembly (145ms)
		ExecutionOrderSort (0ms)
		DisableScriptedObjects (12ms)
		BackupInstance (0ms)
		ReleaseScriptingObjects (0ms)
		CreateAndSetChildDomain (33ms)
	RebuildCommonClasses (33ms)
	RebuildNativeTypeToScriptingClass (12ms)
	initialDomainReloadingComplete (26ms)
	LoadAllAssembliesAndSetupDomain (212ms)
		LoadAssemblies (270ms)
		RebuildTransferFunctionScriptingTraits (0ms)
		AnalyzeDomain (13ms)
			TypeCache.Refresh (5ms)
				TypeCache.ScanAssembly (0ms)
			ScanForSourceGeneratedMonoScriptInfo (0ms)
			ResolveRequiredComponents (6ms)
	FinalizeReload (825ms)
		ReleaseScriptCaches (0ms)
		RebuildScriptCaches (0ms)
		SetupLoadedEditorAssemblies (395ms)
			LogAssemblyErrors (0ms)
			InitializePlatformSupportModulesInManaged (7ms)
			SetLoadedEditorAssemblies (3ms)
			RefreshPlugins (0ms)
			BeforeProcessingInitializeOnLoad (62ms)
			ProcessInitializeOnLoadAttributes (289ms)
			ProcessInitializeOnLoadMethodAttributes (31ms)
			AfterProcessingInitializeOnLoad (3ms)
			EditorAssembliesLoaded (0ms)
		ExecutionOrderSort2 (0ms)
		AwakeInstancesAfterBackupRestoration (13ms)
Refreshing native plugins compatible for Editor in 2.68 ms, found 4 plugins.
Preloading 0 native plugins for Editor in 0.00 ms.
Unloading 4067 Unused Serialized files (Serialized files now loaded: 0)
Unloading 27 unused Assets / (213.7 KB). Loaded Objects now: 4971.
Memory consumption went from 145.7 MB to 145.5 MB.
Total: 3.675700 ms (FindLiveObjects: 0.427700 ms CreateObjectMapping: 0.204300 ms MarkObjects: 2.824100 ms  DeleteObjects: 0.218400 ms)

Prepare: number of updated asset objects reloaded= 0
AssetImportParameters requested are different than current active one (requested -> active):
  custom:scripting/monoscript/fileName/DOTweenModuleUtils.cs: 34ad347c902a97803d1c13fe65e97957 -> 
  custom:container-demuxer-ogg: 62fdf1f143b41e24485cea50d1cbac27 -> 
  custom:video-decoder-ogg-theora: a1e56fd34408186e4bbccfd4996cb3dc -> 
  custom:scripting/monoscript/fileName/DOTweenModuleUnityVersion.cs: 5fda8b30fb2f0276062c9b201e3b53c4 -> 
  custom:scripting/monoscript/fileName/DOTweenModuleUI.cs: 53c26b618f695b59a868eebdc97332ad -> 
  custom:framework-win-MediaFoundation: 216162199b28c13a410421893ffa2e32 -> 
  custom:scripting/precompiled-assembly-types:Assembly-CSharp-firstpass: c3b8ba213efe735b4b5ada0ee074dcb3 -> 
  custom:scripting/precompiled-assembly-types:DOTween: 41770a3e10244ae0a34e714162bbdba6 -> 
  custom:CustomObjectIndexerAttribute: 9a22284fe3817be447336de3de66b15e -> 
  custom:container-demuxer-webm: 4f35f7cbe854078d1ac9338744f61a02 -> 
  custom:scripting/monoscript/fileName/BulletTower.cs: 50552104c9d19a80e5b2d0f1a6d0dd85 -> 
  custom:scripting/monoscript/fileName/TimeManager.cs: ee896401883365d64d0753163ba65eb8 -> 
  custom:container-muxer-webm: aa71ff27fc2769a1b78a27578f13a17b -> 
  custom:video-decoder-webm-vp8: 9c59270c3fd7afecdb556c50c9e8de78 -> 
  custom:SearchIndexIgnoredProperties: e643bd26f0fe6173181afceb89e7c659 -> 
  custom:AudioImporter_EditorPlatform: d09bf68614088b80899f8185d706f6e7 -> 
  custom:scripting/monoscript/fileName/DOTweenModuleAudio.cs: 371877257ce39f5f0996ea556debbc8a -> 
  custom:scripting/monoscript/fileName/DOTweenModulePhysics2D.cs: 63b0e5981d81d026672954b54596f5ae -> 
  custom:scripting/precompiled-assembly-types:DOTweenEditor: 1efdf497b099e4e6944f0dd7fb28c744 -> 
  custom:scripting/monoscript/fileName/DOTweenModuleSprite.cs: e35fb5eb1c483cffc283a374a5e25466 -> 
  custom:video-encoder-webm-vp8: eb34c28f22e8b96e1ab97ce403110664 -> 
  custom:scripting/monoscript/fileName/DOTweenModulePhysics.cs: 87f8974001cd2397421cfdcad1904e83 -> 
  custom:audio-decoder-ogg-vorbis: bf7c407c2cedff20999df2af8eb42d56 -> 
  custom:scripting/monoscript/fileName/Bullet.cs: a4f5918e799041ba1f6608f13912eb8b -> 
  custom:audio-encoder-webm-vorbis: bf7c407c2cedff20999df2af8eb42d56 -> 
  custom:scripting/precompiled-assembly-types:Assembly-CSharp: 23773f8ec74b2e01b2fee12243133863 -> 
========================================================================
Received Prepare
Caller must complete domain reload
Begin MonoManager ReloadAssembly
- Loaded All Assemblies, in  0.464 seconds
Native extension for WindowsStandalone target not found
Native extension for WebGL target not found
Mono: successfully reloaded assembly
- Finished resetting the current domain, in  0.847 seconds
Domain Reload Profiling: 1311ms
	BeginReloadAssembly (147ms)
		ExecutionOrderSort (0ms)
		DisableScriptedObjects (16ms)
		BackupInstance (0ms)
		ReleaseScriptingObjects (0ms)
		CreateAndSetChildDomain (33ms)
	RebuildCommonClasses (42ms)
	RebuildNativeTypeToScriptingClass (12ms)
	initialDomainReloadingComplete (25ms)
	LoadAllAssembliesAndSetupDomain (237ms)
		LoadAssemblies (271ms)
		RebuildTransferFunctionScriptingTraits (0ms)
		AnalyzeDomain (36ms)
			TypeCache.Refresh (10ms)
				TypeCache.ScanAssembly (0ms)
			ScanForSourceGeneratedMonoScriptInfo (15ms)
			ResolveRequiredComponents (10ms)
	FinalizeReload (848ms)
		ReleaseScriptCaches (0ms)
		RebuildScriptCaches (0ms)
		SetupLoadedEditorAssemblies (411ms)
			LogAssemblyErrors (0ms)
			InitializePlatformSupportModulesInManaged (6ms)
			SetLoadedEditorAssemblies (3ms)
			RefreshPlugins (0ms)
			BeforeProcessingInitializeOnLoad (63ms)
			ProcessInitializeOnLoadAttributes (305ms)
			ProcessInitializeOnLoadMethodAttributes (31ms)
			AfterProcessingInitializeOnLoad (3ms)
			EditorAssembliesLoaded (0ms)
		ExecutionOrderSort2 (0ms)
		AwakeInstancesAfterBackupRestoration (12ms)
Refreshing native plugins compatible for Editor in 2.57 ms, found 4 plugins.
Preloading 0 native plugins for Editor in 0.00 ms.
Unloading 4067 Unused Serialized files (Serialized files now loaded: 0)
Unloading 27 unused Assets / (213.6 KB). Loaded Objects now: 4975.
Memory consumption went from 145.7 MB to 145.5 MB.
Total: 3.767100 ms (FindLiveObjects: 0.547600 ms CreateObjectMapping: 0.234100 ms MarkObjects: 2.740800 ms  DeleteObjects: 0.243200 ms)

Prepare: number of updated asset objects reloaded= 0
AssetImportParameters requested are different than current active one (requested -> active):
  custom:scripting/monoscript/fileName/DOTweenModuleUtils.cs: 34ad347c902a97803d1c13fe65e97957 -> 
  custom:container-demuxer-ogg: 62fdf1f143b41e24485cea50d1cbac27 -> 
  custom:video-decoder-ogg-theora: a1e56fd34408186e4bbccfd4996cb3dc -> 
  custom:scripting/monoscript/fileName/DOTweenModuleUnityVersion.cs: 5fda8b30fb2f0276062c9b201e3b53c4 -> 
  custom:scripting/monoscript/fileName/DOTweenModuleUI.cs: 53c26b618f695b59a868eebdc97332ad -> 
  custom:framework-win-MediaFoundation: 216162199b28c13a410421893ffa2e32 -> 
  custom:scripting/precompiled-assembly-types:Assembly-CSharp-firstpass: c3b8ba213efe735b4b5ada0ee074dcb3 -> 
  custom:scripting/precompiled-assembly-types:DOTween: 41770a3e10244ae0a34e714162bbdba6 -> 
  custom:CustomObjectIndexerAttribute: 9a22284fe3817be447336de3de66b15e -> 
  custom:container-demuxer-webm: 4f35f7cbe854078d1ac9338744f61a02 -> 
  custom:scripting/monoscript/fileName/BulletTower.cs: 50552104c9d19a80e5b2d0f1a6d0dd85 -> 
  custom:scripting/monoscript/fileName/TimeManager.cs: ee896401883365d64d0753163ba65eb8 -> 
  custom:container-muxer-webm: aa71ff27fc2769a1b78a27578f13a17b -> 
  custom:video-decoder-webm-vp8: 9c59270c3fd7afecdb556c50c9e8de78 -> 
  custom:SearchIndexIgnoredProperties: e643bd26f0fe6173181afceb89e7c659 -> 
  custom:AudioImporter_EditorPlatform: d09bf68614088b80899f8185d706f6e7 -> 
  custom:scripting/monoscript/fileName/DOTweenModuleAudio.cs: 371877257ce39f5f0996ea556debbc8a -> 
  custom:scripting/monoscript/fileName/DOTweenModulePhysics2D.cs: 63b0e5981d81d026672954b54596f5ae -> 
  custom:scripting/precompiled-assembly-types:DOTweenEditor: 1efdf497b099e4e6944f0dd7fb28c744 -> 
  custom:scripting/monoscript/fileName/DOTweenModuleSprite.cs: e35fb5eb1c483cffc283a374a5e25466 -> 
  custom:video-encoder-webm-vp8: eb34c28f22e8b96e1ab97ce403110664 -> 
  custom:scripting/monoscript/fileName/DOTweenModulePhysics.cs: 87f8974001cd2397421cfdcad1904e83 -> 
  custom:audio-decoder-ogg-vorbis: bf7c407c2cedff20999df2af8eb42d56 -> 
  custom:scripting/monoscript/fileName/Bullet.cs: a4f5918e799041ba1f6608f13912eb8b -> 
  custom:audio-encoder-webm-vorbis: bf7c407c2cedff20999df2af8eb42d56 -> 
  custom:scripting/precompiled-assembly-types:Assembly-CSharp: 23773f8ec74b2e01b2fee12243133863 -> 
========================================================================
Received Prepare
Caller must complete domain reload
Begin MonoManager ReloadAssembly
- Loaded All Assemblies, in  0.457 seconds
Native extension for WindowsStandalone target not found
Native extension for WebGL target not found
Mono: successfully reloaded assembly
- Finished resetting the current domain, in  0.836 seconds
Domain Reload Profiling: 1293ms
	BeginReloadAssembly (156ms)
		ExecutionOrderSort (0ms)
		DisableScriptedObjects (12ms)
		BackupInstance (0ms)
		ReleaseScriptingObjects (0ms)
		CreateAndSetChildDomain (36ms)
	RebuildCommonClasses (38ms)
	RebuildNativeTypeToScriptingClass (18ms)
	initialDomainReloadingComplete (29ms)
	LoadAllAssembliesAndSetupDomain (215ms)
		LoadAssemblies (281ms)
		RebuildTransferFunctionScriptingTraits (0ms)
		AnalyzeDomain (13ms)
			TypeCache.Refresh (5ms)
				TypeCache.ScanAssembly (0ms)
			ScanForSourceGeneratedMonoScriptInfo (0ms)
			ResolveRequiredComponents (6ms)
	FinalizeReload (837ms)
		ReleaseScriptCaches (0ms)
		RebuildScriptCaches (0ms)
		SetupLoadedEditorAssemblies (399ms)
			LogAssemblyErrors (0ms)
			InitializePlatformSupportModulesInManaged (6ms)
			SetLoadedEditorAssemblies (3ms)
			RefreshPlugins (0ms)
			BeforeProcessingInitializeOnLoad (63ms)
			ProcessInitializeOnLoadAttributes (293ms)
			ProcessInitializeOnLoadMethodAttributes (31ms)
			AfterProcessingInitializeOnLoad (3ms)
			EditorAssembliesLoaded (0ms)
		ExecutionOrderSort2 (0ms)
		AwakeInstancesAfterBackupRestoration (13ms)
Refreshing native plugins compatible for Editor in 3.25 ms, found 4 plugins.
Preloading 0 native plugins for Editor in 0.00 ms.
Unloading 4067 Unused Serialized files (Serialized files now loaded: 0)
Unloading 27 unused Assets / (213.6 KB). Loaded Objects now: 4979.
Memory consumption went from 145.7 MB to 145.5 MB.
Total: 3.740800 ms (FindLiveObjects: 0.468200 ms CreateObjectMapping: 0.154600 ms MarkObjects: 2.894100 ms  DeleteObjects: 0.222600 ms)

Prepare: number of updated asset objects reloaded= 0
AssetImportParameters requested are different than current active one (requested -> active):
  custom:scripting/monoscript/fileName/DOTweenModuleUtils.cs: 34ad347c902a97803d1c13fe65e97957 -> 
  custom:container-demuxer-ogg: 62fdf1f143b41e24485cea50d1cbac27 -> 
  custom:video-decoder-ogg-theora: a1e56fd34408186e4bbccfd4996cb3dc -> 
  custom:scripting/monoscript/fileName/DOTweenModuleUnityVersion.cs: 5fda8b30fb2f0276062c9b201e3b53c4 -> 
  custom:scripting/monoscript/fileName/DOTweenModuleUI.cs: 53c26b618f695b59a868eebdc97332ad -> 
  custom:framework-win-MediaFoundation: 216162199b28c13a410421893ffa2e32 -> 
  custom:scripting/precompiled-assembly-types:Assembly-CSharp-firstpass: c3b8ba213efe735b4b5ada0ee074dcb3 -> 
  custom:scripting/precompiled-assembly-types:DOTween: 41770a3e10244ae0a34e714162bbdba6 -> 
  custom:CustomObjectIndexerAttribute: 9a22284fe3817be447336de3de66b15e -> 
  custom:container-demuxer-webm: 4f35f7cbe854078d1ac9338744f61a02 -> 
  custom:scripting/monoscript/fileName/BulletTower.cs: 50552104c9d19a80e5b2d0f1a6d0dd85 -> 
  custom:scripting/monoscript/fileName/TimeManager.cs: ee896401883365d64d0753163ba65eb8 -> 
  custom:container-muxer-webm: aa71ff27fc2769a1b78a27578f13a17b -> 
  custom:video-decoder-webm-vp8: 9c59270c3fd7afecdb556c50c9e8de78 -> 
  custom:SearchIndexIgnoredProperties: e643bd26f0fe6173181afceb89e7c659 -> 
  custom:AudioImporter_EditorPlatform: d09bf68614088b80899f8185d706f6e7 -> 
  custom:scripting/monoscript/fileName/DOTweenModuleAudio.cs: 371877257ce39f5f0996ea556debbc8a -> 
  custom:scripting/monoscript/fileName/DOTweenModulePhysics2D.cs: 63b0e5981d81d026672954b54596f5ae -> 
  custom:scripting/precompiled-assembly-types:DOTweenEditor: 1efdf497b099e4e6944f0dd7fb28c744 -> 
  custom:scripting/monoscript/fileName/DOTweenModuleSprite.cs: e35fb5eb1c483cffc283a374a5e25466 -> 
  custom:video-encoder-webm-vp8: eb34c28f22e8b96e1ab97ce403110664 -> 
  custom:scripting/monoscript/fileName/DOTweenModulePhysics.cs: 87f8974001cd2397421cfdcad1904e83 -> 
  custom:audio-decoder-ogg-vorbis: bf7c407c2cedff20999df2af8eb42d56 -> 
  custom:scripting/monoscript/fileName/Bullet.cs: a4f5918e799041ba1f6608f13912eb8b -> 
  custom:audio-encoder-webm-vorbis: bf7c407c2cedff20999df2af8eb42d56 -> 
  custom:scripting/precompiled-assembly-types:Assembly-CSharp: 23773f8ec74b2e01b2fee12243133863 -> 
========================================================================
Received Prepare
Caller must complete domain reload
Begin MonoManager ReloadAssembly
- Loaded All Assemblies, in  0.478 seconds
Native extension for WindowsStandalone target not found
Native extension for WebGL target not found
Mono: successfully reloaded assembly
- Finished resetting the current domain, in  0.913 seconds
Domain Reload Profiling: 1390ms
	BeginReloadAssembly (156ms)
		ExecutionOrderSort (0ms)
		DisableScriptedObjects (12ms)
		BackupInstance (0ms)
		ReleaseScriptingObjects (0ms)
		CreateAndSetChildDomain (33ms)
	RebuildCommonClasses (38ms)
	RebuildNativeTypeToScriptingClass (12ms)
	initialDomainReloadingComplete (26ms)
	LoadAllAssembliesAndSetupDomain (245ms)
		LoadAssemblies (295ms)
		RebuildTransferFunctionScriptingTraits (0ms)
		AnalyzeDomain (27ms)
			TypeCache.Refresh (9ms)
				TypeCache.ScanAssembly (0ms)
			ScanForSourceGeneratedMonoScriptInfo (11ms)
			ResolveRequiredComponents (7ms)
	FinalizeReload (913ms)
		ReleaseScriptCaches (0ms)
		RebuildScriptCaches (0ms)
		SetupLoadedEditorAssemblies (387ms)
			LogAssemblyErrors (0ms)
			InitializePlatformSupportModulesInManaged (6ms)
			SetLoadedEditorAssemblies (3ms)
			RefreshPlugins (0ms)
			BeforeProcessingInitializeOnLoad (64ms)
			ProcessInitializeOnLoadAttributes (279ms)
			ProcessInitializeOnLoadMethodAttributes (31ms)
			AfterProcessingInitializeOnLoad (3ms)
			EditorAssembliesLoaded (0ms)
		ExecutionOrderSort2 (0ms)
		AwakeInstancesAfterBackupRestoration (13ms)
Refreshing native plugins compatible for Editor in 4.07 ms, found 4 plugins.
Preloading 0 native plugins for Editor in 0.00 ms.
Unloading 4067 Unused Serialized files (Serialized files now loaded: 0)
Unloading 27 unused Assets / (213.7 KB). Loaded Objects now: 4983.
Memory consumption went from 145.7 MB to 145.5 MB.
Total: 3.640700 ms (FindLiveObjects: 0.419600 ms CreateObjectMapping: 0.128900 ms MarkObjects: 2.888100 ms  DeleteObjects: 0.202500 ms)

Prepare: number of updated asset objects reloaded= 0
AssetImportParameters requested are different than current active one (requested -> active):
  custom:scripting/monoscript/fileName/DOTweenModuleUtils.cs: 34ad347c902a97803d1c13fe65e97957 -> 
  custom:container-demuxer-ogg: 62fdf1f143b41e24485cea50d1cbac27 -> 
  custom:video-decoder-ogg-theora: a1e56fd34408186e4bbccfd4996cb3dc -> 
  custom:scripting/monoscript/fileName/DOTweenModuleUnityVersion.cs: 5fda8b30fb2f0276062c9b201e3b53c4 -> 
  custom:scripting/monoscript/fileName/DOTweenModuleUI.cs: 53c26b618f695b59a868eebdc97332ad -> 
  custom:framework-win-MediaFoundation: 216162199b28c13a410421893ffa2e32 -> 
  custom:scripting/precompiled-assembly-types:Assembly-CSharp-firstpass: c3b8ba213efe735b4b5ada0ee074dcb3 -> 
  custom:scripting/precompiled-assembly-types:DOTween: 41770a3e10244ae0a34e714162bbdba6 -> 
  custom:CustomObjectIndexerAttribute: 9a22284fe3817be447336de3de66b15e -> 
  custom:container-demuxer-webm: 4f35f7cbe854078d1ac9338744f61a02 -> 
  custom:scripting/monoscript/fileName/BulletTower.cs: 50552104c9d19a80e5b2d0f1a6d0dd85 -> 
  custom:scripting/monoscript/fileName/TimeManager.cs: ee896401883365d64d0753163ba65eb8 -> 
  custom:container-muxer-webm: aa71ff27fc2769a1b78a27578f13a17b -> 
  custom:video-decoder-webm-vp8: 9c59270c3fd7afecdb556c50c9e8de78 -> 
  custom:SearchIndexIgnoredProperties: e643bd26f0fe6173181afceb89e7c659 -> 
  custom:AudioImporter_EditorPlatform: d09bf68614088b80899f8185d706f6e7 -> 
  custom:scripting/monoscript/fileName/DOTweenModuleAudio.cs: 371877257ce39f5f0996ea556debbc8a -> 
  custom:scripting/monoscript/fileName/DOTweenModulePhysics2D.cs: 63b0e5981d81d026672954b54596f5ae -> 
  custom:scripting/precompiled-assembly-types:DOTweenEditor: 1efdf497b099e4e6944f0dd7fb28c744 -> 
  custom:scripting/monoscript/fileName/DOTweenModuleSprite.cs: e35fb5eb1c483cffc283a374a5e25466 -> 
  custom:video-encoder-webm-vp8: eb34c28f22e8b96e1ab97ce403110664 -> 
  custom:scripting/monoscript/fileName/DOTweenModulePhysics.cs: 87f8974001cd2397421cfdcad1904e83 -> 
  custom:audio-decoder-ogg-vorbis: bf7c407c2cedff20999df2af8eb42d56 -> 
  custom:scripting/monoscript/fileName/Bullet.cs: a4f5918e799041ba1f6608f13912eb8b -> 
  custom:audio-encoder-webm-vorbis: bf7c407c2cedff20999df2af8eb42d56 -> 
  custom:scripting/precompiled-assembly-types:Assembly-CSharp: 23773f8ec74b2e01b2fee12243133863 -> 
========================================================================
Received Prepare
Caller must complete domain reload
Begin MonoManager ReloadAssembly
- Loaded All Assemblies, in  0.480 seconds
Native extension for WindowsStandalone target not found
Native extension for WebGL target not found
Mono: successfully reloaded assembly
- Finished resetting the current domain, in  0.826 seconds
Domain Reload Profiling: 1306ms
	BeginReloadAssembly (156ms)
		ExecutionOrderSort (0ms)
		DisableScriptedObjects (12ms)
		BackupInstance (0ms)
		ReleaseScriptingObjects (0ms)
		CreateAndSetChildDomain (33ms)
	RebuildCommonClasses (42ms)
	RebuildNativeTypeToScriptingClass (12ms)
	initialDomainReloadingComplete (29ms)
	LoadAllAssembliesAndSetupDomain (240ms)
		LoadAssemblies (296ms)
		RebuildTransferFunctionScriptingTraits (0ms)
		AnalyzeDomain (27ms)
			TypeCache.Refresh (9ms)
				TypeCache.ScanAssembly (0ms)
			ScanForSourceGeneratedMonoScriptInfo (11ms)
			ResolveRequiredComponents (6ms)
	FinalizeReload (827ms)
		ReleaseScriptCaches (0ms)
		RebuildScriptCaches (0ms)
		SetupLoadedEditorAssemblies (389ms)
			LogAssemblyErrors (0ms)
			InitializePlatformSupportModulesInManaged (7ms)
			SetLoadedEditorAssemblies (3ms)
			RefreshPlugins (0ms)
			BeforeProcessingInitializeOnLoad (69ms)
			ProcessInitializeOnLoadAttributes (278ms)
			ProcessInitializeOnLoadMethodAttributes (30ms)
			AfterProcessingInitializeOnLoad (3ms)
			EditorAssembliesLoaded (0ms)
		ExecutionOrderSort2 (0ms)
		AwakeInstancesAfterBackupRestoration (12ms)
Refreshing native plugins compatible for Editor in 2.62 ms, found 4 plugins.
Preloading 0 native plugins for Editor in 0.00 ms.
Unloading 4067 Unused Serialized files (Serialized files now loaded: 0)
Unloading 27 unused Assets / (213.6 KB). Loaded Objects now: 4987.
Memory consumption went from 145.7 MB to 145.5 MB.
Total: 3.902000 ms (FindLiveObjects: 0.536100 ms CreateObjectMapping: 0.220800 ms MarkObjects: 2.964000 ms  DeleteObjects: 0.179600 ms)

Prepare: number of updated asset objects reloaded= 0
AssetImportParameters requested are different than current active one (requested -> active):
  custom:scripting/monoscript/fileName/DOTweenModuleUtils.cs: 34ad347c902a97803d1c13fe65e97957 -> 
  custom:container-demuxer-ogg: 62fdf1f143b41e24485cea50d1cbac27 -> 
  custom:video-decoder-ogg-theora: a1e56fd34408186e4bbccfd4996cb3dc -> 
  custom:scripting/monoscript/fileName/DOTweenModuleUnityVersion.cs: 5fda8b30fb2f0276062c9b201e3b53c4 -> 
  custom:scripting/monoscript/fileName/DOTweenModuleUI.cs: 53c26b618f695b59a868eebdc97332ad -> 
  custom:framework-win-MediaFoundation: 216162199b28c13a410421893ffa2e32 -> 
  custom:scripting/precompiled-assembly-types:Assembly-CSharp-firstpass: c3b8ba213efe735b4b5ada0ee074dcb3 -> 
  custom:scripting/precompiled-assembly-types:DOTween: 41770a3e10244ae0a34e714162bbdba6 -> 
  custom:CustomObjectIndexerAttribute: 9a22284fe3817be447336de3de66b15e -> 
  custom:container-demuxer-webm: 4f35f7cbe854078d1ac9338744f61a02 -> 
  custom:scripting/monoscript/fileName/BulletTower.cs: 50552104c9d19a80e5b2d0f1a6d0dd85 -> 
  custom:scripting/monoscript/fileName/TimeManager.cs: ee896401883365d64d0753163ba65eb8 -> 
  custom:container-muxer-webm: aa71ff27fc2769a1b78a27578f13a17b -> 
  custom:video-decoder-webm-vp8: 9c59270c3fd7afecdb556c50c9e8de78 -> 
  custom:SearchIndexIgnoredProperties: e643bd26f0fe6173181afceb89e7c659 -> 
  custom:AudioImporter_EditorPlatform: d09bf68614088b80899f8185d706f6e7 -> 
  custom:scripting/monoscript/fileName/DOTweenModuleAudio.cs: 371877257ce39f5f0996ea556debbc8a -> 
  custom:scripting/monoscript/fileName/DOTweenModulePhysics2D.cs: 63b0e5981d81d026672954b54596f5ae -> 
  custom:scripting/precompiled-assembly-types:DOTweenEditor: 1efdf497b099e4e6944f0dd7fb28c744 -> 
  custom:scripting/monoscript/fileName/DOTweenModuleSprite.cs: e35fb5eb1c483cffc283a374a5e25466 -> 
  custom:video-encoder-webm-vp8: eb34c28f22e8b96e1ab97ce403110664 -> 
  custom:scripting/monoscript/fileName/DOTweenModulePhysics.cs: 87f8974001cd2397421cfdcad1904e83 -> 
  custom:audio-decoder-ogg-vorbis: bf7c407c2cedff20999df2af8eb42d56 -> 
  custom:scripting/monoscript/fileName/Bullet.cs: a4f5918e799041ba1f6608f13912eb8b -> 
  custom:audio-encoder-webm-vorbis: bf7c407c2cedff20999df2af8eb42d56 -> 
  custom:scripting/precompiled-assembly-types:Assembly-CSharp: 23773f8ec74b2e01b2fee12243133863 -> 
